material_id,standard_id,first_seen,internal_name,language,size,direction,theme,optimization,stylization,pain_point,exercise_type,r_version,c_version,m_version,designer,designer_variant,serial_code,parse_status,channels,source_files,total_purchases,total_spend,total_impressions,avg_ctr,avg_roas,has_order
20250104_GrowMe_EN_4x5_FX-10 Books_ZT-Midlife Crisis_RS-P1X1R3C1_pingme_wlf,20250104_GrowMe_EN_4x5_FX-10 Books_ZT-Midlife Crisis_RS-P1X1R3C1_pingme_wlf,2025-01-04,GrowMe,EN,4x5,10 Books,Midlife Crisis,,P1X1R3C1,P1,X1,R3,C1,,pingme,wlf,,complete,WW,account_all_WW.csv,0.0,0.0,0.0,0.0,0.0,False
20250104_GrowMe_EN_4x5_FX-month_ZT-Goodbye Social Media-Crisis_RS-P1X1R3C1_pingme_wlf,20250104_GrowMe_EN_4x5_FX-month_ZT-Goodbye Social Media-Crisis_RS-P1X1R3C1_pingme_wlf,2025-01-04,GrowMe,EN,4x5,month,Goodbye Social Media-Crisis,,P1X1R3C1,P1,X1,R3,C1,,pingme,wlf,,complete,WW,account_all_WW.csv,0.0,0.0,0.0,0.0,0.0,False
20250105_growme_EN_9x16_FX-test_ZT-read_RS-P1X1R3C1_gy,20250105_growme_EN_9x16_FX-test_ZT-read_RS-P1X1R3C1_gy,2025-01-05,growme,EN,9x16,test,read,,P1X1R3C1,P1,X1,R3,C1,,gy,,,complete,WW,account_all_WW.csv,18.0,833.6299999999999,619706.0,1.41,0.32,True
20250926_GrowMe_EN_9x16_FX-pic_ZT-test-6_RS-P3X1R1C3_fj,20250926_GrowMe_EN_9x16_FX-pic_ZT-test-6_RS-P3X1R1C3_fj,2025-09-26,GrowMe,EN,9x16,pic,test-6,,P3X1R1C3,P3,X1,R1,C3,,fj,,,complete,WW,account_all_WW.csv,0.0,0.0,0.0,0.0,0.0,False
20250926_growme_EN_9x16_FX-test_ZT-20book_RS-P1X1R3C3_wxx,20250926_growme_EN_9x16_FX-test_ZT-20book_RS-P1X1R3C3_wxx,2025-09-26,growme,EN,9x16,test,20book,,P1X1R3C3,P1,X1,R3,C3,,wxx,,,complete,WW,account_all_WW.csv,0.0,0.0,0.0,0.0,0.0,False
20251010_GrowMe_EN_4x5_FX-pic_ZT-test-1_RS-P3X1R1C3_fj,20251010_GrowMe_EN_4x5_FX-pic_ZT-test-1_RS-P3X1R1C3_fj,2025-10-10,GrowMe,EN,4x5,pic,test-1,,P3X1R1C3,P3,X1,R1,C3,,fj,,,complete,WW,account_all_WW.csv,0.0,0.0,0.0,0.0,0.0,False
20251010_GrowMe_EN_4x5_FX-pic_ZT-test-2_RS-P3X1R1C3_fj,20251010_GrowMe_EN_4x5_FX-pic_ZT-test-2_RS-P3X1R1C3_fj,2025-10-10,GrowMe,EN,4x5,pic,test-2,,P3X1R1C3,P3,X1,R1,C3,,fj,,,complete,WW,account_all_WW.csv,0.0,0.0,0.0,0.0,0.0,False
20251011_GrowMe_EN_4x5_FX-pic_ZT-test-4_RS-P3X1R1C3_gy,20251011_GrowMe_EN_4x5_FX-pic_ZT-test-4_RS-P3X1R1C3_gy,2025-10-11,GrowMe,EN,4x5,pic,test-4,,P3X1R1C3,P3,X1,R1,C3,,gy,,,complete,WW,account_all_WW.csv,0.0,0.0,0.0,0.0,0.0,False
20251015_growme_EN_9x16_FX-test_ZT-pic1_RS-P1X1R3C3_wxx,20251015_growme_EN_9x16_FX-test_ZT-pic1_RS-P1X1R3C3_wxx,2025-10-15,growme,EN,9x16,test,pic1,,P1X1R3C3,P1,X1,R3,C3,,wxx,,,complete,WW,account_all_WW.csv,0.0,0.0,0.0,0.0,0.0,False
20251015_growme_EN_9x16_FX-test_ZT-pic4_RS-P1X1R3C3_wxx,20251015_growme_EN_9x16_FX-test_ZT-pic4_RS-P1X1R3C3_wxx,2025-10-15,growme,EN,9x16,test,pic4,,P1X1R3C3,P1,X1,R3,C3,,wxx,,,complete,WW,account_all_WW.csv,0.0,0.0,0.0,0.0,0.0,False
20251016_GrowMe_EN_4x5_FX-pic_ZT-test-1_RS-P3X1R1C3_fj,20251016_GrowMe_EN_4x5_FX-pic_ZT-test-1_RS-P3X1R1C3_fj,2025-10-16,GrowMe,EN,4x5,pic,test-1,,P3X1R1C3,P3,X1,R1,C3,,fj,,,complete,WW,account_all_WW.csv,0.0,0.0,0.0,0.0,0.0,False
20251016_GrowMe_EN_4x5_FX-pic_ZT-test-2_RS-P3X1R1C3_fj,20251016_GrowMe_EN_4x5_FX-pic_ZT-test-2_RS-P3X1R1C3_fj,2025-10-16,GrowMe,EN,4x5,pic,test-2,,P3X1R1C3,P3,X1,R1,C3,,fj,,,complete,WW,account_all_WW.csv,0.0,0.0,0.0,0.0,0.0,False
20251016_GrowMe_EN_9x16_FX-pic_ZT-test-5_RS-P3X1R1C3_fj,20251016_GrowMe_EN_9x16_FX-pic_ZT-test-5_RS-P3X1R1C3_fj,2025-10-16,GrowMe,EN,9x16,pic,test-5,,P3X1R1C3,P3,X1,R1,C3,,fj,,,complete,WW,account_all_WW.csv,0.0,0.0,0.0,0.0,0.0,False
20251016_growme_EN_9x16_FX-book_ZT-challenge_RS-P1X1R3C3_FL_wxx,20251016_growme_EN_9x16_FX-book_ZT-challenge_RS-P1X1R3C3_FL_wxx,2025-10-16,growme,EN,9x16,book,challenge,,P1X1R3C3,P1,X1,R3,C3,,其他,wxx,,complete,WW,account_all_WW.csv,0.0,0.0,0.0,0.0,0.0,False
20251017_GrowMe_EN_4x5_FX-pic_ZT-test-2_RS-P3X1R1C3_gy,20251017_GrowMe_EN_4x5_FX-pic_ZT-test-2_RS-P3X1R1C3_gy,2025-10-17,GrowMe,EN,4x5,pic,test-2,,P3X1R1C3,P3,X1,R1,C3,,gy,,,complete,WW,account_all_WW.csv,0.0,0.0,0.0,0.0,0.0,False
20251017_GrowMe_EN_9x16_FX-pic_ZT-test-1_RS-P3X1R1C3_gy,20251017_GrowMe_EN_9x16_FX-pic_ZT-test-1_RS-P3X1R1C3_gy,2025-10-17,GrowMe,EN,9x16,pic,test-1,,P3X1R1C3,P3,X1,R1,C3,,gy,,,complete,WW,account_all_WW.csv,0.0,0.0,0.0,0.0,0.0,False
20251021_GrowMe_EN_4x5_FX-pic_ZT-test-3_RS-P3X1R1C3_fj,20251021_GrowMe_EN_4x5_FX-pic_ZT-test-3_RS-P3X1R1C3_fj,2025-10-21,GrowMe,EN,4x5,pic,test-3,,P3X1R1C3,P3,X1,R1,C3,,fj,,,complete,WW,account_all_WW.csv,0.0,0.0,0.0,0.0,0.0,False
20251023_GrowMe_EN4x5_FX-pic_ZT-test-1_RS-P3X1R1C3_gy,20251023_GrowMe_EN_9x16_FX-pic_ZT-test-1_RS-P3X1R1C3_gy,2025-10-23,未知,未知,未知,pic,test-1,,P3X1R1C3,P3,X1,R1,C3,,gy,,,complete,WW,account_all_WW.csv,0.0,0.0,0.0,0.0,0.0,False
20251023_GrowMe_EN_9x16_FX-pic_ZT-test-4_RS-P3X1R1C3_gy,20251023_GrowMe_EN_9x16_FX-pic_ZT-test-4_RS-P3X1R1C3_gy,2025-10-23,GrowMe,EN,9x16,pic,test-4,,P3X1R1C3,P3,X1,R1,C3,,gy,,,complete,WW,account_all_WW.csv,0.0,0.0,0.0,0.0,0.0,False
20251023_growme_EN_9x16_FX-book_ZT-pic1_RS-P1X1R3C3_wxx,20251023_growme_EN_9x16_FX-book_ZT-pic1_RS-P1X1R3C3_wxx,2025-10-23,growme,EN,9x16,book,pic1,,P1X1R3C3,P1,X1,R3,C3,,wxx,,,complete,WW,account_all_WW.csv,0.0,0.0,0.0,0.0,0.0,False
20251127_GrowMe_EN_1x1_FX-pic_ZT-test-copy-7_RS-P3X1R1C3_gy,20251127_GrowMe_EN_1x1_FX-pic_ZT-test-copy-7_RS-P3X1R1C3_gy,2025-11-27,GrowMe,EN,1x1,pic,test-copy-7,,P3X1R1C3,P3,X1,R1,C3,,gy,,,complete,WW,account_all_WW.csv,0.0,0.0,0.0,0.0,0.0,False
20251127_GrowMe_EN_4x5_FX-pic_ZT-test-1_RS-P3X1R1C3_gy,20251127_GrowMe_EN_4x5_FX-pic_ZT-test-1_RS-P3X1R1C3_gy,2025-11-27,GrowMe,EN,4x5,pic,test-1,,P3X1R1C3,P3,X1,R1,C3,,gy,,,complete,WW,account_all_WW.csv,0.0,0.0,0.0,0.0,0.0,False
20251127_GrowMe_EN_4x5_FX-pic_ZT-test-4_RS-P3X1R1C3_gy,20251127_GrowMe_EN_4x5_FX-pic_ZT-test-4_RS-P3X1R1C3_gy,2025-11-27,GrowMe,EN,4x5,pic,test-4,,P3X1R1C3,P3,X1,R1,C3,,gy,,,complete,WW,account_all_WW.csv,0.0,0.0,0.0,0.0,0.0,False
20251127_GrowMe_EN_4x5_FX-pic_ZT-test-5_RS-P3X1R1C3_gy,20251127_GrowMe_EN_4x5_FX-pic_ZT-test-5_RS-P3X1R1C3_gy,2025-11-27,GrowMe,EN,4x5,pic,test-5,,P3X1R1C3,P3,X1,R1,C3,,gy,,,complete,WW,account_all_WW.csv,0.0,0.0,0.0,0.0,0.0,False
20251127_GrowMe_EN_4x5_FX-pic_ZT-test-copy-10_RS-P3X1R1C3_gy,20251127_GrowMe_EN_4x5_FX-pic_ZT-test-copy-10_RS-P3X1R1C3_gy,2025-11-27,GrowMe,EN,4x5,pic,test-copy-10,,P3X1R1C3,P3,X1,R1,C3,,gy,,,complete,WW,account_all_WW.csv,0.0,0.0,0.0,0.0,0.0,False
20251127_GrowMe_EN_4x5_FX-pic_ZT-test-copy-2_RS-P3X1R1C3_gy,20251127_GrowMe_EN_4x5_FX-pic_ZT-test-copy-2_RS-P3X1R1C3_gy,2025-11-27,GrowMe,EN,4x5,pic,test-copy-2,,P3X1R1C3,P3,X1,R1,C3,,gy,,,complete,WW,account_all_WW.csv,0.0,0.0,0.0,0.0,0.0,False
20251127_GrowMe_EN_4x5_FX-pic_ZT-test-copy-3_RS-P3X1R1C3_gy,20251127_GrowMe_EN_4x5_FX-pic_ZT-test-copy-3_RS-P3X1R1C3_gy,2025-11-27,GrowMe,EN,4x5,pic,test-copy-3,,P3X1R1C3,P3,X1,R1,C3,,gy,,,complete,WW,account_all_WW.csv,0.0,0.0,0.0,0.0,0.0,False
20251127_GrowMe_EN_4x5_FX-pic_ZT-test-copy-6_RS-P3X1R1C3_gy,20251127_GrowMe_EN_4x5_FX-pic_ZT-test-copy-6_RS-P3X1R1C3_gy,2025-11-27,GrowMe,EN,4x5,pic,test-copy-6,,P3X1R1C3,P3,X1,R1,C3,,gy,,,complete,WW,account_all_WW.csv,0.0,0.0,0.0,0.0,0.0,False
20251127_GrowMe_EN_4x5_FX-pic_ZT-test-copy-8_RS-P3X1R1C3_gy,20251127_GrowMe_EN_4x5_FX-pic_ZT-test-copy-8_RS-P3X1R1C3_gy,2025-11-27,GrowMe,EN,4x5,pic,test-copy-8,,P3X1R1C3,P3,X1,R1,C3,,gy,,,complete,WW,account_all_WW.csv,0.0,0.0,0.0,0.0,0.0,False
20251127_GrowMe_EN_4x5_FX-pic_ZT-test-copy-9_RS-P3X1R1C3_gy,20251127_GrowMe_EN_4x5_FX-pic_ZT-test-copy-9_RS-P3X1R1C3_gy,2025-11-27,GrowMe,EN,4x5,pic,test-copy-9,,P3X1R1C3,P3,X1,R1,C3,,gy,,,complete,WW,account_all_WW.csv,0.0,0.0,0.0,0.0,0.0,False
20251127_growme_EN_4x5_FX-pic_ZT-copy-best_RS-P1X1R3C3_wxx,20251127_growme_EN_4x5_FX-pic_ZT-copy-best_RS-P1X1R3C3_wxx,2025-11-27,growme,EN,4x5,pic,copy-best,,P1X1R3C3,P1,X1,R3,C3,,wxx,,,complete,WW,account_all_WW.csv,0.0,0.0,0.0,0.0,0.0,False
20251127_growme_EN_4x5_FX-pic_ZT-copy-man_RS-P1X1R3C3_wxx,20251127_growme_EN_4x5_FX-pic_ZT-copy-man_RS-P1X1R3C3_wxx,2025-11-27,growme,EN,4x5,pic,copy-man,,P1X1R3C3,P1,X1,R3,C3,,wxx,,,complete,WW,account_all_WW.csv,0.0,0.0,0.0,0.0,0.0,False
20251127_growme_EN_4x5_FX-pic_ZT-copy-person_RS-P1X1R3C3_wxx,20251127_growme_EN_4x5_FX-pic_ZT-copy-person_RS-P1X1R3C3_wxx,2025-11-27,growme,EN,4x5,pic,copy-person,,P1X1R3C3,P1,X1,R3,C3,,wxx,,,complete,WW,account_all_WW.csv,0.0,0.0,0.0,0.0,0.0,False
20251127_growme_EN_4x5_FX-pic_ZT-copy-top10_RS-P1X1R3C3_wxx,20251127_growme_EN_4x5_FX-pic_ZT-copy-top10_RS-P1X1R3C3_wxx,2025-11-27,growme,EN,4x5,pic,copy-top10,,P1X1R3C3,P1,X1,R3,C3,,wxx,,,complete,WW,account_all_WW.csv,0.0,0.0,0.0,0.0,0.0,False
20251127_growme_EN_4x5_FX-pic_ZT-man2_RS-P1X1R3C3_wxx,20251127_growme_EN_4x5_FX-pic_ZT-man2_RS-P1X1R3C3_wxx,2025-11-27,growme,EN,4x5,pic,man2,,P1X1R3C3,P1,X1,R3,C3,,wxx,,,complete,WW,account_all_WW.csv,0.0,0.0,0.0,0.0,0.0,False
20251203_GrowMe_EN_1x1_FX-pic_ZT-test-9_RS-P3X1R1C3_fj,20251203_GrowMe_EN_1x1_FX-pic_ZT-test-9_RS-P3X1R1C3_fj,2025-12-03,GrowMe,EN,1x1,pic,test-9,,P3X1R1C3,P3,X1,R1,C3,,fj,,,complete,WW,account_all_WW.csv,0.0,0.0,0.0,0.0,0.0,False
20251203_GrowMe_EN_4x5_FX-pic_ZT-test-3_RS-P3X1R1C3_fj,20251203_GrowMe_EN_4x5_FX-pic_ZT-test-3_RS-P3X1R1C3_fj,2025-12-03,GrowMe,EN,4x5,pic,test-3,,P3X1R1C3,P3,X1,R1,C3,,fj,,,complete,WW,account_all_WW.csv,0.0,0.0,0.0,0.0,0.0,False
20251203_GrowMe_EN_4x5_FX-pic_ZT-test-4_RS-P3X1R1C3_fj,20251203_GrowMe_EN_4x5_FX-pic_ZT-test-4_RS-P3X1R1C3_fj,2025-12-03,GrowMe,EN,4x5,pic,test-4,,P3X1R1C3,P3,X1,R1,C3,,fj,,,complete,WW,account_all_WW.csv,0.0,0.0,0.0,0.0,0.0,False
20251203_GrowMe_EN_9x16_FX-pic_ZT-test-6_RS-P3X1R1C3_fj,20251203_GrowMe_EN_9x16_FX-pic_ZT-test-6_RS-P3X1R1C3_fj,2025-12-03,GrowMe,EN,9x16,pic,test-6,,P3X1R1C3,P3,X1,R1,C3,,fj,,,complete,WW,account_all_WW.csv,0.0,0.0,0.0,0.0,0.0,False
20251203_GrowMe_EN_9x16_FX-pic_ZT-test-7_RS-P3X1R1C3_fj,20251203_GrowMe_EN_9x16_FX-pic_ZT-test-7_RS-P3X1R1C3_fj,2025-12-03,GrowMe,EN,9x16,pic,test-7,,P3X1R1C3,P3,X1,R1,C3,,fj,,,complete,WW,account_all_WW.csv,0.0,0.0,0.0,0.0,0.0,False
20251205_GrowMe_EN_4x5_FX-pic_ZT-test-1_RS-P3X1R1C3_gy,20251205_GrowMe_EN_4x5_FX-pic_ZT-test-1_RS-P3X1R1C3_gy,2025-12-05,GrowMe,EN,4x5,pic,test-1,,P3X1R1C3,P3,X1,R1,C3,,gy,,,complete,WW,account_all_WW.csv,0.0,0.0,0.0,0.0,0.0,False
20251205_GrowMe_EN_4x5_FX-pic_ZT-test-2_RS-P3X1R1C3_gy,20251205_GrowMe_EN_4x5_FX-pic_ZT-test-2_RS-P3X1R1C3_gy,2025-12-05,GrowMe,EN,4x5,pic,test-2,,P3X1R1C3,P3,X1,R1,C3,,gy,,,complete,WW,account_all_WW.csv,0.0,0.0,0.0,0.0,0.0,False
20251205_GrowMe_EN_4x5_FX-pic_ZT-test-3_RS-P3X1R1C3_gy,20251205_GrowMe_EN_4x5_FX-pic_ZT-test-3_RS-P3X1R1C3_gy,2025-12-05,GrowMe,EN,4x5,pic,test-3,,P3X1R1C3,P3,X1,R1,C3,,gy,,,complete,WW,account_all_WW.csv,0.0,0.0,0.0,0.0,0.0,False
20251205_GrowMe_EN_4x5_FX-pic_ZT-test-4_RS-P3X1R1C3_gy,20251205_GrowMe_EN_4x5_FX-pic_ZT-test-4_RS-P3X1R1C3_gy,2025-12-05,GrowMe,EN,4x5,pic,test-4,,P3X1R1C3,P3,X1,R1,C3,,gy,,,complete,WW,account_all_WW.csv,0.0,0.0,0.0,0.0,0.0,False
20251205_GrowMe_EN_4x5_FX-pic_ZT-test-5_RS-P3X1R1C3_gy,20251205_GrowMe_EN_4x5_FX-pic_ZT-test-5_RS-P3X1R1C3_gy,2025-12-05,GrowMe,EN,4x5,pic,test-5,,P3X1R1C3,P3,X1,R1,C3,,gy,,,complete,WW,account_all_WW.csv,0.0,0.0,0.0,0.0,0.0,False
20251205_GrowMe_EN_9x16_FX-pic_ZT-test-6_RS-P3X1R1C3_gy,20251205_GrowMe_EN_9x16_FX-pic_ZT-test-6_RS-P3X1R1C3_gy,2025-12-05,GrowMe,EN,9x16,pic,test-6,,P3X1R1C3,P3,X1,R1,C3,,gy,,,complete,WW,account_all_WW.csv,0.0,0.0,0.0,0.0,0.0,False
20251205_GrowMe_EN_9x16_FX-pic_ZT-test-7_RS-P3X1R1C3_gy,20251205_GrowMe_EN_9x16_FX-pic_ZT-test-7_RS-P3X1R1C3_gy,2025-12-05,GrowMe,EN,9x16,pic,test-7,,P3X1R1C3,P3,X1,R1,C3,,gy,,,complete,WW,account_all_WW.csv,0.0,0.0,0.0,0.0,0.0,False
20251208_GrowMe_EN_4x5_FX-pic_ZT- morning_RS-P3X1R1C3_fj,20251208_GrowMe_EN_4x5_FX-pic_ZT-morning_RS-P3X1R1C3_fj,2025-12-08,GrowMe,EN,4x5,pic,morning,,P3X1R1C3,P3,X1,R1,C3,,fj,,,complete,WW,account_all_WW.csv,0.0,0.0,0.0,0.0,0.0,False
20251208_GrowMe_EN_4x5_FX-pic_ZT-mj_RS-P3X1R1C3_fj,20251208_GrowMe_EN_4x5_FX-pic_ZT-mj_RS-P3X1R1C3_fj,2025-12-08,GrowMe,EN,4x5,pic,mj,,P3X1R1C3,P3,X1,R1,C3,,fj,,,complete,WW,account_all_WW.csv,0.0,0.0,0.0,0.0,0.0,False
20251209_GrowMe_EN_4x5_FX-pic_ZT- pic-1_RS-P3X1R1C3_fj,20251209_GrowMe_EN_4x5_FX-pic_ZT-pic-1_RS-P3X1R1C3_fj,2025-12-09,GrowMe,EN,4x5,pic,pic-1,,P3X1R1C3,P3,X1,R1,C3,,fj,,,complete,WW,account_all_WW.csv,0.0,0.0,0.0,0.0,0.0,False
20251209_GrowMe_EN_4x5_FX-pic_ZT- pic-2_RS-P3X1R1C3_fj,20251209_GrowMe_EN_4x5_FX-pic_ZT-pic-2_RS-P3X1R1C3_fj,2025-12-09,GrowMe,EN,4x5,pic,pic-2,,P3X1R1C3,P3,X1,R1,C3,,fj,,,complete,WW,account_all_WW.csv,0.0,0.0,0.0,0.0,0.0,False
20251209_GrowMe_EN_4x5_FX-pic_ZT- pic-3_RS-P3X1R1C3_fj,20251209_GrowMe_EN_4x5_FX-pic_ZT-pic-3_RS-P3X1R1C3_fj,2025-12-09,GrowMe,EN,4x5,pic,pic-3,,P3X1R1C3,P3,X1,R1,C3,,fj,,,complete,WW,account_all_WW.csv,0.0,0.0,0.0,0.0,0.0,False
20251209_GrowMe_EN_4x5_FX-pic_ZT- pic-4_RS-P3X1R1C3_fj,20251209_GrowMe_EN_4x5_FX-pic_ZT-pic-4_RS-P3X1R1C3_fj,2025-12-09,GrowMe,EN,4x5,pic,pic-4,,P3X1R1C3,P3,X1,R1,C3,,fj,,,complete,WW,account_all_WW.csv,0.0,0.0,0.0,0.0,0.0,False
20251209_GrowMe_EN_9x16_FX-pic_ZT- pic-5_RS-P3X1R1C3_fj,20251209_GrowMe_EN_9x16_FX-pic_ZT-pic-5_RS-P3X1R1C3_fj,2025-12-09,GrowMe,EN,9x16,pic,pic-5,,P3X1R1C3,P3,X1,R1,C3,,fj,,,complete,WW,account_all_WW.csv,0.0,0.0,0.0,0.0,0.0,False
20251209_GrowMe_EN_9x16_FX-pic_ZT- pic-6_RS-P3X1R1C3_fj,20251209_GrowMe_EN_9x16_FX-pic_ZT-pic-6_RS-P3X1R1C3_fj,2025-12-09,GrowMe,EN,9x16,pic,pic-6,,P3X1R1C3,P3,X1,R1,C3,,fj,,,complete,WW,account_all_WW.csv,0.0,0.0,0.0,0.0,0.0,False
20251209_GrowMe_EN_9x16_FX-pic_ZT- pic-7_RS-P3X1R1C3_fj,20251209_GrowMe_EN_9x16_FX-pic_ZT-pic-7_RS-P3X1R1C3_fj,2025-12-09,GrowMe,EN,9x16,pic,pic-7,,P3X1R1C3,P3,X1,R1,C3,,fj,,,complete,WW,account_all_WW.csv,0.0,0.0,0.0,0.0,0.0,False
20251209_GrowMe_EN_9x16_FX-pic_ZT- pic-8_RS-P3X1R1C3_fj,20251209_GrowMe_EN_9x16_FX-pic_ZT-pic-8_RS-P3X1R1C3_fj,2025-12-09,GrowMe,EN,9x16,pic,pic-8,,P3X1R1C3,P3,X1,R1,C3,,fj,,,complete,WW,account_all_WW.csv,0.0,0.0,0.0,0.0,0.0,False
20251210_GrowMe_EN_4x5_FX-pic_ZT-test-woman-Reference1_RS-P3X1R1C3_gy,20251210_GrowMe_EN_4x5_FX-pic_ZT-test-woman-Reference1_RS-P3X1R1C3_gy,2025-12-10,GrowMe,EN,4x5,pic,test-woman-Reference1,,P3X1R1C3,P3,X1,R1,C3,,gy,,,complete,WW,account_all_WW.csv,0.0,0.0,0.0,0.0,0.0,False
20251210_GrowMe_EN_4x5_FX-pic_ZT-test-woman-Reference2_RS-P3X1R1C3_gy,20251210_GrowMe_EN_4x5_FX-pic_ZT-test-woman-Reference2_RS-P3X1R1C3_gy,2025-12-10,GrowMe,EN,4x5,pic,test-woman-Reference2,,P3X1R1C3,P3,X1,R1,C3,,gy,,,complete,WW,account_all_WW.csv,0.0,0.0,0.0,0.0,0.0,False
20251210_growme_EN_1x1_FX-book_ZT-7-1_RS-P1X1R3C3_wxx,20251210_growme_EN_1x1_FX-book_ZT-7-1_RS-P1X1R3C3_wxx,2025-12-10,growme,EN,1x1,book,7-1,,P1X1R3C3,P1,X1,R3,C3,,wxx,,,complete,WW,account_all_WW.csv,0.0,0.0,0.0,0.0,0.0,False
20251210_growme_EN_4x5_FX-pic_ZT-quxian-Reference2_RS-P1X1R3C3_wxx,20251210_growme_EN_4x5_FX-pic_ZT-quxian-Reference2_RS-P1X1R3C3_wxx,2025-12-10,growme,EN,4x5,pic,quxian-Reference2,,P1X1R3C3,P1,X1,R3,C3,,wxx,,,complete,WW,account_all_WW.csv,0.0,0.0,0.0,0.0,0.0,False
20251210_growme_EN_4x5_FX-pic_ZT-quxian-Reference_RS-P1X1R3C3_wxx,20251210_growme_EN_4x5_FX-pic_ZT-quxian-Reference_RS-P1X1R3C3_wxx,2025-12-10,growme,EN,4x5,pic,quxian-Reference,,P1X1R3C3,P1,X1,R3,C3,,wxx,,,complete,WW,account_all_WW.csv,0.0,0.0,0.0,0.0,0.0,False
20251211_GrowMe_EN_4x5_FX-pic_ZT-test-10_RS-P3X1R1C3_gy,20251211_GrowMe_EN_4x5_FX-pic_ZT-test-10_RS-P3X1R1C3_gy,2025-12-11,GrowMe,EN,4x5,pic,test-10,,P3X1R1C3,P3,X1,R1,C3,,gy,,,complete,WW,account_all_WW.csv,0.0,0.0,0.0,0.0,0.0,False
20251211_GrowMe_EN_4x5_FX-pic_ZT-test-6_RS-P3X1R1C3_gy,20251211_GrowMe_EN_4x5_FX-pic_ZT-test-6_RS-P3X1R1C3_gy,2025-12-11,GrowMe,EN,4x5,pic,test-6,,P3X1R1C3,P3,X1,R1,C3,,gy,,,complete,WW,account_all_WW.csv,0.0,0.0,0.0,0.0,0.0,False
20251211_GrowMe_EN_4x5_FX-pic_ZT-test-7_RS-P3X1R1C3_gy,20251211_GrowMe_EN_4x5_FX-pic_ZT-test-7_RS-P3X1R1C3_gy,2025-12-11,GrowMe,EN,4x5,pic,test-7,,P3X1R1C3,P3,X1,R1,C3,,gy,,,complete,WW,account_all_WW.csv,0.0,30.12,32369.0,1.41,0.0,False
20251211_GrowMe_EN_4x5_FX-pic_ZT-test-8_RS-P3X1R1C3_gy,20251211_GrowMe_EN_4x5_FX-pic_ZT-test-8_RS-P3X1R1C3_gy,2025-12-11,GrowMe,EN,4x5,pic,test-8,,P3X1R1C3,P3,X1,R1,C3,,gy,,,complete,WW,account_all_WW.csv,0.0,0.0,0.0,0.0,0.0,False
20251211_GrowMe_EN_4x5_FX-pic_ZT-test-9_RS-P3X1R1C3_gy,20251211_GrowMe_EN_4x5_FX-pic_ZT-test-9_RS-P3X1R1C3_gy,2025-12-11,GrowMe,EN,4x5,pic,test-9,,P3X1R1C3,P3,X1,R1,C3,,gy,,,complete,WW,account_all_WW.csv,0.0,0.0,0.0,0.0,0.0,False
20251211_GrowMe_EN_4x5_FX-pic_ZT-tuijian-1_RS-P3X1R1C3_fj,20251211_GrowMe_EN_4x5_FX-pic_ZT-tuijian-1_RS-P3X1R1C3_fj,2025-12-11,GrowMe,EN,4x5,pic,tuijian-1,,P3X1R1C3,P3,X1,R1,C3,,fj,,,complete,WW,account_all_WW.csv,0.0,0.0,0.0,0.0,0.0,False
20251211_GrowMe_EN_4x5_FX-pic_ZT-tuijian-2_RS-P3X1R1C3_fj,20251211_GrowMe_EN_4x5_FX-pic_ZT-tuijian-2_RS-P3X1R1C3_fj,2025-12-11,GrowMe,EN,4x5,pic,tuijian-2,,P3X1R1C3,P3,X1,R1,C3,,fj,,,complete,WW,account_all_WW.csv,0.0,0.0,0.0,0.0,0.0,False
20251211_GrowMe_EN_4x5_FX-pic_ZT-xuqiu-10_RS-P3X1R1C3_fj,20251211_GrowMe_EN_4x5_FX-pic_ZT-xuqiu-10_RS-P3X1R1C3_fj,2025-12-11,GrowMe,EN,4x5,pic,xuqiu-10,,P3X1R1C3,P3,X1,R1,C3,,fj,,,complete,WW,account_all_WW.csv,0.0,0.0,0.0,0.0,0.0,False
20251211_GrowMe_EN_4x5_FX-pic_ZT-xuqiu-11_RS-P3X1R1C3_fj,20251211_GrowMe_EN_4x5_FX-pic_ZT-xuqiu-11_RS-P3X1R1C3_fj,2025-12-11,GrowMe,EN,4x5,pic,xuqiu-11,,P3X1R1C3,P3,X1,R1,C3,,fj,,,complete,WW,account_all_WW.csv,0.0,0.0,0.0,0.0,0.0,False
20251211_GrowMe_EN_4x5_FX-pic_ZT-xuqiu-3_RS-P3X1R1C3_fj,20251211_GrowMe_EN_4x5_FX-pic_ZT-xuqiu-3_RS-P3X1R1C3_fj,2025-12-11,GrowMe,EN,4x5,pic,xuqiu-3,,P3X1R1C3,P3,X1,R1,C3,,fj,,,complete,WW,account_all_WW.csv,0.0,0.0,0.0,0.0,0.0,False
20251211_GrowMe_EN_4x5_FX-pic_ZT-xuqiu-4_RS-P3X1R1C3_fj,20251211_GrowMe_EN_4x5_FX-pic_ZT-xuqiu-4_RS-P3X1R1C3_fj,2025-12-11,GrowMe,EN,4x5,pic,xuqiu-4,,P3X1R1C3,P3,X1,R1,C3,,fj,,,complete,WW,account_all_WW.csv,0.0,0.0,0.0,0.0,0.0,False
20251211_GrowMe_EN_4x5_FX-pic_ZT-xuqiu-5_RS-P3X1R1C3_fj,20251211_GrowMe_EN_4x5_FX-pic_ZT-xuqiu-5_RS-P3X1R1C3_fj,2025-12-11,GrowMe,EN,4x5,pic,xuqiu-5,,P3X1R1C3,P3,X1,R1,C3,,fj,,,complete,WW,account_all_WW.csv,0.0,0.0,0.0,0.0,0.0,False
20251211_GrowMe_EN_4x5_FX-pic_ZT-xuqiu-6_RS-P3X1R1C3_fj,20251211_GrowMe_EN_4x5_FX-pic_ZT-xuqiu-6_RS-P3X1R1C3_fj,2025-12-11,GrowMe,EN,4x5,pic,xuqiu-6,,P3X1R1C3,P3,X1,R1,C3,,fj,,,complete,WW,account_all_WW.csv,0.0,0.0,0.0,0.0,0.0,False
20251211_GrowMe_EN_4x5_FX-pic_ZT-xuqiu-7_RS-P3X1R1C3_fj,20251211_GrowMe_EN_4x5_FX-pic_ZT-xuqiu-7_RS-P3X1R1C3_fj,2025-12-11,GrowMe,EN,4x5,pic,xuqiu-7,,P3X1R1C3,P3,X1,R1,C3,,fj,,,complete,WW,account_all_WW.csv,0.0,0.0,0.0,0.0,0.0,False
20251211_GrowMe_EN_4x5_FX-pic_ZT-xuqiu-9_RS-P3X1R1C3_fj,20251211_GrowMe_EN_4x5_FX-pic_ZT-xuqiu-9_RS-P3X1R1C3_fj,2025-12-11,GrowMe,EN,4x5,pic,xuqiu-9,,P3X1R1C3,P3,X1,R1,C3,,fj,,,complete,WW,account_all_WW.csv,0.0,0.0,0.0,0.0,0.0,False
20251211_GrowMe_EN_9x16_FX-pic_ZT-test-1_RS-P3X1R1C3_gy,20251211_GrowMe_EN_9x16_FX-pic_ZT-test-1_RS-P3X1R1C3_gy,2025-12-11,GrowMe,EN,9x16,pic,test-1,,P3X1R1C3,P3,X1,R1,C3,,gy,,,complete,WW,account_all_WW.csv,0.0,0.0,0.0,0.0,0.0,False
20251211_GrowMe_EN_9x16_FX-pic_ZT-test-2_RS-P3X1R1C3_gy,20251211_GrowMe_EN_9x16_FX-pic_ZT-test-2_RS-P3X1R1C3_gy,2025-12-11,GrowMe,EN,9x16,pic,test-2,,P3X1R1C3,P3,X1,R1,C3,,gy,,,complete,WW,account_all_WW.csv,0.0,0.0,0.0,0.0,0.0,False
20251211_GrowMe_EN_9x16_FX-pic_ZT-test-3_RS-P3X1R1C3_gy,20251211_GrowMe_EN_9x16_FX-pic_ZT-test-3_RS-P3X1R1C3_gy,2025-12-11,GrowMe,EN,9x16,pic,test-3,,P3X1R1C3,P3,X1,R1,C3,,gy,,,complete,WW,account_all_WW.csv,0.0,0.0,0.0,0.0,0.0,False
20251211_GrowMe_EN_9x16_FX-pic_ZT-test-4_RS-P3X1R1C3_gy,20251211_GrowMe_EN_9x16_FX-pic_ZT-test-4_RS-P3X1R1C3_gy,2025-12-11,GrowMe,EN,9x16,pic,test-4,,P3X1R1C3,P3,X1,R1,C3,,gy,,,complete,WW,account_all_WW.csv,0.0,0.0,0.0,0.0,0.0,False
20251211_GrowMe_EN_9x16_FX-pic_ZT-test-5_RS-P3X1R1C3_gy,20251211_GrowMe_EN_9x16_FX-pic_ZT-test-5_RS-P3X1R1C3_gy,2025-12-11,GrowMe,EN,9x16,pic,test-5,,P3X1R1C3,P3,X1,R1,C3,,gy,,,complete,WW,account_all_WW.csv,0.0,0.0,0.0,0.0,0.0,False
20251211_growme_EN_4x5_FX-book_ZT-120page_RS-P1X1R3C3_wxx,20251211_growme_EN_4x5_FX-book_ZT-120page_RS-P1X1R3C3_wxx,2025-12-11,growme,EN,4x5,book,120page,,P1X1R3C3,P1,X1,R3,C3,,wxx,,,complete,WW,account_all_WW.csv,0.0,0.0,0.0,0.0,0.0,False
20251211_growme_EN_4x5_FX-book_ZT-12_RS-P1X1R3C3_wxx,20251211_growme_EN_4x5_FX-book_ZT-12_RS-P1X1R3C3_wxx,2025-12-11,growme,EN,4x5,book,12,,P1X1R3C3,P1,X1,R3,C3,,wxx,,,complete,WW,account_all_WW.csv,0.0,0.0,0.0,0.0,0.0,False
20251211_growme_EN_4x5_FX-book_ZT-20s_RS-P1X1R3C3_wxx,20251211_growme_EN_4x5_FX-book_ZT-20s_RS-P1X1R3C3_wxx,2025-12-11,growme,EN,4x5,book,20s,,P1X1R3C3,P1,X1,R3,C3,,wxx,,,complete,WW,account_all_WW.csv,0.0,0.0,0.0,0.0,0.0,False
20251211_growme_EN_4x5_FX-book_ZT-coffee_RS-P1X1R3C3_wxx,20251211_growme_EN_4x5_FX-book_ZT-coffee_RS-P1X1R3C3_wxx,2025-12-11,growme,EN,4x5,book,coffee,,P1X1R3C3,P1,X1,R3,C3,,wxx,,,complete,WW,account_all_WW.csv,0.0,0.0,0.0,0.0,0.0,False
20251211_growme_EN_4x5_FX-book_ZT-flower2_RS-P1X1R3C3_wxx,20251211_growme_EN_4x5_FX-book_ZT-flower2_RS-P1X1R3C3_wxx,2025-12-11,growme,EN,4x5,book,flower2,,P1X1R3C3,P1,X1,R3,C3,,wxx,,,complete,WW,account_all_WW.csv,0.0,0.0,0.0,0.0,0.0,False
20251211_growme_EN_4x5_FX-book_ZT-flower_RS-P1X1R3C3_wxx,20251211_growme_EN_4x5_FX-book_ZT-flower_RS-P1X1R3C3_wxx,2025-12-11,growme,EN,4x5,book,flower,,P1X1R3C3,P1,X1,R3,C3,,wxx,,,complete,WW,account_all_WW.csv,0.0,0.0,0.0,0.0,0.0,False
20251211_growme_EN_4x5_FX-book_ZT-late_RS-P1X1R3C3_wxx,20251211_growme_EN_4x5_FX-book_ZT-late_RS-P1X1R3C3_wxx,2025-12-11,growme,EN,4x5,book,late,,P1X1R3C3,P1,X1,R3,C3,,wxx,,,complete,WW,account_all_WW.csv,0.0,0.0,0.0,0.0,0.0,False
20251211_growme_EN_4x5_FX-book_ZT-money_RS-P1X1R3C3_wxx,20251211_growme_EN_4x5_FX-book_ZT-money_RS-P1X1R3C3_wxx,2025-12-11,growme,EN,4x5,book,money,,P1X1R3C3,P1,X1,R3,C3,,wxx,,,complete,WW,account_all_WW.csv,0.0,6.71,5778.0,2.6,0.0,False
20251211_growme_EN_4x5_FX-book_ZT-potential_RS-P1X1R3C3_wxx,20251211_growme_EN_4x5_FX-book_ZT-potential_RS-P1X1R3C3_wxx,2025-12-11,growme,EN,4x5,book,potential,,P1X1R3C3,P1,X1,R3,C3,,wxx,,,complete,WW,account_all_WW.csv,0.0,0.0,0.0,0.0,0.0,False
20251211_growme_EN_4x5_FX-book_ZT-read_RS-P1X1R3C3_wxx,20251211_growme_EN_4x5_FX-book_ZT-read_RS-P1X1R3C3_wxx,2025-12-11,growme,EN,4x5,book,read,,P1X1R3C3,P1,X1,R3,C3,,wxx,,,complete,WW,account_all_WW.csv,0.0,0.0,0.0,0.0,0.0,False
20251211_growme_EN_4x5_FX-book_ZT-thinkfaster_RS-P1X1R3C3_wxx,20251211_growme_EN_4x5_FX-book_ZT-thinkfaster_RS-P1X1R3C3_wxx,2025-12-11,growme,EN,4x5,book,thinkfaster,,P1X1R3C3,P1,X1,R3,C3,,wxx,,,complete,WW,account_all_WW.csv,0.0,0.0,0.0,0.0,0.0,False
20251211_growme_EN_4x5_FX-pic_ZT-brain_RS-P1X1R3C3_wxx,20251211_growme_EN_4x5_FX-pic_ZT-brain_RS-P1X1R3C3_wxx,2025-12-11,growme,EN,4x5,pic,brain,,P1X1R3C3,P1,X1,R3,C3,,wxx,,,complete,WW,account_all_WW.csv,0.0,0.0,0.0,0.0,0.0,False
20251211_growme_EN_9x16_FX-pic_ZT-niuzai_RS-P1X1R3C3_wxx,20251211_growme_EN_9x16_FX-pic_ZT-niuzai_RS-P1X1R3C3_wxx,2025-12-11,growme,EN,9x16,pic,niuzai,,P1X1R3C3,P1,X1,R3,C3,,wxx,,,complete,WW,account_all_WW.csv,0.0,0.0,0.0,0.0,0.0,False
20251212_growme_EN_1x1_FX-book_ZT-7-1_RS-P1X1R3C3_wxx,20251212_growme_EN_1x1_FX-book_ZT-7-1_RS-P1X1R3C3_wxx,2025-12-12,growme,EN,1x1,book,7-1,,P1X1R3C3,P1,X1,R3,C3,,wxx,,,complete,WW,account_all_WW.csv,0.0,0.0,0.0,0.0,0.0,False
20251212_growme_EN_9x16_FX-pic_ZT-ceo_RS-P1X1R3C3_wxx,20251212_growme_EN_9x16_FX-pic_ZT-ceo_RS-P1X1R3C3_wxx,2025-12-12,growme,EN,9x16,pic,ceo,,P1X1R3C3,P1,X1,R3,C3,,wxx,,,complete,WW,account_all_WW.csv,0.0,0.0,0.0,0.0,0.0,False
20251214_growme_EN_1x1_FX-book_ZT-7-1_RS-P1X1R3C3_wxx,20251214_growme_EN_1x1_FX-book_ZT-7-1_RS-P1X1R3C3_wxx,2025-12-14,growme,EN,1x1,book,7-1,,P1X1R3C3,P1,X1,R3,C3,,wxx,,,complete,WW,account_all_WW.csv,0.0,0.0,0.0,0.0,0.0,False
20251216_GrowMe_EN_4x5_FX-pic_ZT-test-mingju_RS-P3X1R1C3_gy,20251216_GrowMe_EN_4x5_FX-pic_ZT-test-mingju_RS-P3X1R1C3_gy,2025-12-16,GrowMe,EN,4x5,pic,test-mingju,,P3X1R1C3,P3,X1,R1,C3,,gy,,,complete,WW,account_all_WW.csv,0.0,0.0,0.0,0.0,0.0,False
20251216_GrowMe_EN_9x16_FX-test_ZT- history- middle_RS-P3X1R1C3_fj,20251216_GrowMe_EN_9x16_FX-test_ZT-history- middle_RS-P3X1R1C3_fj,2025-12-16,GrowMe,EN,9x16,test,history- middle,,P3X1R1C3,P3,X1,R1,C3,,fj,,,complete,WW,account_all_WW.csv,0.0,0.0,0.0,0.0,0.0,False
20251216_GrowMe_EN_9x16_FX-test_ZT- history_RS-P3X1R1C3_fj,20251216_GrowMe_EN_9x16_FX-test_ZT-history_RS-P3X1R1C3_fj,2025-12-16,GrowMe,EN,9x16,test,history,,P3X1R1C3,P3,X1,R1,C3,,fj,,,complete,WW,account_all_WW.csv,0.0,0.0,0.0,0.0,0.0,False
20251216_growme_EN_9x16_FX-book_ZT-dazibao_RS-P1X1R3C3_wxx,20251216_growme_EN_9x16_FX-book_ZT-dazibao_RS-P1X1R3C3_wxx,2025-12-16,growme,EN,9x16,book,dazibao,,P1X1R3C3,P1,X1,R3,C3,,wxx,,,complete,WW,account_all_WW.csv,0.0,189.09999999999997,129107.0,1.38,0.0,False
20251216_growme_EN_9x16_FX-book_ZT-lunbo-dazibao_RS-P1X1R3C3_wxx,20251216_growme_EN_9x16_FX-book_ZT-lunbo-dazibao_RS-P1X1R3C3_wxx,2025-12-16,growme,EN,9x16,book,lunbo-dazibao,,P1X1R3C3,P1,X1,R3,C3,,wxx,,,complete,WW,account_all_WW.csv,0.0,0.78,716.0,1.12,0.0,False
20251216_growme_EN_9x16_FX-book_ZT-wenan_RS-P1X1R3C3_wxx,20251216_growme_EN_9x16_FX-book_ZT-wenan_RS-P1X1R3C3_wxx,2025-12-16,growme,EN,9x16,book,wenan,,P1X1R3C3,P1,X1,R3,C3,,wxx,,,complete,WW,account_all_WW.csv,0.0,0.75,61.0,3.28,0.0,False
20251216_growme_EN_9x16_FX-test_ZT-five_RS-P1X1R3C1_gy,20251216_growme_EN_9x16_FX-test_ZT-five_RS-P1X1R3C1_gy,2025-12-16,growme,EN,9x16,test,five,,P1X1R3C1,P1,X1,R3,C1,,gy,,,complete,WW,account_all_WW.csv,0.0,0.0,0.0,0.0,0.0,False
20251216_growme_EN_9x16_FX-test_ZT-forgive1_RS-P1X1R3C1_gy,20251216_growme_EN_9x16_FX-test_ZT-forgive1_RS-P1X1R3C1_gy,2025-12-16,growme,EN,9x16,test,forgive1,,P1X1R3C1,P1,X1,R3,C1,,gy,,,complete,WW,account_all_WW.csv,0.0,2.67,1269.0,2.21,0.0,False
20251216_growme_EN_9x16_FX-test_ZT-girl_RS-P1X1R3C1_gy,20251216_growme_EN_9x16_FX-test_ZT-girl_RS-P1X1R3C1_gy,2025-12-16,growme,EN,9x16,test,girl,,P1X1R3C1,P1,X1,R3,C1,,gy,,,complete,WW,account_all_WW.csv,0.0,0.0,0.0,0.0,0.0,False
20251217_growme_EN_4x5_FX-book_ZT-die_RS-P1X1R3C3_wxx,20251217_growme_EN_4x5_FX-book_ZT-die_RS-P1X1R3C3_wxx,2025-12-17,growme,EN,4x5,book,die,,P1X1R3C3,P1,X1,R3,C3,,wxx,,,complete,WW,account_all_WW.csv,0.0,0.0,0.0,0.0,0.0,False
20251217_growme_EN_4x5_FX-book_ZT-imoney2_RS-P1X1R3C3_wxx,20251217_growme_EN_4x5_FX-book_ZT-imoney2_RS-P1X1R3C3_wxx,2025-12-17,growme,EN,4x5,book,imoney2,,P1X1R3C3,P1,X1,R3,C3,,wxx,,,complete,WW,account_all_WW.csv,0.0,0.0,0.0,0.0,0.0,False
20251217_growme_EN_4x5_FX-book_ZT-influence_RS-P1X1R3C3_wxx,20251217_growme_EN_4x5_FX-book_ZT-influence_RS-P1X1R3C3_wxx,2025-12-17,growme,EN,4x5,book,influence,,P1X1R3C3,P1,X1,R3,C3,,wxx,,,complete,WW,account_all_WW.csv,0.0,0.0,0.0,0.0,0.0,False
20251217_growme_EN_4x5_FX-book_ZT-intellgent_RS-P1X1R3C3_wxx,20251217_growme_EN_4x5_FX-book_ZT-intellgent_RS-P1X1R3C3_wxx,2025-12-17,growme,EN,4x5,book,intellgent,,P1X1R3C3,P1,X1,R3,C3,,wxx,,,complete,WW,account_all_WW.csv,0.0,0.0,0.0,0.0,0.0,False
20251217_growme_EN_4x5_FX-book_ZT-money1_RS-P1X1R3C3_wxx,20251217_growme_EN_4x5_FX-book_ZT-money1_RS-P1X1R3C3_wxx,2025-12-17,growme,EN,4x5,book,money1,,P1X1R3C3,P1,X1,R3,C3,,wxx,,,complete,WW,account_all_WW.csv,0.0,0.0,0.0,0.0,0.0,False
20251217_growme_EN_4x5_FX-book_ZT-money_RS-P1X1R3C3_wxx,20251217_growme_EN_4x5_FX-book_ZT-money_RS-P1X1R3C3_wxx,2025-12-17,growme,EN,4x5,book,money,,P1X1R3C3,P1,X1,R3,C3,,wxx,,,complete,WW,account_all_WW.csv,0.0,0.0,0.0,0.0,0.0,False
20251217_growme_EN_4x5_FX-book_ZT-start_RS-P1X1R3C3_wxx,20251217_growme_EN_4x5_FX-book_ZT-start_RS-P1X1R3C3_wxx,2025-12-17,growme,EN,4x5,book,start,,P1X1R3C3,P1,X1,R3,C3,,wxx,,,complete,WW,account_all_WW.csv,0.0,0.0,0.0,0.0,0.0,False
20251217_growme_EN_4x5_FX-book_ZT-streams_RS-P1X1R3C3_wxx,20251217_growme_EN_4x5_FX-book_ZT-streams_RS-P1X1R3C3_wxx,2025-12-17,growme,EN,4x5,book,streams,,P1X1R3C3,P1,X1,R3,C3,,wxx,,,complete,WW,account_all_WW.csv,0.0,0.0,0.0,0.0,0.0,False
20251217_growme_EN_4x5_FX-book_ZT-thesubtle_RS-P1X1R3C3_wxx,20251217_growme_EN_4x5_FX-book_ZT-thesubtle_RS-P1X1R3C3_wxx,2025-12-17,growme,EN,4x5,book,thesubtle,,P1X1R3C3,P1,X1,R3,C3,,wxx,,,complete,WW,account_all_WW.csv,0.0,0.0,0.0,0.0,0.0,False
20251218_GrowMe_EN_4x5_FX-pic_ZT-test-learn_RS-P3X1R1C3_gy,20251218_GrowMe_EN_4x5_FX-pic_ZT-test-learn_RS-P3X1R1C3_gy,2025-12-18,GrowMe,EN,4x5,pic,test-learn,,P3X1R1C3,P3,X1,R1,C3,,gy,,,complete,WW,account_all_WW.csv,0.0,0.0,0.0,0.0,0.0,False
20251218_GrowMe_EN_9x16_FX-pic_ZT-test-8_RS-P3X1R1C3_fj,20251218_GrowMe_EN_9x16_FX-pic_ZT-test-8_RS-P3X1R1C3_fj,2025-12-18,GrowMe,EN,9x16,pic,test-8,,P3X1R1C3,P3,X1,R1,C3,,fj,,,complete,WW,account_all_WW.csv,0.0,0.0,0.0,0.0,0.0,False
20251222_growme_EN_9x16_FX-test_ZT-ai_RS-P1X1R3C1_gy,20251222_growme_EN_9x16_FX-test_ZT-ai_RS-P1X1R3C1_gy,2025-12-22,growme,EN,9x16,test,ai,,P1X1R3C1,P1,X1,R3,C1,,gy,,,complete,WW,account_all_WW.csv,0.0,0.0,0.0,0.0,0.0,False
20251223_GrowMe_EN_4x5_FX-pic_ZT-test-11_RS-P3X1R1C3_fj,20251223_GrowMe_EN_4x5_FX-pic_ZT-test-11_RS-P3X1R1C3_fj,2025-12-23,GrowMe,EN,4x5,pic,test-11,,P3X1R1C3,P3,X1,R1,C3,,fj,,,complete,WW,account_all_WW.csv,0.0,0.0,0.0,0.0,0.0,False
20251223_GrowMe_EN_9x16_FX-pic_ZT-test-9_RS-P3X1R1C3_fj,20251223_GrowMe_EN_9x16_FX-pic_ZT-test-9_RS-P3X1R1C3_fj,2025-12-23,GrowMe,EN,9x16,pic,test-9,,P3X1R1C3,P3,X1,R1,C3,,fj,,,complete,WW,account_all_WW.csv,0.0,0.0,0.0,0.0,0.0,False
20251223_GrowMe_EN_9x16_FX-test_ZT- read eyes_RS-P3X1R1C3_fj,20251223_GrowMe_EN_9x16_FX-test_ZT-read eyes_RS-P3X1R1C3_fj,2025-12-23,GrowMe,EN,9x16,test,read eyes,,P3X1R1C3,P3,X1,R1,C3,,fj,,,complete,WW,account_all_WW.csv,0.0,0.0,0.0,0.0,0.0,False
20251223_GrowMe_EN_9x16_FX-test_ZT- read_RS-P3X1R1C3_fj,20251223_GrowMe_EN_9x16_FX-test_ZT-read_RS-P3X1R1C3_fj,2025-12-23,GrowMe,EN,9x16,test,read,,P3X1R1C3,P3,X1,R1,C3,,fj,,,complete,WW,account_all_WW.csv,0.0,0.0,0.0,0.0,0.0,False
20251223_growme_EN_9x16_FX-book_ZT-6months_RS-P1X1R3C3_wxx,20251223_growme_EN_9x16_FX-book_ZT-6months_RS-P1X1R3C3_wxx,2025-12-23,growme,EN,9x16,book,6months,,P1X1R3C3,P1,X1,R3,C3,,wxx,,,complete,WW,account_all_WW.csv,0.0,0.0,0.0,0.0,0.0,False
20251223_growme_EN_9x16_FX-book_ZT-speak_RS-P1X1R3C3_wxx,20251223_growme_EN_9x16_FX-book_ZT-speak_RS-P1X1R3C3_wxx,2025-12-23,growme,EN,9x16,book,speak,,P1X1R3C3,P1,X1,R3,C3,,wxx,,,complete,WW,account_all_WW.csv,70.0,1808.73,1215954.0,2.37,1.37,True
20251224_GrowMe_EN_1x1_FX-pic_ZT-test-6_RS-P3X1R1C3_gy,20251224_GrowMe_EN_1x1_FX-pic_ZT-test-6_RS-P3X1R1C3_gy,2025-12-24,GrowMe,EN,1x1,pic,test-6,,P3X1R1C3,P3,X1,R1,C3,,gy,,,complete,WW,account_all_WW.csv,0.0,0.0,0.0,0.0,0.0,False
20251224_GrowMe_EN_4x5_FX-pic_ZT-test-1_RS-P3X1R1C3_gy,20251224_GrowMe_EN_4x5_FX-pic_ZT-test-1_RS-P3X1R1C3_gy,2025-12-24,GrowMe,EN,4x5,pic,test-1,,P3X1R1C3,P3,X1,R1,C3,,gy,,,complete,WW,account_all_WW.csv,0.0,0.0,0.0,0.0,0.0,False
20251224_GrowMe_EN_9x16_FX-pic_ZT-test-9_RS-P3X1R1C3_gy,20251224_GrowMe_EN_9x16_FX-pic_ZT-test-9_RS-P3X1R1C3_gy,2025-12-24,GrowMe,EN,9x16,pic,test-9,,P3X1R1C3,P3,X1,R1,C3,,gy,,,complete,WW,account_all_WW.csv,0.0,0.0,0.0,0.0,0.0,False
20251224_growme_EN_4x5_FX-book_ZT-30book_RS-P1X1R3C3_wxx,20251224_growme_EN_4x5_FX-book_ZT-30book_RS-P1X1R3C3_wxx,2025-12-24,growme,EN,4x5,book,30book,,P1X1R3C3,P1,X1,R3,C3,,wxx,,,complete,WW,account_all_WW.csv,0.0,0.0,0.0,0.0,0.0,False
20251224_growme_EN_4x5_FX-book_ZT-ceo_RS-P1X1R3C3_wxx,20251224_growme_EN_4x5_FX-book_ZT-ceo_RS-P1X1R3C3_wxx,2025-12-24,growme,EN,4x5,book,ceo,,P1X1R3C3,P1,X1,R3,C3,,wxx,,,complete,WW,account_all_WW.csv,0.0,0.0,0.0,0.0,0.0,False
20251224_growme_EN_4x5_FX-book_ZT-ghost_RS-P1X1R3C3_wxx,20251224_growme_EN_4x5_FX-book_ZT-ghost_RS-P1X1R3C3_wxx,2025-12-24,growme,EN,4x5,book,ghost,,P1X1R3C3,P1,X1,R3,C3,,wxx,,,complete,WW,account_all_WW.csv,0.0,0.0,0.0,0.0,0.0,False
20251224_growme_EN_4x5_FX-book_ZT-girlboss_RS-P1X1R3C3_wxx,20251224_growme_EN_4x5_FX-book_ZT-girlboss_RS-P1X1R3C3_wxx,2025-12-24,growme,EN,4x5,book,girlboss,,P1X1R3C3,P1,X1,R3,C3,,wxx,,,complete,WW,account_all_WW.csv,0.0,0.0,0.0,0.0,0.0,False
20251224_growme_EN_4x5_FX-book_ZT-history_RS-P1X1R3C3_wxx,20251224_growme_EN_4x5_FX-book_ZT-history_RS-P1X1R3C3_wxx,2025-12-24,growme,EN,4x5,book,history,,P1X1R3C3,P1,X1,R3,C3,,wxx,,,complete,WW,account_all_WW.csv,0.0,0.0,0.0,0.0,0.0,False
20251224_growme_EN_4x5_FX-book_ZT-lazygirl_RS-P1X1R3C3_wxx,20251224_growme_EN_4x5_FX-book_ZT-lazygirl_RS-P1X1R3C3_wxx,2025-12-24,growme,EN,4x5,book,lazygirl,,P1X1R3C3,P1,X1,R3,C3,,wxx,,,complete,WW,account_all_WW.csv,0.0,0.0,0.0,0.0,0.0,False
20251224_growme_EN_4x5_FX-book_ZT-micro_RS-P1X1R3C3_wxx,20251224_growme_EN_4x5_FX-book_ZT-micro_RS-P1X1R3C3_wxx,2025-12-24,growme,EN,4x5,book,micro,,P1X1R3C3,P1,X1,R3,C3,,wxx,,,complete,WW,account_all_WW.csv,0.0,0.0,0.0,0.0,0.0,False
20251224_growme_EN_4x5_FX-book_ZT-richmindset_RS-P1X1R3C3_wxx,20251224_growme_EN_4x5_FX-book_ZT-richmindset_RS-P1X1R3C3_wxx,2025-12-24,growme,EN,4x5,book,richmindset,,P1X1R3C3,P1,X1,R3,C3,,wxx,,,complete,WW,account_all_WW.csv,0.0,0.0,0.0,0.0,0.0,False
20251224_growme_EN_9x16_FX-book_ZT- history_RS-P1X1R3C3_wxx,20251224_growme_EN_9x16_FX-book_ZT-history_RS-P1X1R3C3_wxx,2025-12-24,growme,EN,9x16,book,history,,P1X1R3C3,P1,X1,R3,C3,,wxx,,,complete,WW,account_all_WW.csv,0.0,0.0,0.0,0.0,0.0,False
20251225_GrowMe_EN_1x1_FX-GIRL_ZT-HIGHER-SELF-gai_RS-P1X1R3C1_pingme_wlf,20251225_GrowMe_EN_1x1_FX-GIRL_ZT-HIGHER-SELF-gai_RS-P1X1R3C1_pingme_wlf,2025-12-25,GrowMe,EN,1x1,GIRL,HIGHER-SELF-gai,,P1X1R3C1,P1,X1,R3,C1,,pingme,wlf,,complete,WW,account_all_WW.csv,0.0,0.0,0.0,0.0,0.0,False
20251225_GrowMe_EN_1x1_FX-growth_ZT-forgive_RS-P1X1R3C1_pingme_LJQ,20251225_GrowMe_EN_1x1_FX-growth_ZT-forgive_RS-P1X1R3C1_pingme_LJQ,2025-12-25,GrowMe,EN,1x1,growth,forgive,,P1X1R3C1,P1,X1,R3,C1,,pingme,LJQ,,complete,WW,account_all_WW.csv,0.0,0.0,0.0,0.0,0.0,False
20251225_GrowMe_EN_4x5_FX-GIRL_ZT-HIGHER--gaiSELF_RS-P1X1R3C1_pingme_wlf,20251225_GrowMe_EN_4x5_FX-GIRL_ZT-HIGHER--gaiSELF_RS-P1X1R3C1_pingme_wlf,2025-12-25,GrowMe,EN,4x5,GIRL,HIGHER--gaiSELF,,P1X1R3C1,P1,X1,R3,C1,,pingme,wlf,,complete,WW,account_all_WW.csv,0.0,0.0,0.0,0.0,0.0,False
20251225_GrowMe_EN_9x16_FX-art_ZT-book_RS-P1X1R3C1_pingme_GL,20251225_GrowMe_EN_9x16_FX-art_ZT-book_RS-P1X1R3C1_pingme_GL,2025-12-25,GrowMe,EN,9x16,art,book,,P1X1R3C1,P1,X1,R3,C1,,pingme,GL,,complete,WW,account_all_WW.csv,0.0,0.0,0.0,0.0,0.0,False
20251225_GrowMe_EN_9x16_FX-growth_ZT-history_RS-P1X1R3C1_pingme_LJQ,20251225_GrowMe_EN_9x16_FX-growth_ZT-history_RS-P1X1R3C1_pingme_LJQ,2025-12-25,GrowMe,EN,9x16,growth,history,,P1X1R3C1,P1,X1,R3,C1,,pingme,LJQ,,complete,WW,account_all_WW.csv,0.0,0.0,0.0,0.0,0.0,False
20251225_GrowMe_EN_9x16_FX-spoken_ZT-growth_RS-P1X1R3C1_pingme_Sherry,20251225_GrowMe_EN_9x16_FX-spoken_ZT-growth_RS-P1X1R3C1_pingme_Sherry,2025-12-25,GrowMe,EN,9x16,spoken,growth,,P1X1R3C1,P1,X1,R3,C1,,pingme,Sherry,,complete,WW,account_all_WW.csv,0.0,0.0,0.0,0.0,0.0,False
20251225_growme_EN_4x5_FX-pic_ZT-whitecard2-headway_RS-P1X1R3C3_wxx,20251225_growme_EN_4x5_FX-pic_ZT-whitecard2-headway_RS-P1X1R3C3_wxx,2025-12-25,growme,EN,4x5,pic,whitecard2-headway,,P1X1R3C3,P1,X1,R3,C3,,wxx,,,complete,WW,account_all_WW.csv,0.0,0.0,0.0,0.0,0.0,False
20251225_growme_EN_4x5_FX-pic_ZT-whitecard3-headway_RS-P1X1R3C3_wxx,20251225_growme_EN_4x5_FX-pic_ZT-whitecard3-headway_RS-P1X1R3C3_wxx,2025-12-25,growme,EN,4x5,pic,whitecard3-headway,,P1X1R3C3,P1,X1,R3,C3,,wxx,,,complete,WW,account_all_WW.csv,0.0,0.0,0.0,0.0,0.0,False
20251225_growme_EN_4x5_FX-pic_ZT-whitecard4_RS-P1X1R3C3_wxx,20251225_growme_EN_4x5_FX-pic_ZT-whitecard4_RS-P1X1R3C3_wxx,2025-12-25,growme,EN,4x5,pic,whitecard4,,P1X1R3C3,P1,X1,R3,C3,,wxx,,,complete,WW,account_all_WW.csv,0.0,0.0,0.0,0.0,0.0,False
20251225_growme_EN_4x5_FX-pic_ZT-whitecard_RS-P1X1R3C3_wxx,20251225_growme_EN_4x5_FX-pic_ZT-whitecard_RS-P1X1R3C3_wxx,2025-12-25,growme,EN,4x5,pic,whitecard,,P1X1R3C3,P1,X1,R3,C3,,wxx,,,complete,WW,account_all_WW.csv,0.0,0.0,0.0,0.0,0.0,False
20251226_GrowMe_EN_9x16_FX-test_ZT- read-girl_RS-P3X1R1C3_fj,20251226_GrowMe_EN_9x16_FX-test_ZT-read-girl_RS-P3X1R1C3_fj,2025-12-26,GrowMe,EN,9x16,test,read-girl,,P3X1R1C3,P3,X1,R1,C3,,fj,,,complete,WW,account_all_WW.csv,0.0,0.0,0.0,0.0,0.0,False
20251226_growme_EN_9x16_FX-test_ZT-forgive_RS-P1X1R3C1_gy,20251226_growme_EN_9x16_FX-test_ZT-forgive_RS-P1X1R3C1_gy,2025-12-26,growme,EN,9x16,test,forgive,,P1X1R3C1,P1,X1,R3,C1,,gy,,,complete,WW,account_all_WW.csv,0.0,7.86,4447.0,7.37,0.0,False
20251226_growme_EN_9x16_FX-test_ZT-read_RS-P1X1R3C1_gy,20251226_growme_EN_9x16_FX-test_ZT-read_RS-P1X1R3C1_gy,2025-12-26,growme,EN,9x16,test,read,,P1X1R3C1,P1,X1,R3,C1,,gy,,,complete,WW,account_all_WW.csv,1129.0,44572.24,33827463.0,1.33,0.5,True
20251228_growme_EN_9x16_FX-test_ZT-Gratitude_RS-P1X1R3C1_095KB-ST,20251228_growme_EN_9x16_FX-test_ZT-Gratitude_RS-P1X1R3C1_095KB-ST,2025-12-28,growme,EN,9x16,test,Gratitude,,P1X1R3C1,P1,X1,R3,C1,,095KB,,,complete,WW,account_all_WW.csv,0.0,0.0,0.0,0.0,0.0,False
20251228_growme_EN_9x16_FX-test_ZT-Resilience_RS-P1X1R3C1_095KB-ST,20251228_growme_EN_9x16_FX-test_ZT-Resilience_RS-P1X1R3C1_095KB-ST,2025-12-28,growme,EN,9x16,test,Resilience,,P1X1R3C1,P1,X1,R3,C1,,095KB,,,complete,WW,account_all_WW.csv,0.0,0.0,0.0,0.0,0.0,False
20251228_growme_EN_9x16_FX-test_ZT-Self-acceptance_RS-P1X1R3C1_095KB-ST,20251228_growme_EN_9x16_FX-test_ZT-Self-acceptance_RS-P1X1R3C1_095KB-ST,2025-12-28,growme,EN,9x16,test,Self-acceptance,,P1X1R3C1,P1,X1,R3,C1,,095KB,,,complete,WW,account_all_WW.csv,0.0,0.0,0.0,0.0,0.0,False
20251230_GrowMe_EN_4x5_FX-pic_ZT-test-1_RS-P3X1R1C3_fj,20251230_GrowMe_EN_4x5_FX-pic_ZT-test-1_RS-P3X1R1C3_fj,2025-12-30,GrowMe,EN,4x5,pic,test-1,,P3X1R1C3,P3,X1,R1,C3,,fj,,,complete,WW,account_all_WW.csv,0.0,0.0,0.0,0.0,0.0,False
20251230_GrowMe_EN_4x5_FX-pic_ZT-test-2_RS-P3X1R1C3_fj,20251230_GrowMe_EN_4x5_FX-pic_ZT-test-2_RS-P3X1R1C3_fj,2025-12-30,GrowMe,EN,4x5,pic,test-2,,P3X1R1C3,P3,X1,R1,C3,,fj,,,complete,WW,account_all_WW.csv,0.0,0.0,0.0,0.0,0.0,False
20251230_GrowMe_EN_4x5_FX-pic_ZT-test-3_RS-P3X1R1C3_fj,20251230_GrowMe_EN_4x5_FX-pic_ZT-test-3_RS-P3X1R1C3_fj,2025-12-30,GrowMe,EN,4x5,pic,test-3,,P3X1R1C3,P3,X1,R1,C3,,fj,,,complete,WW,account_all_WW.csv,0.0,0.0,0.0,0.0,0.0,False
20251230_GrowMe_EN_4x5_FX-pic_ZT-test-4_RS-P3X1R1C3_fj,20251230_GrowMe_EN_4x5_FX-pic_ZT-test-4_RS-P3X1R1C3_fj,2025-12-30,GrowMe,EN,4x5,pic,test-4,,P3X1R1C3,P3,X1,R1,C3,,fj,,,complete,WW,account_all_WW.csv,0.0,0.0,0.0,0.0,0.0,False
20251230_GrowMe_EN_4x5_FX-pic_ZT-test-5_RS-P3X1R1C3_fj,20251230_GrowMe_EN_4x5_FX-pic_ZT-test-5_RS-P3X1R1C3_fj,2025-12-30,GrowMe,EN,4x5,pic,test-5,,P3X1R1C3,P3,X1,R1,C3,,fj,,,complete,WW,account_all_WW.csv,0.0,0.0,0.0,0.0,0.0,False
20251230_GrowMe_EN_4x5_FX-pic_ZT-test-6_RS-P3X1R1C3_fj,20251230_GrowMe_EN_4x5_FX-pic_ZT-test-6_RS-P3X1R1C3_fj,2025-12-30,GrowMe,EN,4x5,pic,test-6,,P3X1R1C3,P3,X1,R1,C3,,fj,,,complete,WW,account_all_WW.csv,0.0,0.0,0.0,0.0,0.0,False
20251230_GrowMe_EN_4x5_FX-pic_ZT-test-7_RS-P3X1R1C3_fj,20251230_GrowMe_EN_4x5_FX-pic_ZT-test-7_RS-P3X1R1C3_fj,2025-12-30,GrowMe,EN,4x5,pic,test-7,,P3X1R1C3,P3,X1,R1,C3,,fj,,,complete,WW,account_all_WW.csv,0.0,0.0,0.0,0.0,0.0,False
20251230_GrowMe_EN_4x5_FX-pic_ZT-test-8_RS-P3X1R1C3_fj,20251230_GrowMe_EN_4x5_FX-pic_ZT-test-8_RS-P3X1R1C3_fj,2025-12-30,GrowMe,EN,4x5,pic,test-8,,P3X1R1C3,P3,X1,R1,C3,,fj,,,complete,WW,account_all_WW.csv,0.0,0.0,0.0,0.0,0.0,False
20251230_GrowMe_EN_9x16_FX-pic_ZT-test-10_RS-P3X1R1C3_fj,20251230_GrowMe_EN_9x16_FX-pic_ZT-test-10_RS-P3X1R1C3_fj,2025-12-30,GrowMe,EN,9x16,pic,test-10,,P3X1R1C3,P3,X1,R1,C3,,fj,,,complete,WW,account_all_WW.csv,0.0,0.0,0.0,0.0,0.0,False
20251230_GrowMe_EN_9x16_FX-pic_ZT-test-9_RS-P3X1R1C3_fj,20251230_GrowMe_EN_9x16_FX-pic_ZT-test-9_RS-P3X1R1C3_fj,2025-12-30,GrowMe,EN,9x16,pic,test-9,,P3X1R1C3,P3,X1,R1,C3,,fj,,,complete,WW,account_all_WW.csv,0.0,0.0,0.0,0.0,0.0,False
20251230_growme_EN_4x5_FX-book_ZT-deepwork_RS-P1X1R3C3_wxx,20251230_growme_EN_4x5_FX-book_ZT-deepwork_RS-P1X1R3C3_wxx,2025-12-30,growme,EN,4x5,book,deepwork,,P1X1R3C3,P1,X1,R3,C3,,wxx,,,complete,WW,account_all_WW.csv,0.0,0.0,0.0,0.0,0.0,False
20251230_growme_EN_4x5_FX-book_ZT-historyread_RS-P1X1R3C3_wxx,20251230_growme_EN_4x5_FX-book_ZT-historyread_RS-P1X1R3C3_wxx,2025-12-30,growme,EN,4x5,book,historyread,,P1X1R3C3,P1,X1,R3,C3,,wxx,,,complete,WW,account_all_WW.csv,0.0,0.0,0.0,0.0,0.0,False
20251230_growme_EN_4x5_FX-book_ZT-mythology_RS-P1X1R3C3_wxx,20251230_growme_EN_4x5_FX-book_ZT-mythology_RS-P1X1R3C3_wxx,2025-12-30,growme,EN,4x5,book,mythology,,P1X1R3C3,P1,X1,R3,C3,,wxx,,,complete,WW,account_all_WW.csv,0.0,0.0,0.0,0.0,0.0,False
20251230_growme_EN_4x5_FX-book_ZT-valuewoman_RS-P1X1R3C3_wxx,20251230_growme_EN_4x5_FX-book_ZT-valuewoman_RS-P1X1R3C3_wxx,2025-12-30,growme,EN,4x5,book,valuewoman,,P1X1R3C3,P1,X1,R3,C3,,wxx,,,complete,WW,account_all_WW.csv,0.0,0.0,0.0,0.0,0.0,False
20251231_growme_EN_4x5_FX-baiban_ZT-history2_RS-P1X1R3C3_wxx,20251231_growme_EN_4x5_FX-baiban_ZT-history2_RS-P1X1R3C3_wxx,2025-12-31,growme,EN,4x5,baiban,history2,,P1X1R3C3,P1,X1,R3,C3,,wxx,,,complete,WW,account_all_WW.csv,0.0,0.0,0.0,0.0,0.0,False
20251231_growme_EN_4x5_FX-baiban_ZT-history_RS-P1X1R3C3_wxx,20251231_growme_EN_4x5_FX-baiban_ZT-history_RS-P1X1R3C3_wxx,2025-12-31,growme,EN,4x5,baiban,history,,P1X1R3C3,P1,X1,R3,C3,,wxx,,,complete,WW,account_all_WW.csv,0.0,0.0,0.0,0.0,0.0,False
20260104_GrowMe_EN_1X1_FX-growth_ZT-CEO_RS-P1X1R3C1_pingme_GL,20260104_GrowMe_EN_1X1_FX-growth_ZT-CEO_RS-P1X1R3C1_pingme_GL,2026-01-04,GrowMe,EN,1X1,growth,CEO,,P1X1R3C1,P1,X1,R3,C1,,pingme,GL,,complete,WW,account_all_WW.csv,0.0,0.0,0.0,0.0,0.0,False
20260104_GrowMe_EN_1x1_FX-growth_ZT-Interesting_RS-P1X1R3C1_pingme_LJQ,20260104_GrowMe_EN_1x1_FX-growth_ZT-Interesting_RS-P1X1R3C1_pingme_LJQ,2026-01-04,GrowMe,EN,1x1,growth,Interesting,,P1X1R3C1,P1,X1,R3,C1,,pingme,LJQ,,complete,WW,account_all_WW.csv,0.0,0.0,0.0,0.0,0.0,False
20260104_GrowMe_EN_9x16_FX-growth_ZT-Female-Empowerment_RS-P1X1R3C1_pingme_GL,20260104_GrowMe_EN_9x16_FX-growth_ZT-Female-Empowerment_RS-P1X1R3C1_pingme_GL,2026-01-04,GrowMe,EN,9x16,growth,Female-Empowerment,,P1X1R3C1,P1,X1,R3,C1,,pingme,GL,,complete,WW,account_all_WW.csv,0.0,0.0,0.0,0.0,0.0,False
20260104_GrowMe_EN_9x16_FX-growth_ZT-Well-Spoken_RS-P1X1R3C1_pingme_LJQ,20260104_GrowMe_EN_9x16_FX-growth_ZT-Well-Spoken_RS-P1X1R3C1_pingme_LJQ,2026-01-04,GrowMe,EN,9x16,growth,Well-Spoken,,P1X1R3C1,P1,X1,R3,C1,,pingme,LJQ,,complete,WW,account_all_WW.csv,0.0,0.0,0.0,0.0,0.0,False
20260104_GrowMe_EN_9x16_FX-test_ZT- read-c_RS-P3X1R1C3_fj,20260104_GrowMe_EN_9x16_FX-test_ZT-read-c_RS-P3X1R1C3_fj,2026-01-04,GrowMe,EN,9x16,test,read-c,,P3X1R1C3,P3,X1,R1,C3,,fj,,,complete,WW,account_all_WW.csv,0.0,0.0,0.0,0.0,0.0,False
20260105_growme_EN_1.91x1_FX-baiban_ZT-fourthousandweeks_RS-P1X1R3C3_wxx,20260105_growme_EN_1.91x1_FX-baiban_ZT-fourthousandweeks_RS-P1X1R3C3_wxx,2026-01-05,growme,EN,1.91x1,baiban,fourthousandweeks,,P1X1R3C3,P1,X1,R3,C3,,wxx,,,complete,WW,account_all_WW.csv,0.0,0.0,0.0,0.0,0.0,False
20260105_growme_EN_1.91x1_FX-baiban_ZT-startwithwhy_RS-P1X1R3C3_wxx,20260105_growme_EN_1.91x1_FX-baiban_ZT-startwithwhy_RS-P1X1R3C3_wxx,2026-01-05,growme,EN,1.91x1,baiban,startwithwhy,,P1X1R3C3,P1,X1,R3,C3,,wxx,,,complete,WW,account_all_WW.csv,0.0,0.0,0.0,0.0,0.0,False
20260105_growme_EN_1x1_FX-baiban_ZT-siwei_RS-P1X1R3C3_wxx,20260105_growme_EN_1x1_FX-baiban_ZT-siwei_RS-P1X1R3C3_wxx,2026-01-05,growme,EN,1x1,baiban,siwei,,P1X1R3C3,P1,X1,R3,C3,,wxx,,,complete,WW,account_all_WW.csv,0.0,0.0,0.0,0.0,0.0,False
20260105_growme_EN_4x5_FX-baiban_ZT-atomichabits2_RS-P1X1R3C3_wxx,20260105_growme_EN_4x5_FX-baiban_ZT-atomichabits2_RS-P1X1R3C3_wxx,2026-01-05,growme,EN,4x5,baiban,atomichabits2,,P1X1R3C3,P1,X1,R3,C3,,wxx,,,complete,WW,account_all_WW.csv,0.0,0.0,0.0,0.0,0.0,False
20260105_growme_EN_4x5_FX-baiban_ZT-atomichabits_RS-P1X1R3C3_wxx,20260105_growme_EN_4x5_FX-baiban_ZT-atomichabits_RS-P1X1R3C3_wxx,2026-01-05,growme,EN,4x5,baiban,atomichabits,,P1X1R3C3,P1,X1,R3,C3,,wxx,,,complete,WW,account_all_WW.csv,0.0,0.0,0.0,0.0,0.0,False
20260105_growme_EN_9x16_FX-dazibao_ZT-sometime_RS-P1X1R3C3_wxx,20260105_growme_EN_9x16_FX-dazibao_ZT-sometime_RS-P1X1R3C3_wxx,2026-01-05,growme,EN,9x16,dazibao,sometime,,P1X1R3C3,P1,X1,R3,C3,,wxx,,,complete,WW,account_all_WW.csv,0.0,0.0,0.0,0.0,0.0,False
20260105_growme_EN_9x16_FX-shudan_ZT-driving_RS-P1X1R3C3_wxx,20260105_growme_EN_9x16_FX-shudan_ZT-driving_RS-P1X1R3C3_wxx,2026-01-05,growme,EN,9x16,shudan,driving,,P1X1R3C3,P1,X1,R3,C3,,wxx,,,complete,WW,account_all_WW.csv,0.0,0.0,0.0,0.0,0.0,False
20260106_GrowMe_EN_9x16_FX-test_ZT- night_RS-P3X1R1C3_fj,20260106_GrowMe_EN_9x16_FX-test_ZT-night_RS-P3X1R1C3_fj,2026-01-06,GrowMe,EN,9x16,test,night,,P3X1R1C3,P3,X1,R1,C3,,fj,,,complete,WW,account_all_WW.csv,11.0,493.74,259219.0,1.27,0.58,True
20260106_growme_EN_1x1_FX-boke_ZT-say_RS-P1X1R3C3_wxx,20260106_growme_EN_1x1_FX-boke_ZT-say_RS-P1X1R3C3_wxx,2026-01-06,growme,EN,1x1,boke,say,,P1X1R3C3,P1,X1,R3,C3,,wxx,,,complete,WW,account_all_WW.csv,0.0,0.0,0.0,0.0,0.0,False
20260106_growme_EN_4x5_FX-baiban_ZT-write2_RS-P1X1R3C3_wxx,20260106_growme_EN_4x5_FX-baiban_ZT-write2_RS-P1X1R3C3_wxx,2026-01-06,growme,EN,4x5,baiban,write2,,P1X1R3C3,P1,X1,R3,C3,,wxx,,,complete,WW,account_all_WW.csv,0.0,0.0,0.0,0.0,0.0,False
20260106_growme_EN_4x5_FX-baiban_ZT-write_RS-P1X1R3C3_wxx,20260106_growme_EN_4x5_FX-baiban_ZT-write_RS-P1X1R3C3_wxx,2026-01-06,growme,EN,4x5,baiban,write,,P1X1R3C3,P1,X1,R3,C3,,wxx,,,complete,WW,account_all_WW.csv,0.0,0.0,0.0,0.0,0.0,False
20260106_growme_EN_4x5_FX-pic_ZT-Execution_RS-P1X1R3C3_wxx,20260106_growme_EN_4x5_FX-pic_ZT-Execution_RS-P1X1R3C3_wxx,2026-01-06,growme,EN,4x5,pic,Execution,,P1X1R3C3,P1,X1,R3,C3,,wxx,,,complete,WW,account_all_WW.csv,0.0,0.0,0.0,0.0,0.0,False
20260106_growme_EN_4x5_FX-pic_ZT-blooded_RS-P1X1R3C3_wxx,20260106_growme_EN_4x5_FX-pic_ZT-blooded_RS-P1X1R3C3_wxx,2026-01-06,growme,EN,4x5,pic,blooded,,P1X1R3C3,P1,X1,R3,C3,,wxx,,,complete,WW,account_all_WW.csv,0.0,0.0,0.0,0.0,0.0,False
20260106_growme_EN_4x5_FX-pic_ZT-longtermism_RS-P1X1R3C3_wxx,20260106_growme_EN_4x5_FX-pic_ZT-longtermism_RS-P1X1R3C3_wxx,2026-01-06,growme,EN,4x5,pic,longtermism,,P1X1R3C3,P1,X1,R3,C3,,wxx,,,complete,WW,account_all_WW.csv,0.0,0.0,0.0,0.0,0.0,False
20260106_growme_EN_4x5_FX-pic_ZT-onlypure_RS-P1X1R3C3_wxx,20260106_growme_EN_4x5_FX-pic_ZT-onlypure_RS-P1X1R3C3_wxx,2026-01-06,growme,EN,4x5,pic,onlypure,,P1X1R3C3,P1,X1,R3,C3,,wxx,,,complete,WW,account_all_WW.csv,0.0,0.0,0.0,0.0,0.0,False
20260106_growme_EN_9x16_FX-test_ZT-books_RS-P1X1R3C1_gy,20260106_growme_EN_9x16_FX-test_ZT-books_RS-P1X1R3C1_gy,2026-01-06,growme,EN,9x16,test,books,,P1X1R3C1,P1,X1,R3,C1,,gy,,,complete,WW,account_all_WW.csv,0.0,0.0,0.0,0.0,0.0,False
20260107_GrowMe_EN_1x1_FX-pic_ZT-test-10_RS-P3X1R1C3_gy,20260107_GrowMe_EN_1x1_FX-pic_ZT-test-10_RS-P3X1R1C3_gy,2026-01-07,GrowMe,EN,1x1,pic,test-10,,P3X1R1C3,P3,X1,R1,C3,,gy,,,complete,WW,account_all_WW.csv,0.0,0.0,0.0,0.0,0.0,False
20260107_GrowMe_EN_1x1_FX-pic_ZT-test-9_RS-P3X1R1C3_gy,20260107_GrowMe_EN_1x1_FX-pic_ZT-test-9_RS-P3X1R1C3_gy,2026-01-07,GrowMe,EN,1x1,pic,test-9,,P3X1R1C3,P3,X1,R1,C3,,gy,,,complete,WW,account_all_WW.csv,0.0,0.0,0.0,0.0,0.0,False
20260107_GrowMe_EN_4x5_FX-pic_ZT- bored_RS-P3X1R1C3_fj,20260107_GrowMe_EN_4x5_FX-pic_ZT-bored_RS-P3X1R1C3_fj,2026-01-07,GrowMe,EN,4x5,pic,bored,,P3X1R1C3,P3,X1,R1,C3,,fj,,,complete,WW,account_all_WW.csv,0.0,0.0,0.0,0.0,0.0,False
20260107_GrowMe_EN_4x5_FX-pic_ZT-test-1_RS-P3X1R1C3_fj,20260107_GrowMe_EN_4x5_FX-pic_ZT-test-1_RS-P3X1R1C3_fj,2026-01-07,GrowMe,EN,4x5,pic,test-1,,P3X1R1C3,P3,X1,R1,C3,,fj,,,complete,WW,account_all_WW.csv,0.0,0.0,0.0,0.0,0.0,False
20260107_GrowMe_EN_4x5_FX-pic_ZT-test-2_RS-P3X1R1C3_fj,20260107_GrowMe_EN_4x5_FX-pic_ZT-test-2_RS-P3X1R1C3_fj,2026-01-07,GrowMe,EN,4x5,pic,test-2,,P3X1R1C3,P3,X1,R1,C3,,fj,,,complete,WW,account_all_WW.csv,0.0,0.0,0.0,0.0,0.0,False
20260107_GrowMe_EN_4x5_FX-pic_ZT-test-3_RS-P3X1R1C3_fj,20260107_GrowMe_EN_4x5_FX-pic_ZT-test-3_RS-P3X1R1C3_fj,2026-01-07,GrowMe,EN,4x5,pic,test-3,,P3X1R1C3,P3,X1,R1,C3,,fj,,,complete,WW,account_all_WW.csv,0.0,0.0,0.0,0.0,0.0,False
20260107_GrowMe_EN_4x5_FX-pic_ZT-test-3_RS-P3X1R1C3_gy,20260107_GrowMe_EN_4x5_FX-pic_ZT-test-3_RS-P3X1R1C3_gy,2026-01-07,GrowMe,EN,4x5,pic,test-3,,P3X1R1C3,P3,X1,R1,C3,,gy,,,complete,WW,account_all_WW.csv,0.0,0.0,0.0,0.0,0.0,False
20260107_GrowMe_EN_4x5_FX-pic_ZT-test-4_RS-P3X1R1C3_gy,20260107_GrowMe_EN_4x5_FX-pic_ZT-test-4_RS-P3X1R1C3_gy,2026-01-07,GrowMe,EN,4x5,pic,test-4,,P3X1R1C3,P3,X1,R1,C3,,gy,,,complete,WW,account_all_WW.csv,0.0,0.0,0.0,0.0,0.0,False
20260107_GrowMe_EN_4x5_FX-pic_ZT-test-5_RS-P3X1R1C3_fj,20260107_GrowMe_EN_4x5_FX-pic_ZT-test-5_RS-P3X1R1C3_fj,2026-01-07,GrowMe,EN,4x5,pic,test-5,,P3X1R1C3,P3,X1,R1,C3,,fj,,,complete,WW,account_all_WW.csv,0.0,0.0,0.0,0.0,0.0,False
20260107_GrowMe_EN_4x5_FX-pic_ZT-test-5_RS-P3X1R1C3_gy,20260107_GrowMe_EN_4x5_FX-pic_ZT-test-5_RS-P3X1R1C3_gy,2026-01-07,GrowMe,EN,4x5,pic,test-5,,P3X1R1C3,P3,X1,R1,C3,,gy,,,complete,WW,account_all_WW.csv,0.0,0.0,0.0,0.0,0.0,False
20260107_GrowMe_EN_4x5_FX-pic_ZT-test-6_RS-P3X1R1C3_gy,20260107_GrowMe_EN_4x5_FX-pic_ZT-test-6_RS-P3X1R1C3_gy,2026-01-07,GrowMe,EN,4x5,pic,test-6,,P3X1R1C3,P3,X1,R1,C3,,gy,,,complete,WW,account_all_WW.csv,0.0,0.0,0.0,0.0,0.0,False
20260107_GrowMe_EN_4x5_FX-pic_ZT-test-7_RS-P3X1R1C3_gy,20260107_GrowMe_EN_4x5_FX-pic_ZT-test-7_RS-P3X1R1C3_gy,2026-01-07,GrowMe,EN,4x5,pic,test-7,,P3X1R1C3,P3,X1,R1,C3,,gy,,,complete,WW,account_all_WW.csv,0.0,0.0,0.0,0.0,0.0,False
20260107_GrowMe_EN_4x5_FX-pic_ZT-test-8_RS-P3X1R1C3_gy,20260107_GrowMe_EN_4x5_FX-pic_ZT-test-8_RS-P3X1R1C3_gy,2026-01-07,GrowMe,EN,4x5,pic,test-8,,P3X1R1C3,P3,X1,R1,C3,,gy,,,complete,WW,account_all_WW.csv,0.0,0.0,0.0,0.0,0.0,False
20260107_GrowMe_EN_9x16_FX-pic_ZT-test-1_RS-P3X1R1C3_fj,20260107_GrowMe_EN_9x16_FX-pic_ZT-test-1_RS-P3X1R1C3_fj,2026-01-07,GrowMe,EN,9x16,pic,test-1,,P3X1R1C3,P3,X1,R1,C3,,fj,,,complete,WW,account_all_WW.csv,0.0,0.0,0.0,0.0,0.0,False
20260107_GrowMe_EN_9x16_FX-pic_ZT-test-1_RS-P3X1R1C3_gy,20260107_GrowMe_EN_9x16_FX-pic_ZT-test-1_RS-P3X1R1C3_gy,2026-01-07,GrowMe,EN,9x16,pic,test-1,,P3X1R1C3,P3,X1,R1,C3,,gy,,,complete,WW,account_all_WW.csv,0.0,0.0,0.0,0.0,0.0,False
20260107_GrowMe_EN_9x16_FX-pic_ZT-test-2_RS-P3X1R1C3_gy,20260107_GrowMe_EN_9x16_FX-pic_ZT-test-2_RS-P3X1R1C3_gy,2026-01-07,GrowMe,EN,9x16,pic,test-2,,P3X1R1C3,P3,X1,R1,C3,,gy,,,complete,WW,account_all_WW.csv,0.0,0.0,0.0,0.0,0.0,False
20260108_growme_EN_4x5_FX-pic_ZT-read-2_RS-P1X1R1C3_mia,20260108_growme_EN_4x5_FX-pic_ZT-read-2_RS-P1X1R1C3_mia,2026-01-08,growme,EN,4x5,pic,read-2,,P1X1R1C3,P1,X1,R1,C3,,其他,,,complete,WW,account_all_WW.csv,0.0,0.0,0.0,0.0,0.0,False
20260108_growme_EN_4x5_FX-pic_ZT-read-3_RS-P1X1R1C3_mia,20260108_growme_EN_4x5_FX-pic_ZT-read-3_RS-P1X1R1C3_mia,2026-01-08,growme,EN,4x5,pic,read-3,,P1X1R1C3,P1,X1,R1,C3,,其他,,,complete,WW,account_all_WW.csv,0.0,0.0,0.0,0.0,0.0,False
20260108_growme_EN_4x5_FX-pic_ZT-read_RS-P1X1R1C3_mia,20260108_growme_EN_4x5_FX-pic_ZT-read_RS-P1X1R1C3_mia,2026-01-08,growme,EN,4x5,pic,read,,P1X1R1C3,P1,X1,R1,C3,,其他,,,complete,WW,account_all_WW.csv,0.0,0.0,0.0,0.0,0.0,False
20260108_growme_EN_4x5_FX-pic_ZT-reading_RS-P1X1R1C3_mia,20260108_growme_EN_4x5_FX-pic_ZT-reading_RS-P1X1R1C3_mia,2026-01-08,growme,EN,4x5,pic,reading,,P1X1R1C3,P1,X1,R1,C3,,其他,,,complete,WW,account_all_WW.csv,0.0,0.0,0.0,0.0,0.0,False
20260108_growme_EN_9x16_FX-pic_ZT-man-1_RS-P1X1R1C3_mia,20260108_growme_EN_9x16_FX-pic_ZT-man-1_RS-P1X1R1C3_mia,2026-01-08,growme,EN,9x16,pic,man-1,,P1X1R1C3,P1,X1,R1,C3,,其他,,,complete,WW,account_all_WW.csv,0.0,0.0,0.0,0.0,0.0,False
20260108_growme_EN_9x16_FX-pic_ZT-read-4_RS-P1X1R1C3_mia,20260108_growme_EN_9x16_FX-pic_ZT-read-4_RS-P1X1R1C3_mia,2026-01-08,growme,EN,9x16,pic,read-4,,P1X1R1C3,P1,X1,R1,C3,,其他,,,complete,WW,account_all_WW.csv,0.0,0.0,0.0,0.0,0.0,False
20260108_growme_EN_9x16_FX-pic_ZT-read-5_RS-P1X1R1C3_mia,20260108_growme_EN_9x16_FX-pic_ZT-read-5_RS-P1X1R1C3_mia,2026-01-08,growme,EN,9x16,pic,read-5,,P1X1R1C3,P1,X1,R1,C3,,其他,,,complete,WW,account_all_WW.csv,0.0,0.0,0.0,0.0,0.0,False
20260108_growme_EN_9x16_FX-pic_ZT-read-6_RS-P1X1R1C3_mia,20260108_growme_EN_9x16_FX-pic_ZT-read-6_RS-P1X1R1C3_mia,2026-01-08,growme,EN,9x16,pic,read-6,,P1X1R1C3,P1,X1,R1,C3,,其他,,,complete,WW,account_all_WW.csv,0.0,0.0,0.0,0.0,0.0,False
20260108_growme_EN_9x16_FX-test_ZT-note_RS-P1X1R3C1_gy,20260108_growme_EN_9x16_FX-test_ZT-note_RS-P1X1R3C1_gy,2026-01-08,growme,EN,9x16,test,note,,P1X1R3C1,P1,X1,R3,C1,,gy,,,complete,WW,account_all_WW.csv,0.0,0.0,0.0,0.0,0.0,False
20260109_GrowMe_EN_9x16_FX-test_ZT- embracing_RS-P3X1R1C3_fj,20260109_GrowMe_EN_9x16_FX-test_ZT-embracing_RS-P3X1R1C3_fj,2026-01-09,GrowMe,EN,9x16,test,embracing,,P3X1R1C3,P3,X1,R1,C3,,fj,,,complete,WW,account_all_WW.csv,0.0,0.0,0.0,0.0,0.0,False
20260109_GrowMe_EN_9x16_FX-test_ZT- quote_RS-P3X1R1C3_fj,20260109_GrowMe_EN_9x16_FX-test_ZT-quote_RS-P3X1R1C3_fj,2026-01-09,GrowMe,EN,9x16,test,quote,,P3X1R1C3,P3,X1,R1,C3,,fj,,,complete,WW,account_all_WW.csv,0.0,0.0,0.0,0.0,0.0,False
20260109_growme_EN_9x16_FX-test_ZT-driving_RS-P1X1R3C1_gy,20260109_growme_EN_9x16_FX-test_ZT-driving_RS-P1X1R3C1_gy,2026-01-09,growme,EN,9x16,test,driving,,P1X1R3C1,P1,X1,R3,C1,,gy,,,complete,WW,account_all_WW.csv,0.0,0.0,0.0,0.0,0.0,False
20260112_GrowMe_EN_9x16_FX-Book_JB-010901_ZT-dazibao_RS-P2X1R1C3_095KB-CN,20260112_GrowMe_EN_9x16_FX-Book_JB-010901_ZT-dazibao_RS-P2X1R1C3_095KB-CN,2026-01-12,GrowMe,EN,9x16,Book_JB-010901,dazibao,,P2X1R1C3,P2,X1,R1,C3,,095KB,,,complete,WW,account_all_WW.csv,0.0,0.0,0.0,0.0,0.0,False
20260112_GrowMe_EN_9x16_FX-Book_JB-010901_ZT-dazibao_RS-P2X1R1C3_095KB-SS-HJ,20260112_GrowMe_EN_9x16_FX-Book_JB-010901_ZT-dazibao_RS-P2X1R1C3_095KB-SS-HJ,2026-01-12,GrowMe,EN,9x16,Book_JB-010901,dazibao,,P2X1R1C3,P2,X1,R1,C3,,095KB,,,complete,WW,account_all_WW.csv,0.0,0.0,0.0,0.0,0.0,False
20260112_GrowMe_EN_9x16_FX-Book_JB-010902_ZT-dazibao_RS-P2X1R1C3_095KB-CN,20260112_GrowMe_EN_9x16_FX-Book_JB-010902_ZT-dazibao_RS-P2X1R1C3_095KB-CN,2026-01-12,GrowMe,EN,9x16,Book_JB-010902,dazibao,,P2X1R1C3,P2,X1,R1,C3,,095KB,,,complete,WW,account_all_WW.csv,0.0,0.0,0.0,0.0,0.0,False
20260112_Growme_EN_9x16_FX-pic_ZT-Leader_RS-P1X1R1C1_095KB_SS-HJ,20260112_Growme_EN_9x16_FX-pic_ZT-Leader_RS-P1X1R1C1_095KB_SS-HJ,2026-01-12,Growme,EN,9x16,pic,Leader,,P1X1R1C1,P1,X1,R1,C1,,095KB,SS-HJ,,complete,WW,account_all_WW.csv,0.0,0.0,0.0,0.0,0.0,False
20260112_growme_EN_9x16_FX-read_ZT-USAhistory_RS-P1X1R3C3_wxx,20260112_growme_EN_9x16_FX-read_ZT-USAhistory_RS-P1X1R3C3_wxx,2026-01-12,growme,EN,9x16,read,USAhistory,,P1X1R3C3,P1,X1,R3,C3,,wxx,,,complete,WW,account_all_WW.csv,0.0,0.0,0.0,0.0,0.0,False
20260112_growme_EN_9x16_FX-read_ZT-history_RS-P1X1R3C3_wxx,20260112_growme_EN_9x16_FX-read_ZT-history_RS-P1X1R3C3_wxx,2026-01-12,growme,EN,9x16,read,history,,P1X1R3C3,P1,X1,R3,C3,,wxx,,,complete,WW,account_all_WW.csv,0.0,0.0,0.0,0.0,0.0,False
20260113_GrowMe_EN_9x16_FX-Book_JB-010903_ZT-dazibao_RS-P2X1R1C3_095KB-CN,20260113_GrowMe_EN_9x16_FX-Book_JB-010903_ZT-dazibao_RS-P2X1R1C3_095KB-CN,2026-01-13,GrowMe,EN,9x16,Book_JB-010903,dazibao,,P2X1R1C3,P2,X1,R1,C3,,095KB,,,complete,WW,account_all_WW.csv,0.0,0.0,0.0,0.0,0.0,False
20260113_GrowMe_EN_9x16_FX-Book_JB-010904_ZT-onlife_RS-P2X1R1C3_095KB-CN,20260113_GrowMe_EN_9x16_FX-Book_JB-010904_ZT-onlife_RS-P2X1R1C3_095KB-CN,2026-01-13,GrowMe,EN,9x16,Book_JB-010904,onlife,,P2X1R1C3,P2,X1,R1,C3,,095KB,,,complete,WW,account_all_WW.csv,0.0,0.0,0.0,0.0,0.0,False
20260113_GrowMe_EN_9x16_FX-test_ZT- challenge_RS-P3X1R1C3_fj,20260113_GrowMe_EN_9x16_FX-test_ZT-challenge_RS-P3X1R1C3_fj,2026-01-13,GrowMe,EN,9x16,test,challenge,,P3X1R1C3,P3,X1,R1,C3,,fj,,,complete,WW,account_all_WW.csv,0.0,0.0,0.0,0.0,0.0,False
20260113_GrowMe_EN_9x16_FX-test_ZT- dead_RS-P3X1R1C3_fj,20260113_GrowMe_EN_9x16_FX-test_ZT-dead_RS-P3X1R1C3_fj,2026-01-13,GrowMe,EN,9x16,test,dead,,P3X1R1C3,P3,X1,R1,C3,,fj,,,complete,WW,account_all_WW.csv,0.0,0.0,0.0,0.0,0.0,False
20260113_growme_EN_9x16_FX-read_ZT-olivertwist_RS-P1X1R3C3_wxx,20260113_growme_EN_9x16_FX-read_ZT-olivertwist_RS-P1X1R3C3_wxx,2026-01-13,growme,EN,9x16,read,olivertwist,,P1X1R3C3,P1,X1,R3,C3,,wxx,,,complete,WW,account_all_WW.csv,0.0,0.0,0.0,0.0,0.0,False
20260113_growme_EN_9x16_FX-test_ZT-read_RS-P1X1R3C1_gy,20260113_growme_EN_9x16_FX-test_ZT-read_RS-P1X1R3C1_gy,2026-01-13,growme,EN,9x16,test,read,,P1X1R3C1,P1,X1,R3,C1,,gy,,,complete,WW,account_all_WW.csv,0.0,0.0,0.0,0.0,0.0,False
20260113_growme_EN_9x16_FX-test_ZT-speak_RS-P1X1R3C1_gy,20260113_growme_EN_9x16_FX-test_ZT-speak_RS-P1X1R3C1_gy,2026-01-13,growme,EN,9x16,test,speak,,P1X1R3C1,P1,X1,R3,C1,,gy,,,complete,WW,account_all_WW.csv,0.0,45.0,22546.0,1.83,0.0,False
20260114_GrowMe_EN_4x5_FX-pic_ZT-test-4_RS-P3X1R1C3_gy,20260114_GrowMe_EN_4x5_FX-pic_ZT-test-4_RS-P3X1R1C3_gy,2026-01-14,GrowMe,EN,4x5,pic,test-4,,P3X1R1C3,P3,X1,R1,C3,,gy,,,complete,WW,account_all_WW.csv,0.0,0.0,0.0,0.0,0.0,False
20260114_GrowMe_EN_4x5_FX-pic_ZT-test-7_RS-P3X1R1C3_gy,20260114_GrowMe_EN_4x5_FX-pic_ZT-test-7_RS-P3X1R1C3_gy,2026-01-14,GrowMe,EN,4x5,pic,test-7,,P3X1R1C3,P3,X1,R1,C3,,gy,,,complete,WW,account_all_WW.csv,0.0,0.0,0.0,0.0,0.0,False
20260114_GrowMe_EN_4x5_FX-pic_ZT-test-9_RS-P3X1R1C3_fj,20260114_GrowMe_EN_4x5_FX-pic_ZT-test-9_RS-P3X1R1C3_fj,2026-01-14,GrowMe,EN,4x5,pic,test-9,,P3X1R1C3,P3,X1,R1,C3,,fj,,,complete,WW,account_all_WW.csv,0.0,0.0,0.0,0.0,0.0,False
20260114_GrowMe_EN_9x16_FX-pic_ZT-test-1_RS-P3X1R1C3_gy,20260114_GrowMe_EN_9x16_FX-pic_ZT-test-1_RS-P3X1R1C3_gy,2026-01-14,GrowMe,EN,9x16,pic,test-1,,P3X1R1C3,P3,X1,R1,C3,,gy,,,complete,WW,account_all_WW.csv,0.0,0.0,0.0,0.0,0.0,False
20260114_growme_EN_9x16_FX-pic_ZT-power_RS-P1X1R3C3_wxx,20260114_growme_EN_9x16_FX-pic_ZT-power_RS-P1X1R3C3_wxx,2026-01-14,growme,EN,9x16,pic,power,,P1X1R3C3,P1,X1,R3,C3,,wxx,,,complete,WW,account_all_WW.csv,0.0,0.0,0.0,0.0,0.0,False
20260114_growme_EN_9x16_FX-read_ZT-quote_RS-P1X1R3C3_wxx,20260114_growme_EN_9x16_FX-read_ZT-quote_RS-P1X1R3C3_wxx,2026-01-14,growme,EN,9x16,read,quote,,P1X1R3C3,P1,X1,R3,C3,,wxx,,,complete,WW,account_all_WW.csv,0.0,0.0,0.0,0.0,0.0,False
20260114_growme_EN_9x16_FX-test_ZT-qoute_RS-P1X1R3C1_gy,20260114_growme_EN_9x16_FX-test_ZT-qoute_RS-P1X1R3C1_gy,2026-01-14,growme,EN,9x16,test,qoute,,P1X1R3C1,P1,X1,R3,C1,,gy,,,complete,WW,account_all_WW.csv,0.0,0.0,0.0,0.0,0.0,False
20260115_GrowMe_EN_9x16_FX-Big_ZT-Speak_LVL1-typeface_LVL2-Beach_RS-P2X1R1C1_095KB-HJ-YD,20260115_GrowMe_EN_9x16_FX-Big_ZT-Speak_LVL1-typeface_RS-P2X1R1C1_095KB-HJ-YD,2026-01-15,GrowMe,EN,9x16,Big,Speak,-typeface,P2X1R1C1,P2,X1,R1,C1,,095KB,,,complete,WW,account_all_WW.csv,0.0,0.0,0.0,0.0,0.0,False
20260115_GrowMe_EN_9x16_FX-test_ZT- read_222.3k_RS-P3X1R1C3_fj,20260115_GrowMe_EN_9x16_FX-test_ZT-read_222.3k_RS-P3X1R1C3_fj,2026-01-15,GrowMe,EN,9x16,test,read_222.3k,,P3X1R1C3,P3,X1,R1,C3,,fj,,,complete,WW,account_all_WW.csv,0.0,0.0,0.0,0.0,0.0,False
20260115_growme_EN_9x16_FX-read_ZT-dazibao_RS-P1X1R3C3_wxx,20260115_growme_EN_9x16_FX-read_ZT-dazibao_RS-P1X1R3C3_wxx,2026-01-15,growme,EN,9x16,read,dazibao,,P1X1R3C3,P1,X1,R3,C3,,wxx,,,complete,WW,account_all_WW.csv,0.0,0.0,0.0,0.0,0.0,False
20260115_growme_EN_9x16_FX-test_ZT-qoute_RS-P1X1R3C1_gy,20260115_growme_EN_9x16_FX-test_ZT-qoute_RS-P1X1R3C1_gy,2026-01-15,growme,EN,9x16,test,qoute,,P1X1R3C1,P1,X1,R3,C1,,gy,,,complete,WW,account_all_WW.csv,0.0,0.0,0.0,0.0,0.0,False
20260116_GrowMe_EN_4x5_FX-pic_ZT-handwriting-Build_RS-P1X1R1C3_095KB-HJ,20260116_GrowMe_EN_4x5_FX-pic_ZT-handwriting-Build_RS-P1X1R1C3_095KB-HJ,2026-01-16,GrowMe,EN,4x5,pic,handwriting-Build,,P1X1R1C3,P1,X1,R1,C3,,095KB,,,complete,WW,account_all_WW.csv,0.0,0.0,0.0,0.0,0.0,False
20260116_GrowMe_EN_4x5_FX-pic_ZT-handwriting-leader_RS-P1X1R1C3_095KB-HJ,20260116_GrowMe_EN_4x5_FX-pic_ZT-handwriting-leader_RS-P1X1R1C3_095KB-HJ,2026-01-16,GrowMe,EN,4x5,pic,handwriting-leader,,P1X1R1C3,P1,X1,R1,C3,,095KB,,,complete,WW,account_all_WW.csv,0.0,0.0,0.0,0.0,0.0,False
20260116_GrowMe_EN_9x16_FX-followread_ZT-dazibao_LVL1-typeface_RS-P2X1R1C1_095KB-HJ-CN,20260116_GrowMe_EN_9x16_FX-followread_ZT-dazibao_LVL1-typeface_RS-P2X1R1C1_095KB-HJ-CN,2026-01-16,GrowMe,EN,9x16,followread,dazibao,-typeface,P2X1R1C1,P2,X1,R1,C1,,095KB,,,complete,WW,account_all_WW.csv,0.0,0.0,0.0,0.0,0.0,False
20260116_GrowMe_EN_9x16_FX-language_ZT-CEO4_LVL1-typeface_RS-P2X1R1C1_095KB-SS-YD,20260116_GrowMe_EN_9x16_FX-language_ZT-CEO4_LVL1-typeface_RS-P2X1R1C1_095KB-SS-YD,2026-01-16,GrowMe,EN,9x16,language,CEO4,-typeface,P2X1R1C1,P2,X1,R1,C1,,095KB,,,complete,WW,account_all_WW.csv,0.0,0.0,0.0,0.0,0.0,False
20260116_GrowMe_EN_9x16_FX-pic_ZT-test-understand_RS-P1X1R1C3_095KB-HJ,20260116_GrowMe_EN_9x16_FX-pic_ZT-test-understand_RS-P1X1R1C3_095KB-HJ,2026-01-16,GrowMe,EN,9x16,pic,test-understand,,P1X1R1C3,P1,X1,R1,C3,,095KB,,,complete,WW,account_all_WW.csv,0.0,0.0,0.0,0.0,0.0,False
20260116_growme_EN_9x16_FX-test_ZT-read_RS-P1X1R3C1_gy,20260116_growme_EN_9x16_FX-test_ZT-read_RS-P1X1R3C1_gy,2026-01-16,growme,EN,9x16,test,read,,P1X1R3C1,P1,X1,R3,C1,,gy,,,complete,WW,account_all_WW.csv,0.0,0.0,0.0,0.0,0.0,False
20260116_growme_EN_9x16_FX-test_ZT-riji_13k_RS-P1X1R3C1_gy,20260116_growme_EN_9x16_FX-test_ZT-riji_13k_RS-P1X1R3C1_gy,2026-01-16,growme,EN,9x16,test,riji_13k,,P1X1R3C1,P1,X1,R3,C1,,gy,,,complete,WW,account_all_WW.csv,0.0,0.0,0.0,0.0,0.0,False
20260119_GrowMe_EN_9x16_FX-test_ZT- read_RS-P3X1R1C3_fj,20260119_GrowMe_EN_9x16_FX-test_ZT-read_RS-P3X1R1C3_fj,2026-01-19,GrowMe,EN,9x16,test,read,,P3X1R1C3,P3,X1,R1,C3,,fj,,,complete,WW,account_all_WW.csv,0.0,0.36,86.0,1.16,0.0,False
20260119_growme_EN_9x16_FX-test_ZT-reading_RS-P1X1R3C1_gy,20260119_growme_EN_9x16_FX-test_ZT-reading_RS-P1X1R3C1_gy,2026-01-19,growme,EN,9x16,test,reading,,P1X1R3C1,P1,X1,R3,C1,,gy,,,complete,WW,account_all_WW.csv,0.0,9.19,2380.0,2.56,0.0,False
20260120_GrowMe_EN_1x1_FX-pic_ZT-handwriting-_RS-P1X1R1C3_095KB-HJ-YD,20260120_GrowMe_EN_1x1_FX-pic_ZT-handwriting-_RS-P1X1R1C3_095KB-HJ-YD,2026-01-20,GrowMe,EN,1x1,pic,handwriting-,,P1X1R1C3,P1,X1,R1,C3,,095KB,,,complete,WW,account_all_WW.csv,0.0,0.0,0.0,0.0,0.0,False
20260120_GrowMe_EN_9x16_FX-pic_ZT-Motivationalquotes1_RS-P1X1R1C3_095KB-HJ-CN,20260120_GrowMe_EN_9x16_FX-pic_ZT-Motivationalquotes1_RS-P1X1R1C3_095KB-HJ-CN,2026-01-20,GrowMe,EN,9x16,pic,Motivationalquotes1,,P1X1R1C3,P1,X1,R1,C3,,095KB,,,complete,WW,account_all_WW.csv,0.0,0.0,0.0,0.0,0.0,False
20260120_GrowMe_EN_9x16_FX-pic_ZT-notes_RS-P1X1R1C3_095KB-HJ-CN,20260120_GrowMe_EN_9x16_FX-pic_ZT-notes_RS-P1X1R1C3_095KB-HJ-CN,2026-01-20,GrowMe,EN,9x16,pic,notes,,P1X1R1C3,P1,X1,R1,C3,,095KB,,,complete,WW,account_all_WW.csv,0.0,0.0,0.0,0.0,0.0,False
20260120_GrowMe_EN_NxN_FX-pic_ZT-bestsalling-_RS-P1X1R1C3_095KB-HJ-YD,20260120_GrowMe_EN_NxN_FX-pic_ZT-bestsalling-_RS-P1X1R1C3_095KB-HJ-YD,2026-01-20,GrowMe,EN,NxN,pic,bestsalling-,,P1X1R1C3,P1,X1,R1,C3,,095KB,,,complete,WW,account_all_WW.csv,0.0,0.0,0.0,0.0,0.0,False
20260120_growme_EN_9x16_FX-speak_ZT-life_RS-P1X1R3C3_wxx,20260120_growme_EN_9x16_FX-speak_ZT-life_RS-P1X1R3C3_wxx,2026-01-20,growme,EN,9x16,speak,life,,P1X1R3C3,P1,X1,R3,C3,,wxx,,,complete,WW,account_all_WW.csv,0.0,14.33,1291.0,3.8,0.0,False
20260120_growme_EN_9x16_FX-speak_ZT-power_RS-P1X1R3C3_wxx,20260120_growme_EN_9x16_FX-speak_ZT-power_RS-P1X1R3C3_wxx,2026-01-20,growme,EN,9x16,speak,power,,P1X1R3C3,P1,X1,R3,C3,,wxx,,,complete,WW,account_all_WW.csv,0.0,16.42,15571.0,1.71,0.0,False
20260121_GrowMe_EN_4x5_FX-pic_ZT-test-3_RS-P3X1R1C3_gy,20260121_GrowMe_EN_4x5_FX-pic_ZT-test-3_RS-P3X1R1C3_gy,2026-01-21,GrowMe,EN,4x5,pic,test-3,,P3X1R1C3,P3,X1,R1,C3,,gy,,,complete,WW,account_all_WW.csv,0.0,0.0,0.0,0.0,0.0,False
20260121_GrowMe_EN_4x5_FX-pic_ZT-test-4_RS-P3X1R1C3_gy,20260121_GrowMe_EN_4x5_FX-pic_ZT-test-4_RS-P3X1R1C3_gy,2026-01-21,GrowMe,EN,4x5,pic,test-4,,P3X1R1C3,P3,X1,R1,C3,,gy,,,complete,WW,account_all_WW.csv,0.0,0.0,0.0,0.0,0.0,False
20260121_GrowMe_EN_4x5_FX-pic_ZT-test-·6_RS-P3X1R1C3_gy.jpg,20260121_GrowMe_EN_4x5_FX-pic_ZT-test-·6_RS-P3X1R1C3_gy.jpg,2026-01-21,GrowMe,EN,4x5,pic,test-·6,,P3X1R1C3,P3,X1,R1,C3,,gy,,,complete,WW,account_all_WW.csv,0.0,0.0,0.0,0.0,0.0,False
20260121_GrowMe_EN_9x16_FX-pic_ZT-test-10_RS-P3X1R1C3_gy,20260121_GrowMe_EN_9x16_FX-pic_ZT-test-10_RS-P3X1R1C3_gy,2026-01-21,GrowMe,EN,9x16,pic,test-10,,P3X1R1C3,P3,X1,R1,C3,,gy,,,complete,WW,account_all_WW.csv,0.0,0.0,0.0,0.0,0.0,False
20260122_growme_EN_1x1_FX-pic_ZT-women_RS-P1X1R3C3_wxx,20260122_growme_EN_1x1_FX-pic_ZT-women_RS-P1X1R3C3_wxx,2026-01-22,growme,EN,1x1,pic,women,,P1X1R3C3,P1,X1,R3,C3,,wxx,,,complete,WW,account_all_WW.csv,0.0,0.0,0.0,0.0,0.0,False
20260122_growme_EN_4x5_FX-pic_ZT-native_RS-P1X1R3C3_wxx,20260122_growme_EN_4x5_FX-pic_ZT-native_RS-P1X1R3C3_wxx,2026-01-22,growme,EN,4x5,pic,native,,P1X1R3C3,P1,X1,R3,C3,,wxx,,,complete,WW,account_all_WW.csv,0.0,0.0,0.0,0.0,0.0,False
20260122_growme_EN_4x5_FX-pic_ZT-smartpeople_RS-P1X1R3C3_wxx,20260122_growme_EN_4x5_FX-pic_ZT-smartpeople_RS-P1X1R3C3_wxx,2026-01-22,growme,EN,4x5,pic,smartpeople,,P1X1R3C3,P1,X1,R3,C3,,wxx,,,complete,WW,account_all_WW.csv,0.0,0.0,0.0,0.0,0.0,False
20260122_growme_EN_4x5_FX-pic_ZT-thinkinenglish_RS-P1X1R3C3_wxx,20260122_growme_EN_4x5_FX-pic_ZT-thinkinenglish_RS-P1X1R3C3_wxx,2026-01-22,growme,EN,4x5,pic,thinkinenglish,,P1X1R3C3,P1,X1,R3,C3,,wxx,,,complete,WW,account_all_WW.csv,0.0,0.0,0.0,0.0,0.0,False
20260122_growme_EN_9x16_FX-pic_ZT-advanced_RS-P1X1R3C3_wxx,20260122_growme_EN_9x16_FX-pic_ZT-advanced_RS-P1X1R3C3_wxx,2026-01-22,growme,EN,9x16,pic,advanced,,P1X1R3C3,P1,X1,R3,C3,,wxx,,,complete,WW,account_all_WW.csv,0.0,0.0,0.0,0.0,0.0,False
20260122_growme_EN_9x16_FX-pic_ZT-elegant_RS-P1X1R3C3_wxx,20260122_growme_EN_9x16_FX-pic_ZT-elegant_RS-P1X1R3C3_wxx,2026-01-22,growme,EN,9x16,pic,elegant,,P1X1R3C3,P1,X1,R3,C3,,wxx,,,complete,WW,account_all_WW.csv,0.0,0.0,0.0,0.0,0.0,False
20260122_growme_EN_9x16_FX-pic_ZT-english_RS-P1X1R3C3_wxx,20260122_growme_EN_9x16_FX-pic_ZT-english_RS-P1X1R3C3_wxx,2026-01-22,growme,EN,9x16,pic,english,,P1X1R3C3,P1,X1,R3,C3,,wxx,,,complete,WW,account_all_WW.csv,0.0,0.0,0.0,0.0,0.0,False
20260122_growme_EN_9x16_FX-pic_ZT-readmind_RS-P1X1R3C3_wxx,20260122_growme_EN_9x16_FX-pic_ZT-readmind_RS-P1X1R3C3_wxx,2026-01-22,growme,EN,9x16,pic,readmind,,P1X1R3C3,P1,X1,R3,C3,,wxx,,,complete,WW,account_all_WW.csv,0.0,0.0,0.0,0.0,0.0,False
20260123_growme_EN_9x16_FX-speak_ZT-choices_RS-P1X1R3C3_wxx,20260123_growme_EN_9x16_FX-speak_ZT-choices_RS-P1X1R3C3_wxx,2026-01-23,growme,EN,9x16,speak,choices,,P1X1R3C3,P1,X1,R3,C3,,wxx,,,complete,WW,account_all_WW.csv,0.0,80.17,44515.0,1.77,0.0,False
20260123_growme_EN_9x16_FX-test_ZT-language_RS-P1X1R3C1_gy,20260123_growme_EN_9x16_FX-test_ZT-language_RS-P1X1R3C1_gy,2026-01-23,growme,EN,9x16,test,language,,P1X1R3C1,P1,X1,R3,C1,,gy,,,complete,WW,account_all_WW.csv,0.0,13.36,12368.0,1.92,0.0,False
20260123_growme_EN_9x16_FX-test_ZT-read_RS-P1X1R3C1_gy,20260123_growme_EN_9x16_FX-test_ZT-read_RS-P1X1R3C1_gy,2026-01-23,growme,EN,9x16,test,read,,P1X1R3C1,P1,X1,R3,C1,,gy,,,complete,WW,account_all_WW.csv,3.0,112.29,61134.0,1.69,0.5,True
20260126_growme_EN_9x16_FX-test_ZT-read_RS-P1X1R3C1_gy,20260126_growme_EN_9x16_FX-test_ZT-read_RS-P1X1R3C1_gy,2026-01-26,growme,EN,9x16,test,read,,P1X1R3C1,P1,X1,R3,C1,,gy,,,complete,WW,account_all_WW.csv,0.0,0.0,0.0,0.0,0.0,False
20260127_GrowMe_EN_9x16_FX-test_ZT-read_RS-P3X1R1C3_fj,20260127_GrowMe_EN_9x16_FX-test_ZT-read_RS-P3X1R1C3_fj,2026-01-27,GrowMe,EN,9x16,test,read,,P3X1R1C3,P3,X1,R1,C3,,fj,,,complete,WW,account_all_WW.csv,0.0,0.0,0.0,0.0,0.0,False
20260128_GrowMe_EN_9x16_FX-test_ZT- years_RS-P3X1R1C3_fj,20260128_GrowMe_EN_9x16_FX-test_ZT-years_RS-P3X1R1C3_fj,2026-01-28,GrowMe,EN,9x16,test,years,,P3X1R1C3,P3,X1,R1,C3,,fj,,,complete,WW,account_all_WW.csv,0.0,0.0,0.0,0.0,0.0,False
20260128_growme_EN_9x16_FX-speak_ZT-suntzu-yuyin_RS-P1X1R3C3_wxx,20260128_growme_EN_9x16_FX-speak_ZT-suntzu-yuyin_RS-P1X1R3C3_wxx,2026-01-28,growme,EN,9x16,speak,suntzu-yuyin,,P1X1R3C3,P1,X1,R3,C3,,wxx,,,complete,WW,account_all_WW.csv,0.0,0.0,0.0,0.0,0.0,False
20260128_growme_EN_9x16_FX-speak_ZT-suntzu_RS-P1X1R3C3_wxx,20260128_growme_EN_9x16_FX-speak_ZT-suntzu_RS-P1X1R3C3_wxx,2026-01-28,growme,EN,9x16,speak,suntzu,,P1X1R3C3,P1,X1,R3,C3,,wxx,,,complete,WW,account_all_WW.csv,0.0,0.0,0.0,0.0,0.0,False
20260129_growme_EN_9x16_FX-pic_ZT-ancient_RS-P1X1R3C3_wxx,20260129_growme_EN_9x16_FX-pic_ZT-ancient_RS-P1X1R3C3_wxx,2026-01-29,growme,EN,9x16,pic,ancient,,P1X1R3C3,P1,X1,R3,C3,,wxx,,,complete,WW,account_all_WW.csv,0.0,0.0,0.0,0.0,0.0,False
20260129_growme_EN_9x16_FX-speak_ZT-blue_RS-P1X1R3C3_wxx,20260129_growme_EN_9x16_FX-speak_ZT-blue_RS-P1X1R3C3_wxx,2026-01-29,growme,EN,9x16,speak,blue,,P1X1R3C3,P1,X1,R3,C3,,wxx,,,complete,WW,account_all_WW.csv,0.0,0.0,0.0,0.0,0.0,False
20260129_growme_EN_9x16_FX-test_ZT-read_RS-P1X1R3C1_gy,20260129_growme_EN_9x16_FX-test_ZT-read_RS-P1X1R3C1_gy,2026-01-29,growme,EN,9x16,test,read,,P1X1R3C1,P1,X1,R3,C1,,gy,,,complete,WW,account_all_WW.csv,0.0,0.0,0.0,0.0,0.0,False
20260130_GrowMe_EN_4x5_FX-pic_ZT-test-1_RS-P3X1R1C3_fj,20260130_GrowMe_EN_4x5_FX-pic_ZT-test-1_RS-P3X1R1C3_fj,2026-01-30,GrowMe,EN,4x5,pic,test-1,,P3X1R1C3,P3,X1,R1,C3,,fj,,,complete,WW,account_all_WW.csv,0.0,0.0,0.0,0.0,0.0,False
20260130_GrowMe_EN_4x5_FX-pic_ZT-test-2_RS-P3X1R1C3_fj,20260130_GrowMe_EN_4x5_FX-pic_ZT-test-2_RS-P3X1R1C3_fj,2026-01-30,GrowMe,EN,4x5,pic,test-2,,P3X1R1C3,P3,X1,R1,C3,,fj,,,complete,WW,account_all_WW.csv,0.0,0.0,0.0,0.0,0.0,False
20260130_GrowMe_EN_4x5_FX-pic_ZT-test-2_RS-P3X1R1C3_gy,20260130_GrowMe_EN_4x5_FX-pic_ZT-test-2_RS-P3X1R1C3_gy,2026-01-30,GrowMe,EN,4x5,pic,test-2,,P3X1R1C3,P3,X1,R1,C3,,gy,,,complete,WW,account_all_WW.csv,0.0,0.0,0.0,0.0,0.0,False
20260130_GrowMe_EN_4x5_FX-pic_ZT-test-3_RS-P3X1R1C3_fj,20260130_GrowMe_EN_4x5_FX-pic_ZT-test-3_RS-P3X1R1C3_fj,2026-01-30,GrowMe,EN,4x5,pic,test-3,,P3X1R1C3,P3,X1,R1,C3,,fj,,,complete,WW,account_all_WW.csv,0.0,0.0,0.0,0.0,0.0,False
20260130_GrowMe_EN_4x5_FX-pic_ZT-test-4_RS-P3X1R1C3_fj,20260130_GrowMe_EN_4x5_FX-pic_ZT-test-4_RS-P3X1R1C3_fj,2026-01-30,GrowMe,EN,4x5,pic,test-4,,P3X1R1C3,P3,X1,R1,C3,,fj,,,complete,WW,account_all_WW.csv,0.0,0.0,0.0,0.0,0.0,False
20260130_GrowMe_EN_4x5_FX-pic_ZT-test-5_RS-P3X1R1C3_fj,20260130_GrowMe_EN_4x5_FX-pic_ZT-test-5_RS-P3X1R1C3_fj,2026-01-30,GrowMe,EN,4x5,pic,test-5,,P3X1R1C3,P3,X1,R1,C3,,fj,,,complete,WW,account_all_WW.csv,0.0,0.0,0.0,0.0,0.0,False
20260130_GrowMe_EN_9x16_FX-ESfollow_ZT-ES_LVL1-typeface_RS-P2X1R1C1_095KB-HJ-YD,20260130_GrowMe_EN_9x16_FX-ESfollow_ZT-ES_LVL1-typeface_RS-P2X1R1C1_095KB-HJ-YD,2026-01-30,GrowMe,EN,9x16,ESfollow,ES,-typeface,P2X1R1C1,P2,X1,R1,C1,,095KB,,,complete,WW,account_all_WW.csv,0.0,0.0,0.0,0.0,0.0,False
20260130_GrowMe_EN_9x16_FX-pic_ZT-test-3_RS-P3X1R1C3_gy,20260130_GrowMe_EN_9x16_FX-pic_ZT-test-3_RS-P3X1R1C3_gy,2026-01-30,GrowMe,EN,9x16,pic,test-3,,P3X1R1C3,P3,X1,R1,C3,,gy,,,complete,WW,account_all_WW.csv,0.0,0.0,0.0,0.0,0.0,False
20260130_GrowMe_EN_9x16_FX-pic_ZT-test-4_RS-P3X1R1C3_gy,20260130_GrowMe_EN_9x16_FX-pic_ZT-test-4_RS-P3X1R1C3_gy,2026-01-30,GrowMe,EN,9x16,pic,test-4,,P3X1R1C3,P3,X1,R1,C3,,gy,,,complete,WW,account_all_WW.csv,0.0,0.0,0.0,0.0,0.0,False
20260130_GrowMe_EN_9x16_FX-pic_ZT-test-5_RS-P3X1R1C3_gy,20260130_GrowMe_EN_9x16_FX-pic_ZT-test-5_RS-P3X1R1C3_gy,2026-01-30,GrowMe,EN,9x16,pic,test-5,,P3X1R1C3,P3,X1,R1,C3,,gy,,,complete,WW,account_all_WW.csv,0.0,0.0,0.0,0.0,0.0,False
20260130_GrowMe_EN_9x16_FX-speak_ZT-advice_LVL1-typeface_RS-P2X1R1C1_095KB-YD,20260130_GrowMe_EN_9x16_FX-speak_ZT-advice_LVL1-typeface_RS-P2X1R1C1_095KB-YD,2026-01-30,GrowMe,EN,9x16,speak,advice,-typeface,P2X1R1C1,P2,X1,R1,C1,,095KB,,,complete,WW,account_all_WW.csv,0.0,0.0,0.0,0.0,0.0,False
20260130_Growme_EN_9x16_FX-speech_JB-112810-ZR_ZT-dazibao_RS-P2X1R1C1_095KB-JL,20260130_Growme_EN_9x16_FX-speech_JB-112810-ZR_ZT-dazibao_RS-P2X1R1C1_095KB-JL,2026-01-30,Growme,EN,9x16,speech_JB-112810-ZR,dazibao,,P2X1R1C1,P2,X1,R1,C1,,095KB,,,complete,WW,account_all_WW.csv,0.0,0.0,0.0,0.0,0.0,False
20260130_growme_EN_9x16_FX-pic_ZT-english-blue_RS-P1X1R3C3_wxx,20260130_growme_EN_9x16_FX-pic_ZT-english-blue_RS-P1X1R3C3_wxx,2026-01-30,growme,EN,9x16,pic,english-blue,,P1X1R3C3,P1,X1,R3,C3,,wxx,,,complete,WW,account_all_WW.csv,0.0,0.0,0.0,0.0,0.0,False
20260130_growme_EN_9x16_FX-pic_ZT-english-green_RS-P1X1R3C3_wxx,20260130_growme_EN_9x16_FX-pic_ZT-english-green_RS-P1X1R3C3_wxx,2026-01-30,growme,EN,9x16,pic,english-green,,P1X1R3C3,P1,X1,R3,C3,,wxx,,,complete,WW,account_all_WW.csv,0.0,0.0,0.0,0.0,0.0,False
20260130_growme_EN_9x16_FX-pic_ZT-girl_RS-P1X1R3C3_wxx,20260130_growme_EN_9x16_FX-pic_ZT-girl_RS-P1X1R3C3_wxx,2026-01-30,growme,EN,9x16,pic,girl,,P1X1R3C3,P1,X1,R3,C3,,wxx,,,complete,WW,account_all_WW.csv,0.0,0.0,0.0,0.0,0.0,False
20260130_growme_EN_9x16_FX-pic_ZT-suntzu2_RS-P1X1R3C3_wxx,20260130_growme_EN_9x16_FX-pic_ZT-suntzu2_RS-P1X1R3C3_wxx,2026-01-30,growme,EN,9x16,pic,suntzu2,,P1X1R3C3,P1,X1,R3,C3,,wxx,,,complete,WW,account_all_WW.csv,0.0,0.0,0.0,0.0,0.0,False
20260130_growme_EN_9x16_FX-pic_ZT-suntzu_RS-P1X1R3C3_wxx,20260130_growme_EN_9x16_FX-pic_ZT-suntzu_RS-P1X1R3C3_wxx,2026-01-30,growme,EN,9x16,pic,suntzu,,P1X1R3C3,P1,X1,R3,C3,,wxx,,,complete,WW,account_all_WW.csv,0.0,0.0,0.0,0.0,0.0,False
20260130_growme_EN_9x16_FX-speak_ZT-read1_RS-P1X1R3C3_wxx,20260130_growme_EN_9x16_FX-speak_ZT-read1_RS-P1X1R3C3_wxx,2026-01-30,growme,EN,9x16,speak,read1,,P1X1R3C3,P1,X1,R3,C3,,wxx,,,complete,WW,account_all_WW.csv,0.0,0.0,0.0,0.0,0.0,False
20260130_growme_EN_9x16_FX-speak_ZT-read2_RS-P1X1R3C3_wxx,20260130_growme_EN_9x16_FX-speak_ZT-read2_RS-P1X1R3C3_wxx,2026-01-30,growme,EN,9x16,speak,read2,,P1X1R3C3,P1,X1,R3,C3,,wxx,,,complete,WW,account_all_WW.csv,0.0,0.0,0.0,0.0,0.0,False
20260209_GrowMe_EN_9x16_FX-test_ZT- read_RS-P3X1R1C3_fj,20260209_GrowMe_EN_9x16_FX-test_ZT-read_RS-P3X1R1C3_fj,2026-02-09,GrowMe,EN,9x16,test,read,,P3X1R1C3,P3,X1,R1,C3,,fj,,,complete,WW,account_all_WW.csv,19.0,807.1800000000001,526605.0,1.31,0.56,True
20260209_growme_EN_9x16_01_FX-speak_ZT-richman_RS-P1X1R3C3_wxx,20260209_growme_EN_9x16_FX-speak_ZT-richman_RS-P1X1R3C3_wxx,2026-02-09,growme,EN,9x16,speak,richman,,P1X1R3C3,P1,X1,R3,C3,,wxx,,,complete,WW,account_all_WW.csv,4.0,64.33,27551.0,1.77,1.81,True
20260210_growme_EN_9x16_FX-test_ZT-challenge_RS-P1X1R3C1_gy,20260210_growme_EN_9x16_FX-test_ZT-challenge_RS-P1X1R3C1_gy,2026-02-10,growme,EN,9x16,test,challenge,,P1X1R3C1,P1,X1,R3,C1,,gy,,,complete,WW,account_all_WW.csv,0.0,11.120000000000001,4852.0,4.39,0.0,False
20260211_GrowMe_EN_9x16_FX-test_ZT-read_RS-P3X1R1C3_fj,20260211_GrowMe_EN_9x16_FX-test_ZT-read_RS-P3X1R1C3_fj,2026-02-11,GrowMe,EN,9x16,test,read,,P3X1R1C3,P3,X1,R1,C3,,fj,,,complete,WW,account_all_WW.csv,0.0,15.3,6599.0,1.15,0.0,False
20260211_growme_EN_9x16_FX-speak_ZT-art_RS-P1X1R3C3_wxx,20260211_growme_EN_9x16_FX-speak_ZT-art_RS-P1X1R3C3_wxx,2026-02-11,growme,EN,9x16,speak,art,,P1X1R3C3,P1,X1,R3,C3,,wxx,,,complete,WW,account_all_WW.csv,22.0,847.0,313658.0,1.57,0.5,True
20260211_growme_EN_9x16_FX-speak_ZT-done_RS-P1X1R3C3_wxx,20260211_growme_EN_9x16_FX-speak_ZT-done_RS-P1X1R3C3_wxx,2026-02-11,growme,EN,9x16,speak,done,,P1X1R3C3,P1,X1,R3,C3,,wxx,,,complete,WW,account_all_WW.csv,0.0,27.6,18438.0,0.94,0.0,False
20260212_GrowMe_EN_9x16_FX-test_ZT-read_RS-P3X1R1C3_fj,20260212_GrowMe_EN_9x16_FX-test_ZT-read_RS-P3X1R1C3_fj,2026-02-12,GrowMe,EN,9x16,test,read,,P3X1R1C3,P3,X1,R1,C3,,fj,,,complete,WW,account_all_WW.csv,59.0,2194.3599999999997,1912733.0,1.23,0.64,True
20260212_growme_EN_9x16_FX-speak_ZT-zeren_RS-P1X1R3C3_wxx,20260212_growme_EN_9x16_FX-speak_ZT-zeren_RS-P1X1R3C3_wxx,2026-02-12,growme,EN,9x16,speak,zeren,,P1X1R3C3,P1,X1,R3,C3,,wxx,,,complete,WW,account_all_WW.csv,1.0,65.04,35667.0,2.47,0.32,True
20260323_growme_ES_9x16_FX-test_ZT-english_RS-P1X1R3C3_wxx,20260323_growme_ES_9x16_FX-test_ZT-english_RS-P1X1R3C3_wxx,2026-03-23,growme,ES,9x16,test,english,,P1X1R3C3,P1,X1,R3,C3,,wxx,,,complete,WW,account_all_WW.csv,0.0,0.0,0.0,0.0,0.0,False
20260323_growme_TH_9x16_FX-test_ZT-english_RS-P1X1R3C3_wxx,20260323_growme_TH_9x16_FX-test_ZT-english_RS-P1X1R3C3_wxx,2026-03-23,growme,TH,9x16,test,english,,P1X1R3C3,P1,X1,R3,C3,,wxx,,,complete,WW,account_all_WW.csv,0.0,0.0,0.0,0.0,0.0,False
20260325_growme_TH_9x16_FX-test_ZT-english1_RS-P1X1R3C3_wxx,20260325_growme_TH_9x16_FX-test_ZT-english1_RS-P1X1R3C3_wxx,2026-03-25,growme,TH,9x16,test,english1,,P1X1R3C3,P1,X1,R3,C3,,wxx,,,complete,WW,account_all_WW.csv,0.0,0.0,0.0,0.0,0.0,False
20260325_growme_TH_9x16_FX-test_ZT-english2_RS-P1X1R3C3_wxx,20260325_growme_TH_9x16_FX-test_ZT-english2_RS-P1X1R3C3_wxx,2026-03-25,growme,TH,9x16,test,english2,,P1X1R3C3,P1,X1,R3,C3,,wxx,,,complete,WW,account_all_WW.csv,8.0,540.2,269364.0,0.92,0.28,True
20260325_growme_TR_9x16_FX-test_ZT-english1_RS-P1X1R3C3_wxx,20260325_growme_TR_9x16_FX-test_ZT-english1_RS-P1X1R3C3_wxx,2026-03-25,growme,TR,9x16,test,english1,,P1X1R3C3,P1,X1,R3,C3,,wxx,,,complete,WW,account_all_WW.csv,1.0,135.63,76839.0,1.61,0.24,True
20260325_growme_TR_9x16_FX-test_ZT-english2_RS-P1X1R3C3_wxx,20260325_growme_TR_9x16_FX-test_ZT-english2_RS-P1X1R3C3_wxx,2026-03-25,growme,TR,9x16,test,english2,,P1X1R3C3,P1,X1,R3,C3,,wxx,,,complete,WW,account_all_WW.csv,43.0,2156.45,1125951.0,1.17,1.57,True
20260327_growme_CHT_9x16_FX-test_ZT-english1_RS-P1X1R3C3_wxx,20260327_growme_CHT_9x16_FX-test_ZT-english1_RS-P1X1R3C3_wxx,2026-03-27,growme,CHT,9x16,test,english1,,P1X1R3C3,P1,X1,R3,C3,,wxx,,,complete,WW,account_all_WW.csv,0.0,24.61,4464.0,2.11,0.0,False
20260327_growme_CHT_9x16_FX-test_ZT-english2_RS-P1X1R3C3_wxx,20260327_growme_CHT_9x16_FX-test_ZT-english2_RS-P1X1R3C3_wxx,2026-03-27,growme,CHT,9x16,test,english2,,P1X1R3C3,P1,X1,R3,C3,,wxx,,,complete,WW,account_all_WW.csv,0.0,90.34,15210.0,2.25,0.0,False
20260327_growme_CHT_9x16_FX-test_ZT-english3_RS-P1X1R3C3_wxx,20260327_growme_CHT_9x16_FX-test_ZT-english3_RS-P1X1R3C3_wxx,2026-03-27,growme,CHT,9x16,test,english3,,P1X1R3C3,P1,X1,R3,C3,,wxx,,,complete,WW,account_all_WW.csv,0.0,2.33,376.0,0.8,0.0,False
20260327_growme_JA_9x16_FX-test_ZT-english1_RS-P1X1R3C3_wxx,20260327_growme_JA_9x16_FX-test_ZT-english1_RS-P1X1R3C3_wxx,2026-03-27,growme,JA,9x16,test,english1,,P1X1R3C3,P1,X1,R3,C3,,wxx,,,complete,WW,account_all_WW.csv,0.0,0.0,0.0,0.0,0.0,False
20260327_growme_JA_9x16_FX-test_ZT-english3_RS-P1X1R3C3_wxx,20260327_growme_JA_9x16_FX-test_ZT-english3_RS-P1X1R3C3_wxx,2026-03-27,growme,JA,9x16,test,english3,,P1X1R3C3,P1,X1,R3,C3,,wxx,,,complete,WW,account_all_WW.csv,0.0,0.0,0.0,0.0,0.0,False
20260327_growme_TH_9x16_FX-test_ZT-english2_RS-P1X1R3C3_wxx,20260327_growme_TH_9x16_FX-test_ZT-english2_RS-P1X1R3C3_wxx,2026-03-27,growme,TH,9x16,test,english2,,P1X1R3C3,P1,X1,R3,C3,,wxx,,,complete,WW,account_all_WW.csv,0.0,0.0,0.0,0.0,0.0,False
20260327_growme_TH_9x16_FX-test_ZT-english3_RS-P1X1R3C3_wxx,20260327_growme_TH_9x16_FX-test_ZT-english3_RS-P1X1R3C3_wxx,2026-03-27,growme,TH,9x16,test,english3,,P1X1R3C3,P1,X1,R3,C3,,wxx,,,complete,WW,account_all_WW.csv,0.0,0.0,0.0,0.0,0.0,False
20260327_growme_TR_9x16_FX-test_ZT-english2_RS-P1X1R3C3_wxx,20260327_growme_TR_9x16_FX-test_ZT-english2_RS-P1X1R3C3_wxx,2026-03-27,growme,TR,9x16,test,english2,,P1X1R3C3,P1,X1,R3,C3,,wxx,,,complete,WW,account_all_WW.csv,42.0,2284.38,920775.0,0.91,0.25,True
20260327_growme_TR_9x16_FX-test_ZT-english3_RS-P1X1R3C3_wxx,20260327_growme_TR_9x16_FX-test_ZT-english3_RS-P1X1R3C3_wxx,2026-03-27,growme,TR,9x16,test,english3,,P1X1R3C3,P1,X1,R3,C3,,wxx,,,complete,WW,account_all_WW.csv,2.0,26.95,17048.0,0.65,0.33,True
20260330_GrowMe_TH_9x16_FX-test_ZT- learn_RS-P3X1R1C3_fj,20260330_GrowMe_TH_9x16_FX-test_ZT-learn_RS-P3X1R1C3_fj,2026-03-30,GrowMe,TH,9x16,test,learn,,P3X1R1C3,P3,X1,R1,C3,,fj,,,complete,WW,account_all_WW.csv,2.0,9.69,3071.0,2.05,3.9,True
20260330_growme_EN_9x16_FX-test_ZT-niupizhi_RS-P1X1R3C3_wxx,20260330_growme_EN_9x16_FX-test_ZT-niupizhi_RS-P1X1R3C3_wxx,2026-03-30,growme,EN,9x16,test,niupizhi,,P1X1R3C3,P1,X1,R3,C3,,wxx,,,complete,WW,account_all_WW.csv,1.0,108.09,55043.0,2.04,0.24,True
20260330_growme_KO_9x16_FX-test_ZT-create_RS-P1X1R3C3_wxx,20260330_growme_KO_9x16_FX-test_ZT-create_RS-P1X1R3C3_wxx,2026-03-30,growme,KO,9x16,test,create,,P1X1R3C3,P1,X1,R3,C3,,wxx,,,complete,WW,account_all_WW.csv,0.0,0.0,0.0,0.0,0.0,False
20260330_growme_TH_9x16_FX-test_ZT-ceo_RS-P1X1R3C1_gy,20260330_growme_TH_9x16_FX-test_ZT-ceo_RS-P1X1R3C1_gy,2026-03-30,growme,TH,9x16,test,ceo,,P1X1R3C1,P1,X1,R3,C1,,gy,,,complete,WW,account_all_WW.csv,0.0,0.97,449.0,1.34,0.0,False
20260330_growme_TH_9x16_FX-test_ZT-pencil_RS-P1X1R3C3_wxx,20260330_growme_TH_9x16_FX-test_ZT-pencil_RS-P1X1R3C3_wxx,2026-03-30,growme,TH,9x16,test,pencil,,P1X1R3C3,P1,X1,R3,C3,,wxx,,,complete,WW,account_all_WW.csv,0.0,27.61,7758.0,2.04,0.0,False
20260330_growme_TH_9x16_FX-test_ZT-read_RS-P1X1R3C1_gy,20260330_growme_TH_9x16_FX-test_ZT-read_RS-P1X1R3C1_gy,2026-03-30,growme,TH,9x16,test,read,,P1X1R3C1,P1,X1,R3,C1,,gy,,,complete,WW,account_all_WW.csv,17.0,1319.75,610777.0,1.48,0.34,True
20260330_growme_TR_9x16_FX-test_ZT-pencil_RS-P1X1R3C3_wxx,20260330_growme_TR_9x16_FX-test_ZT-pencil_RS-P1X1R3C3_wxx,2026-03-30,growme,TR,9x16,test,pencil,,P1X1R3C3,P1,X1,R3,C3,,wxx,,,complete,WW,account_all_WW.csv,45.0,2403.28,1098635.0,1.4,0.35,True
20260331_GrowMe_TH_9x16_FX-test_ZT- ai_RS-P3X1R1C3_fj,20260331_GrowMe_TH_9x16_FX-test_ZT-ai_RS-P3X1R1C3_fj,2026-03-31,GrowMe,TH,9x16,test,ai,,P3X1R1C3,P3,X1,R1,C3,,fj,,,complete,WW,account_all_WW.csv,0.0,7.37,2655.0,1.17,0.0,False
20260331_growme_EN_4x5_FX-pic_ZT-pic1_RS-P1X1R3C3_wxx,20260331_growme_EN_4x5_FX-pic_ZT-pic1_RS-P1X1R3C3_wxx,2026-03-31,growme,EN,4x5,pic,pic1,,P1X1R3C3,P1,X1,R3,C3,,wxx,,,complete,WW,account_all_WW.csv,0.0,1.92,107.0,1.87,0.0,False
20260331_growme_EN_4x5_FX-pic_ZT-pic2_RS-P1X1R3C3_wxx,20260331_growme_EN_4x5_FX-pic_ZT-pic2_RS-P1X1R3C3_wxx,2026-03-31,growme,EN,4x5,pic,pic2,,P1X1R3C3,P1,X1,R3,C3,,wxx,,,complete,WW,account_all_WW.csv,0.0,0.23,129.0,3.1,0.0,False
20260331_growme_EN_4x5_FX-pic_ZT-pic3_RS-P1X1R3C3_wxx,20260331_growme_EN_4x5_FX-pic_ZT-pic3_RS-P1X1R3C3_wxx,2026-03-31,growme,EN,4x5,pic,pic3,,P1X1R3C3,P1,X1,R3,C3,,wxx,,,complete,WW,account_all_WW.csv,0.0,5.62,89.0,1.12,0.0,False
20260331_growme_EN_4x5_FX-pic_ZT-pic4_RS-P1X1R3C3_wxx,20260331_growme_EN_4x5_FX-pic_ZT-pic4_RS-P1X1R3C3_wxx,2026-03-31,growme,EN,4x5,pic,pic4,,P1X1R3C3,P1,X1,R3,C3,,wxx,,,complete,WW,account_all_WW.csv,0.0,24.68,1006.0,3.48,0.0,False
20260331_growme_EN_4x5_FX-pic_ZT-pic5_RS-P1X1R3C3_wxx,20260331_growme_EN_4x5_FX-pic_ZT-pic5_RS-P1X1R3C3_wxx,2026-03-31,growme,EN,4x5,pic,pic5,,P1X1R3C3,P1,X1,R3,C3,,wxx,,,complete,WW,account_all_WW.csv,0.0,28.32,3602.0,2.72,0.0,False
20260331_growme_EN_9x16_FX-pic_ZT-pic5_RS-P1X1R3C3_wxx,20260331_growme_EN_9x16_FX-pic_ZT-pic5_RS-P1X1R3C3_wxx,2026-03-31,growme,EN,9x16,pic,pic5,,P1X1R3C3,P1,X1,R3,C3,,wxx,,,complete,WW,account_all_WW.csv,0.0,13.18,366.0,3.28,0.0,False
20260331_growme_EN_9x16_FX-pic_ZT-pic6_RS-P1X1R3C3_wxx,20260331_growme_EN_9x16_FX-pic_ZT-pic6_RS-P1X1R3C3_wxx,2026-03-31,growme,EN,9x16,pic,pic6,,P1X1R3C3,P1,X1,R3,C3,,wxx,,,complete,WW,account_all_WW.csv,0.0,0.1,74.0,2.7,0.0,False
20260331_growme_EN_9x16_FX-pic_ZT-pic7_RS-P1X1R3C3_wxx,20260331_growme_EN_9x16_FX-pic_ZT-pic7_RS-P1X1R3C3_wxx,2026-03-31,growme,EN,9x16,pic,pic7,,P1X1R3C3,P1,X1,R3,C3,,wxx,,,complete,WW,account_all_WW.csv,0.0,9.18,710.0,3.24,0.0,False
20260331_growme_EN_9x16_FX-pic_ZT-pic8_RS-P1X1R3C3_wxx,20260331_growme_EN_9x16_FX-pic_ZT-pic8_RS-P1X1R3C3_wxx,2026-03-31,growme,EN,9x16,pic,pic8,,P1X1R3C3,P1,X1,R3,C3,,wxx,,,complete,WW,account_all_WW.csv,0.0,1.16,65.0,1.54,0.0,False
20260331_growme_EN_9x16_FX-pic_ZT-pic9_RS-P1X1R3C3_wxx,20260331_growme_EN_9x16_FX-pic_ZT-pic9_RS-P1X1R3C3_wxx,2026-03-31,growme,EN,9x16,pic,pic9,,P1X1R3C3,P1,X1,R3,C3,,wxx,,,complete,WW,account_all_WW.csv,0.0,4.68,438.0,4.79,0.0,False
20260331_growme_EN_9x16_FX-test_ZT-englishbook_RS-P1X1R3C3_wxx,20260331_growme_EN_9x16_FX-test_ZT-englishbook_RS-P1X1R3C3_wxx,2026-03-31,growme,EN,9x16,test,englishbook,,P1X1R3C3,P1,X1,R3,C3,,wxx,,,complete,WW,account_all_WW.csv,0.0,3.41,3069.0,1.82,0.0,False
20260331_growme_EN_9x16_FX-test_ZT-pencil_RS-P1X1R3C3_wxx,20260331_growme_EN_9x16_FX-test_ZT-pencil_RS-P1X1R3C3_wxx,2026-03-31,growme,EN,9x16,test,pencil,,P1X1R3C3,P1,X1,R3,C3,,wxx,,,complete,WW,account_all_WW.csv,5.0,175.55,253127.0,1.58,0.27,True
20260331_growme_EN_9x16_FX-test_ZT-read_RS-P1X1R3C1_gy,20260331_growme_EN_9x16_FX-test_ZT-read_RS-P1X1R3C1_gy,2026-03-31,growme,EN,9x16,test,read,,P1X1R3C1,P1,X1,R3,C1,,gy,,,complete,WW,account_all_WW.csv,0.0,23.38,15952.0,1.91,0.0,False
20260331_growme_TH_9x16_FX-test_ZT-AI_RS-P1X1R3C3_wxx,20260331_growme_TH_9x16_FX-test_ZT-AI_RS-P1X1R3C3_wxx,2026-03-31,growme,TH,9x16,test,AI,,P1X1R3C3,P1,X1,R3,C3,,wxx,,,complete,WW,account_all_WW.csv,0.0,1.82,798.0,1.5,0.0,False
20260331_growme_TH_9x16_FX-test_ZT-AIlunbo_RS-P1X1R3C3_wxx,20260331_growme_TH_9x16_FX-test_ZT-AIlunbo_RS-P1X1R3C3_wxx,2026-03-31,growme,TH,9x16,test,AIlunbo,,P1X1R3C3,P1,X1,R3,C3,,wxx,,,complete,WW,account_all_WW.csv,0.0,3.13,1124.0,1.16,0.0,False
20260331_growme_TH_9x16_FX-test_ZT-girl_RS-P1X1R3C3_wxx,20260331_growme_TH_9x16_FX-test_ZT-girl_RS-P1X1R3C3_wxx,2026-03-31,growme,TH,9x16,test,girl,,P1X1R3C3,P1,X1,R3,C3,,wxx,,,complete,WW,account_all_WW.csv,0.0,0.71,305.0,0.98,0.0,False
20260331_growme_TH_9x16_FX-test_ZT-read_RS-P1X1R3C1_gy,20260331_growme_TH_9x16_FX-test_ZT-read_RS-P1X1R3C1_gy,2026-03-31,growme,TH,9x16,test,read,,P1X1R3C1,P1,X1,R3,C1,,gy,,,complete,WW,account_all_WW.csv,0.0,19.5,6555.0,1.56,0.0,False
20260331_growme_TR_9x16_FX-test_ZT-AI_RS-P1X1R3C3_wxx,20260331_growme_TR_9x16_FX-test_ZT-AI_RS-P1X1R3C3_wxx,2026-03-31,growme,TR,9x16,test,AI,,P1X1R3C3,P1,X1,R3,C3,,wxx,,,complete,WW,account_all_WW.csv,0.0,56.75,23048.0,0.67,0.0,False
20260331_growme_TR_9x16_FX-test_ZT-AIlunbo_RS-P1X1R3C3_wxx,20260331_growme_TR_9x16_FX-test_ZT-AIlunbo_RS-P1X1R3C3_wxx,2026-03-31,growme,TR,9x16,test,AIlunbo,,P1X1R3C3,P1,X1,R3,C3,,wxx,,,complete,WW,account_all_WW.csv,0.0,11.02,5822.0,1.03,0.0,False
20260331_growme_TR_9x16_FX-test_ZT-girl_RS-P1X1R3C3_wxx,20260331_growme_TR_9x16_FX-test_ZT-girl_RS-P1X1R3C3_wxx,2026-03-31,growme,TR,9x16,test,girl,,P1X1R3C3,P1,X1,R3,C3,,wxx,,,complete,WW,account_all_WW.csv,0.0,18.47,8620.0,1.35,0.0,False
20260401_GrowMe_EN_9x16_FX-pic_ZT-test-1-_RS-P3X1R1C3_gy,20260401_GrowMe_EN_9x16_FX-pic_ZT-test-1-_RS-P3X1R1C3_gy,2026-04-01,GrowMe,EN,9x16,pic,test-1-,,P3X1R1C3,P3,X1,R1,C3,,gy,,,complete,WW,account_all_WW.csv,0.0,4.24,711.0,4.36,0.0,False
20260401_GrowMe_EN_9x16_FX-pic_ZT-test-2-_RS-P3X1R1C3_gy,20260401_GrowMe_EN_9x16_FX-pic_ZT-test-2-_RS-P3X1R1C3_gy,2026-04-01,GrowMe,EN,9x16,pic,test-2-,,P3X1R1C3,P3,X1,R1,C3,,gy,,,complete,WW,account_all_WW.csv,0.0,5.25,123.0,2.44,0.0,False
20260401_GrowMe_EN_9x16_FX-pic_ZT-test-3-_RS-P3X1R1C3_gy,20260401_GrowMe_EN_9x16_FX-pic_ZT-test-3-_RS-P3X1R1C3_gy,2026-04-01,GrowMe,EN,9x16,pic,test-3-,,P3X1R1C3,P3,X1,R1,C3,,gy,,,complete,WW,account_all_WW.csv,0.0,6.77,4216.0,1.92,0.0,False
20260401_GrowMe_EN_9x16_FX-pic_ZT-test-4-_RS-P3X1R1C3_gy,20260401_GrowMe_EN_9x16_FX-pic_ZT-test-4-_RS-P3X1R1C3_gy,2026-04-01,GrowMe,EN,9x16,pic,test-4-,,P3X1R1C3,P3,X1,R1,C3,,gy,,,complete,WW,account_all_WW.csv,0.0,26.0,2097.0,2.62,0.0,False
20260401_GrowMe_EN_9x16_FX-pic_ZT-test-5-_RS-P3X1R1C3_gy,20260401_GrowMe_EN_9x16_FX-pic_ZT-test-5-_RS-P3X1R1C3_gy,2026-04-01,GrowMe,EN,9x16,pic,test-5-,,P3X1R1C3,P3,X1,R1,C3,,gy,,,complete,WW,account_all_WW.csv,0.0,2.33,311.0,0.64,0.0,False
20260401_GrowMe_EN_9x16_FX-pic_ZT-test-6-_RS-P3X1R1C3_gy,20260401_GrowMe_EN_9x16_FX-pic_ZT-test-6-_RS-P3X1R1C3_gy,2026-04-01,GrowMe,EN,9x16,pic,test-6-,,P3X1R1C3,P3,X1,R1,C3,,gy,,,complete,WW,account_all_WW.csv,0.0,4.18,1447.0,2.14,0.0,False
20260401_GrowMe_EN_9x16_FX-pic_ZT-test-7-_RS-P3X1R1C3_gy,20260401_GrowMe_EN_9x16_FX-pic_ZT-test-7-_RS-P3X1R1C3_gy,2026-04-01,GrowMe,EN,9x16,pic,test-7-,,P3X1R1C3,P3,X1,R1,C3,,gy,,,complete,WW,account_all_WW.csv,0.0,1.57,322.0,2.48,0.0,False
20260401_GrowMe_EN_9x16_FX-test_ZT- speak_RS-P3X1R1C3_fj,20260401_GrowMe_EN_9x16_FX-test_ZT-speak_RS-P3X1R1C3_fj,2026-04-01,GrowMe,EN,9x16,test,speak,,P3X1R1C3,P3,X1,R1,C3,,fj,,,complete,WW,account_all_WW.csv,0.0,0.62,108.0,1.85,0.0,False
20260401_GrowMe_TH_9x16_FX-test_ZT- pride_RS-P3X1R1C3_fj,20260401_GrowMe_TH_9x16_FX-test_ZT-pride_RS-P3X1R1C3_fj,2026-04-01,GrowMe,TH,9x16,test,pride,,P3X1R1C3,P3,X1,R1,C3,,fj,,,complete,WW,account_all_WW.csv,0.0,1.0,272.0,1.47,0.0,False
20260401_GrowMe_TH_9x16_FX-test_ZT- voice_RS-P3X1R1C3_fj,20260401_GrowMe_TH_9x16_FX-test_ZT-voice_RS-P3X1R1C3_fj,2026-04-01,GrowMe,TH,9x16,test,voice,,P3X1R1C3,P3,X1,R1,C3,,fj,,,complete,WW,account_all_WW.csv,0.0,7.19,2930.0,1.95,0.0,False
20260401_growme_EN_9x16_FX-test_ZT-improve_RS-P1X1R3C1_gy,20260401_growme_EN_9x16_FX-test_ZT-improve_RS-P1X1R3C1_gy,2026-04-01,growme,EN,9x16,test,improve,,P1X1R3C1,P1,X1,R3,C1,,gy,,,complete,WW,account_all_WW.csv,1.0,33.97,29013.0,1.61,0.85,True
20260401_growme_TH_9x16_FX-test_ZT-listen_RS-P1X1R3C3_wxx,20260401_growme_TH_9x16_FX-test_ZT-listen_RS-P1X1R3C3_wxx,2026-04-01,growme,TH,9x16,test,listen,,P1X1R3C3,P1,X1,R3,C3,,wxx,,,complete,WW,account_all_WW.csv,0.0,18.28,5453.0,1.1,0.0,False
20260401_growme_TH_9x16_FX-test_ZT-read2_RS-P1X1R3C1_gy,20260401_growme_TH_9x16_FX-test_ZT-read2_RS-P1X1R3C1_gy,2026-04-01,growme,TH,9x16,test,read2,,P1X1R3C1,P1,X1,R3,C1,,gy,,,complete,WW,account_all_WW.csv,0.0,0.1,76.0,3.95,0.0,False
20260401_growme_TH_9x16_FX-test_ZT-read_RS-P1X1R3C1_gy,20260401_growme_TH_9x16_FX-test_ZT-read_RS-P1X1R3C1_gy,2026-04-01,growme,TH,9x16,test,read,,P1X1R3C1,P1,X1,R3,C1,,gy,,,complete,WW,account_all_WW.csv,18.0,1175.31,626280.0,1.5,0.28,True
20260401_growme_TR_9x16_FX-test_ZT-listen_RS-P1X1R3C3_wxx,20260401_growme_TR_9x16_FX-test_ZT-listen_RS-P1X1R3C3_wxx,2026-04-01,growme,TR,9x16,test,listen,,P1X1R3C3,P1,X1,R3,C3,,wxx,,,complete,WW,account_all_WW.csv,0.0,14.579999999999998,5960.0,1.45,0.0,False
20260401_growme_VI_9x16_FX-test_ZT-create_RS-P1X1R3C3_wxx,20260401_growme_VI_9x16_FX-test_ZT-create_RS-P1X1R3C3_wxx,2026-04-01,growme,VI,9x16,test,create,,P1X1R3C3,P1,X1,R3,C3,,wxx,,,complete,WW,account_all_WW.csv,76.0,3582.7100000000005,1893438.0,1.2,0.45,True
20260401_growme_VI_9x16_FX-test_ZT-pencil_RS-P1X1R3C3_wxx,20260401_growme_VI_9x16_FX-test_ZT-pencil_RS-P1X1R3C3_wxx,2026-04-01,growme,VI,9x16,test,pencil,,P1X1R3C3,P1,X1,R3,C3,,wxx,,,complete,WW,account_all_WW.csv,6.0,407.25000000000006,147765.0,1.74,0.86,True
20260402_GrowMe_EN_9x16_FX-test_ZT- work_RS-P3X1R1C3_fj,20260402_GrowMe_EN_9x16_FX-test_ZT-work_RS-P3X1R1C3_fj,2026-04-02,GrowMe,EN,9x16,test,work,,P3X1R1C3,P3,X1,R1,C3,,fj,,,complete,WW,account_all_WW.csv,0.0,3.53,1120.0,2.41,0.0,False
20260402_GrowMe_TR_9x16_FX-test_ZT- pride_RS-P3X1R1C3_fj,20260402_GrowMe_TR_9x16_FX-test_ZT-pride_RS-P3X1R1C3_fj,2026-04-02,GrowMe,TR,9x16,test,pride,,P3X1R1C3,P3,X1,R1,C3,,fj,,,complete,WW,account_all_WW.csv,0.0,17.8,5564.0,0.99,0.0,False
20260402_GrowMe_TR_9x16_FX-test_ZT- voice_RS-P3X1R1C3_fj,20260402_GrowMe_TR_9x16_FX-test_ZT-voice_RS-P3X1R1C3_fj,2026-04-02,GrowMe,TR,9x16,test,voice,,P3X1R1C3,P3,X1,R1,C3,,fj,,,complete,WW,account_all_WW.csv,0.0,9.86,4658.0,2.2,0.0,False
20260402_growme_EN_9x16_FX-test_ZT-alabo_RS-P1X1R3C3_wxx,20260402_growme_EN_9x16_FX-test_ZT-alabo_RS-P1X1R3C3_wxx,2026-04-02,growme,EN,9x16,test,alabo,,P1X1R3C3,P1,X1,R3,C3,,wxx,,,complete,WW,account_all_WW.csv,2.0,82.34,151396.0,1.74,0.16,True
20260402_growme_EN_9x16_FX-test_ZT-women2_RS-P1X1R3C3_wxx,20260402_growme_EN_9x16_FX-test_ZT-women2_RS-P1X1R3C3_wxx,2026-04-02,growme,EN,9x16,test,women2,,P1X1R3C3,P1,X1,R3,C3,,wxx,,,complete,WW,account_all_WW.csv,0.0,1.61,1477.0,2.23,0.0,False
20260402_growme_EN_9x16_FX-test_ZT-women_RS-P1X1R3C3_wxx,20260402_growme_EN_9x16_FX-test_ZT-women_RS-P1X1R3C3_wxx,2026-04-02,growme,EN,9x16,test,women,,P1X1R3C3,P1,X1,R3,C3,,wxx,,,complete,WW,account_all_WW.csv,0.0,1.25,266.0,3.01,0.0,False
20260402_growme_TH_9x16_FX-test_ZT-life_RS-P1X1R3C3_wxx,20260402_growme_TH_9x16_FX-test_ZT-life_RS-P1X1R3C3_wxx,2026-04-02,growme,TH,9x16,test,life,,P1X1R3C3,P1,X1,R3,C3,,wxx,,,complete,WW,account_all_WW.csv,2.0,33.08,14700.0,0.84,1.78,True
20260402_growme_TH_9x16_FX-test_ZT-speak_RS-P1X1R3C3_wxx,20260402_growme_TH_9x16_FX-test_ZT-speak_RS-P1X1R3C3_wxx,2026-04-02,growme,TH,9x16,test,speak,,P1X1R3C3,P1,X1,R3,C3,,wxx,,,complete,WW,account_all_WW.csv,0.0,20.89,6478.0,1.78,0.0,False
20260402_growme_TR_9x16_FX-test_ZT-change_RS-P1X1R3C1_gy.video,20260402_growme_TR_9x16_FX-test_ZT-change_RS-P1X1R3C1_gy.video,2026-04-02,growme,TR,9x16,test,change,,P1X1R3C1,P1,X1,R3,C1,,gy,,,complete,WW,account_all_WW.csv,14.0,261.21999999999997,164178.0,2.46,1.61,True
20260402_growme_TR_9x16_FX-test_ZT-life_RS-P1X1R3C3_wxx,20260402_growme_TR_9x16_FX-test_ZT-life_RS-P1X1R3C3_wxx,2026-04-02,growme,TR,9x16,test,life,,P1X1R3C3,P1,X1,R3,C3,,wxx,,,complete,WW,account_all_WW.csv,0.0,14.37,6821.0,1.75,0.0,False
20260402_growme_TR_9x16_FX-test_ZT-read2_RS-P1X1R3C1_gy,20260402_growme_TR_9x16_FX-test_ZT-read2_RS-P1X1R3C1_gy,2026-04-02,growme,TR,9x16,test,read2,,P1X1R3C1,P1,X1,R3,C1,,gy,,,complete,WW,account_all_WW.csv,262.0,9997.28,7768545.0,1.08,0.4,True
20260402_growme_TR_9x16_FX-test_ZT-read_RS-P1X1R3C1_gy,20260402_growme_TR_9x16_FX-test_ZT-read_RS-P1X1R3C1_gy,2026-04-02,growme,TR,9x16,test,read,,P1X1R3C1,P1,X1,R3,C1,,gy,,,complete,WW,account_all_WW.csv,0.0,51.300000000000004,26683.0,1.3,0.0,False
20260402_growme_TR_9x16_FX-test_ZT-speak_RS-P1X1R3C3_wxx,20260402_growme_TR_9x16_FX-test_ZT-speak_RS-P1X1R3C3_wxx,2026-04-02,growme,TR,9x16,test,speak,,P1X1R3C3,P1,X1,R3,C3,,wxx,,,complete,WW,account_all_WW.csv,1.0,157.50000000000003,98787.0,1.64,0.21,True
20260402_growme_TR_9x16_FX-test_ZT-women2_RS-P1X1R3C3_wxx,20260402_growme_TR_9x16_FX-test_ZT-women2_RS-P1X1R3C3_wxx,2026-04-02,growme,TR,9x16,test,women2,,P1X1R3C3,P1,X1,R3,C3,,wxx,,,complete,WW,account_all_WW.csv,0.0,11.25,4353.0,2.13,0.0,False
20260402_growme_TR_9x16_FX-test_ZT-women_RS-P1X1R3C3_wxx,20260402_growme_TR_9x16_FX-test_ZT-women_RS-P1X1R3C3_wxx,2026-04-02,growme,TR,9x16,test,women,,P1X1R3C3,P1,X1,R3,C3,,wxx,,,complete,WW,account_all_WW.csv,0.0,7.359999999999999,3932.0,0.79,0.0,False
20260403_GrowMe_EN_9x16_FX-test_ZT- control_RS-P3X1R1C3_fj,20260403_GrowMe_EN_9x16_FX-test_ZT-control_RS-P3X1R1C3_fj,2026-04-03,GrowMe,EN,9x16,test,control,,P3X1R1C3,P3,X1,R1,C3,,fj,,,complete,WW,account_all_WW.csv,0.0,1.5,456.0,2.19,0.0,False
20260403_GrowMe_EN_9x16_FX-test_ZT- romans_RS-P3X1R1C3_fj,20260403_GrowMe_EN_9x16_FX-test_ZT-romans_RS-P3X1R1C3_fj,2026-04-03,GrowMe,EN,9x16,test,romans,,P3X1R1C3,P3,X1,R1,C3,,fj,,,complete,WW,account_all_WW.csv,0.0,12.07,4900.0,5.57,0.0,False
20260403_GrowMe_TR_9x16_FX-test_ZT- today_RS-P3X1R1C3_fj,20260403_GrowMe_TR_9x16_FX-test_ZT-today_RS-P3X1R1C3_fj,2026-04-03,GrowMe,TR,9x16,test,today,,P3X1R1C3,P3,X1,R1,C3,,fj,,,complete,WW,account_all_WW.csv,0.0,5.89,3708.0,0.73,0.0,False
20260403_growme_EN_9x16_FX-test_ZT-read2_RS-P1X1R3C1_gy,20260403_growme_EN_9x16_FX-test_ZT-read2_RS-P1X1R3C1_gy,2026-04-03,growme,EN,9x16,test,read2,,P1X1R3C1,P1,X1,R3,C1,,gy,,,complete,WW,account_all_WW.csv,0.0,0.36,456.0,1.1,0.0,False
20260403_growme_EN_9x16_FX-test_ZT-read_RS-P1X1R3C1_gy,20260403_growme_EN_9x16_FX-test_ZT-read_RS-P1X1R3C1_gy,2026-04-03,growme,EN,9x16,test,read,,P1X1R3C1,P1,X1,R3,C1,,gy,,,complete,WW,account_all_WW.csv,0.0,0.89,373.0,1.61,0.0,False
20260403_growme_JA_9x16_FX-test_ZT-bendihua_RS-P1X1R3C3_wxx,20260403_growme_JA_9x16_FX-test_ZT-bendihua_RS-P1X1R3C3_wxx,2026-04-03,growme,JA,9x16,test,bendihua,,P1X1R3C3,P1,X1,R3,C3,,wxx,,,complete,WW,account_all_WW.csv,0.0,0.4,51.0,1.96,0.0,False
20260403_growme_JA_9x16_FX-test_ZT-gai_RS-P1X1R3C3_wxx,20260403_growme_JA_9x16_FX-test_ZT-gai_RS-P1X1R3C3_wxx,2026-04-03,growme,JA,9x16,test,gai,,P1X1R3C3,P1,X1,R3,C3,,wxx,,,complete,WW,account_all_WW.csv,0.0,130.36,9547.0,3.36,0.0,False
20260403_growme_JA_9x16_FX-test_ZT-lunbo_RS-P1X1R3C3_wxx,20260403_growme_JA_9x16_FX-test_ZT-lunbo_RS-P1X1R3C3_wxx,2026-04-03,growme,JA,9x16,test,lunbo,,P1X1R3C3,P1,X1,R3,C3,,wxx,,,complete,WW,account_all_WW.csv,0.0,5.13,468.0,4.27,0.0,False
20260403_growme_TH_9x16_FX-test_ZT-read2_RS-P1X1R3C1_gy,20260403_growme_TH_9x16_FX-test_ZT-read2_RS-P1X1R3C1_gy,2026-04-03,growme,TH,9x16,test,read2,,P1X1R3C1,P1,X1,R3,C1,,gy,,,complete,WW,account_all_WW.csv,0.0,0.13,86.0,1.16,0.0,False
20260403_growme_TR_9x16_FX-test_ZT-read2_RS-P1X1R3C1_gy,20260403_growme_TR_9x16_FX-test_ZT-read2_RS-P1X1R3C1_gy,2026-04-03,growme,TR,9x16,test,read2,,P1X1R3C1,P1,X1,R3,C1,,gy,,,complete,WW,account_all_WW.csv,1.0,13.1,7023.0,5.97,23.69,True
20260407_GrowMe_EN_9x16_FX-test_ZT- d1_RS-P3X1R1C3_fj,20260407_GrowMe_EN_9x16_FX-test_ZT-d1_RS-P3X1R1C3_fj,2026-04-07,GrowMe,EN,9x16,test,d1,,P3X1R1C3,P3,X1,R1,C3,,fj,,,complete,WW,account_all_WW.csv,3.0,126.41,102519.0,2.18,0.68,True
20260407_GrowMe_TH_9x16_FX-test_ZT- d1_RS-P3X1R1C3_fj,20260407_GrowMe_TH_9x16_FX-test_ZT-d1_RS-P3X1R1C3_fj,2026-04-07,GrowMe,TH,9x16,test,d1,,P3X1R1C3,P3,X1,R1,C3,,fj,,,complete,WW,account_all_WW.csv,6.0,347.95,217257.0,1.18,0.41,True
20260407_GrowMe_TR_9x16_FX-test_ZT- d1_RS-P3X1R1C3_fj,20260407_GrowMe_TR_9x16_FX-test_ZT-d1_RS-P3X1R1C3_fj,2026-04-07,GrowMe,TR,9x16,test,d1,,P3X1R1C3,P3,X1,R1,C3,,fj,,,complete,WW,account_all_WW.csv,0.0,5.5,1664.0,1.32,0.0,False
20260407_GrowMe_VI_01_9x16_FX-test_ZT-d1_RS-P3X1R1C3_fj,20260407_GrowMe_VI_01_9x16_FX-test_ZT-d1_RS-P3X1R1C3_fj,2026-04-07,GrowMe_VI,01,9x16,test,d1,,P3X1R1C3,P3,X1,R1,C3,,fj,,,complete,WW,account_all_WW.csv,4.0,116.22,36017.0,2.27,0.3,True
20260407_growme_FIL _9x16_FX-test_ZT-read2_RS-P1X1R3C1_gy,20260407_growme_FIL_9x16_FX-test_ZT-read2_RS-P1X1R3C1_gy,2026-04-07,growme,FIL,9x16,test,read2,,P1X1R3C1,P1,X1,R3,C1,,gy,,,complete,WW,account_all_WW.csv,3.0,395.17,352537.0,0.67,0.2,True
20260407_growme_FIL_9x16_FX-test_ZT-create_RS-P1X1R3C3_wxx,20260407_growme_FIL_9x16_FX-test_ZT-create_RS-P1X1R3C3_wxx,2026-04-07,growme,FIL,9x16,test,create,,P1X1R3C3,P1,X1,R3,C3,,wxx,,,complete,WW,account_all_WW.csv,0.0,15.99,10079.0,0.55,0.0,False
20260407_growme_FIL_9x16_FX-test_ZT-pencil_RS-P1X1R3C3_wxx,20260407_growme_FIL_9x16_FX-test_ZT-pencil_RS-P1X1R3C3_wxx,2026-04-07,growme,FIL,9x16,test,pencil,,P1X1R3C3,P1,X1,R3,C3,,wxx,,,complete,WW,account_all_WW.csv,0.0,46.92,31284.0,1.11,0.0,False
20260407_growme_TH_9x16_FX-test_ZT-purple_RS-P1X1R3C3_wxx,20260407_growme_TH_9x16_FX-test_ZT-purple_RS-P1X1R3C3_wxx,2026-04-07,growme,TH,9x16,test,purple,,P1X1R3C3,P1,X1,R3,C3,,wxx,,,complete,WW,account_all_WW.csv,0.0,32.53,10117.0,1.06,0.0,False
20260407_growme_TH_9x16_FX-test_ZT-read1_RS-P1X1R3C1_gy,20260407_growme_TH_9x16_FX-test_ZT-read1_RS-P1X1R3C1_gy,2026-04-07,growme,TH,9x16,test,read1,,P1X1R3C1,P1,X1,R3,C1,,gy,,,complete,WW,account_all_WW.csv,0.0,46.52,18935.0,1.25,0.0,False
20260407_growme_TR_9x16_FX-test_ZT-choices_RS-P1X1R3C3_wxx,20260407_growme_TR_9x16_FX-test_ZT-choices_RS-P1X1R3C3_wxx,2026-04-07,growme,TR,9x16,test,choices,,P1X1R3C3,P1,X1,R3,C3,,wxx,,,complete,WW,account_all_WW.csv,0.0,7.45,2802.0,0.43,0.0,False
20260407_growme_TR_9x16_FX-test_ZT-purple_RS-P1X1R3C3_wxx,20260407_growme_TR_9x16_FX-test_ZT-purple_RS-P1X1R3C3_wxx,2026-04-07,growme,TR,9x16,test,purple,,P1X1R3C3,P1,X1,R3,C3,,wxx,,,complete,WW,account_all_WW.csv,0.0,0.42,147.0,1.36,0.0,False
20260407_growme_TR_9x16_FX-test_ZT-read1_RS-P1X1R3C1_gy,20260407_growme_TR_9x16_FX-test_ZT-read1_RS-P1X1R3C1_gy,2026-04-07,growme,TR,9x16,test,read1,,P1X1R3C1,P1,X1,R3,C1,,gy,,,complete,WW,account_all_WW.csv,0.0,6.92,2021.0,1.48,0.0,False
20260407_growme_VI _9x16_FX-test_ZT-read2_RS-P1X1R3C1_gy,20260407_growme_VI_9x16_FX-test_ZT-read2_RS-P1X1R3C1_gy,2026-04-07,growme,VI,9x16,test,read2,,P1X1R3C1,P1,X1,R3,C1,,gy,,,complete,WW,account_all_WW.csv,300.0,7647.27,4942878.0,1.05,0.68,True
20260407_growme_VI_9x16_FX-test_ZT-purple_RS-P1X1R3C3_wxx,20260407_growme_VI_9x16_FX-test_ZT-purple_RS-P1X1R3C3_wxx,2026-04-07,growme,VI,9x16,test,purple,,P1X1R3C3,P1,X1,R3,C3,,wxx,,,complete,WW,account_all_WW.csv,4.0,77.06,35652.0,1.99,1.27,True
20260408_GrowMe_EN_9x16_FX-test_ZT- B2_RS-P3X1R1C3_fj,20260408_GrowMe_EN_9x16_FX-test_ZT-B2_RS-P3X1R1C3_fj,2026-04-08,GrowMe,EN,9x16,test,B2,,P3X1R1C3,P3,X1,R1,C3,,fj,,,complete,WW,account_all_WW.csv,0.0,45.54,22795.0,1.58,0.0,False
20260408_GrowMe_EN_9x16_FX-test_ZT- pen_RS-P3X1R1C3_fj,20260408_GrowMe_EN_9x16_FX-test_ZT-pen_RS-P3X1R1C3_fj,2026-04-08,GrowMe,EN,9x16,test,pen,,P3X1R1C3,P3,X1,R1,C3,,fj,,,complete,WW,account_all_WW.csv,0.0,0.22000000000000003,303.0,0.78,0.0,False
20260408_GrowMe_TH_9x16_FX-test_ZT- growth_RS-P3X1R1C3_fj,20260408_GrowMe_TH_9x16_FX-test_ZT-growth_RS-P3X1R1C3_fj,2026-04-08,GrowMe,TH,9x16,test,growth,,P3X1R1C3,P3,X1,R1,C3,,fj,,,complete,WW,account_all_WW.csv,0.0,4.43,1635.0,1.83,0.0,False
20260408_GrowMe_TH_9x16_FX-test_ZT- pen_RS-P3X1R1C3_fj,20260408_GrowMe_TH_9x16_FX-test_ZT-pen_RS-P3X1R1C3_fj,2026-04-08,GrowMe,TH,9x16,test,pen,,P3X1R1C3,P3,X1,R1,C3,,fj,,,complete,WW,account_all_WW.csv,0.0,0.33,180.0,0.0,0.0,False
20260408_GrowMe_TR_9x16_FX-test_ZT- growth_RS-P3X1R1C3_fj,20260408_GrowMe_TR_9x16_FX-test_ZT-growth_RS-P3X1R1C3_fj,2026-04-08,GrowMe,TR,9x16,test,growth,,P3X1R1C3,P3,X1,R1,C3,,fj,,,complete,WW,account_all_WW.csv,0.0,0.47,93.0,0.0,0.0,False
20260408_GrowMe_TR_9x16_FX-test_ZT- pen_RS-P3X1R1C3_fj,20260408_GrowMe_TR_9x16_FX-test_ZT-pen_RS-P3X1R1C3_fj,2026-04-08,GrowMe,TR,9x16,test,pen,,P3X1R1C3,P3,X1,R1,C3,,fj,,,complete,WW,account_all_WW.csv,0.0,1.15,484.0,0.83,0.0,False
20260408_growme_EN_9x16_FX-test_ZT-future_RS-P1X1R3C3_wxx,20260408_growme_EN_9x16_FX-test_ZT-future_RS-P1X1R3C3_wxx,2026-04-08,growme,EN,9x16,test,future,,P1X1R3C3,P1,X1,R3,C3,,wxx,,,complete,WW,account_all_WW.csv,3.0,596.31,437996.0,1.63,0.2,True
20260408_growme_TH_9x16_FX-test_ZT-jili_RS-P1X1R3C3_wxx,20260408_growme_TH_9x16_FX-test_ZT-jili_RS-P1X1R3C3_wxx,2026-04-08,growme,TH,9x16,test,jili,,P1X1R3C3,P1,X1,R3,C3,,wxx,,,complete,WW,account_all_WW.csv,0.0,108.63,24228.0,1.51,0.0,False
20260408_growme_TH_9x16_FX-test_ZT-singsong_RS-P1X1R3C3_wxx,20260408_growme_TH_9x16_FX-test_ZT-singsong_RS-P1X1R3C3_wxx,2026-04-08,growme,TH,9x16,test,singsong,,P1X1R3C3,P1,X1,R3,C3,,wxx,,,complete,WW,account_all_WW.csv,0.0,28.99,15634.0,1.2,0.0,False
20260408_growme_TR_9x16_FX-test_ZT-jili_RS-P1X1R3C3_wxx,20260408_growme_TR_9x16_FX-test_ZT-jili_RS-P1X1R3C3_wxx,2026-04-08,growme,TR,9x16,test,jili,,P1X1R3C3,P1,X1,R3,C3,,wxx,,,complete,WW,account_all_WW.csv,0.0,123.25,31334.0,1.41,0.0,False
20260408_growme_TR_9x16_FX-test_ZT-singsong_RS-P1X1R3C3_wxx,20260408_growme_TR_9x16_FX-test_ZT-singsong_RS-P1X1R3C3_wxx,2026-04-08,growme,TR,9x16,test,singsong,,P1X1R3C3,P1,X1,R3,C3,,wxx,,,complete,WW,account_all_WW.csv,0.0,8.2,6084.0,0.41,0.0,False
20260408_growme_VI_9x16_FX-test_ZT-jili_RS-P1X1R3C3_wxx,20260408_growme_VI_9x16_FX-test_ZT-jili_RS-P1X1R3C3_wxx,2026-04-08,growme,VI,9x16,test,jili,,P1X1R3C3,P1,X1,R3,C3,,wxx,,,complete,WW,account_all_WW.csv,0.0,72.03,38240.0,1.6,0.0,False
20260408_growme_VI_9x16_FX-test_ZT-singsong_RS-P1X1R3C3_wxx,20260408_growme_VI_9x16_FX-test_ZT-singsong_RS-P1X1R3C3_wxx,2026-04-08,growme,VI,9x16,test,singsong,,P1X1R3C3,P1,X1,R3,C3,,wxx,,,complete,WW,account_all_WW.csv,0.0,11.81,5122.0,1.23,0.0,False
20260409_GrowMe_EN_9x16_FX-test_ZT- habits_RS-P3X1R1C3_fj,20260409_GrowMe_EN_9x16_FX-test_ZT-habits_RS-P3X1R1C3_fj,2026-04-09,GrowMe,EN,9x16,test,habits,,P3X1R1C3,P3,X1,R1,C3,,fj,,,complete,WW,account_all_WW.csv,0.0,0.060000000000000005,87.0,2.6,0.0,False
20260409_growme_EN_9x16_FX-test_ZT-study_RS-P1X1R3C3_wxx,20260409_growme_EN_9x16_FX-test_ZT-study_RS-P1X1R3C3_wxx,2026-04-09,growme,EN,9x16,test,study,,P1X1R3C3,P1,X1,R3,C3,,wxx,,,complete,WW,account_all_WW.csv,0.0,0.67,680.0,2.13,0.0,False
20260409_growme_VI_9x16_FX-test_ZT-english_RS-P1X1R3C3_wxx,20260409_growme_VI_9x16_FX-test_ZT-english_RS-P1X1R3C3_wxx,2026-04-09,growme,VI,9x16,test,english,,P1X1R3C3,P1,X1,R3,C3,,wxx,,,complete,WW,account_all_WW.csv,2.0,27.28,13636.0,1.34,0.93,True
20260410_GrowMe_EN_9x16_FX-test_ZT- c2_RS-P3X1R1C3_fj,20260410_GrowMe_EN_9x16_FX-test_ZT-c2_RS-P3X1R1C3_fj,2026-04-10,GrowMe,EN,9x16,test,c2,,P3X1R1C3,P3,X1,R1,C3,,fj,,,complete,WW,account_all_WW.csv,0.0,10.98,7584.0,0.81,0.0,False
20260410_GrowMe_EN_9x16_FX-test_ZT- study_RS-P3X1R1C3_fj,20260410_GrowMe_EN_9x16_FX-test_ZT-study_RS-P3X1R1C3_fj,2026-04-10,GrowMe,EN,9x16,test,study,,P3X1R1C3,P3,X1,R1,C3,,fj,,,complete,WW,account_all_WW.csv,0.0,11.1,5585.0,1.7,0.0,False
20260410_GrowMe_TR_9x16_FX-test_ZT- yourself_RS-P3X1R1C3_fj,20260410_GrowMe_TR_9x16_FX-test_ZT-yourself_RS-P3X1R1C3_fj,2026-04-10,GrowMe,TR,9x16,test,yourself,,P3X1R1C3,P3,X1,R1,C3,,fj,,,complete,WW,account_all_WW.csv,1.0,87.05,41159.0,0.49,0.1,True
20260410_growme_EN_9x16_FX-test_ZT-challenge_RS-P1X1R3C1_gy,20260410_growme_EN_9x16_FX-test_ZT-challenge_RS-P1X1R3C1_gy,2026-04-10,growme,EN,9x16,test,challenge,,P1X1R3C1,P1,X1,R3,C1,,gy,,,complete,WW,account_all_WW.csv,0.0,7.9,7206.0,1.28,0.0,False
20260410_growme_EN_9x16_FX-test_ZT-read_RS-P1X1R3C1_gy,20260410_growme_EN_9x16_FX-test_ZT-read_RS-P1X1R3C1_gy,2026-04-10,growme,EN,9x16,test,read,,P1X1R3C1,P1,X1,R3,C1,,gy,,,complete,WW,account_all_WW.csv,2.0,42.22,28828.0,1.61,3.15,True
20260410_growme_TH_9x16_FX-test_ZT-challenge_RS-P1X1R3C1_gy,20260410_growme_TH_9x16_FX-test_ZT-challenge_RS-P1X1R3C1_gy,2026-04-10,growme,TH,9x16,test,challenge,,P1X1R3C1,P1,X1,R3,C1,,gy,,,complete,WW,account_all_WW.csv,2.0,57.18,26883.0,1.13,1.16,True
20260410_growme_TR_9x16_FX-test_ZT-challenge_RS-P1X1R3C1_gy,20260410_growme_TR_9x16_FX-test_ZT-challenge_RS-P1X1R3C1_gy,2026-04-10,growme,TR,9x16,test,challenge,,P1X1R3C1,P1,X1,R3,C1,,gy,,,complete,WW,account_all_WW.csv,0.0,51.04,20781.0,1.18,0.0,False
20260410_growme_VI_9x16_FX-test_ZT-challenge_RS-P1X1R3C1_gy,20260410_growme_VI_9x16_FX-test_ZT-challenge_RS-P1X1R3C1_gy,2026-04-10,growme,VI,9x16,test,challenge,,P1X1R3C1,P1,X1,R3,C1,,gy,,,complete,WW,account_all_WW.csv,6.0,293.67999999999995,127487.0,1.79,0.91,True
20260413_GrowMe_TR_9x16_FX-test_ZT- travel_RS-P3X1R1C3_fj,20260413_GrowMe_TR_9x16_FX-test_ZT-travel_RS-P3X1R1C3_fj,2026-04-13,GrowMe,TR,9x16,test,travel,,P3X1R1C3,P3,X1,R1,C3,,fj,,,complete,WW,account_all_WW.csv,7.0,363.89,182424.0,2.19,0.27,True
20260413_GrowMe_VI_9x16_FX-test_ZT- travel_RS-P3X1R1C3_fj,20260413_GrowMe_VI_9x16_FX-test_ZT-travel_RS-P3X1R1C3_fj,2026-04-13,GrowMe,VI,9x16,test,travel,,P3X1R1C3,P3,X1,R1,C3,,fj,,,complete,WW,account_all_WW.csv,0.0,30.16,13886.0,1.93,0.0,False
20260413_growme_EN_9x16_FX-test_ZT-jingpin_RS-P1X1R3C3_wxx,20260413_growme_EN_9x16_FX-test_ZT-jingpin_RS-P1X1R3C3_wxx,2026-04-13,growme,EN,9x16,test,jingpin,,P1X1R3C3,P1,X1,R3,C3,,wxx,,,complete,WW,account_all_WW.csv,0.0,15.17,11765.0,2.25,0.0,False
20260413_growme_EN_9x16_FX-test_ZT-reading_RS-P1X1R3C3_wxx,20260413_growme_EN_9x16_FX-test_ZT-reading_RS-P1X1R3C3_wxx,2026-04-13,growme,EN,9x16,test,reading,,P1X1R3C3,P1,X1,R3,C3,,wxx,,,complete,WW,account_all_WW.csv,0.0,2.35,1509.0,1.52,0.0,False
20260413_growme_EN_9x16_FX-test_ZT-write_RS-P1X1R3C1_gy,20260413_growme_EN_9x16_FX-test_ZT-write_RS-P1X1R3C1_gy,2026-04-13,growme,EN,9x16,test,write,,P1X1R3C1,P1,X1,R3,C1,,gy,,,complete,WW,account_all_WW.csv,2.0,73.73,49590.0,1.83,0.72,True
20260414_GrowMe_EN_9x16_FX-test_ZT- listening_RS-P3X1R1C3_fj,20260414_GrowMe_EN_9x16_FX-test_ZT-listening_RS-P3X1R1C3_fj,2026-04-14,GrowMe,EN,9x16,test,listening,,P3X1R1C3,P3,X1,R1,C3,,fj,,,complete,WW,account_all_WW.csv,0.0,0.48,287.0,1.05,0.0,False
20260414_GrowMe_TH_9x16_FX-test_ZT- listening_RS-P3X1R1C3_fj,20260414_GrowMe_TH_9x16_FX-test_ZT-listening_RS-P3X1R1C3_fj,2026-04-14,GrowMe,TH,9x16,test,listening,,P3X1R1C3,P3,X1,R1,C3,,fj,,,complete,WW,account_all_WW.csv,0.0,32.07,18160.0,0.93,0.0,False
20260414_GrowMe_TR_9x16_FX-test_ZT- listening_RS-P3X1R1C3_fj,20260414_GrowMe_TR_9x16_FX-test_ZT-listening_RS-P3X1R1C3_fj,2026-04-14,GrowMe,TR,9x16,test,listening,,P3X1R1C3,P3,X1,R1,C3,,fj,,,complete,WW,account_all_WW.csv,4.0,200.07,84923.0,1.43,0.59,True
20260414_GrowMe_VI_9x16_FX-test_ZT- listening_RS-P3X1R1C3_fj,20260414_GrowMe_VI_9x16_FX-test_ZT-listening_RS-P3X1R1C3_fj,2026-04-14,GrowMe,VI,9x16,test,listening,,P3X1R1C3,P3,X1,R1,C3,,fj,,,complete,WW,account_all_WW.csv,0.0,10.58,6507.0,1.32,0.0,False
20260414_growme_EN_9x16_FX-test_ZT-jingpin_RS-P1X1R3C3_wxx,20260414_growme_EN_9x16_FX-test_ZT-jingpin_RS-P1X1R3C3_wxx,2026-04-14,growme,EN,9x16,test,jingpin,,P1X1R3C3,P1,X1,R3,C3,,wxx,,,complete,WW,account_all_WW.csv,0.0,177.8,127623.0,1.4,0.0,False
20260414_growme_EN_9x16_FX-test_ZT-read_RS-P1X1R3C1_gy,20260414_growme_EN_9x16_FX-test_ZT-read_RS-P1X1R3C1_gy,2026-04-14,growme,EN,9x16,test,read,,P1X1R3C1,P1,X1,R3,C1,,gy,,,complete,WW,account_all_WW.csv,4.0,42.46,27447.0,1.74,1.32,True
20260414_growme_TH_9x16_FX-test_ZT-read_RS-P1X1R3C1_gy,20260414_growme_TH_9x16_FX-test_ZT-read_RS-P1X1R3C1_gy,2026-04-14,growme,TH,9x16,test,read,,P1X1R3C1,P1,X1,R3,C1,,gy,,,complete,WW,account_all_WW.csv,0.0,35.1,19661.0,1.27,0.0,False
20260414_growme_TH_9x16_FX-test_ZT-red_RS-P1X1R3C3_wxx,20260414_growme_TH_9x16_FX-test_ZT-red_RS-P1X1R3C3_wxx,2026-04-14,growme,TH,9x16,test,red,,P1X1R3C3,P1,X1,R3,C3,,wxx,,,complete,WW,account_all_WW.csv,0.0,4.78,2483.0,0.77,0.0,False
20260414_growme_TH_9x16_FX-test_ZT-slowenglish_RS-P1X1R3C3_wxx,20260414_growme_TH_9x16_FX-test_ZT-slowenglish_RS-P1X1R3C3_wxx,2026-04-14,growme,TH,9x16,test,slowenglish,,P1X1R3C3,P1,X1,R3,C3,,wxx,,,complete,WW,account_all_WW.csv,0.0,2.84,1471.0,0.54,0.0,False
20260414_growme_TR_9x16_FX-test_ZT-read_RS-P1X1R3C1_gy,20260414_growme_TR_9x16_FX-test_ZT-read_RS-P1X1R3C1_gy,2026-04-14,growme,TR,9x16,test,read,,P1X1R3C1,P1,X1,R3,C1,,gy,,,complete,WW,account_all_WW.csv,5.0,344.76,229374.0,1.59,0.35,True
20260414_growme_TR_9x16_FX-test_ZT-red_RS-P1X1R3C3_wxx,20260414_growme_TR_9x16_FX-test_ZT-red_RS-P1X1R3C3_wxx,2026-04-14,growme,TR,9x16,test,red,,P1X1R3C3,P1,X1,R3,C3,,wxx,,,complete,WW,account_all_WW.csv,0.0,48.57,19426.0,1.29,0.0,False
20260414_growme_TR_9x16_FX-test_ZT-slowenglish_RS-P1X1R3C3_wxx,20260414_growme_TR_9x16_FX-test_ZT-slowenglish_RS-P1X1R3C3_wxx,2026-04-14,growme,TR,9x16,test,slowenglish,,P1X1R3C3,P1,X1,R3,C3,,wxx,,,complete,WW,account_all_WW.csv,38.0,1464.51,667429.0,1.27,0.3,True
20260414_growme_VI_9x16_FX-study-1_ZT-study_RS-P1X1R3C1_ST_RMG-3075,20260414_growme_VI_9x16_FX-study-1_ZT-study_RS-P1X1R3C1_ST,2026-04-14,growme,VI,9x16,study-1,study,,P1X1R3C1,P1,X1,R3,C1,,其他,,RMG-3075,complete,WW,account_all_WW.csv,0.0,1.51,719.0,0.97,0.0,False
20260414_growme_VI_9x16_FX-study_ZT-study_RS-P1X1R3C1_ST_RMG-3075,20260414_growme_VI_9x16_FX-study_ZT-study_RS-P1X1R3C1_ST,2026-04-14,growme,VI,9x16,study,study,,P1X1R3C1,P1,X1,R3,C1,,其他,,RMG-3075,complete,WW,account_all_WW.csv,0.0,6.63,2876.0,1.04,0.0,False
20260414_growme_VI_9x16_FX-test_ZT-read_RS-P1X1R3C1_gy,20260414_growme_VI_9x16_FX-test_ZT-read_RS-P1X1R3C1_gy,2026-04-14,growme,VI,9x16,test,read,,P1X1R3C1,P1,X1,R3,C1,,gy,,,complete,WW,account_all_WW.csv,0.0,100.55,44334.0,1.77,0.0,False
20260414_growme_VI_9x16_FX-test_ZT-red_RS-P1X1R3C3_wxx,20260414_growme_VI_9x16_FX-test_ZT-red_RS-P1X1R3C3_wxx,2026-04-14,growme,VI,9x16,test,red,,P1X1R3C3,P1,X1,R3,C3,,wxx,,,complete,WW,account_all_WW.csv,0.0,4.28,1540.0,1.36,0.0,False
20260414_growme_VI_9x16_FX-test_ZT-slowenglish_RS-P1X1R3C3_wxx,20260414_growme_VI_9x16_FX-test_ZT-slowenglish_RS-P1X1R3C3_wxx,2026-04-14,growme,VI,9x16,test,slowenglish,,P1X1R3C3,P1,X1,R3,C3,,wxx,,,complete,WW,account_all_WW.csv,0.0,0.97,533.0,1.69,0.0,False
20260415_GrowMe_EN_9x16_FX-test_ZT- jiangzuo_RS-P3X1R1C3_fj,20260415_GrowMe_EN_9x16_FX-test_ZT-jiangzuo_RS-P3X1R1C3_fj,2026-04-15,GrowMe,EN,9x16,test,jiangzuo,,P3X1R1C3,P3,X1,R1,C3,,fj,,,complete,WW,account_all_WW.csv,0.0,0.94,577.0,1.73,0.0,False
20260415_GrowMe_VI_9x16_FX-test_ZT- d1_RS-P3X1R1C3_fj,20260415_GrowMe_VI_9x16_FX-test_ZT-d1_RS-P3X1R1C3_fj,2026-04-15,GrowMe,VI,9x16,test,d1,,P3X1R1C3,P3,X1,R1,C3,,fj,,,complete,WW,account_all_WW.csv,85.0,3062.67,2119007.0,1.47,0.48,True
20260415_growme_EN_9x16_FX-test_ZT-learn_RS-P1X1R3C1_gy,20260415_growme_EN_9x16_FX-test_ZT-learn_RS-P1X1R3C1_gy,2026-04-15,growme,EN,9x16,test,learn,,P1X1R3C1,P1,X1,R3,C1,,gy,,,complete,WW,account_all_WW.csv,0.0,0.9,568.0,1.23,0.0,False
20260415_growme_EN_9x16_FX-test_ZT-passage_RS-P1X1R3C3_wxx,20260415_growme_EN_9x16_FX-test_ZT-passage_RS-P1X1R3C3_wxx,2026-04-15,growme,EN,9x16,test,passage,,P1X1R3C3,P1,X1,R3,C3,,wxx,,,complete,WW,account_all_WW.csv,0.0,0.66,479.0,1.25,0.0,False
20260415_growme_EN_9x16_FX-test_ZT-qoute_RS-P1X1R3C1_gy,20260415_growme_EN_9x16_FX-test_ZT-qoute_RS-P1X1R3C1_gy,2026-04-15,growme,EN,9x16,test,qoute,,P1X1R3C1,P1,X1,R3,C1,,gy,,,complete,WW,account_all_WW.csv,0.0,120.42,128421.0,2.41,0.0,False
20260415_growme_TH_9x16_FX-study_ZT-study_RS-P1X1R3C1_ST_RMG-3075,20260415_growme_TH_9x16_FX-study_ZT-study_RS-P1X1R3C1_ST,2026-04-15,growme,TH,9x16,study,study,,P1X1R3C1,P1,X1,R3,C1,,其他,,RMG-3075,complete,WW,account_all_WW.csv,0.0,3.63,1933.0,0.93,0.0,False
20260415_growme_TH_9x16_FX-test_ZT-passage_RS-P1X1R3C3_wxx,20260415_growme_TH_9x16_FX-test_ZT-passage_RS-P1X1R3C3_wxx,2026-04-15,growme,TH,9x16,test,passage,,P1X1R3C3,P1,X1,R3,C3,,wxx,,,complete,WW,account_all_WW.csv,0.0,5.74,1702.0,1.06,0.0,False
20260415_growme_TR_9x16_FX-test_ZT-learn_RS-P1X1R3C1_gy,20260415_growme_TR_9x16_FX-test_ZT-learn_RS-P1X1R3C1_gy,2026-04-15,growme,TR,9x16,test,learn,,P1X1R3C1,P1,X1,R3,C1,,gy,,,complete,WW,account_all_WW.csv,0.0,41.28,24632.0,0.91,0.0,False
20260415_growme_TR_9x16_FX-test_ZT-passage_RS-P1X1R3C3_wxx,20260415_growme_TR_9x16_FX-test_ZT-passage_RS-P1X1R3C3_wxx,2026-04-15,growme,TR,9x16,test,passage,,P1X1R3C3,P1,X1,R3,C3,,wxx,,,complete,WW,account_all_WW.csv,0.0,0.29,176.0,1.7,0.0,False
20260415_growme_VI_9x16_FX-study-2_ZT-study_RS-P1X1R3C1_ST_RMG-3075,20260415_growme_VI_9x16_FX-study-2_ZT-study_RS-P1X1R3C1_ST,2026-04-15,growme,VI,9x16,study-2,study,,P1X1R3C1,P1,X1,R3,C1,,其他,,RMG-3075,complete,WW,account_all_WW.csv,0.0,11.3,4946.0,2.85,0.0,False
20260415_growme_VI_9x16_FX-study-3_ZT-study_RS-P1X1R3C1_ST_RMG-3075,20260415_growme_VI_9x16_FX-study-3_ZT-study_RS-P1X1R3C1_ST,2026-04-15,growme,VI,9x16,study-3,study,,P1X1R3C1,P1,X1,R3,C1,,其他,,RMG-3075,complete,WW,account_all_WW.csv,0.0,2.17,1058.0,1.23,0.0,False
20260415_growme_VI_9x16_FX-study-4_ZT-study_RS-P1X1R3C1_ST_RMG-3075,20260415_growme_VI_9x16_FX-study-4_ZT-study_RS-P1X1R3C1_ST,2026-04-15,growme,VI,9x16,study-4,study,,P1X1R3C1,P1,X1,R3,C1,,其他,,RMG-3075,complete,WW,account_all_WW.csv,0.0,3.76,1497.0,1.8,0.0,False
20260415_growme_VI_9x16_FX-test_ZT-learn_RS-P1X1R3C1_gy,20260415_growme_VI_9x16_FX-test_ZT-learn_RS-P1X1R3C1_gy,2026-04-15,growme,VI,9x16,test,learn,,P1X1R3C1,P1,X1,R3,C1,,gy,,,complete,WW,account_all_WW.csv,15.0,541.9899999999999,278644.0,1.34,0.54,True
20260415_growme_VI_9x16_FX-test_ZT-passage_RS-P1X1R3C3_wxx,20260415_growme_VI_9x16_FX-test_ZT-passage_RS-P1X1R3C3_wxx,2026-04-15,growme,VI,9x16,test,passage,,P1X1R3C3,P1,X1,R3,C3,,wxx,,,complete,WW,account_all_WW.csv,6.0,81.02,38623.0,1.78,1.55,True
20260416_growme_EN_9x16_FX-test_ZT-qoute_RS-P1X1R3C1_gy,20260416_growme_EN_9x16_FX-test_ZT-qoute_RS-P1X1R3C1_gy,2026-04-16,growme,EN,9x16,test,qoute,,P1X1R3C1,P1,X1,R3,C1,,gy,,,complete,WW,account_all_WW.csv,0.0,20.07,22673.0,2.3,0.0,False
20260416_growme_EN_9x16_FX-test_ZT-reading_RS-P1X1R3C3_wxx,20260416_growme_EN_9x16_FX-test_ZT-reading_RS-P1X1R3C3_wxx,2026-04-16,growme,EN,9x16,test,reading,,P1X1R3C3,P1,X1,R3,C3,,wxx,,,complete,WW,account_all_WW.csv,0.0,19.85,13407.0,1.63,0.0,False
20260416_growme_TH_9x16_FX-test_ZT-jingpin_RS-P1X1R3C3_wxx,20260416_growme_TH_9x16_FX-test_ZT-jingpin_RS-P1X1R3C3_wxx,2026-04-16,growme,TH,9x16,test,jingpin,,P1X1R3C3,P1,X1,R3,C3,,wxx,,,complete,WW,account_all_WW.csv,0.0,38.11,17536.0,1.24,0.0,False
20260416_growme_TH_9x16_FX-test_ZT-jitang_RS-P1X1R3C3_wxx,20260416_growme_TH_9x16_FX-test_ZT-jitang_RS-P1X1R3C3_wxx,2026-04-16,growme,TH,9x16,test,jitang,,P1X1R3C3,P1,X1,R3,C3,,wxx,,,complete,WW,account_all_WW.csv,0.0,5.69,2728.0,0.62,0.0,False
20260416_growme_TH_9x16_FX-test_ZT-read_RS-P1X1R3C1_gy,20260416_growme_TH_9x16_FX-test_ZT-read_RS-P1X1R3C1_gy,2026-04-16,growme,TH,9x16,test,read,,P1X1R3C1,P1,X1,R3,C1,,gy,,,complete,WW,account_all_WW.csv,0.0,0.53,225.0,0.44,0.0,False
20260416_growme_TR_9x16_FX-test_ZT-jingpin_RS-P1X1R3C3_wxx,20260416_growme_TR_9x16_FX-test_ZT-jingpin_RS-P1X1R3C3_wxx,2026-04-16,growme,TR,9x16,test,jingpin,,P1X1R3C3,P1,X1,R3,C3,,wxx,,,complete,WW,account_all_WW.csv,0.0,16.48,8344.0,1.34,0.0,False
20260416_growme_TR_9x16_FX-test_ZT-jitang_RS-P1X1R3C3_wxx,20260416_growme_TR_9x16_FX-test_ZT-jitang_RS-P1X1R3C3_wxx,2026-04-16,growme,TR,9x16,test,jitang,,P1X1R3C3,P1,X1,R3,C3,,wxx,,,complete,WW,account_all_WW.csv,2.0,10.73,7400.0,0.41,3.31,True
20260416_growme_TR_9x16_FX-test_ZT-read_RS-P1X1R3C1_gy,20260416_growme_TR_9x16_FX-test_ZT-read_RS-P1X1R3C1_gy,2026-04-16,growme,TR,9x16,test,read,,P1X1R3C1,P1,X1,R3,C1,,gy,,,complete,WW,account_all_WW.csv,0.0,0.33,209.0,0.48,0.0,False
20260416_growme_VI_9x16_FX-test_ZT-jingpin_RS-P1X1R3C3_wxx,20260416_growme_VI_9x16_FX-test_ZT-jingpin_RS-P1X1R3C3_wxx,2026-04-16,growme,VI,9x16,test,jingpin,,P1X1R3C3,P1,X1,R3,C3,,wxx,,,complete,WW,account_all_WW.csv,7.0,503.26,294233.0,1.64,0.52,True
20260416_growme_VI_9x16_FX-test_ZT-jitang_RS-P1X1R3C3_wxx,20260416_growme_VI_9x16_FX-test_ZT-jitang_RS-P1X1R3C3_wxx,2026-04-16,growme,VI,9x16,test,jitang,,P1X1R3C3,P1,X1,R3,C3,,wxx,,,complete,WW,account_all_WW.csv,0.0,42.78,19767.0,1.13,0.0,False
20260416_growme_VI_9x16_FX-test_ZT-read_RS-P1X1R3C1_gy,20260416_growme_VI_9x16_FX-test_ZT-read_RS-P1X1R3C1_gy,2026-04-16,growme,VI,9x16,test,read,,P1X1R3C1,P1,X1,R3,C1,,gy,,,complete,WW,account_all_WW.csv,0.0,13.739999999999998,6851.0,0.71,0.0,False
20260417_growme_EN_9x16_FX-test_ZT-book_RS-P1X1R3C1_gy,20260417_growme_EN_9x16_FX-test_ZT-book_RS-P1X1R3C1_gy,2026-04-17,growme,EN,9x16,test,book,,P1X1R3C1,P1,X1,R3,C1,,gy,,,complete,WW,account_all_WW.csv,0.0,0.95,573.0,2.44,0.0,False
20260417_growme_EN_9x16_FX-test_ZT-read1_RS-P1X1R3C1_gy,20260417_growme_EN_9x16_FX-test_ZT-read1_RS-P1X1R3C1_gy,2026-04-17,growme,EN,9x16,test,read1,,P1X1R3C1,P1,X1,R3,C1,,gy,,,complete,WW,account_all_WW.csv,0.0,0.09,103.0,1.94,0.0,False
20260417_growme_EN_9x16_FX-test_ZT-slowenglish_RS-P1X1R3C3_wxx,20260417_growme_EN_9x16_FX-test_ZT-slowenglish_RS-P1X1R3C3_wxx,2026-04-17,growme,EN,9x16,test,slowenglish,,P1X1R3C3,P1,X1,R3,C3,,wxx,,,complete,WW,account_all_WW.csv,2.0,121.44,42661.0,1.66,0.96,True
20260417_growme_TH_9x16_FX-study-2_ZT-study_RS-P1X1R3C1_ST_RMG-3075,20260417_growme_TH_9x16_FX-study-2_ZT-study_RS-P1X1R3C1_ST,2026-04-17,growme,TH,9x16,study-2,study,,P1X1R3C1,P1,X1,R3,C1,,其他,,RMG-3075,complete,WW,account_all_WW.csv,1.0,66.5,16114.0,1.17,0.29,True
20260417_growme_TH_9x16_FX-test_ZT-read_RS-P1X1R3C1_gy,20260417_growme_TH_9x16_FX-test_ZT-read_RS-P1X1R3C1_gy,2026-04-17,growme,TH,9x16,test,read,,P1X1R3C1,P1,X1,R3,C1,,gy,,,complete,WW,account_all_WW.csv,0.0,17.63,8350.0,1.2,0.0,False
20260417_growme_TR_9x16_FX-study_ZT-study-1_RS-P1X1R3C1_ST_RMG-3075,20260417_growme_TR_9x16_FX-study_ZT-study-1_RS-P1X1R3C1_ST,2026-04-17,growme,TR,9x16,study,study-1,,P1X1R3C1,P1,X1,R3,C1,,其他,,RMG-3075,complete,WW,account_all_WW.csv,0.0,2.47,1141.0,0.96,0.0,False
20260417_growme_TR_9x16_FX-study_ZT-study_RS-P1X1R3C1_ST_RMG-3075,20260417_growme_TR_9x16_FX-study_ZT-study_RS-P1X1R3C1_ST,2026-04-17,growme,TR,9x16,study,study,,P1X1R3C1,P1,X1,R3,C1,,其他,,RMG-3075,complete,WW,account_all_WW.csv,0.0,15.35,8981.0,0.78,0.0,False
20260417_growme_TR_9x16_FX-test_ZT-read_RS-P1X1R3C1_gy,20260417_growme_TR_9x16_FX-test_ZT-read_RS-P1X1R3C1_gy,2026-04-17,growme,TR,9x16,test,read,,P1X1R3C1,P1,X1,R3,C1,,gy,,,complete,WW,account_all_WW.csv,2.0,132.25,66511.0,0.98,0.29,True
20260417_growme_VI_9x16_FX-study-3_ZT-study_RS-P1X1R3C1_ST_RMG-3075,20260417_growme_VI_9x16_FX-study-3_ZT-study_RS-P1X1R3C1_ST,2026-04-17,growme,VI,9x16,study-3,study,,P1X1R3C1,P1,X1,R3,C1,,其他,,RMG-3075,complete,WW,account_all_WW.csv,6.0,403.77,186144.0,1.07,1.3,True
20260417_growme_VI_9x16_FX-test_ZT-read1_RS-P1X1R3C1_gy,20260417_growme_VI_9x16_FX-test_ZT-read1_RS-P1X1R3C1_gy,2026-04-17,growme,VI,9x16,test,read1,,P1X1R3C1,P1,X1,R3,C1,,gy,,,complete,WW,account_all_WW.csv,17.0,588.93,260521.0,1.8,1.02,True
20260420_GrowMe_EN_9x16_FX-test_ZT-book_RS-P3X1R1C3_fj,20260420_GrowMe_EN_9x16_FX-test_ZT-book_RS-P3X1R1C3_fj,2026-04-20,GrowMe,EN,9x16,test,book,,P3X1R1C3,P3,X1,R1,C3,,fj,,,complete,WW,account_all_WW.csv,0.0,1.49,745.0,1.45,0.0,False
20260420_growme_EN_9x16_FX-test_ZT-book2_RS-P1X1R3C1_gy,20260420_growme_EN_9x16_FX-test_ZT-book2_RS-P1X1R3C1_gy,2026-04-20,growme,EN,9x16,test,book2,,P1X1R3C1,P1,X1,R3,C1,,gy,,,complete,WW,account_all_WW.csv,0.0,0.67,410.0,0.73,0.0,False
20260420_growme_EN_9x16_FX-test_ZT-slow-english_RS-P1X1R3C3_wxx,20260420_growme_EN_9x16_FX-test_ZT-slow-english_RS-P1X1R3C3_wxx,2026-04-20,growme,EN,9x16,test,slow-english,,P1X1R3C3,P1,X1,R3,C3,,wxx,,,complete,WW,account_all_WW.csv,25.0,777.71,234825.0,2.09,0.81,True
20260420_growme_EN_9x16_FX-test_ZT-slow_RS-P1X1R3C3_wxx,20260420_growme_EN_9x16_FX-test_ZT-slow_RS-P1X1R3C3_wxx,2026-04-20,growme,EN,9x16,test,slow,,P1X1R3C3,P1,X1,R3,C3,,wxx,,,complete,WW,account_all_WW.csv,27.0,847.72,301360.0,1.56,0.72,True
20260420_growme_EN_9x16_FX-test_ZT-slowenglish_RS-P1X1R3C3_wxx,20260420_growme_EN_9x16_FX-test_ZT-slowenglish_RS-P1X1R3C3_wxx,2026-04-20,growme,EN,9x16,test,slowenglish,,P1X1R3C3,P1,X1,R3,C3,,wxx,,,complete,WW,account_all_WW.csv,4.0,78.0,40152.0,1.59,1.67,True
20260420_growme_FIL_9x16_FX-test_ZT-slowenglish_RS-P1X1R3C3_wxx,20260420_growme_FIL_9x16_FX-test_ZT-slowenglish_RS-P1X1R3C3_wxx,2026-04-20,growme,FIL,9x16,test,slowenglish,,P1X1R3C3,P1,X1,R3,C3,,wxx,,,complete,WW,account_all_WW.csv,0.0,68.33,123763.0,0.76,0.0,False
20260420_growme_TR_9x16_FX-test_ZT-slowenglish_RS-P1X1R3C3_wxx,20260420_growme_TR_9x16_FX-test_ZT-slowenglish_RS-P1X1R3C3_wxx,2026-04-20,growme,TR,9x16,test,slowenglish,,P1X1R3C3,P1,X1,R3,C3,,wxx,,,complete,WW,account_all_WW.csv,0.0,31.04,34900.0,1.85,0.0,False
20260420_growme_VI_9x16_FX-test_ZT-slowenglish_RS-P1X1R3C3_wxx,20260420_growme_VI_9x16_FX-test_ZT-slowenglish_RS-P1X1R3C3_wxx,2026-04-20,growme,VI,9x16,test,slowenglish,,P1X1R3C3,P1,X1,R3,C3,,wxx,,,complete,WW,account_all_WW.csv,9.0,988.89,1422143.0,2.34,0.29,True
20260421_growme_EN_9x16_FX-test_ZT- B1_RS-P1X1R3C3_wxx,20260421_growme_EN_9x16_FX-test_ZT-B1_RS-P1X1R3C3_wxx,2026-04-21,growme,EN,9x16,test,B1,,P1X1R3C3,P1,X1,R3,C3,,wxx,,,complete,WW,account_all_WW.csv,0.0,1.71,992.0,2.72,0.0,False
20260421_growme_FIL_9x16_FX-test_ZT-boke_RS-P1X1R3C3_wxx,20260421_growme_FIL_9x16_FX-test_ZT-boke_RS-P1X1R3C3_wxx,2026-04-21,growme,FIL,9x16,test,boke,,P1X1R3C3,P1,X1,R3,C3,,wxx,,,complete,WW,account_all_WW.csv,0.0,0.51,1077.0,0.61,0.0,False
20260421_growme_Fil_9x16_FX-test_ZT-book_RS-P1X1R3C1_gy,20260421_growme_FIL_9x16_FX-test_ZT-book_RS-P1X1R3C1_gy,2026-04-21,growme,FIL,9x16,test,book,,P1X1R3C1,P1,X1,R3,C1,,gy,,,complete,WW,account_all_WW.csv,0.0,2.55,4177.0,0.78,0.0,False
20260421_growme_MS_9x16_FX-test_ZT-create_RS-P1X1R3C3_wxx,20260421_growme_MS_9x16_FX-test_ZT-create_RS-P1X1R3C3_wxx,2026-04-21,growme,MS,9x16,test,create,,P1X1R3C3,P1,X1,R3,C3,,wxx,,,complete,WW,account_all_WW.csv,0.0,16.39,11891.0,1.9,0.0,False
20260421_growme_MS_9x16_FX-test_ZT-pencil_RS-P1X1R3C3_wxx,20260421_growme_MS_9x16_FX-test_ZT-pencil_RS-P1X1R3C3_wxx,2026-04-21,growme,MS,9x16,test,pencil,,P1X1R3C3,P1,X1,R3,C3,,wxx,,,complete,WW,account_all_WW.csv,0.0,2.5,1404.0,1.4,0.0,False
20260421_growme_MS_9x16_FX-test_ZT-read_RS-P1X1R3C1_gy,20260421_growme_MS_9x16_FX-test_ZT-read_RS-P1X1R3C1_gy,2026-04-21,growme,MS,9x16,test,read,,P1X1R3C1,P1,X1,R3,C1,,gy,,,complete,WW,account_all_WW.csv,0.0,87.24000000000001,77320.0,1.68,0.0,False
20260421_growme_MS_9x16_FX-test_ZT-slowenglish_RS-P1X1R3C3_wxx,20260421_growme_MS_9x16_FX-test_ZT-slowenglish_RS-P1X1R3C3_wxx,2026-04-21,growme,MS,9x16,test,slowenglish,,P1X1R3C3,P1,X1,R3,C3,,wxx,,,complete,WW,account_all_WW.csv,0.0,10.299999999999999,6867.0,2.09,0.0,False
20260421_growme_TR_9x16_FX-test_ZT-boke_RS-P1X1R3C3_wxx,20260421_growme_TR_9x16_FX-test_ZT-boke_RS-P1X1R3C3_wxx,2026-04-21,growme,TR,9x16,test,boke,,P1X1R3C3,P1,X1,R3,C3,,wxx,,,complete,WW,account_all_WW.csv,0.0,0.11,211.0,2.33,0.0,False
20260421_growme_TR_9x16_FX-test_ZT-book_RS-P1X1R3C1_gy,20260421_growme_TR_9x16_FX-test_ZT-book_RS-P1X1R3C1_gy,2026-04-21,growme,TR,9x16,test,book,,P1X1R3C1,P1,X1,R3,C1,,gy,,,complete,WW,account_all_WW.csv,0.0,0.04,95.0,0.0,0.0,False
20260421_growme_VI_9x16_FX-test_ZT-boke_RS-P1X1R3C3_wxx,20260421_growme_VI_9x16_FX-test_ZT-boke_RS-P1X1R3C3_wxx,2026-04-21,growme,VI,9x16,test,boke,,P1X1R3C3,P1,X1,R3,C3,,wxx,,,complete,WW,account_all_WW.csv,0.0,0.16,351.0,4.25,0.0,False
20260421_growme_VI_9x16_FX-test_ZT-book_RS-P1X1R3C1_gy,20260421_growme_VI_9x16_FX-test_ZT-book_RS-P1X1R3C1_gy,2026-04-21,growme,VI,9x16,test,book,,P1X1R3C1,P1,X1,R3,C1,,gy,,,complete,WW,account_all_WW.csv,0.0,1.17,1632.0,1.59,0.0,False
20260422_GrowMe_EN_9x16_FX-test_ZT- learn_RS-P3X1R1C3_fj,20260422_GrowMe_EN_9x16_FX-test_ZT-learn_RS-P3X1R1C3_fj,2026-04-22,GrowMe,EN,9x16,test,learn,,P3X1R1C3,P3,X1,R1,C3,,fj,,,complete,WW,account_all_WW.csv,0.0,0.87,290.0,1.03,0.0,False
20260422_growme_EN_9x16_FX-test_ZT- challenge_RS-P1X1R3C3_wxx,20260422_growme_EN_9x16_FX-test_ZT-challenge_RS-P1X1R3C3_wxx,2026-04-22,growme,EN,9x16,test,challenge,,P1X1R3C3,P1,X1,R3,C3,,wxx,,,complete,WW,account_all_WW.csv,0.0,13.89,7126.0,1.79,0.0,False
20260422_growme_EN_9x16_FX-test_ZT-B1_RS-P1X1R3C3_wxx,20260422_growme_EN_9x16_FX-test_ZT-B1_RS-P1X1R3C3_wxx,2026-04-22,growme,EN,9x16,test,B1,,P1X1R3C3,P1,X1,R3,C3,,wxx,,,complete,WW,account_all_WW.csv,0.0,0.47,275.0,1.15,0.0,False
20260422_growme_EN_9x16_FX-test_ZT-driving_RS-P1X1R3C3_wxx,20260422_growme_EN_9x16_FX-test_ZT-driving_RS-P1X1R3C3_wxx,2026-04-22,growme,EN,9x16,test,driving,,P1X1R3C3,P1,X1,R3,C3,,wxx,,,complete,WW,account_all_WW.csv,0.0,0.32,163.0,3.09,0.0,False
20260422_growme_EN_9x16_FX-test_ZT-house_RS-P1X1R3C1_gy,20260422_growme_EN_9x16_FX-test_ZT-house_RS-P1X1R3C1_gy,2026-04-22,growme,EN,9x16,test,house,,P1X1R3C1,P1,X1,R3,C1,,gy,,,complete,WW,account_all_WW.csv,8.0,254.87,152432.0,1.93,0.44,True
20260422_growme_EN_9x16_FX-test_ZT-read_RS-P1X1R3C1_gy,20260422_growme_EN_9x16_FX-test_ZT-read_RS-P1X1R3C1_gy,2026-04-22,growme,EN,9x16,test,read,,P1X1R3C1,P1,X1,R3,C1,,gy,,,complete,WW,account_all_WW.csv,0.0,20.96,14760.0,1.59,0.0,False
20260422_growme_FIL_9x16_FX-test_ZT-boke_RS-P1X1R3C3_wxx,20260422_growme_FIL_9x16_FX-test_ZT-boke_RS-P1X1R3C3_wxx,2026-04-22,growme,FIL,9x16,test,boke,,P1X1R3C3,P1,X1,R3,C3,,wxx,,,complete,WW,account_all_WW.csv,0.0,29.720000000000002,58765.0,1.05,0.0,False
20260422_growme_Fil_9x16_FX-test_ZT-read_RS-P1X1R3C1_gy,20260422_growme_FIL_9x16_FX-test_ZT-read_RS-P1X1R3C1_gy,2026-04-22,growme,FIL,9x16,test,read,,P1X1R3C1,P1,X1,R3,C1,,gy,,,complete,WW,account_all_WW.csv,0.0,92.82,197505.0,1.28,0.0,False
20260422_growme_TR_9x16_FX-study_ZT-study_RS-P1X1R3C1_ST_RMG-3075,20260422_growme_TR_9x16_FX-study_ZT-study_RS-P1X1R3C1_ST,2026-04-22,growme,TR,9x16,study,study,,P1X1R3C1,P1,X1,R3,C1,,其他,,RMG-3075,complete,WW,account_all_WW.csv,0.0,14.54,10884.0,1.12,0.0,False
20260422_growme_TR_9x16_FX-test_ZT-boke_RS-P1X1R3C3_wxx,20260422_growme_TR_9x16_FX-test_ZT-boke_RS-P1X1R3C3_wxx,2026-04-22,growme,TR,9x16,test,boke,,P1X1R3C3,P1,X1,R3,C3,,wxx,,,complete,WW,account_all_WW.csv,0.0,132.67000000000002,166364.0,1.83,0.0,False
20260422_growme_TR_9x16_FX-test_ZT-read_RS-P1X1R3C1_gy,20260422_growme_TR_9x16_FX-test_ZT-read_RS-P1X1R3C1_gy,2026-04-22,growme,TR,9x16,test,read,,P1X1R3C1,P1,X1,R3,C1,,gy,,,complete,WW,account_all_WW.csv,0.0,4.4,7275.0,2.14,0.0,False
20260422_growme_VI_9x16_FX-test_ZT-boke_RS-P1X1R3C3_wxx,20260422_growme_VI_9x16_FX-test_ZT-boke_RS-P1X1R3C3_wxx,2026-04-22,growme,VI,9x16,test,boke,,P1X1R3C3,P1,X1,R3,C3,,wxx,,,complete,WW,account_all_WW.csv,3.0,295.77,486773.0,1.2,0.27,True
20260422_growme_VI_9x16_FX-test_ZT-read_RS-P1X1R3C1_gy,20260422_growme_VI_9x16_FX-test_ZT-read_RS-P1X1R3C1_gy,2026-04-22,growme,VI,9x16,test,read,,P1X1R3C1,P1,X1,R3,C1,,gy,,,complete,WW,account_all_WW.csv,0.0,6.74,9746.0,1.92,0.0,False
20260423_GrowMe_EN_9x16_FX-test_ZT- relax_RS-P3X1R1C3_fj,20260423_GrowMe_EN_9x16_FX-test_ZT-relax_RS-P3X1R1C3_fj,2026-04-23,GrowMe,EN,9x16,test,relax,,P3X1R1C3,P3,X1,R1,C3,,fj,,,complete,WW,account_all_WW.csv,0.0,3.27,1244.0,1.37,0.0,False
20260423_GrowMe_EN_9x16_FX-test_ZT-great_RS-P3X1R1C3_fj,20260423_GrowMe_EN_9x16_FX-test_ZT-great_RS-P3X1R1C3_fj,2026-04-23,GrowMe,EN,9x16,test,great,,P3X1R1C3,P3,X1,R1,C3,,fj,,,complete,WW,account_all_WW.csv,0.0,7.81,3400.0,1.97,0.0,False
20260423_GrowMe_Fil_9x16_FX-test_ZT- relax_RS-P3X1R1C3_fj,20260423_GrowMe_FIL_9x16_FX-test_ZT-relax_RS-P3X1R1C3_fj,2026-04-23,GrowMe,FIL,9x16,test,relax,,P3X1R1C3,P3,X1,R1,C3,,fj,,,complete,WW,account_all_WW.csv,0.0,0.68,858.0,1.3,0.0,False
20260423_GrowMe_Fil_9x16_FX-test_ZT-great_RS-P3X1R1C3_fj,20260423_GrowMe_FIL_9x16_FX-test_ZT-great_RS-P3X1R1C3_fj,2026-04-23,GrowMe,FIL,9x16,test,great,,P3X1R1C3,P3,X1,R1,C3,,fj,,,complete,WW,account_all_WW.csv,0.0,2.64,4530.0,1.18,0.0,False
20260423_GrowMe_TR_9x16_FX-test_ZT- relax_RS-P3X1R1C3_fj,20260423_GrowMe_TR_9x16_FX-test_ZT-relax_RS-P3X1R1C3_fj,2026-04-23,GrowMe,TR,9x16,test,relax,,P3X1R1C3,P3,X1,R1,C3,,fj,,,complete,WW,account_all_WW.csv,0.0,0.0,21.0,11.67,0.0,False
20260423_GrowMe_TR_9x16_FX-test_ZT-great_RS-P3X1R1C3_fj,20260423_GrowMe_TR_9x16_FX-test_ZT-great_RS-P3X1R1C3_fj,2026-04-23,GrowMe,TR,9x16,test,great,,P3X1R1C3,P3,X1,R1,C3,,fj,,,complete,WW,account_all_WW.csv,0.0,21.61,18196.0,1.49,0.0,False
20260423_GrowMe_VI_9x16_FX-test_ZT- relax_RS-P3X1R1C3_fj,20260423_GrowMe_VI_9x16_FX-test_ZT-relax_RS-P3X1R1C3_fj,2026-04-23,GrowMe,VI,9x16,test,relax,,P3X1R1C3,P3,X1,R1,C3,,fj,,,complete,WW,account_all_WW.csv,0.0,1.83,2871.0,1.1,0.0,False
20260423_GrowMe_VI_9x16_FX-test_ZT-great_RS-P3X1R1C3_fj,20260423_GrowMe_VI_9x16_FX-test_ZT-great_RS-P3X1R1C3_fj,2026-04-23,GrowMe,VI,9x16,test,great,,P3X1R1C3,P3,X1,R1,C3,,fj,,,complete,WW,account_all_WW.csv,0.0,11.15,13470.0,1.49,0.0,False
20260423_growme_FIL_9x16_FX-test_ZT-fastest_RS-P1X1R3C3_wxx,20260423_growme_FIL_9x16_FX-test_ZT-fastest_RS-P1X1R3C3_wxx,2026-04-23,growme,FIL,9x16,test,fastest,,P1X1R3C3,P1,X1,R3,C3,,wxx,,,complete,WW,account_all_WW.csv,0.0,1.1600000000000001,2479.0,0.24,0.0,False
20260423_growme_Fil_9x16_FX-test_ZT-speak_RS-P1X1R3C1_gy,20260423_growme_FIL_9x16_FX-test_ZT-speak_RS-P1X1R3C1_gy,2026-04-23,growme,FIL,9x16,test,speak,,P1X1R3C1,P1,X1,R3,C1,,gy,,,complete,WW,account_all_WW.csv,0.0,0.04,220.0,4.26,0.0,False
20260423_growme_TR_9x16_FX-test_ZT-fastest_RS-P1X1R3C3_wxx,20260423_growme_TR_9x16_FX-test_ZT-fastest_RS-P1X1R3C3_wxx,2026-04-23,growme,TR,9x16,test,fastest,,P1X1R3C3,P1,X1,R3,C3,,wxx,,,complete,WW,account_all_WW.csv,0.0,0.84,1494.0,0.5,0.0,False
20260423_growme_TR_9x16_FX-test_ZT-speak_RS-P1X1R3C1_gy,20260423_growme_TR_9x16_FX-test_ZT-speak_RS-P1X1R3C1_gy,2026-04-23,growme,TR,9x16,test,speak,,P1X1R3C1,P1,X1,R3,C1,,gy,,,complete,WW,account_all_WW.csv,0.0,0.01,37.0,0.0,0.0,False
20260423_growme_VI_9x16_FX-test_ZT-fastest_RS-P1X1R3C3_wxx,20260423_growme_VI_9x16_FX-test_ZT-fastest_RS-P1X1R3C3_wxx,2026-04-23,growme,VI,9x16,test,fastest,,P1X1R3C3,P1,X1,R3,C3,,wxx,,,complete,WW,account_all_WW.csv,0.0,2.1,3550.0,0.73,0.0,False
20260423_growme_VI_9x16_FX-test_ZT-speak_RS-P1X1R3C1_gy,20260423_growme_VI_9x16_FX-test_ZT-speak_RS-P1X1R3C1_gy,2026-04-23,growme,VI,9x16,test,speak,,P1X1R3C1,P1,X1,R3,C1,,gy,,,complete,WW,account_all_WW.csv,0.0,0.0,6.0,0.0,0.0,False
20260424_growme_EN_9x16_FX-test_JB-010901_ZT-sing_RS-P2X1R1C1_095KB-HJ_RMG-3532A,20260424_growme_EN_9x16_FX-test_JB-010901_ZT-sing_RS-P2X1R1C1_095KB-HJ,2026-04-24,growme,EN,9x16,test_JB-010901,sing,,P2X1R1C1,P2,X1,R1,C1,,095KB,,RMG-3532A,complete,WW,account_all_WW.csv,0.0,0.32,202.0,0.5,0.0,False
20260424_growme_EN_9x16_FX-test_ZT- gouxue_RS-P1X1R3C3_wxx,20260424_growme_EN_9x16_FX-test_ZT-gouxue_RS-P1X1R3C3_wxx,2026-04-24,growme,EN,9x16,test,gouxue,,P1X1R3C3,P1,X1,R3,C3,,wxx,,,complete,WW,account_all_WW.csv,0.0,1.62,758.0,1.45,0.0,False
20260424_growme_EN_9x16_FX-test_ZT- jieya2_RS-P1X1R3C3_wxx,20260424_growme_EN_9x16_FX-test_ZT-jieya2_RS-P1X1R3C3_wxx,2026-04-24,growme,EN,9x16,test,jieya2,,P1X1R3C3,P1,X1,R3,C3,,wxx,,,complete,WW,account_all_WW.csv,0.0,21.0,10259.0,3.45,0.0,False
20260424_growme_EN_9x16_FX-test_ZT- jieya_RS-P1X1R3C3_wxx,20260424_growme_EN_9x16_FX-test_ZT-jieya_RS-P1X1R3C3_wxx,2026-04-24,growme,EN,9x16,test,jieya,,P1X1R3C3,P1,X1,R3,C3,,wxx,,,complete,WW,account_all_WW.csv,0.0,0.15,70.0,0.0,0.0,False
20260424_growme_EN_9x16_FX-test_ZT- pink_RS-P1X1R3C3_wxx,20260424_growme_EN_9x16_FX-test_ZT-pink_RS-P1X1R3C3_wxx,2026-04-24,growme,EN,9x16,test,pink,,P1X1R3C3,P1,X1,R3,C3,,wxx,,,complete,WW,account_all_WW.csv,0.0,0.08,44.0,2.27,0.0,False
20260424_growme_EN_9x16_FX-test_ZT-ZY_RS-P1X1R3C1_mia_JR_RMG-3527b,20260424_growme_EN_9x16_FX-test_ZT-ZY_RS-P1X1R3C1_mia,2026-04-24,growme,EN,9x16,test,ZY,,P1X1R3C1,P1,X1,R3,C1,,其他,,RMG-3527b,complete,WW,account_all_WW.csv,0.0,0.0,2.0,0.0,0.0,False
20260424_growme_EN_9x16_FX-test_ZT-powerful1_RS-P1X1R3C1_JR_RMG-3527c,20260424_growme_EN_9x16_FX-test_ZT-powerful1_RS-P1X1R3C1_JR,2026-04-24,growme,EN,9x16,test,powerful1,,P1X1R3C1,P1,X1,R3,C1,,其他,,RMG-3527c,complete,WW,account_all_WW.csv,0.0,2.61,1586.0,0.57,0.0,False
20260424_growme_EN_9x16_FX-test_ZT-powerful2_RS-P1X1R3C1_JR_RMG-3527d,20260424_growme_EN_9x16_FX-test_ZT-powerful2_RS-P1X1R3C1_JR,2026-04-24,growme,EN,9x16,test,powerful2,,P1X1R3C1,P1,X1,R3,C1,,其他,,RMG-3527d,complete,WW,account_all_WW.csv,0.0,0.08,66.0,0.0,0.0,False
20260424_growme_EN_9x16_FX-test_ZT-read_RS-P1X1R3C1_JR_RMG-3527a,20260424_growme_EN_9x16_FX-test_ZT-read_RS-P1X1R3C1_JR,2026-04-24,growme,EN,9x16,test,read,,P1X1R3C1,P1,X1,R3,C1,,其他,,RMG-3527a,complete,WW,account_all_WW.csv,0.0,0.47,264.0,0.76,0.0,False
20260424_growme_TR_9x16_FX-test_JB-010901_ZT-nice_RS-P2X1R1C3_095KB-HJ_RMG-3532C,20260424_growme_TR_9x16_FX-test_JB-010901_ZT-nice_RS-P2X1R1C3_095KB-HJ,2026-04-24,growme,TR,9x16,test_JB-010901,nice,,P2X1R1C3,P2,X1,R1,C3,,095KB,,RMG-3532C,complete,WW,account_all_WW.csv,1.0,11.14,11559.0,0.98,2.43,True
20260424_growme_TR_9x16_FX-test_ZT-hand_RS-P1X1R3C1_gy,20260424_growme_TR_9x16_FX-test_ZT-hand_RS-P1X1R3C1_gy,2026-04-24,growme,TR,9x16,test,hand,,P1X1R3C1,P1,X1,R3,C1,,gy,,,complete,WW,account_all_WW.csv,0.0,81.92,115653.0,1.32,0.0,False
20260424_growme_VI_9x16_FX-test_JB-010901_ZT-nice_RS-P2X1R1C3_095KB-HJ_RMG-3532B,20260424_growme_VI_9x16_FX-test_JB-010901_ZT-nice_RS-P2X1R1C3_095KB-HJ,2026-04-24,growme,VI,9x16,test_JB-010901,nice,,P2X1R1C3,P2,X1,R1,C3,,095KB,,RMG-3532B,complete,WW,account_all_WW.csv,0.0,65.66,107564.0,1.1,0.0,False
20260427_GrowMe_EN_9x16_FX-test_ZT-Novel-asmr_RS-P3X1R1C3_fj,20260427_GrowMe_EN_9x16_FX-test_ZT-Novel-asmr_RS-P3X1R1C3_fj,2026-04-27,GrowMe,EN,9x16,test,Novel-asmr,,P3X1R1C3,P3,X1,R1,C3,,fj,,,complete,WW,account_all_WW.csv,0.0,1.29,1024.0,1.28,0.0,False
20260427_GrowMe_EN_9x16_FX-test_ZT-easyenglish_RS-P3X1R1C3_fj,20260427_GrowMe_EN_9x16_FX-test_ZT-easyenglish_RS-P3X1R1C3_fj,2026-04-27,GrowMe,EN,9x16,test,easyenglish,,P3X1R1C3,P3,X1,R1,C3,,fj,,,complete,WW,account_all_WW.csv,6.0,342.26,205797.0,1.83,0.31,True
20260427_GrowMe_TR_9x16_FX-test_ZT-talk_RS-P3X1R1C3_fj,20260427_GrowMe_TR_9x16_FX-test_ZT-talk_RS-P3X1R1C3_fj,2026-04-27,GrowMe,TR,9x16,test,talk,,P3X1R1C3,P3,X1,R1,C3,,fj,,,complete,WW,account_all_WW.csv,0.0,2.48,1350.0,0.96,0.0,False
20260427_growme_EN_9x16_FX-test_ZT-listen_RS-P1X1R3C3_wxx,20260427_growme_EN_9x16_FX-test_ZT-listen_RS-P1X1R3C3_wxx,2026-04-27,growme,EN,9x16,test,listen,,P1X1R3C3,P1,X1,R3,C3,,wxx,,,complete,WW,account_all_WW.csv,0.0,17.59,6618.0,1.54,0.0,False
20260427_growme_EN_9x16_FX-test_ZT-read_RS-P1X1R3C1_gy,20260427_growme_EN_9x16_FX-test_ZT-read_RS-P1X1R3C1_gy,2026-04-27,growme,EN,9x16,test,read,,P1X1R3C1,P1,X1,R3,C1,,gy,,,complete,WW,account_all_WW.csv,0.0,16.96,10752.0,1.59,0.0,False
20260427_growme_FIL_9x16_FX-test_ZT-slow-english_RS-P1X1R3C3_wxx,20260427_growme_FIL_9x16_FX-test_ZT-slow-english_RS-P1X1R3C3_wxx,2026-04-27,growme,FIL,9x16,test,slow-english,,P1X1R3C3,P1,X1,R3,C3,,wxx,,,complete,WW,account_all_WW.csv,2.0,22.21,12476.0,0.75,1.95,True
20260427_growme_TR_9x16_FX-test_ZT-slow-english_RS-P1X1R3C3_wxx,20260427_growme_TR_9x16_FX-test_ZT-slow-english_RS-P1X1R3C3_wxx,2026-04-27,growme,TR,9x16,test,slow-english,,P1X1R3C3,P1,X1,R3,C3,,wxx,,,complete,WW,account_all_WW.csv,3.0,225.95,65631.0,2.0,0.19,True
20260427_growme_VI_9x16_FX-test_ZT-read_RS-P1X1R3C1_gy,20260427_growme_VI_9x16_FX-test_ZT-read_RS-P1X1R3C1_gy,2026-04-27,growme,VI,9x16,test,read,,P1X1R3C1,P1,X1,R3,C1,,gy,,,complete,WW,account_all_WW.csv,6.0,204.51999999999998,76229.0,1.48,2.63,True
20260427_growme_VI_9x16_FX-test_ZT-slow-english_RS-P1X1R3C3_wxx,20260427_growme_VI_9x16_FX-test_ZT-slow-english_RS-P1X1R3C3_wxx,2026-04-27,growme,VI,9x16,test,slow-english,,P1X1R3C3,P1,X1,R3,C3,,wxx,,,complete,WW,account_all_WW.csv,2.0,155.05,42726.0,1.86,3.42,True
20260428_growme_EN_9x16_FX-test_ZT-listen_RS-P1X1R3C3_wxx,20260428_growme_EN_9x16_FX-test_ZT-listen_RS-P1X1R3C3_wxx,2026-04-28,growme,EN,9x16,test,listen,,P1X1R3C3,P1,X1,R3,C3,,wxx,,,complete,WW,account_all_WW.csv,71.0,2049.0,758905.0,2.33,0.84,True
20260428_growme_EN_9x16_FX-test_ZT-okay_RS-P1X1R3C1_gy,20260428_growme_EN_9x16_FX-test_ZT-okay_RS-P1X1R3C1_gy,2026-04-28,growme,EN,9x16,test,okay,,P1X1R3C1,P1,X1,R3,C1,,gy,,,complete,WW,account_all_WW.csv,0.0,7.61,4630.0,1.54,0.0,False
20260428_growme_EN_9x16_FX-test_ZT-speak_RS-P1X1R3C1_gy,20260428_growme_EN_9x16_FX-test_ZT-speak_RS-P1X1R3C1_gy,2026-04-28,growme,EN,9x16,test,speak,,P1X1R3C1,P1,X1,R3,C1,,gy,,,complete,WW,account_all_WW.csv,0.0,0.21,149.0,4.05,0.0,False
20260429_GrowMe_EN_9x16_FX-test_ZT-fly_RS-P3X1R1C3_fj,20260429_GrowMe_EN_9x16_FX-test_ZT-fly_RS-P3X1R1C3_fj,2026-04-29,GrowMe,EN,9x16,test,fly,,P3X1R1C3,P3,X1,R1,C3,,fj,,,complete,WW,account_all_WW.csv,0.0,3.11,1858.0,1.8,0.0,False
20260429_GrowMe_EN_9x16_FX-test_ZT-freetime_RS-P3X1R1C3_fj,20260429_GrowMe_EN_9x16_FX-test_ZT-freetime_RS-P3X1R1C3_fj,2026-04-29,GrowMe,EN,9x16,test,freetime,,P3X1R1C3,P3,X1,R1,C3,,fj,,,complete,WW,account_all_WW.csv,0.0,3.8,1940.0,1.19,0.0,False
20260429_GrowMe_EN_9x16_FX-test_ZT-present_RS-P3X1R1C3_fj,20260429_GrowMe_EN_9x16_FX-test_ZT-present_RS-P3X1R1C3_fj,2026-04-29,GrowMe,EN,9x16,test,present,,P3X1R1C3,P3,X1,R1,C3,,fj,,,complete,WW,account_all_WW.csv,0.0,44.15,25648.0,1.07,0.0,False
20260429_GrowMe_FIL_9x16_FX-test_ZT-present_RS-P3X1R1C3_fj,20260429_GrowMe_FIL_9x16_FX-test_ZT-present_RS-P3X1R1C3_fj,2026-04-29,GrowMe,FIL,9x16,test,present,,P3X1R1C3,P3,X1,R1,C3,,fj,,,complete,WW,account_all_WW.csv,1.0,38.58,30884.0,1.01,0.87,True
20260429_GrowMe_Fil_9x16_FX-test_ZT-fly_RS-P3X1R1C3_fj,20260429_GrowMe_FIL_9x16_FX-test_ZT-fly_RS-P3X1R1C3_fj,2026-04-29,GrowMe,FIL,9x16,test,fly,,P3X1R1C3,P3,X1,R1,C3,,fj,,,complete,WW,account_all_WW.csv,0.0,115.67,96132.0,1.01,0.0,False
20260429_GrowMe_TR_9x16_FX-test_ZT-fly_RS-P3X1R1C3_fj,20260429_GrowMe_TR_9x16_FX-test_ZT-fly_RS-P3X1R1C3_fj,2026-04-29,GrowMe,TR,9x16,test,fly,,P3X1R1C3,P3,X1,R1,C3,,fj,,,complete,WW,account_all_WW.csv,0.0,0.1,63.0,0.0,0.0,False
20260429_GrowMe_TR_9x16_FX-test_ZT-present_RS-P3X1R1C3_fj,20260429_GrowMe_TR_9x16_FX-test_ZT-present_RS-P3X1R1C3_fj,2026-04-29,GrowMe,TR,9x16,test,present,,P3X1R1C3,P3,X1,R1,C3,,fj,,,complete,WW,account_all_WW.csv,0.0,6.1,3768.0,0.77,0.0,False
20260429_GrowMe_VI_9x16_FX-test_ZT-fly_RS-P3X1R1C3_fj,20260429_GrowMe_VI_9x16_FX-test_ZT-fly_RS-P3X1R1C3_fj,2026-04-29,GrowMe,VI,9x16,test,fly,,P3X1R1C3,P3,X1,R1,C3,,fj,,,complete,WW,account_all_WW.csv,4.0,270.08,127221.0,1.1,0.48,True
20260429_GrowMe_VI_9x16_FX-test_ZT-present_RS-P3X1R1C3_fj,20260429_GrowMe_VI_9x16_FX-test_ZT-present_RS-P3X1R1C3_fj,2026-04-29,GrowMe,VI,9x16,test,present,,P3X1R1C3,P3,X1,R1,C3,,fj,,,complete,WW,account_all_WW.csv,20.0,691.3699999999999,429161.0,1.28,0.75,True
20260429_growme_EN_9x16_01_FX-test_ZT-english_RS-P1X1R3C3_wxx,20260429_growme_EN_9x16_FX-test_ZT-english_RS-P1X1R3C3_wxx,2026-04-29,growme,EN,9x16,test,english,,P1X1R3C3,P1,X1,R3,C3,,wxx,,,complete,WW,account_all_WW.csv,1.0,199.95000000000002,125377.0,2.89,0.04,True
20260429_growme_EN_9x16_01_FX-test_ZT-slowenglish_RS-P1X1R3C3_wxx,20260429_growme_EN_9x16_FX-test_ZT-slowenglish_RS-P1X1R3C3_wxx,2026-04-29,growme,EN,9x16,test,slowenglish,,P1X1R3C3,P1,X1,R3,C3,,wxx,,,complete,WW,account_all_WW.csv,0.0,49.42,24826.0,1.31,0.0,False
20260429_growme_EN_9x16_FX-test_ZT-read_RS-P1X1R3C1_gy,20260429_growme_EN_9x16_FX-test_ZT-read_RS-P1X1R3C1_gy,2026-04-29,growme,EN,9x16,test,read,,P1X1R3C1,P1,X1,R3,C1,,gy,,,complete,WW,account_all_WW.csv,0.0,102.53,66602.0,1.12,0.0,False
20260429_growme_EN_9x16_FX-test_ZT-view_RS-P1X1R3C1_gy,20260429_growme_EN_9x16_FX-test_ZT-view_RS-P1X1R3C1_gy,2026-04-29,growme,EN,9x16,test,view,,P1X1R3C1,P1,X1,R3,C1,,gy,,,complete,WW,account_all_WW.csv,0.0,7.3,2776.0,1.37,0.0,False
20260429_growme_FIL_9x16_FX-test_ZT-slowenglish_RS-P1X1R3C3_wxx,20260429_growme_FIL_9x16_FX-test_ZT-slowenglish_RS-P1X1R3C3_wxx,2026-04-29,growme,FIL,9x16,test,slowenglish,,P1X1R3C3,P1,X1,R3,C3,,wxx,,,complete,WW,account_all_WW.csv,0.0,9.32,8765.0,0.5,0.0,False
20260429_growme_Fil_9x16_FX-test_ZT-book_RS-P1X1R3C1_gy,20260429_growme_FIL_9x16_FX-test_ZT-book_RS-P1X1R3C1_gy,2026-04-29,growme,FIL,9x16,test,book,,P1X1R3C1,P1,X1,R3,C1,,gy,,,complete,WW,account_all_WW.csv,0.0,3.38,3008.0,0.4,0.0,False
20260429_growme_Fil_9x16_FX-test_ZT-read_RS-P1X1R3C1_gy,20260429_growme_FIL_9x16_FX-test_ZT-read_RS-P1X1R3C1_gy,2026-04-29,growme,FIL,9x16,test,read,,P1X1R3C1,P1,X1,R3,C1,,gy,,,complete,WW,account_all_WW.csv,5.0,399.94,344411.0,0.81,0.19,True
20260429_growme_TR_9x16_FX-test_ZT-book_RS-P1X1R3C1_gy,20260429_growme_TR_9x16_FX-test_ZT-book_RS-P1X1R3C1_gy,2026-04-29,growme,TR,9x16,test,book,,P1X1R3C1,P1,X1,R3,C1,,gy,,,complete,WW,account_all_WW.csv,0.0,1.67,1134.0,0.35,0.0,False
20260429_growme_TR_9x16_FX-test_ZT-read_RS-P1X1R3C1_gy,20260429_growme_TR_9x16_FX-test_ZT-read_RS-P1X1R3C1_gy,2026-04-29,growme,TR,9x16,test,read,,P1X1R3C1,P1,X1,R3,C1,,gy,,,complete,WW,account_all_WW.csv,3.0,115.24,74150.0,0.75,0.37,True
20260429_growme_TR_9x16_FX-test_ZT-slowenglish_RS-P1X1R3C3_wxx,20260429_growme_TR_9x16_FX-test_ZT-slowenglish_RS-P1X1R3C3_wxx,2026-04-29,growme,TR,9x16,test,slowenglish,,P1X1R3C3,P1,X1,R3,C3,,wxx,,,complete,WW,account_all_WW.csv,0.0,33.1,18336.0,1.07,0.0,False
20260429_growme_TR_9x16_FX-test_ZT-view_RS-P1X1R3C1_gy,20260429_growme_TR_9x16_FX-test_ZT-view_RS-P1X1R3C1_gy,2026-04-29,growme,TR,9x16,test,view,,P1X1R3C1,P1,X1,R3,C1,,gy,,,complete,WW,account_all_WW.csv,0.0,6.58,3166.0,0.85,0.0,False
20260429_growme_VI_9x16_FX-test_ZT-book_RS-P1X1R3C1_gy,20260429_growme_VI_9x16_FX-test_ZT-book_RS-P1X1R3C1_gy,2026-04-29,growme,VI,9x16,test,book,,P1X1R3C1,P1,X1,R3,C1,,gy,,,complete,WW,account_all_WW.csv,0.0,10.7,5349.0,0.67,0.0,False
20260429_growme_VI_9x16_FX-test_ZT-read_RS-P1X1R3C1_gy,20260429_growme_VI_9x16_FX-test_ZT-read_RS-P1X1R3C1_gy,2026-04-29,growme,VI,9x16,test,read,,P1X1R3C1,P1,X1,R3,C1,,gy,,,complete,WW,account_all_WW.csv,6.0,150.98,68031.0,1.62,0.76,True
20260429_growme_VI_9x16_FX-test_ZT-slowenglish_RS-P1X1R3C3_wxx,20260429_growme_VI_9x16_FX-test_ZT-slowenglish_RS-P1X1R3C3_wxx,2026-04-29,growme,VI,9x16,test,slowenglish,,P1X1R3C3,P1,X1,R3,C3,,wxx,,,complete,WW,account_all_WW.csv,39.0,1822.8100000000002,714245.0,1.07,0.34,True
20260429_growme_VI_9x16_FX-test_ZT-view_RS-P1X1R3C1_gy,20260429_growme_VI_9x16_FX-test_ZT-view_RS-P1X1R3C1_gy,2026-04-29,growme,VI,9x16,test,view,,P1X1R3C1,P1,X1,R3,C1,,gy,,,complete,WW,account_all_WW.csv,0.0,47.26,19209.0,1.29,0.0,False
20260506_GrowMe_EN_9x16_FX-test_ZT-easyenglish_RS-P3X1R1C3_fj,20260506_GrowMe_EN_9x16_FX-test_ZT-easyenglish_RS-P3X1R1C3_fj,2026-05-06,GrowMe,EN,9x16,test,easyenglish,,P3X1R1C3,P3,X1,R1,C3,,fj,,,complete,WW,account_all_WW.csv,0.0,20.87,12331.0,1.27,0.0,False
20260506_growme_EN_9x16_FX-test_JB-010901_ZT-learn_RS-P2X1R1C1_095KB-HJ_RMG-3530A,20260506_growme_EN_9x16_FX-test_JB-010901_ZT-learn_RS-P2X1R1C1_095KB-HJ,2026-05-06,growme,EN,9x16,test_JB-010901,learn,,P2X1R1C1,P2,X1,R1,C1,,095KB,,RMG-3530A,complete,WW,account_all_WW.csv,0.0,19.64,5168.0,0.75,0.0,False
20260506_growme_EN_9x16_FX-test_ZT-acceptance_RS-P1X1R3C1_095KB-JR_RMG-3527,20260506_growme_EN_9x16_FX-test_ZT-acceptance_RS-P1X1R3C1_095KB-JR,2026-05-06,growme,EN,9x16,test,acceptance,,P1X1R3C1,P1,X1,R3,C1,,095KB,,RMG-3527,complete,WW,account_all_WW.csv,0.0,12.14,4243.0,0.4,0.0,False
20260506_growme_EN_9x16_FX-test_ZT-patience_RS-P1X1R3C1_095KB-JR_RMG-3528,20260506_growme_EN_9x16_FX-test_ZT-patience_RS-P1X1R3C1_095KB-JR,2026-05-06,growme,EN,9x16,test,patience,,P1X1R3C1,P1,X1,R3,C1,,095KB,,RMG-3528,complete,WW,account_all_WW.csv,0.0,23.75,5656.0,1.04,0.0,False
20260506_growme_EN_9x16_FX-test_ZT-teacher_RS-P1X1R3C3_wxx,20260506_growme_EN_9x16_FX-test_ZT-teacher_RS-P1X1R3C3_wxx,2026-05-06,growme,EN,9x16,test,teacher,,P1X1R3C3,P1,X1,R3,C3,,wxx,,,complete,WW,account_all_WW.csv,0.0,10.950000000000001,4306.0,0.87,0.0,False
20260506_growme_EN_9x16_FX-test_ZT-vlog_RS-P1X1R3C1_gy,20260506_growme_EN_9x16_FX-test_ZT-vlog_RS-P1X1R3C1_gy,2026-05-06,growme,EN,9x16,test,vlog,,P1X1R3C1,P1,X1,R3,C1,,gy,,,complete,WW,account_all_WW.csv,0.0,171.72,88030.0,1.1,0.0,False
20260506_growme_FIL_9x16_FX-test_ZT-slow-english_RS-P1X1R3C3_wxx,20260506_growme_FIL_9x16_FX-test_ZT-slow-english_RS-P1X1R3C3_wxx,2026-05-06,growme,FIL,9x16,test,slow-english,,P1X1R3C3,P1,X1,R3,C3,,wxx,,,complete,WW,account_all_WW.csv,0.0,8.46,3673.0,0.82,0.0,False
20260506_growme_TR_9x16_FX-test_ZT-slow-english_RS-P1X1R3C3_wxx,20260506_growme_TR_9x16_FX-test_ZT-slow-english_RS-P1X1R3C3_wxx,2026-05-06,growme,TR,9x16,test,slow-english,,P1X1R3C3,P1,X1,R3,C3,,wxx,,,complete,WW,account_all_WW.csv,1.0,15.76,4188.0,1.89,1.6,True
20260506_growme_VI_9x16_FX-test_ZT-slow-english_RS-P1X1R3C3_wxx,20260506_growme_VI_9x16_FX-test_ZT-slow-english_RS-P1X1R3C3_wxx,2026-05-06,growme,VI,9x16,test,slow-english,,P1X1R3C3,P1,X1,R3,C3,,wxx,,,complete,WW,account_all_WW.csv,0.0,23.15,7697.0,1.83,0.0,False
20260507_GrowMe_EN_9x16_FX-test_ZT- begin_RS-P3X1R1C3_fj,20260507_GrowMe_EN_9x16_FX-test_ZT-begin_RS-P3X1R1C3_fj,2026-05-07,GrowMe,EN,9x16,test,begin,,P3X1R1C3,P3,X1,R1,C3,,fj,,,complete,WW,account_all_WW.csv,0.0,7.14,3330.0,0.57,0.0,False
20260507_GrowMe_EN_9x16_FX-test_ZT-try new_RS-P3X1R1C3_fj,20260507_GrowMe_EN_9x16_FX-test_ZT-try new_RS-P3X1R1C3_fj,2026-05-07,GrowMe,EN,9x16,test,try new,,P3X1R1C3,P3,X1,R1,C3,,fj,,,complete,WW,account_all_WW.csv,26.0,1048.3299999999997,644864.0,2.18,0.46,True
20260507_growme_EN_9x16_FX-test_ZT-education_RS-P1X1R3C1_gy,20260507_growme_EN_9x16_FX-test_ZT-education_RS-P1X1R3C1_gy,2026-05-07,growme,EN,9x16,test,education,,P1X1R3C1,P1,X1,R3,C1,,gy,,,complete,WW,account_all_WW.csv,0.0,6.02,3767.0,1.73,0.0,False
20260507_growme_EN_9x16_FX-test_ZT-view_RS-P1X1R3C1_gy,20260507_growme_EN_9x16_FX-test_ZT-view_RS-P1X1R3C1_gy,2026-05-07,growme,EN,9x16,test,view,,P1X1R3C1,P1,X1,R3,C1,,gy,,,complete,WW,account_all_WW.csv,0.0,15.53,7797.0,0.53,0.0,False
20260507_growme_FIL_9x16_FX-test_ZT-20book_RS-P1X1R3C3_wxx,20260507_growme_FIL_9x16_FX-test_ZT-20book_RS-P1X1R3C3_wxx,2026-05-07,growme,FIL,9x16,test,20book,,P1X1R3C3,P1,X1,R3,C3,,wxx,,,complete,WW,account_all_WW.csv,0.0,6.08,3753.0,0.61,0.0,False
20260507_growme_TR_9x16_FX-test_ZT-20book_RS-P1X1R3C3_wxx,20260507_growme_TR_9x16_FX-test_ZT-20book_RS-P1X1R3C3_wxx,2026-05-07,growme,TR,9x16,test,20book,,P1X1R3C3,P1,X1,R3,C3,,wxx,,,complete,WW,account_all_WW.csv,0.0,6.47,3436.0,0.35,0.0,False
20260507_growme_TR_9x16_FX-test_ZT-education_RS-P1X1R3C1_gy,20260507_growme_TR_9x16_FX-test_ZT-education_RS-P1X1R3C1_gy,2026-05-07,growme,TR,9x16,test,education,,P1X1R3C1,P1,X1,R3,C1,,gy,,,complete,WW,account_all_WW.csv,2.0,9.52,5837.0,0.7,0.89,True
20260507_growme_VI_9x16_FX-test_ZT-20book_RS-P1X1R3C3_wxx,20260507_growme_VI_9x16_FX-test_ZT-20book_RS-P1X1R3C3_wxx,2026-05-07,growme,VI,9x16,test,20book,,P1X1R3C3,P1,X1,R3,C3,,wxx,,,complete,WW,account_all_WW.csv,0.0,7.82,3281.0,0.67,0.0,False
20260507_growme_VI_9x16_FX-test_ZT-education_RS-P1X1R3C1_gy,20260507_growme_VI_9x16_FX-test_ZT-education_RS-P1X1R3C1_gy,2026-05-07,growme,VI,9x16,test,education,,P1X1R3C1,P1,X1,R3,C1,,gy,,,complete,WW,account_all_WW.csv,16.0,354.66,177933.0,2.23,0.75,True
20260508_GrowMe_EN_9x16_FX-test_ZT- read_RS-P3X1R1C3_fj,20260508_GrowMe_EN_9x16_FX-test_ZT-read_RS-P3X1R1C3_fj,2026-05-08,GrowMe,EN,9x16,test,read,,P3X1R1C3,P3,X1,R1,C3,,fj,,,complete,WW,account_all_WW.csv,0.0,16.38,7489.0,6.19,0.0,False
20260508_GrowMe_EN_9x16_FX-test_ZT-slowenglish-1_RS-P3X1R1C3_fj,20260508_GrowMe_EN_9x16_FX-test_ZT-slowenglish-1_RS-P3X1R1C3_fj,2026-05-08,GrowMe,EN,9x16,test,slowenglish-1,,P3X1R1C3,P3,X1,R1,C3,,fj,,,complete,WW,account_all_WW.csv,0.0,17.61,4788.0,0.94,0.0,False
20260508_growme_EN_9x16_FX-test_ZT-listen_RS-P1X1R3C3_wxx,20260508_growme_EN_9x16_FX-test_ZT-listen_RS-P1X1R3C3_wxx,2026-05-08,growme,EN,9x16,test,listen,,P1X1R3C3,P1,X1,R3,C3,,wxx,,,complete,WW,account_all_WW.csv,510.0,16328.759999999998,4031215.0,2.22,0.9,True
20260508_growme_EN_9x16_FX-test_ZT-love_RS-P1X1R3C1_gy,20260508_growme_EN_9x16_FX-test_ZT-love_RS-P1X1R3C1_gy,2026-05-08,growme,EN,9x16,test,love,,P1X1R3C1,P1,X1,R3,C1,,gy,,,complete,WW,account_all_WW.csv,0.0,16.41,7851.0,0.75,0.0,False
20260509_GrowMe_EN_9x16_FX-test_ZT- slow-clean_RS-P3X1R1C3_fj,20260509_GrowMe_EN_9x16_FX-test_ZT-slow-clean_RS-P3X1R1C3_fj,2026-05-09,GrowMe,EN,9x16,test,slow-clean,,P3X1R1C3,P3,X1,R1,C3,,fj,,,complete,WW,account_all_WW.csv,1.0,44.73,21445.0,1.1,0.51,True
20260509_GrowMe_EN_9x16_FX-test_ZT- subway-read_RS-P3X1R1C3_fj,20260509_GrowMe_EN_9x16_FX-test_ZT-subway-read_RS-P3X1R1C3_fj,2026-05-09,GrowMe,EN,9x16,test,subway-read,,P3X1R1C3,P3,X1,R1,C3,,fj,,,complete,WW,account_all_WW.csv,0.0,1.7,529.0,0.57,0.0,False
20260509_GrowMe_TR_9x16_FX-test_ZT- read_RS-P3X1R1C3_fj,20260509_GrowMe_TR_9x16_FX-test_ZT-read_RS-P3X1R1C3_fj,2026-05-09,GrowMe,TR,9x16,test,read,,P3X1R1C3,P3,X1,R1,C3,,fj,,,complete,WW,account_all_WW.csv,0.0,9.28,4818.0,0.6,0.0,False
20260509_GrowMe_VI_9x16_FX-test_ZT- read_RS-P3X1R1C3_fj,20260509_GrowMe_VI_9x16_FX-test_ZT-read_RS-P3X1R1C3_fj,2026-05-09,GrowMe,VI,9x16,test,read,,P3X1R1C3,P3,X1,R1,C3,,fj,,,complete,WW,account_all_WW.csv,2.0,19.27,8256.0,4.31,0.98,True
20260509_growme_EN_9x16_FX-test_ZT-ADHD_RS-P1X1R3C3_wxx,20260509_growme_EN_9x16_FX-test_ZT-ADHD_RS-P1X1R3C3_wxx,2026-05-09,growme,EN,9x16,test,ADHD,,P1X1R3C3,P1,X1,R3,C3,,wxx,,,complete,WW,account_all_WW.csv,1.0,4.41,2394.0,0.46,5.14,True
20260509_growme_EN_9x16_FX-test_ZT-jiaoben_RS-P1X1R3C1_gy,20260509_growme_EN_9x16_FX-test_ZT-jiaoben_RS-P1X1R3C1_gy,2026-05-09,growme,EN,9x16,test,jiaoben,,P1X1R3C1,P1,X1,R3,C1,,gy,,,complete,WW,account_all_WW.csv,0.0,10.94,6336.0,0.41,0.0,False
20260509_growme_EN_9x16_FX-test_ZT-routine1_RS-P1X1R3C3_wxx,20260509_growme_EN_9x16_FX-test_ZT-routine1_RS-P1X1R3C3_wxx,2026-05-09,growme,EN,9x16,test,routine1,,P1X1R3C3,P1,X1,R3,C3,,wxx,,,complete,WW,account_all_WW.csv,0.0,1.12,920.0,0.0,0.0,False
20260509_growme_EN_9x16_FX-test_ZT-routine2_RS-P1X1R3C3_wxx,20260509_growme_EN_9x16_FX-test_ZT-routine2_RS-P1X1R3C3_wxx,2026-05-09,growme,EN,9x16,test,routine2,,P1X1R3C3,P1,X1,R3,C3,,wxx,,,complete,WW,account_all_WW.csv,0.0,1.08,728.0,0.55,0.0,False
20260509_growme_EN_9x16_FX-test_ZT-routine_RS-P1X1R3C1_gy,20260509_growme_EN_9x16_FX-test_ZT-routine_RS-P1X1R3C1_gy,2026-05-09,growme,EN,9x16,test,routine,,P1X1R3C1,P1,X1,R3,C1,,gy,,,complete,WW,account_all_WW.csv,0.0,29.11,22302.0,0.65,0.0,False
20260509_growme_EN_9x16_FX-test_ZT-study_RS-P1X1R3C3_wxx,20260509_growme_EN_9x16_FX-test_ZT-study_RS-P1X1R3C3_wxx,2026-05-09,growme,EN,9x16,test,study,,P1X1R3C3,P1,X1,R3,C3,,wxx,,,complete,WW,account_all_WW.csv,0.0,45.21,23454.0,0.85,0.0,False
20260511_GrowMe_EN_9x16_FX-test_ZT- light_RS-P3X1R1C3_fj,20260511_GrowMe_EN_9x16_FX-test_ZT-light_RS-P3X1R1C3_fj,2026-05-11,GrowMe,EN,9x16,test,light,,P3X1R1C3,P3,X1,R1,C3,,fj,,,complete,WW,account_all_WW.csv,0.0,10.32,5194.0,0.89,0.0,False
20260511_GrowMe_EN_9x16_FX-test_ZT- speak-new_RS-P3X1R1C3_fj,20260511_GrowMe_EN_9x16_FX-test_ZT-speak-new_RS-P3X1R1C3_fj,2026-05-11,GrowMe,EN,9x16,test,speak-new,,P3X1R1C3,P3,X1,R1,C3,,fj,,,complete,WW,account_all_WW.csv,0.0,10.16,4526.0,0.62,0.0,False
20260511_growme_EN_9x16_FX-test_ZT-CEO_RS-P1X1R3C3_wxx,20260511_growme_EN_9x16_FX-test_ZT-CEO_RS-P1X1R3C3_wxx,2026-05-11,growme,EN,9x16,test,CEO,,P1X1R3C3,P1,X1,R3,C3,,wxx,,,complete,WW,account_all_WW.csv,0.0,7.65,3586.0,0.75,0.0,False
20260511_growme_EN_9x16_FX-test_ZT-asmr_RS-P1X1R3C1_gy,20260511_growme_EN_9x16_FX-test_ZT-asmr_RS-P1X1R3C1_gy,2026-05-11,growme,EN,9x16,test,asmr,,P1X1R3C1,P1,X1,R3,C1,,gy,,,complete,WW,account_all_WW.csv,0.0,9.24,4262.0,1.38,0.0,False
20260511_growme_EN_9x16_FX-test_ZT-brain_RS-P1X1R3C3_wxx,20260511_growme_EN_9x16_FX-test_ZT-brain_RS-P1X1R3C3_wxx,2026-05-11,growme,EN,9x16,test,brain,,P1X1R3C3,P1,X1,R3,C3,,wxx,,,complete,WW,account_all_WW.csv,0.0,9.71,4091.0,0.68,0.0,False
20260511_growme_EN_9x16_FX-test_ZT-heimu_RS-P1X1R3C3_FJ_wxx,20260511_growme_EN_9x16_FX-test_ZT-heimu_RS-P1X1R3C3_FJ_wxx,2026-05-11,growme,EN,9x16,test,heimu,,P1X1R3C3,P1,X1,R3,C3,,fj,wxx,,complete,WW,account_all_WW.csv,12.0,692.88,394876.0,1.71,0.41,True
20260511_growme_EN_9x16_FX-test_ZT-speak_RS-P1X1R3C1_gy,20260511_growme_EN_9x16_FX-test_ZT-speak_RS-P1X1R3C1_gy,2026-05-11,growme,EN,9x16,test,speak,,P1X1R3C1,P1,X1,R3,C1,,gy,,,complete,WW,account_all_WW.csv,0.0,13.29,4776.0,0.75,0.0,False
20260511_growme_FIL_9x16_FX-test_ZT-heimu_RS-P1X1R3C3_FJ_wxx,20260511_growme_FIL_9x16_FX-test_ZT-heimu_RS-P1X1R3C3_FJ_wxx,2026-05-11,growme,FIL,9x16,test,heimu,,P1X1R3C3,P1,X1,R3,C3,,fj,wxx,,complete,WW,account_all_WW.csv,0.0,7.38,3866.0,0.75,0.0,False
20260511_growme_FIL_9x16_FX-test_ZT-train_RS-P1X1R3C3_wxx,20260511_growme_FIL_9x16_FX-test_ZT-train_RS-P1X1R3C3_wxx,2026-05-11,growme,FIL,9x16,test,train,,P1X1R3C3,P1,X1,R3,C3,,wxx,,,complete,WW,account_all_WW.csv,6.0,194.15,68192.0,0.99,0.41,True
20260511_growme_TR_9x16_FX-test_ZT-heimu_RS-P1X1R3C3_FJ_wxx,20260511_growme_TR_9x16_FX-test_ZT-heimu_RS-P1X1R3C3_FJ_wxx,2026-05-11,growme,TR,9x16,test,heimu,,P1X1R3C3,P1,X1,R3,C3,,fj,wxx,,complete,WW,account_all_WW.csv,0.0,21.11,9179.0,1.02,0.0,False
20260511_growme_TR_9x16_FX-test_ZT-train_RS-P1X1R3C3_wxx,20260511_growme_TR_9x16_FX-test_ZT-train_RS-P1X1R3C3_wxx,2026-05-11,growme,TR,9x16,test,train,,P1X1R3C3,P1,X1,R3,C3,,wxx,,,complete,WW,account_all_WW.csv,7.0,519.38,234868.0,1.44,0.21,True
20260511_growme_VI_9x16_FX-test_ZT-heimu_RS-P1X1R3C3_FJ_wxx,20260511_growme_VI_9x16_FX-test_ZT-heimu_RS-P1X1R3C3_FJ_wxx,2026-05-11,growme,VI,9x16,test,heimu,,P1X1R3C3,P1,X1,R3,C3,,fj,wxx,,complete,WW,account_all_WW.csv,2.0,32.92,10591.0,2.15,0.48,True
20260511_growme_VI_9x16_FX-test_ZT-train_RS-P1X1R3C3_wxx,20260511_growme_VI_9x16_FX-test_ZT-train_RS-P1X1R3C3_wxx,2026-05-11,growme,VI,9x16,test,train,,P1X1R3C3,P1,X1,R3,C3,,wxx,,,complete,WW,account_all_WW.csv,2.0,14.91,6369.0,2.16,1.08,True
20260512_GrowMe_EN_9x16_FX-test_ZT-NewsBroadcast_RS-P3X1R1C3_fj,20260512_GrowMe_EN_9x16_FX-test_ZT-NewsBroadcast_RS-P3X1R1C3_fj,2026-05-12,GrowMe,EN,9x16,test,NewsBroadcast,,P3X1R1C3,P3,X1,R1,C3,,fj,,,complete,WW,account_all_WW.csv,0.0,9.24,4247.0,0.92,0.0,False
20260512_GrowMe_EN_9x16_FX-test_ZT-likeCEO_RS-P3X1R1C3_fj,20260512_GrowMe_EN_9x16_FX-test_ZT-likeCEO_RS-P3X1R1C3_fj,2026-05-12,GrowMe,EN,9x16,test,likeCEO,,P3X1R1C3,P3,X1,R1,C3,,fj,,,complete,WW,account_all_WW.csv,0.0,12.16,4682.0,0.49,0.0,False
20260512_GrowMe_EN_9x16_FX-test_ZT-slowread_RS-P3X1R1C3_fj,20260512_GrowMe_EN_9x16_FX-test_ZT-slowread_RS-P3X1R1C3_fj,2026-05-12,GrowMe,EN,9x16,test,slowread,,P3X1R1C3,P3,X1,R1,C3,,fj,,,complete,WW,account_all_WW.csv,0.0,17.1,4980.0,0.78,0.0,False
20260512_GrowMe_VI_9x16_FX-test_ZT-present_RS-P3X1R1C3_fj,20260512_GrowMe_VI_9x16_FX-test_ZT-present_RS-P3X1R1C3_fj,2026-05-12,GrowMe,VI,9x16,test,present,,P3X1R1C3,P3,X1,R1,C3,,fj,,,complete,WW,account_all_WW.csv,0.0,10.48,4070.0,1.38,0.0,False
20260512_growme_EN_9x16_FX-test_ZT-grow_RS-P1X1R3C1_gy,20260512_growme_EN_9x16_FX-test_ZT-grow_RS-P1X1R3C1_gy,2026-05-12,growme,EN,9x16,test,grow,,P1X1R3C1,P1,X1,R3,C1,,gy,,,complete,WW,account_all_WW.csv,0.0,16.33,9838.0,1.14,0.0,False
20260512_growme_EN_9x16_FX-test_ZT-read2_RS-P1X1R3C1_gy,20260512_growme_EN_9x16_FX-test_ZT-read2_RS-P1X1R3C1_gy,2026-05-12,growme,EN,9x16,test,read2,,P1X1R3C1,P1,X1,R3,C1,,gy,,,complete,WW,account_all_WW.csv,0.0,20.61,6876.0,1.26,0.0,False
20260512_growme_EN_9x16_FX-test_ZT-read_RS-P1X1R3C1_gy,20260512_growme_EN_9x16_FX-test_ZT-read_RS-P1X1R3C1_gy,2026-05-12,growme,EN,9x16,test,read,,P1X1R3C1,P1,X1,R3,C1,,gy,,,complete,WW,account_all_WW.csv,52.0,2113.4300000000003,1544664.0,1.2,0.74,True
20260512_growme_Fil_9x16_FX-test_ZT-read_RS-P1X1R3C1_gy,20260512_growme_FIL_9x16_FX-test_ZT-read_RS-P1X1R3C1_gy,2026-05-12,growme,FIL,9x16,test,read,,P1X1R3C1,P1,X1,R3,C1,,gy,,,complete,WW,account_all_WW.csv,2.0,194.82,184527.0,0.61,0.13,True
20260512_growme_TR_9x16_FX-test_ZT-read_RS-P1X1R3C1_gy,20260512_growme_TR_9x16_FX-test_ZT-read_RS-P1X1R3C1_gy,2026-05-12,growme,TR,9x16,test,read,,P1X1R3C1,P1,X1,R3,C1,,gy,,,complete,WW,account_all_WW.csv,0.0,7.48,5653.0,0.58,0.0,False
20260512_growme_VI_9x16_FX-test_ZT-read_RS-P1X1R3C1_gy,20260512_growme_VI_9x16_FX-test_ZT-read_RS-P1X1R3C1_gy,2026-05-12,growme,VI,9x16,test,read,,P1X1R3C1,P1,X1,R3,C1,,gy,,,complete,WW,account_all_WW.csv,0.0,23.52,8084.0,2.69,0.0,False
20260513_GrowMe_EN_9x16_FX-test_ZT-jiaoben-2_RS-P3X1R1C3_fj,20260513_GrowMe_EN_9x16_FX-test_ZT-jiaoben-2_RS-P3X1R1C3_fj,2026-05-13,GrowMe,EN,9x16,test,jiaoben-2,,P3X1R1C3,P3,X1,R1,C3,,fj,,,complete,WW,account_all_WW.csv,0.0,7.32,3603.0,12.71,0.0,False
20260513_GrowMe_EN_9x16_FX-test_ZT-jiaoben_RS-P3X1R1C3_fj,20260513_GrowMe_EN_9x16_FX-test_ZT-jiaoben_RS-P3X1R1C3_fj,2026-05-13,GrowMe,EN,9x16,test,jiaoben,,P3X1R1C3,P3,X1,R1,C3,,fj,,,complete,WW,account_all_WW.csv,0.0,7.72,3792.0,8.49,0.0,False
20260514_GrowMe_EN_9x16_FX-test_ZT- fly_RS-P3X1R1C3_fj,20260514_GrowMe_EN_9x16_FX-test_ZT-fly_RS-P3X1R1C3_fj,2026-05-14,GrowMe,EN,9x16,test,fly,,P3X1R1C3,P3,X1,R1,C3,,fj,,,complete,WW,account_all_WW.csv,0.0,8.43,4385.0,1.72,0.0,False
20260514_GrowMe_TR_9x16_FX-test_ZT-energy_RS-P3X1R1C3_fj,20260514_GrowMe_TR_9x16_FX-test_ZT-energy_RS-P3X1R1C3_fj,2026-05-14,GrowMe,TR,9x16,test,energy,,P3X1R1C3,P3,X1,R1,C3,,fj,,,complete,WW,account_all_WW.csv,0.0,13.02,5533.0,1.34,0.0,False
20260514_GrowMe_VI_9x16_FX-test_ZT-energy_RS-P3X1R1C3_fj,20260514_GrowMe_VI_9x16_FX-test_ZT-energy_RS-P3X1R1C3_fj,2026-05-14,GrowMe,VI,9x16,test,energy,,P3X1R1C3,P3,X1,R1,C3,,fj,,,complete,WW,account_all_WW.csv,0.0,21.560000000000002,7785.0,1.28,0.0,False
20260514_growme_EN_9x16_FX-test_ZT-house_RS-P1X1R3C3_wxx,20260514_growme_EN_9x16_FX-test_ZT-house_RS-P1X1R3C3_wxx,2026-05-14,growme,EN,9x16,test,house,,P1X1R3C3,P1,X1,R3,C3,,wxx,,,complete,WW,account_all_WW.csv,0.0,28.97,7337.0,2.49,0.0,False
20260514_growme_EN_9x16_FX-test_ZT-read_RS-P1X1R3C1_gy,20260514_growme_EN_9x16_FX-test_ZT-read_RS-P1X1R3C1_gy,2026-05-14,growme,EN,9x16,test,read,,P1X1R3C1,P1,X1,R3,C1,,gy,,,complete,WW,account_all_WW.csv,0.0,35.81,15059.0,1.39,0.0,False
20260514_growme_EN_9x16_FX-test_ZT-slowenglish_RS-P1X1R3C3_wxx,20260514_growme_EN_9x16_FX-test_ZT-slowenglish_RS-P1X1R3C3_wxx,2026-05-14,growme,EN,9x16,test,slowenglish,,P1X1R3C3,P1,X1,R3,C3,,wxx,,,complete,WW,account_all_WW.csv,0.0,7.05,3344.0,2.53,0.0,False
20260514_growme_TR_9x16_FX-test_ZT-read_RS-P1X1R3C1_gy,20260514_growme_TR_9x16_FX-test_ZT-read_RS-P1X1R3C1_gy,2026-05-14,growme,TR,9x16,test,read,,P1X1R3C1,P1,X1,R3,C1,,gy,,,complete,WW,account_all_WW.csv,17.0,554.15,302638.0,1.35,0.62,True
20260514_growme_TR_9x16_FX-test_ZT-slowenglish_RS-P1X1R3C3_wxx,20260514_growme_TR_9x16_FX-test_ZT-slowenglish_RS-P1X1R3C3_wxx,2026-05-14,growme,TR,9x16,test,slowenglish,,P1X1R3C3,P1,X1,R3,C3,,wxx,,,complete,WW,account_all_WW.csv,0.0,8.99,4886.0,0.94,0.0,False
20260514_growme_VI_9x16_FX-test_ZT-read_RS-P1X1R3C1_gy,20260514_growme_VI_9x16_FX-test_ZT-read_RS-P1X1R3C1_gy,2026-05-14,growme,VI,9x16,test,read,,P1X1R3C1,P1,X1,R3,C1,,gy,,,complete,WW,account_all_WW.csv,0.0,13.5,4569.0,1.9,0.0,False
20260514_growme_VI_9x16_FX-test_ZT-slowenglish_RS-P1X1R3C3_wxx,20260514_growme_VI_9x16_FX-test_ZT-slowenglish_RS-P1X1R3C3_wxx,2026-05-14,growme,VI,9x16,test,slowenglish,,P1X1R3C3,P1,X1,R3,C3,,wxx,,,complete,WW,account_all_WW.csv,4.0,164.1,75079.0,1.02,0.43,True
20260515_growme_EN_9x16_FX-test_ZT-SPEAK_RS-P1X1R3C1_gy,20260515_growme_EN_9x16_FX-test_ZT-SPEAK_RS-P1X1R3C1_gy,2026-05-15,growme,EN,9x16,test,SPEAK,,P1X1R3C1,P1,X1,R3,C1,,gy,,,complete,WW,account_all_WW.csv,0.0,12.72,4084.0,8.08,0.0,False
20260515_growme_EN_9x16_FX-test_ZT-app_RS-P1X1R3C3_wxx,20260515_growme_EN_9x16_FX-test_ZT-app_RS-P1X1R3C3_wxx,2026-05-15,growme,EN,9x16,test,app,,P1X1R3C3,P1,X1,R3,C3,,wxx,,,complete,WW,account_all_WW.csv,0.0,7.39,3674.0,0.76,0.0,False
20260515_growme_EN_9x16_FX-test_ZT-qiantie_RS-P1X1R3C3_wxx,20260515_growme_EN_9x16_FX-test_ZT-qiantie_RS-P1X1R3C3_wxx,2026-05-15,growme,EN,9x16,test,qiantie,,P1X1R3C3,P1,X1,R3,C3,,wxx,,,complete,WW,account_all_WW.csv,0.0,6.09,3925.0,0.38,0.0,False
20260515_growme_EN_9x16_FX-test_ZT-therapist_RS-P1X1R3C3_wxx,20260515_growme_EN_9x16_FX-test_ZT-therapist_RS-P1X1R3C3_wxx,2026-05-15,growme,EN,9x16,test,therapist,,P1X1R3C3,P1,X1,R3,C3,,wxx,,,complete,WW,account_all_WW.csv,0.0,5.859999999999999,3820.0,8.15,0.0,False
20260518_GrowMe_EN_9x16_FX-test_ZT- qiantie-pride_RS-P3X1R1C3_fj,20260518_GrowMe_EN_9x16_FX-test_ZT-qiantie-pride_RS-P3X1R1C3_fj,2026-05-18,GrowMe,EN,9x16,test,qiantie-pride,,P3X1R1C3,P3,X1,R1,C3,,fj,,,complete,WW,account_all_WW.csv,0.0,37.14,27648.0,3.62,0.0,False
20260518_GrowMe_EN_9x16_FX-test_ZT- read bored-pride_RS-P3X1R1C3_fj,20260518_GrowMe_EN_9x16_FX-test_ZT-read bored-pride_RS-P3X1R1C3_fj,2026-05-18,GrowMe,EN,9x16,test,read bored-pride,,P3X1R1C3,P3,X1,R1,C3,,fj,,,complete,WW,account_all_WW.csv,0.0,0.34,111.0,1.8,0.0,False
20260518_GrowMe_TR_9x16_FX-test_ZT-try new_RS-P3X1R1C3_fj,20260518_GrowMe_TR_9x16_FX-test_ZT-try new_RS-P3X1R1C3_fj,2026-05-18,GrowMe,TR,9x16,test,try new,,P3X1R1C3,P3,X1,R1,C3,,fj,,,complete,WW,account_all_WW.csv,1.0,102.46,56818.0,1.25,0.08,True
20260518_GrowMe_VI_9x16_FX-test_ZT-try new_RS-P3X1R1C3_fj,20260518_GrowMe_VI_9x16_FX-test_ZT-try new_RS-P3X1R1C3_fj,2026-05-18,GrowMe,VI,9x16,test,try new,,P3X1R1C3,P3,X1,R1,C3,,fj,,,complete,WW,account_all_WW.csv,2.0,203.12,107688.0,1.26,0.37,True
20260518_growme_EN_9x16_FX-test_ZT-SPEAK_RS-P1X1R3C1_gy,20260518_growme_EN_9x16_FX-test_ZT-SPEAK_RS-P1X1R3C1_gy,2026-05-18,growme,EN,9x16,test,SPEAK,,P1X1R3C1,P1,X1,R3,C1,,gy,,,complete,WW,account_all_WW.csv,0.0,0.62,179.0,0.0,0.0,False
20260518_growme_EN_9x16_FX-test_ZT-atomichabits2_RS-P1X1R3C3_wxx,20260518_growme_EN_9x16_FX-test_ZT-atomichabits2_RS-P1X1R3C3_wxx,2026-05-18,growme,EN,9x16,test,atomichabits2,,P1X1R3C3,P1,X1,R3,C3,,wxx,,,complete,WW,account_all_WW.csv,0.0,0.01,9.0,11.11,0.0,False
20260518_growme_EN_9x16_FX-test_ZT-atomichabits_RS-P1X1R3C3_wxx,20260518_growme_EN_9x16_FX-test_ZT-atomichabits_RS-P1X1R3C3_wxx,2026-05-18,growme,EN,9x16,test,atomichabits,,P1X1R3C3,P1,X1,R3,C3,,wxx,,,complete,WW,account_all_WW.csv,0.0,0.12,49.0,6.12,0.0,False
20260518_growme_EN_9x16_FX-test_ZT-read1_RS-P1X1R3C1_gy,20260518_growme_EN_9x16_FX-test_ZT-read1_RS-P1X1R3C1_gy,2026-05-18,growme,EN,9x16,test,read1,,P1X1R3C1,P1,X1,R3,C1,,gy,,,complete,WW,account_all_WW.csv,0.0,30.01,16000.0,1.46,0.0,False
20260518_growme_EN_9x16_FX-test_ZT-remember_RS-P1X1R3C3_wxx,20260518_growme_EN_9x16_FX-test_ZT-remember_RS-P1X1R3C3_wxx,2026-05-18,growme,EN,9x16,test,remember,,P1X1R3C3,P1,X1,R3,C3,,wxx,,,complete,WW,account_all_WW.csv,0.0,0.09,35.0,2.86,0.0,False
20260519_GrowMe_EN_9x16_FX-test_ZT- 5am_RS-P3X1R1C3_fj,20260519_GrowMe_EN_9x16_FX-test_ZT-5am_RS-P3X1R1C3_fj,2026-05-19,GrowMe,EN,9x16,test,5am,,P3X1R1C3,P3,X1,R1,C3,,fj,,,complete,WW,account_all_WW.csv,0.0,0.74,359.0,0.28,0.0,False
20260519_GrowMe_EN_9x16_FX-test_ZT- authentic_RS-P3X1R1C3_fj,20260519_GrowMe_EN_9x16_FX-test_ZT-authentic_RS-P3X1R1C3_fj,2026-05-19,GrowMe,EN,9x16,test,authentic,,P3X1R1C3,P3,X1,R1,C3,,fj,,,complete,WW,account_all_WW.csv,0.0,3.16,1335.0,0.97,0.0,False
20260519_GrowMe_TR_9x16_FX-test_ZT- 5am_RS-P3X1R1C3_fj,20260519_GrowMe_TR_9x16_FX-test_ZT-5am_RS-P3X1R1C3_fj,2026-05-19,GrowMe,TR,9x16,test,5am,,P3X1R1C3,P3,X1,R1,C3,,fj,,,complete,WW,account_all_WW.csv,0.0,0.92,355.0,1.69,0.0,False
20260519_GrowMe_TR_9x16_FX-test_ZT- authentic_RS-P3X1R1C3_fj,20260519_GrowMe_TR_9x16_FX-test_ZT-authentic_RS-P3X1R1C3_fj,2026-05-19,GrowMe,TR,9x16,test,authentic,,P3X1R1C3,P3,X1,R1,C3,,fj,,,complete,WW,account_all_WW.csv,0.0,0.05,55.0,0.0,0.0,False
20260519_GrowMe_VI_9x16_FX-test_ZT- 5am_RS-P3X1R1C3_fj,20260519_GrowMe_VI_9x16_FX-test_ZT-5am_RS-P3X1R1C3_fj,2026-05-19,GrowMe,VI,9x16,test,5am,,P3X1R1C3,P3,X1,R1,C3,,fj,,,complete,WW,account_all_WW.csv,0.0,0.25,158.0,1.27,0.0,False
20260519_GrowMe_VI_9x16_FX-test_ZT- authentic_RS-P3X1R1C3_fj,20260519_GrowMe_VI_9x16_FX-test_ZT-authentic_RS-P3X1R1C3_fj,2026-05-19,GrowMe,VI,9x16,test,authentic,,P3X1R1C3,P3,X1,R1,C3,,fj,,,complete,WW,account_all_WW.csv,0.0,0.05,38.0,0.0,0.0,False
20260519_growme_EN_9x16_FX-test_ZT-atomichabit_RS-P1X1R3C3_wxx,20260519_growme_EN_9x16_FX-test_ZT-atomichabit_RS-P1X1R3C3_wxx,2026-05-19,growme,EN,9x16,test,atomichabit,,P1X1R3C3,P1,X1,R3,C3,,wxx,,,complete,WW,account_all_WW.csv,0.0,0.21,86.0,2.33,0.0,False
20260519_growme_EN_9x16_FX-test_ZT-bathroom_RS-P1X1R3C1_gy,20260519_growme_EN_9x16_FX-test_ZT-bathroom_RS-P1X1R3C1_gy,2026-05-19,growme,EN,9x16,test,bathroom,,P1X1R3C1,P1,X1,R3,C1,,gy,,,complete,WW,account_all_WW.csv,0.0,0.03,23.0,0.0,0.0,False
20260519_growme_EN_9x16_FX-test_ZT-job1_RS-P1X1R3C1_gy,20260519_growme_EN_9x16_FX-test_ZT-job1_RS-P1X1R3C1_gy,2026-05-19,growme,EN,9x16,test,job1,,P1X1R3C1,P1,X1,R3,C1,,gy,,,complete,WW,account_all_WW.csv,0.0,0.05,16.0,0.0,0.0,False
20260519_growme_EN_9x16_FX-test_ZT-read_RS-P1X1R3C1_gy,20260519_growme_EN_9x16_FX-test_ZT-read_RS-P1X1R3C1_gy,2026-05-19,growme,EN,9x16,test,read,,P1X1R3C1,P1,X1,R3,C1,,gy,,,complete,WW,account_all_WW.csv,0.0,8.59,3462.0,0.98,0.0,False
20260519_growme_EN_9x16_FX-test_ZT-slow_RS-P1X1R3C3_wxx,20260519_growme_EN_9x16_FX-test_ZT-slow_RS-P1X1R3C3_wxx,2026-05-19,growme,EN,9x16,test,slow,,P1X1R3C3,P1,X1,R3,C3,,wxx,,,complete,WW,account_all_WW.csv,1.0,18.66,5364.0,1.83,1.13,True
20260519_growme_EN_9x16_FX-test_ZT-slowenglish_RS-P1X1R3C3_wxx,20260519_growme_EN_9x16_FX-test_ZT-slowenglish_RS-P1X1R3C3_wxx,2026-05-19,growme,EN,9x16,test,slowenglish,,P1X1R3C3,P1,X1,R3,C3,,wxx,,,complete,WW,account_all_WW.csv,0.0,0.28,151.0,0.0,0.0,False
20260519_growme_TR_9x16_FX-test_ZT-atomic_RS-P1X1R3C3_wxx,20260519_growme_TR_9x16_FX-test_ZT-atomic_RS-P1X1R3C3_wxx,2026-05-19,growme,TR,9x16,test,atomic,,P1X1R3C3,P1,X1,R3,C3,,wxx,,,complete,WW,account_all_WW.csv,0.0,0.32,154.0,0.0,0.0,False
20260519_growme_TR_9x16_FX-test_ZT-slowenglish_RS-P1X1R3C3_wxx,20260519_growme_TR_9x16_FX-test_ZT-slowenglish_RS-P1X1R3C3_wxx,2026-05-19,growme,TR,9x16,test,slowenglish,,P1X1R3C3,P1,X1,R3,C3,,wxx,,,complete,WW,account_all_WW.csv,0.0,4.38,1638.0,0.55,0.0,False
20260519_growme_VI_9x16_FX-test_ZT-atomic_RS-P1X1R3C3_wxx,20260519_growme_VI_9x16_FX-test_ZT-atomic_RS-P1X1R3C3_wxx,2026-05-19,growme,VI,9x16,test,atomic,,P1X1R3C3,P1,X1,R3,C3,,wxx,,,complete,WW,account_all_WW.csv,0.0,0.0,21.0,0.0,0.0,False
20260519_growme_VI_9x16_FX-test_ZT-slowenglish_RS-P1X1R3C3_wxx,20260519_growme_VI_9x16_FX-test_ZT-slowenglish_RS-P1X1R3C3_wxx,2026-05-19,growme,VI,9x16,test,slowenglish,,P1X1R3C3,P1,X1,R3,C3,,wxx,,,complete,WW,account_all_WW.csv,0.0,0.99,407.0,0.74,0.0,False
20260520_GrowMe_EN_9x16_FX-test_ZT- m-authentic_RS-P3X1R1C3_fj,20260520_GrowMe_EN_9x16_FX-test_ZT-m-authentic_RS-P3X1R1C3_fj,2026-05-20,GrowMe,EN,9x16,test,m-authentic,,P3X1R1C3,P3,X1,R1,C3,,fj,,,complete,WW,account_all_WW.csv,0.0,8.32,2093.0,1.67,0.0,False
20260520_growme_EN_9x16_FX-test_ZT-app_RS-P1X1R3C1_gy,20260520_growme_EN_9x16_FX-test_ZT-app_RS-P1X1R3C1_gy,2026-05-20,growme,EN,9x16,test,app,,P1X1R3C1,P1,X1,R3,C1,,gy,,,complete,WW,account_all_WW.csv,0.0,0.04,37.0,0.0,0.0,False
20260520_growme_EN_9x16_FX-test_ZT-daily_RS-P1X1R3C3_wxx,20260520_growme_EN_9x16_FX-test_ZT-daily_RS-P1X1R3C3_wxx,2026-05-20,growme,EN,9x16,test,daily,,P1X1R3C3,P1,X1,R3,C3,,wxx,,,complete,WW,account_all_WW.csv,0.0,3.08,1060.0,1.32,0.0,False
20260520_growme_EN_9x16_FX-test_ZT-slowenglish_RS-P1X1R3C3_wxx,20260520_growme_EN_9x16_FX-test_ZT-slowenglish_RS-P1X1R3C3_wxx,2026-05-20,growme,EN,9x16,test,slowenglish,,P1X1R3C3,P1,X1,R3,C3,,wxx,,,complete,WW,account_all_WW.csv,0.0,24.68,6918.0,1.86,0.0,False
20260521_GrowMe_EN_9x16_FX-test_ZT- m- learn_RS-P3X1R1C3_fj,20260521_GrowMe_EN_9x16_FX-test_ZT-m- learn_RS-P3X1R1C3_fj,2026-05-21,GrowMe,EN,9x16,test,m- learn,,P3X1R1C3,P3,X1,R1,C3,,fj,,,complete,WW,account_all_WW.csv,0.0,19.18,7589.0,2.29,0.0,False
20260521_GrowMe_EN_9x16_FX-test_ZT- m-friend_RS-P3X1R1C3_fj,20260521_GrowMe_EN_9x16_FX-test_ZT-m-friend_RS-P3X1R1C3_fj,2026-05-21,GrowMe,EN,9x16,test,m-friend,,P3X1R1C3,P3,X1,R1,C3,,fj,,,complete,WW,account_all_WW.csv,0.0,2.02,816.0,2.08,0.0,False
20260521_growme_EN_9x16_FX-test_ZT-B2_RS-P1X1R3C3_wxx,20260521_growme_EN_9x16_FX-test_ZT-B2_RS-P1X1R3C3_wxx,2026-05-21,growme,EN,9x16,test,B2,,P1X1R3C3,P1,X1,R3,C3,,wxx,,,complete,WW,account_all_WW.csv,0.0,18.99,9033.0,1.83,0.0,False
20260521_growme_EN_9x16_FX-test_ZT-list_RS-P1X1R3C1_gy,20260521_growme_EN_9x16_FX-test_ZT-list_RS-P1X1R3C1_gy,2026-05-21,growme,EN,9x16,test,list,,P1X1R3C1,P1,X1,R3,C1,,gy,,,complete,WW,account_all_WW.csv,0.0,0.6,224.0,1.34,0.0,False
20260521_growme_EN_9x16_FX-test_ZT-purple_RS-P1X1R3C3_wxx,20260521_growme_EN_9x16_FX-test_ZT-purple_RS-P1X1R3C3_wxx,2026-05-21,growme,EN,9x16,test,purple,,P1X1R3C3,P1,X1,R3,C3,,wxx,,,complete,WW,account_all_WW.csv,2.0,79.23,41461.0,1.44,0.73,True
20260521_growme_EN_9x16_FX-test_ZT-slowenglish_RS-P1X1R3C3_wxx,20260521_growme_EN_9x16_FX-test_ZT-slowenglish_RS-P1X1R3C3_wxx,2026-05-21,growme,EN,9x16,test,slowenglish,,P1X1R3C3,P1,X1,R3,C3,,wxx,,,complete,WW,account_all_WW.csv,0.0,2.89,1049.0,0.57,0.0,False
20260521_growme_EN_9x16_FX-test_ZT-train_RS-P1X1R3C3_wxx,20260521_growme_EN_9x16_FX-test_ZT-train_RS-P1X1R3C3_wxx,2026-05-21,growme,EN,9x16,test,train,,P1X1R3C3,P1,X1,R3,C3,,wxx,,,complete,WW,account_all_WW.csv,0.0,8.45,3448.0,1.21,0.0,False
20260521_growme_EN_9x16_FX-test_ZT-zixin_RS-P1X1R3C1_gy,20260521_growme_EN_9x16_FX-test_ZT-zixin_RS-P1X1R3C1_gy,2026-05-21,growme,EN,9x16,test,zixin,,P1X1R3C1,P1,X1,R3,C1,,gy,,,complete,WW,account_all_WW.csv,0.0,2.8,914.0,2.95,0.0,False
20260521_growme_TR_9x16_FX-test_ZT-zixin_RS-P1X1R3C1_gy,20260521_growme_TR_9x16_FX-test_ZT-zixin_RS-P1X1R3C1_gy,2026-05-21,growme,TR,9x16,test,zixin,,P1X1R3C1,P1,X1,R3,C1,,gy,,,complete,WW,account_all_WW.csv,0.0,82.9,30023.0,0.88,0.0,False
20260521_growme_VI_9x16_FX-test_ZT-zixin_RS-P1X1R3C1_gy,20260521_growme_VI_9x16_FX-test_ZT-zixin_RS-P1X1R3C1_gy,2026-05-21,growme,VI,9x16,test,zixin,,P1X1R3C1,P1,X1,R3,C1,,gy,,,complete,WW,account_all_WW.csv,0.0,0.48,133.0,0.0,0.0,False
20260522_GrowMe_EN_9x16_FX-test_ZT-b2_RS-P3X1R1C3_fj,20260522_GrowMe_EN_9x16_FX-test_ZT-b2_RS-P3X1R1C3_fj,2026-05-22,GrowMe,EN,9x16,test,b2,,P3X1R1C3,P3,X1,R1,C3,,fj,,,complete,WW,account_all_WW.csv,0.0,3.97,1904.0,1.21,0.0,False
20260522_GrowMe_EN_9x16_FX-test_ZT-wenan_RS-P3X1R1C3_wxx_fj,20260522_GrowMe_EN_9x16_FX-test_ZT-wenan_RS-P3X1R1C3_wxx_fj,2026-05-22,GrowMe,EN,9x16,test,wenan,,P3X1R1C3,P3,X1,R1,C3,,wxx,fj,,complete,WW,account_all_WW.csv,0.0,3.01,980.0,3.37,0.0,False
20260522_GrowMe_TR_9x16_FX-test_ZT-wenan_RS-P3X1R1C3_wxx_fj,20260522_GrowMe_TR_9x16_FX-test_ZT-wenan_RS-P3X1R1C3_wxx_fj,2026-05-22,GrowMe,TR,9x16,test,wenan,,P3X1R1C3,P3,X1,R1,C3,,wxx,fj,,complete,WW,account_all_WW.csv,0.0,2.68,880.0,0.91,0.0,False
20260522_GrowMe_VI_9x16_FX-test_ZT-wenan_RS-P3X1R1C3_wxx_fj,20260522_GrowMe_VI_9x16_FX-test_ZT-wenan_RS-P3X1R1C3_wxx_fj,2026-05-22,GrowMe,VI,9x16,test,wenan,,P3X1R1C3,P3,X1,R1,C3,,wxx,fj,,complete,WW,account_all_WW.csv,0.0,2.58,932.0,1.07,0.0,False
20260522_growme_EN_9x16_FX-test_ZT-ai_RS-P1X1R3C3_wxx,20260522_growme_EN_9x16_FX-test_ZT-ai_RS-P1X1R3C3_wxx,2026-05-22,growme,EN,9x16,test,ai,,P1X1R3C3,P1,X1,R3,C3,,wxx,,,complete,WW,account_all_WW.csv,0.0,0.82,204.0,1.96,0.0,False
20260522_growme_EN_9x16_FX-test_ZT-atomic_RS-P1X1R3C3_wxx,20260522_growme_EN_9x16_FX-test_ZT-atomic_RS-P1X1R3C3_wxx,2026-05-22,growme,EN,9x16,test,atomic,,P1X1R3C3,P1,X1,R3,C3,,wxx,,,complete,WW,account_all_WW.csv,0.0,0.13,77.0,0.0,0.0,False
20260522_growme_EN_9x16_FX-test_ZT-nvsheng_RS-P1X1R3C3_wxx,20260522_growme_EN_9x16_FX-test_ZT-nvsheng_RS-P1X1R3C3_wxx,2026-05-22,growme,EN,9x16,test,nvsheng,,P1X1R3C3,P1,X1,R3,C3,,wxx,,,complete,WW,account_all_WW.csv,0.0,0.54,123.0,0.0,0.0,False
20260522_growme_EN_9x16_FX-test_ZT-power_RS-P1X1R3C3_wxx,20260522_growme_EN_9x16_FX-test_ZT-power_RS-P1X1R3C3_wxx,2026-05-22,growme,EN,9x16,test,power,,P1X1R3C3,P1,X1,R3,C3,,wxx,,,complete,WW,account_all_WW.csv,0.0,0.91,159.0,2.52,0.0,False
20260522_growme_EN_9x16_FX-test_ZT-read_RS-P1X1R3C1_gy,20260522_growme_EN_9x16_FX-test_ZT-read_RS-P1X1R3C1_gy,2026-05-22,growme,EN,9x16,test,read,,P1X1R3C1,P1,X1,R3,C1,,gy,,,complete,WW,account_all_WW.csv,0.0,3.76,2005.0,1.6,0.0,False
20260522_growme_TR_9x16_FX-test_ZT-B2_RS-P1X1R3C3_wxx,20260522_growme_TR_9x16_FX-test_ZT-B2_RS-P1X1R3C3_wxx,2026-05-22,growme,TR,9x16,test,B2,,P1X1R3C3,P1,X1,R3,C3,,wxx,,,complete,WW,account_all_WW.csv,1.0,30.16,20241.0,0.96,0.28,True
20260522_growme_TR_9x16_FX-test_ZT-daily_RS-P1X1R3C1_gy,20260522_growme_TR_9x16_FX-test_ZT-daily_RS-P1X1R3C1_gy,2026-05-22,growme,TR,9x16,test,daily,,P1X1R3C1,P1,X1,R3,C1,,gy,,,complete,WW,account_all_WW.csv,0.0,0.12,97.0,1.03,0.0,False
20260522_growme_TR_9x16_FX-test_ZT-read_RS-P1X1R3C1_gy,20260522_growme_TR_9x16_FX-test_ZT-read_RS-P1X1R3C1_gy,2026-05-22,growme,TR,9x16,test,read,,P1X1R3C1,P1,X1,R3,C1,,gy,,,complete,WW,account_all_WW.csv,4.0,61.42,39368.0,0.93,0.7,True
20260522_growme_VI_9x16_FX-test_ZT-B2_RS-P1X1R3C3_wxx,20260522_growme_VI_9x16_FX-test_ZT-B2_RS-P1X1R3C3_wxx,2026-05-22,growme,VI,9x16,test,B2,,P1X1R3C3,P1,X1,R3,C3,,wxx,,,complete,WW,account_all_WW.csv,2.0,26.57,12075.0,1.25,2.04,True
20260522_growme_VI_9x16_FX-test_ZT-read_RS-P1X1R3C1_gy,20260522_growme_VI_9x16_FX-test_ZT-read_RS-P1X1R3C1_gy,2026-05-22,growme,VI,9x16,test,read,,P1X1R3C1,P1,X1,R3,C1,,gy,,,complete,WW,account_all_WW.csv,0.0,41.76,21316.0,1.06,0.0,False
20260525_GrowMe_EN_9x16_FX-test_ZT-confidence_RS-P3X1R1C3_fj,20260525_GrowMe_EN_9x16_FX-test_ZT-confidence_RS-P3X1R1C3_fj,2026-05-25,GrowMe,EN,9x16,test,confidence,,P3X1R1C3,P3,X1,R1,C3,,fj,,,complete,WW,"0525week WW.xlsx,account_all_WW.csv",0.0,1.05,185.0,3.39,0.0,False
20260525_GrowMe_EN_9x16_FX-test_ZT-hello-ai_RS-P3X1R1C3_fj,20260525_GrowMe_EN_9x16_FX-test_ZT-hello-ai_RS-P3X1R1C3_fj,2026-05-25,GrowMe,EN,9x16,test,hello-ai,,P3X1R1C3,P3,X1,R1,C3,,fj,,,complete,WW,"0525week WW.xlsx,account_all_WW.csv",0.0,7.47,3175.0,1.83,0.0,False
20260525_GrowMe_EN_9x16_FX-test_ZT-learning_RS-P3X1R1C3_fj,20260525_GrowMe_EN_9x16_FX-test_ZT-learning_RS-P3X1R1C3_fj,2026-05-25,GrowMe,EN,9x16,test,learning,,P3X1R1C3,P3,X1,R1,C3,,fj,,,complete,WW,"0525week WW.xlsx,account_all_WW.csv",0.0,1.58,240.0,3.14,0.0,False
20260525_GrowMe_EN_9x16_FX-test_ZT-news_RS-P3X1R1C3_fj,20260525_GrowMe_EN_9x16_FX-test_ZT-news_RS-P3X1R1C3_fj,2026-05-25,GrowMe,EN,9x16,test,news,,P3X1R1C3,P3,X1,R1,C3,,fj,,,complete,WW,"0525week WW.xlsx,account_all_WW.csv",0.0,4.33,1178.0,0.88,0.0,False
20260525_GrowMe_EN_9x16_FX-test_ZT-talkabout_RS-P3X1R1C3_fj,20260525_GrowMe_EN_9x16_FX-test_ZT-talkabout_RS-P3X1R1C3_fj,2026-05-25,GrowMe,EN,9x16,test,talkabout,,P3X1R1C3,P3,X1,R1,C3,,fj,,,complete,WW,"0525week WW.xlsx,account_all_WW.csv",0.0,13.299999999999999,3655.0,2.37,0.0,False
20260525_GrowMe_EN_9x16_FX-test_ZT-timedont_RS-P3X1R1C3_fj,20260525_GrowMe_EN_9x16_FX-test_ZT-timedont_RS-P3X1R1C3_fj,2026-05-25,GrowMe,EN,9x16,test,timedont,,P3X1R1C3,P3,X1,R1,C3,,fj,,,complete,WW,"0525week WW.xlsx,account_all_WW.csv",0.0,4.07,1127.0,1.31,0.0,False
20260525_growme_EN_9x16_FX-Creative_ZT-slow-English_RS-P1X1R3C3_zl_01,20260525_growme_EN_9x16_FX-Creative_ZT-slow-English_RS-P1X1R3C3_zl_01,2026-05-25,growme,EN,9x16,Creative,slow-English,,P1X1R3C3,P1,X1,R3,C3,,其他,01,,complete,WW,"0525week WW.xlsx,account_all_WW.csv",0.0,4.26,1079.0,6.97,0.0,False
20260525_growme_EN_9x16_FX-Creative_ZT-slow-English_RS-P1X1R3C3_zl_02,20260525_growme_EN_9x16_FX-Creative_ZT-slow-English_RS-P1X1R3C3_zl_02,2026-05-25,growme,EN,9x16,Creative,slow-English,,P1X1R3C3,P1,X1,R3,C3,,其他,02,,complete,WW,account_all_WW.csv,0.0,29.9,7275.0,1.77,0.0,False
20260525_growme_EN_9x16_FX-Creative_ZT-slow-English_RS-P1X1R3C3_zl_03,20260525_growme_EN_9x16_FX-Creative_ZT-slow-English_RS-P1X1R3C3_zl_03,2026-05-25,growme,EN,9x16,Creative,slow-English,,P1X1R3C3,P1,X1,R3,C3,,其他,03,,complete,WW,account_all_WW.csv,0.0,0.09,71.0,0.0,0.0,False
20260525_growme_EN_9x16_FX-Creative_ZT-slow-English_RS-P1X1R3C3_zx_04,20260525_growme_EN_9x16_FX-Creative_ZT-slow-English_RS-P1X1R3C3_zx_04,2026-05-25,growme,EN,9x16,Creative,slow-English,,P1X1R3C3,P1,X1,R3,C3,,其他,04,,complete,WW,"0525week WW.xlsx,account_all_WW.csv",0.0,0.9600000000000001,271.0,1.12,0.0,False
20260525_growme_EN_9x16_FX-Creative_ZT-slow-English_RS-P1X1R3C3_zx_05,20260525_growme_EN_9x16_FX-Creative_ZT-slow-English_RS-P1X1R3C3_zx_05,2026-05-25,growme,EN,9x16,Creative,slow-English,,P1X1R3C3,P1,X1,R3,C3,,其他,05,,complete,WW,account_all_WW.csv,0.0,0.66,198.0,1.01,0.0,False
20260525_growme_EN_9x16_FX-Creative_ZT-slow-English_RS-P1X1R3C3_zx_06,20260525_growme_EN_9x16_FX-Creative_ZT-slow-English_RS-P1X1R3C3_zx_06,2026-05-25,growme,EN,9x16,Creative,slow-English,,P1X1R3C3,P1,X1,R3,C3,,其他,06,,complete,WW,"0525week WW.xlsx,account_all_WW.csv",0.0,3.9799999999999995,1240.0,2.83,0.0,False
20260525_growme_EN_9x16_FX-test_ZT-confidence_RS-P1X1R3C1_gy,20260525_growme_EN_9x16_FX-test_ZT-confidence_RS-P1X1R3C1_gy,2026-05-25,growme,EN,9x16,test,confidence,,P1X1R3C1,P1,X1,R3,C1,,gy,,,complete,WW,"0525week WW.xlsx,account_all_WW.csv",0.0,22.81,4899.0,2.12,0.0,False
20260525_growme_EN_9x16_FX-test_ZT-education_RS-P1X1R3C1_gy,20260525_growme_EN_9x16_FX-test_ZT-education_RS-P1X1R3C1_gy,2026-05-25,growme,EN,9x16,test,education,,P1X1R3C1,P1,X1,R3,C1,,gy,,,complete,WW,"0525week WW.xlsx,account_all_WW.csv",0.0,2.13,685.0,2.08,0.0,False
20260525_growme_EN_9x16_FX-test_ZT-love_RS-P1X1R3C1_gy,20260525_growme_EN_9x16_FX-test_ZT-love_RS-P1X1R3C1_gy,2026-05-25,growme,EN,9x16,test,love,,P1X1R3C1,P1,X1,R3,C1,,gy,,,complete,WW,"0525week WW.xlsx,account_all_WW.csv",1.0,189.15,52751.0,2.33,6.03,True
20260525_growme_EN_9x16_FX-test_ZT-niupizhi_RS-P1X1R3C1_gy,20260525_growme_EN_9x16_FX-test_ZT-niupizhi_RS-P1X1R3C1_gy,2026-05-25,growme,EN,9x16,test,niupizhi,,P1X1R3C1,P1,X1,R3,C1,,gy,,,complete,WW,"0525week WW.xlsx,account_all_WW.csv",451.0,10744.74,6022677.0,1.23,0.85,True
20260525_growme_EN_9x16_FX-test_ZT-opinion_RS-P1X1R3C1_gy,20260525_growme_EN_9x16_FX-test_ZT-opinion_RS-P1X1R3C1_gy,2026-05-25,growme,EN,9x16,test,opinion,,P1X1R3C1,P1,X1,R3,C1,,gy,,,complete,WW,"0525week WW.xlsx,account_all_WW.csv",0.0,5.68,1682.0,1.2,0.0,False
20260525_growme_EN_9x16_FX-test_ZT-read_RS-P1X1R3C1_gy,20260525_growme_EN_9x16_FX-test_ZT-read_RS-P1X1R3C1_gy,2026-05-25,growme,EN,9x16,test,read,,P1X1R3C1,P1,X1,R3,C1,,gy,,,complete,WW,"0525week WW.xlsx,account_all_WW.csv",0.0,34.66,5736.0,1.52,0.0,False
20260525_growme_EN_9x16_FX-test_ZT-zixin_RS-P1X1R3C1_gy,20260525_growme_EN_9x16_FX-test_ZT-zixin_RS-P1X1R3C1_gy,2026-05-25,growme,EN,9x16,test,zixin,,P1X1R3C1,P1,X1,R3,C1,,gy,,,complete,WW,"0525week WW.xlsx,account_all_WW.csv",0.0,1.97,217.0,4.69,0.0,False
20260526_0_GrowMe_EN_9x16_FX-Creative_ZT-restart_RS-P3X1R1C3_gy,20260526_0_GrowMe_EN_9x16_FX-Creative_ZT-restart_RS-P3X1R1C3_gy,2026-05-26,0_GrowMe,EN,9x16,Creative,restart,,P3X1R1C3,P3,X1,R1,C3,,gy,,,complete,WW,"0525week WW.xlsx,account_all_WW.csv",0.0,9.14,2580.0,4.68,0.0,False
20260526_GrowMe_EN_9x16_FX-Creative_ZT-11things_RS-P3X1R1C3_fj,20260526_GrowMe_EN_9x16_FX-Creative_ZT-11things_RS-P3X1R1C3_fj,2026-05-26,GrowMe,EN,9x16,Creative,11things,,P3X1R1C3,P3,X1,R1,C3,,fj,,,complete,WW,"0525week WW.xlsx,account_all_WW.csv",22.0,978.0799999999999,294014.0,2.0,0.38,True
20260526_GrowMe_EN_9x16_FX-Creative_ZT-2years_RS-P3X1R1C3_fj,20260526_GrowMe_EN_9x16_FX-Creative_ZT-2years_RS-P3X1R1C3_fj,2026-05-26,GrowMe,EN,9x16,Creative,2years,,P3X1R1C3,P3,X1,R1,C3,,fj,,,complete,WW,"0525week WW.xlsx,account_all_WW.csv",0.0,2.4,430.0,1.43,0.0,False
20260526_GrowMe_EN_9x16_FX-Creative_ZT-habbit_RS-P3X1R1C3_gy,20260526_GrowMe_EN_9x16_FX-Creative_ZT-habbit_RS-P3X1R1C3_gy,2026-05-26,GrowMe,EN,9x16,Creative,habbit,,P3X1R1C3,P3,X1,R1,C3,,gy,,,complete,WW,"0525week WW.xlsx,account_all_WW.csv",0.0,0.0,18.0,0.0,0.0,False
20260526_GrowMe_EN_9x16_FX-Creative_ZT-job_RS-P3X1R1C3_gy,20260526_GrowMe_EN_9x16_FX-Creative_ZT-job_RS-P3X1R1C3_gy,2026-05-26,GrowMe,EN,9x16,Creative,job,,P3X1R1C3,P3,X1,R1,C3,,gy,,,complete,WW,"0525week WW.xlsx,account_all_WW.csv",0.0,0.4,81.0,2.53,0.0,False
20260526_GrowMe_EN_9x16_FX-Creative_ZT-mine_RS-P3X1R1C3_gy,20260526_GrowMe_EN_9x16_FX-Creative_ZT-mine_RS-P3X1R1C3_gy,2026-05-26,GrowMe,EN,9x16,Creative,mine,,P3X1R1C3,P3,X1,R1,C3,,gy,,,complete,WW,"0525week WW.xlsx,account_all_WW.csv",0.0,9.059999999999999,1389.0,2.39,0.0,False
20260526_GrowMe_EN_9x16_FX-Creative_ZT-onehabits_RS-P3X1R1C3_fj,20260526_GrowMe_EN_9x16_FX-Creative_ZT-onehabits_RS-P3X1R1C3_fj,2026-05-26,GrowMe,EN,9x16,Creative,onehabits,,P3X1R1C3,P3,X1,R1,C3,,fj,,,complete,WW,"0525week WW.xlsx,account_all_WW.csv",0.0,1.6400000000000001,311.0,0.81,0.0,False
20260526_GrowMe_EN_9x16_FX-Creative_ZT-plan_RS-P3X1R1C3_gy,20260526_GrowMe_EN_9x16_FX-Creative_ZT-plan_RS-P3X1R1C3_gy,2026-05-26,GrowMe,EN,9x16,Creative,plan,,P3X1R1C3,P3,X1,R1,C3,,gy,,,complete,WW,"0525week WW.xlsx,account_all_WW.csv",0.0,14.1,2927.0,1.82,0.0,False
20260526_GrowMe_EN_9x16_FX-Creative_ZT-slowburn_RS-P3X1R1C3_fj,20260526_GrowMe_EN_9x16_FX-Creative_ZT-slowburn_RS-P3X1R1C3_fj,2026-05-26,GrowMe,EN,9x16,Creative,slowburn,,P3X1R1C3,P3,X1,R1,C3,,fj,,,complete,WW,"0525week WW.xlsx,account_all_WW.csv",0.0,0.82,129.0,0.81,0.0,False
20260526_GrowMe_EN_9x16_FX-Creative_ZT-theolder_RS-P3X1R1C3_fj,20260526_GrowMe_EN_9x16_FX-Creative_ZT-theolder_RS-P3X1R1C3_fj,2026-05-26,GrowMe,EN,9x16,Creative,theolder,,P3X1R1C3,P3,X1,R1,C3,,fj,,,complete,WW,"0525week WW.xlsx,account_all_WW.csv",0.0,1.16,177.0,0.56,0.0,False
20260526_GrowMe_EN_9x16_FX-test_ZT-2years_RS-P3X1R1C3_fj,20260526_GrowMe_EN_9x16_FX-test_ZT-2years_RS-P3X1R1C3_fj,2026-05-26,GrowMe,EN,9x16,test,2years,,P3X1R1C3,P3,X1,R1,C3,,fj,,,complete,WW,"0525week WW.xlsx,account_all_WW.csv",0.0,0.17,53.0,5.56,0.0,False
20260526_growme_EN_9x16_FX-test_ZT-add_RS-P1X1R3C3_wxx,20260526_growme_EN_9x16_FX-test_ZT-add_RS-P1X1R3C3_wxx,2026-05-26,growme,EN,9x16,test,add,,P1X1R3C3,P1,X1,R3,C3,,wxx,,,complete,WW,"0525week WW.xlsx,account_all_WW.csv",0.0,6.08,1037.0,1.46,0.0,False
20260527_GrowMe_EN_9x16_FX-Creative_ZT-actually_RS-P3X1R1C3_fj,20260527_GrowMe_EN_9x16_FX-Creative_ZT-actually_RS-P3X1R1C3_fj,2026-05-27,GrowMe,EN,9x16,Creative,actually,,P3X1R1C3,P3,X1,R1,C3,,fj,,,complete,WW,"0525week WW.xlsx,account_all_WW.csv",0.0,0.62,130.0,2.52,0.0,False
20260527_GrowMe_EN_9x16_FX-Creative_ZT-girl_RS-P3X1R1C3_fj,20260527_GrowMe_EN_9x16_FX-Creative_ZT-girl_RS-P3X1R1C3_fj,2026-05-27,GrowMe,EN,9x16,Creative,girl,,P3X1R1C3,P3,X1,R1,C3,,fj,,,complete,WW,"0525week WW.xlsx,account_all_WW.csv",0.0,0.02,21.0,0.0,0.0,False
20260527_GrowMe_EN_9x16_FX-Creative_ZT-grow_RS-P3X1R1C3_gy,20260527_GrowMe_EN_9x16_FX-Creative_ZT-grow_RS-P3X1R1C3_gy,2026-05-27,GrowMe,EN,9x16,Creative,grow,,P3X1R1C3,P3,X1,R1,C3,,gy,,,complete,WW,"0525week WW.xlsx,account_all_WW.csv",0.0,5.72,882.0,0.8,0.0,False
20260527_GrowMe_EN_9x16_FX-Creative_ZT-quick_RS-P3X1R1C3_fj,20260527_GrowMe_EN_9x16_FX-Creative_ZT-quick_RS-P3X1R1C3_fj,2026-05-27,GrowMe,EN,9x16,Creative,quick,,P3X1R1C3,P3,X1,R1,C3,,fj,,,complete,WW,"0525week WW.xlsx,account_all_WW.csv",0.0,0.55,194.0,4.17,0.0,False
20260527_GrowMe_EN_9x16_FX-Creative_ZT-relationship_RS-P3X1R1C3_gy,20260527_GrowMe_EN_9x16_FX-Creative_ZT-relationship_RS-P3X1R1C3_gy,2026-05-27,GrowMe,EN,9x16,Creative,relationship,,P3X1R1C3,P3,X1,R1,C3,,gy,,,complete,WW,"0525week WW.xlsx,account_all_WW.csv",0.0,22.580000000000002,5105.0,1.82,0.0,False
20260527_GrowMe_EN_9x16_FX-Creative_ZT-self_RS-P3X1R1C3_gy,20260527_GrowMe_EN_9x16_FX-Creative_ZT-self_RS-P3X1R1C3_gy,2026-05-27,GrowMe,EN,9x16,Creative,self,,P3X1R1C3,P3,X1,R1,C3,,gy,,,complete,WW,"0525week WW.xlsx,account_all_WW.csv",0.0,0.0,10.0,10.0,0.0,False
20260527_GrowMe_EN_9x16_FX-Creative_ZT-sloe-beain_RS-P3X1R1C3_fj,20260527_GrowMe_EN_9x16_FX-Creative_ZT-sloe-beain_RS-P3X1R1C3_fj,2026-05-27,GrowMe,EN,9x16,Creative,sloe-beain,,P3X1R1C3,P3,X1,R1,C3,,fj,,,complete,WW,"0525week WW.xlsx,account_all_WW.csv",0.0,0.12,52.0,2.0,0.0,False
20260527_GrowMe_EN_9x16_FX-Creative_ZT-speak_RS-P3X1R1C3_gy,20260527_GrowMe_EN_9x16_FX-Creative_ZT-speak_RS-P3X1R1C3_gy,2026-05-27,GrowMe,EN,9x16,Creative,speak,,P3X1R1C3,P3,X1,R1,C3,,gy,,,complete,WW,"0525week WW.xlsx,account_all_WW.csv",0.0,36.78,10212.0,1.3,0.0,False
20260527_GrowMe_EN_9x16_FX-Creative_ZT-sucess_RS-P3X1R1C3_gy,20260527_GrowMe_EN_9x16_FX-Creative_ZT-sucess_RS-P3X1R1C3_gy,2026-05-27,GrowMe,EN,9x16,Creative,sucess,,P3X1R1C3,P3,X1,R1,C3,,gy,,,complete,WW,"0525week WW.xlsx,account_all_WW.csv",0.0,18.84,3419.0,0.99,0.0,False
20260527_GrowMe_EN_9x16_FX-Creative_ZT-wellspoken_RS-P3X1R1C3_fj,20260527_GrowMe_EN_9x16_FX-Creative_ZT-wellspoken_RS-P3X1R1C3_fj,2026-05-27,GrowMe,EN,9x16,Creative,wellspoken,,P3X1R1C3,P3,X1,R1,C3,,fj,,,complete,WW,"0525week WW.xlsx,account_all_WW.csv",0.0,0.33,79.0,0.0,0.0,False
20260527_growme_EN_9x16_FX-Creatives_ZT-fluency_RS-P1X1R3C3_wxx,20260527_growme_EN_9x16_FX-Creatives_ZT-fluency_RS-P1X1R3C3_wxx,2026-05-27,growme,EN,9x16,Creatives,fluency,,P1X1R3C3,P1,X1,R3,C3,,wxx,,,complete,WW,"0525week WW.xlsx,account_all_WW.csv",16.0,414.14,79774.0,1.59,0.62,True
20260527_growme_EN_9x16_FX-Creatives_ZT-listen_RS-P1X1R3C3_wxx,20260527_growme_EN_9x16_FX-Creatives_ZT-listen_RS-P1X1R3C3_wxx,2026-05-27,growme,EN,9x16,Creatives,listen,,P1X1R3C3,P1,X1,R3,C3,,wxx,,,complete,WW,"0525week WW.xlsx,account_all_WW.csv",0.0,0.86,143.0,0.72,0.0,False
20260527_growme_EN_9x16_FX-Creatives_ZT-routine_RS-P1X1R3C3_wxx,20260527_growme_EN_9x16_FX-Creatives_ZT-routine_RS-P1X1R3C3_wxx,2026-05-27,growme,EN,9x16,Creatives,routine,,P1X1R3C3,P1,X1,R3,C3,,wxx,,,complete,WW,"0525week WW.xlsx,account_all_WW.csv",0.0,19.5,7856.0,2.51,0.0,False
20260528_GrowMe_EN_9x16_FX-Creative_ZT- money_RS-P3X1R1C3_fj,20260528_GrowMe_EN_9x16_FX-Creative_ZT-money_RS-P3X1R1C3_fj,2026-05-28,GrowMe,EN,9x16,Creative,money,,P3X1R1C3,P3,X1,R1,C3,,fj,,,complete,WW,"0525week WW.xlsx,account_all_WW.csv",0.0,6.86,2922.0,1.54,0.0,False
20260528_GrowMe_EN_9x16_FX-Creative_ZT-A2english_RS-P3X1R1C3_fj,20260528_GrowMe_EN_9x16_FX-Creative_ZT-A2english_RS-P3X1R1C3_fj,2026-05-28,GrowMe,EN,9x16,Creative,A2english,,P3X1R1C3,P3,X1,R1,C3,,fj,,,complete,WW,"0525week WW.xlsx,account_all_WW.csv",1.0,23.69,18144.0,2.04,2.72,True
20260528_GrowMe_EN_9x16_FX-Creative_ZT-author_RS-P3X1R1C3_fj,20260528_GrowMe_EN_9x16_FX-Creative_ZT-author_RS-P3X1R1C3_fj,2026-05-28,GrowMe,EN,9x16,Creative,author,,P3X1R1C3,P3,X1,R1,C3,,fj,,,complete,WW,"0525week WW.xlsx,account_all_WW.csv",0.0,0.02,22.0,0.0,0.0,False
20260528_GrowMe_EN_9x16_FX-Creative_ZT-silence_RS-P3X1R1C3_fj,20260528_GrowMe_EN_9x16_FX-Creative_ZT-silence_RS-P3X1R1C3_fj,2026-05-28,GrowMe,EN,9x16,Creative,silence,,P3X1R1C3,P3,X1,R1,C3,,fj,,,complete,WW,"0525week WW.xlsx,account_all_WW.csv",0.0,18.0,9305.0,2.26,0.0,False
20260528_GrowMe_EN_9x16_FX-Creative_ZT-speakceo_RS-P3X1R1C3_fj,20260528_GrowMe_EN_9x16_FX-Creative_ZT-speakceo_RS-P3X1R1C3_fj,2026-05-28,GrowMe,EN,9x16,Creative,speakceo,,P3X1R1C3,P3,X1,R1,C3,,fj,,,complete,WW,"0525week WW.xlsx,account_all_WW.csv",0.0,5.52,1635.0,0.73,0.0,False
20260528_GrowMe_EN_9x16_FX-Formats_ZT-Classic page-turning_RS-P3X1R1C3_fj,20260528_GrowMe_EN_9x16_FX-Formats_ZT-Classic page-turning_RS-P3X1R1C3_fj,2026-05-28,GrowMe,EN,9x16,Formats,Classic page-turning,,P3X1R1C3,P3,X1,R1,C3,,fj,,,complete,WW,account_all_WW.csv,0.0,3.2699999999999996,1582.0,1.09,0.0,False
20260528_GrowMe_EN_9x16_FX-Formats_ZT-jiemian_RS-P3X1R1C3_gy,20260528_GrowMe_EN_9x16_FX-Formats_ZT-jiemian_RS-P3X1R1C3_gy,2026-05-28,GrowMe,EN,9x16,Formats,jiemian,,P3X1R1C3,P3,X1,R1,C3,,gy,,,complete,WW,account_all_WW.csv,0.0,0.79,525.0,1.06,0.0,False
20260528_GrowMe_EN_9x16_FX-Formats_ZT-news reporter_RS-P3X1R1C3_fj,20260528_GrowMe_EN_9x16_FX-Formats_ZT-news reporter_RS-P3X1R1C3_fj,2026-05-28,GrowMe,EN,9x16,Formats,news reporter,,P3X1R1C3,P3,X1,R1,C3,,fj,,,complete,WW,account_all_WW.csv,0.0,1.6,558.0,1.37,0.0,False
20260528_GrowMe_EN_9x16_FX-Formats_ZT-xinwen_RS-P3X1R1C3_gy,20260528_GrowMe_EN_9x16_FX-Formats_ZT-xinwen_RS-P3X1R1C3_gy,2026-05-28,GrowMe,EN,9x16,Formats,xinwen,,P3X1R1C3,P3,X1,R1,C3,,gy,,,complete,WW,"0525week WW.xlsx,account_all_WW.csv",33.0,1894.18,562776.0,1.53,0.42,True
20260528_GrowMe_EN_9x16_FX-convercation_ZT-keep_RS-P3X1R1C3_gy,20260528_GrowMe_EN_9x16_FX-convercation_ZT-keep_RS-P3X1R1C3_gy,2026-05-28,GrowMe,EN,9x16,convercation,keep,,P3X1R1C3,P3,X1,R1,C3,,gy,,,complete,WW,"0525week WW.xlsx,account_all_WW.csv",0.0,60.3,35570.0,1.94,0.0,False
20260528_GrowMe_EN_9x16_FX-convercation_ZT-speak_RS-P3X1R1C3_gy,20260528_GrowMe_EN_9x16_FX-convercation_ZT-speak_RS-P3X1R1C3_gy,2026-05-28,GrowMe,EN,9x16,convercation,speak,,P3X1R1C3,P3,X1,R1,C3,,gy,,,complete,WW,account_all_WW.csv,0.0,0.01,15.0,11.11,0.0,False
20260528_GrowMe_EN_9x16_FX-convercation_ZT-study_RS-P3X1R1C3_gy,20260528_GrowMe_EN_9x16_FX-convercation_ZT-study_RS-P3X1R1C3_gy,2026-05-28,GrowMe,EN,9x16,convercation,study,,P3X1R1C3,P3,X1,R1,C3,,gy,,,complete,WW,"0525week WW.xlsx,account_all_WW.csv",0.0,2.75,1871.0,0.98,0.0,False
20260528_GrowMe_EN_9x16_FX-convercation_ZT-think_RS-P3X1R1C3_gy,20260528_GrowMe_EN_9x16_FX-convercation_ZT-think_RS-P3X1R1C3_gy,2026-05-28,GrowMe,EN,9x16,convercation,think,,P3X1R1C3,P3,X1,R1,C3,,gy,,,complete,WW,account_all_WW.csv,0.0,0.0,8.0,0.0,0.0,False
20260528_GrowMe_EN_9x16_FX-convercation_ZT-warn_RS-P3X1R1C3_gy,20260528_GrowMe_EN_9x16_FX-convercation_ZT-warn_RS-P3X1R1C3_gy,2026-05-28,GrowMe,EN,9x16,convercation,warn,,P3X1R1C3,P3,X1,R1,C3,,gy,,,complete,WW,"0525week WW.xlsx,account_all_WW.csv",0.0,0.04,34.0,19.3,0.0,False
20260528_growme_EN_9x16_FX-Creatives_ZT-waste2_RS-P1X1R3C3_wxx,20260528_growme_EN_9x16_FX-Creatives_ZT-waste2_RS-P1X1R3C3_wxx,2026-05-28,growme,EN,9x16,Creatives,waste2,,P1X1R3C3,P1,X1,R3,C3,,wxx,,,complete,WW,"0525week WW.xlsx,account_all_WW.csv",0.0,6.67,3862.0,1.27,0.0,False
20260528_growme_EN_9x16_FX-Creatives_ZT-waste_RS-P1X1R3C3_wxx,20260528_growme_EN_9x16_FX-Creatives_ZT-waste_RS-P1X1R3C3_wxx,2026-05-28,growme,EN,9x16,Creatives,waste,,P1X1R3C3,P1,X1,R3,C3,,wxx,,,complete,WW,account_all_WW.csv,0.0,5.52,1920.0,4.13,0.0,False
20260528_growme_EN_9x16_FX-Form_ZT-advice_RS-P1X1R3C3_wxx,20260528_growme_EN_9x16_FX-Form_ZT-advice_RS-P1X1R3C3_wxx,2026-05-28,growme,EN,9x16,Form,advice,,P1X1R3C3,P1,X1,R3,C3,,wxx,,,complete,WW,"0525week WW.xlsx,account_all_WW.csv",0.0,1.85,774.0,1.82,0.0,False
20260529_GrowMe_EN_9x16_FX-Creative_ZT-compare_RS-P3X1R1C3_gy,20260529_GrowMe_EN_9x16_FX-Creative_ZT-compare_RS-P3X1R1C3_gy,2026-05-29,GrowMe,EN,9x16,Creative,compare,,P3X1R1C3,P3,X1,R1,C3,,gy,,,complete,WW,"0525week WW.xlsx,account_all_WW.csv",0.0,0.0,15.0,0.0,0.0,False
20260529_GrowMe_EN_9x16_FX-Creative_ZT-journey_RS-P3X1R1C3_gy,20260529_GrowMe_EN_9x16_FX-Creative_ZT-journey_RS-P3X1R1C3_gy,2026-05-29,GrowMe,EN,9x16,Creative,journey,,P3X1R1C3,P3,X1,R1,C3,,gy,,,complete,WW,account_all_WW.csv,20.0,1015.47,516151.0,1.81,0.45,True
20260529_GrowMe_EN_9x16_FX-Creative_ZT-life_RS-P3X1R1C3_gy,20260529_GrowMe_EN_9x16_FX-Creative_ZT-life_RS-P3X1R1C3_gy,2026-05-29,GrowMe,EN,9x16,Creative,life,,P3X1R1C3,P3,X1,R1,C3,,gy,,,complete,WW,account_all_WW.csv,4.0,208.54000000000002,98884.0,1.47,0.3,True
20260529_GrowMe_EN_9x16_FX-Creative_ZT-you_RS-P3X1R1C3_gy,20260529_GrowMe_EN_9x16_FX-Creative_ZT-you_RS-P3X1R1C3_gy,2026-05-29,GrowMe,EN,9x16,Creative,you,,P3X1R1C3,P3,X1,R1,C3,,gy,,,complete,WW,account_all_WW.csv,0.0,0.02,17.0,0.0,0.0,False
20260529_growme_720x1280_oneway1_wxx_P1X1R1C3,20260529_growme_720x1280_oneway1_wxx_P1X1R1C3,2026-05-29,growme,EN,720x1280,oneway1,oneway1,,P1X1R1C3,P1,X1,R1,C3,,wxx,,,partial,WW,account_all_WW.csv,0.0,0.16,95.0,2.5,0.0,False
20260529_growme_720x1280_oneway2_wxx_P1X1R1C3,20260529_growme_720x1280_oneway2_wxx_P1X1R1C3,2026-05-29,growme,EN,720x1280,oneway2,oneway2,,P1X1R1C3,P1,X1,R1,C3,,wxx,,,partial,WW,"0525week WW.xlsx,account_all_WW.csv",0.0,6.15,3164.0,0.98,0.0,False
20260529_growme_720x1280_shengjing_wxx_P1X1R1C3,20260529_growme_720x1280_shengjing_wxx_P1X1R1C3,2026-05-29,growme,EN,720x1280,shengjing,shengjing,,P1X1R1C3,P1,X1,R1,C3,,wxx,,,partial,WW,"0525week WW.xlsx,account_all_WW.csv",0.0,3.75,1302.0,1.73,0.0,False
20260529_growme_720x1280_speak_wxx_P1X1R1C3,20260529_growme_720x1280_speak_wxx_P1X1R1C3,2026-05-29,growme,EN,720x1280,speak,speak,,P1X1R1C3,P1,X1,R1,C3,,wxx,,,partial,WW,"0525week WW.xlsx,account_all_WW.csv",0.0,17.699999999999996,11335.0,1.63,0.0,False
20260529_growme_EN_9x16_FX-Creative_ZT-leadership_RS-P1X1R3C3_ZH_RMG-4748A,20260529_growme_EN_9x16_FX-Creative_ZT-leadership_RS-P1X1R3C3_ZH,2026-05-29,growme,EN,9x16,Creative,leadership,,P1X1R3C3,P1,X1,R3,C3,,095KB,,RMG-4748A,complete,WW,"0601周WW的数据.csv,account_all_WW.csv",0.0,0.26,128.0,1.56,0.0,False
20260529_growme_EN_9x16_FX-Creative_ZT-leadership_RS-P1X1R3C3_ZH_RMG-4748B,20260529_growme_EN_9x16_FX-Creative_ZT-leadership_RS-P1X1R3C3_ZH,2026-05-29,growme,EN,9x16,Creative,leadership,,P1X1R3C3,P1,X1,R3,C3,,095KB,,RMG-4748B,complete,WW,"0601周WW的数据.csv,account_all_WW.csv",0.0,0.04,14.0,0.0,0.0,False
20260529_growme_EN_9x16_FX-Creative_ZT-leadership_RS-P1X1R3C3_ZH_RMG-4748C,20260529_growme_EN_9x16_FX-Creative_ZT-leadership_RS-P1X1R3C3_ZH,2026-05-29,growme,EN,9x16,Creative,leadership,,P1X1R3C3,P1,X1,R3,C3,,095KB,,RMG-4748C,complete,WW,"0601周WW的数据.csv,account_all_WW.csv",0.0,1.19,505.0,1.02,0.0,False
20260529_growme_EN_9x16_FX-Creative_ZT-leadership_RS-P1X1R3C3_ZH_RMG-4748D,20260529_growme_EN_9x16_FX-Creative_ZT-leadership_RS-P1X1R3C3_ZH,2026-05-29,growme,EN,9x16,Creative,leadership,,P1X1R3C3,P1,X1,R3,C3,,095KB,,RMG-4748D,complete,WW,"0601周WW的数据.csv,account_all_WW.csv",0.0,0.32,142.0,2.82,0.0,False
20260529_growme_EN_9x16_FX-Creative_ZT-leadership_RS-P1X1R3C3_ZH_RMG-4748E,20260529_growme_EN_9x16_FX-Creative_ZT-leadership_RS-P1X1R3C3_ZH,2026-05-29,growme,EN,9x16,Creative,leadership,,P1X1R3C3,P1,X1,R3,C3,,095KB,,RMG-4748E,complete,WW,"0601周WW的数据.csv,account_all_WW.csv",0.0,5.81,1801.0,0.87,0.0,False
20260529_growme_EN_9x16_FX-Creative_ZT-leadership_RS-P1X1R3C3_ZH_RMG-4748F,20260529_growme_EN_9x16_FX-Creative_ZT-leadership_RS-P1X1R3C3_ZH,2026-05-29,growme,EN,9x16,Creative,leadership,,P1X1R3C3,P1,X1,R3,C3,,095KB,,RMG-4748F,complete,WW,"0601周WW的数据.csv,account_all_WW.csv",0.0,1.26,470.0,0.0,0.0,False
20260529_growme_EN_9x16_FX-Creative_ZT-leadership_RS-P1X1R3C3_ZH_RMG-4748G,20260529_growme_EN_9x16_FX-Creative_ZT-leadership_RS-P1X1R3C3_ZH,2026-05-29,growme,EN,9x16,Creative,leadership,,P1X1R3C3,P1,X1,R3,C3,,095KB,,RMG-4748G,complete,WW,"0601周WW的数据.csv,account_all_WW.csv",0.0,5.3,1531.0,1.04,0.0,False
20260529_growme_EN_9x16_FX-Creative_ZT-leadership_RS-P1X1R3C3_ZH_RMG-4748H,20260529_growme_EN_9x16_FX-Creative_ZT-leadership_RS-P1X1R3C3_ZH,2026-05-29,growme,EN,9x16,Creative,leadership,,P1X1R3C3,P1,X1,R3,C3,,095KB,,RMG-4748H,complete,WW,"0601周WW的数据.csv,account_all_WW.csv",0.0,1.54,606.0,0.0,0.0,False
20260529_growme_EN_9x16_FX-Creative_ZT-leadership_RS-P1X1R3C3_ZH_RMG-4748I,20260529_growme_EN_9x16_FX-Creative_ZT-leadership_RS-P1X1R3C3_ZH,2026-05-29,growme,EN,9x16,Creative,leadership,,P1X1R3C3,P1,X1,R3,C3,,095KB,,RMG-4748I,complete,WW,"0601周WW的数据.csv,account_all_WW.csv",0.0,1.12,530.0,0.0,0.0,False
20260529_growme_EN_9x16_FX-Creative_ZT-leadership_RS-P1X1R3C3_ZH_RMG-4748J,20260529_growme_EN_9x16_FX-Creative_ZT-leadership_RS-P1X1R3C3_ZH,2026-05-29,growme,EN,9x16,Creative,leadership,,P1X1R3C3,P1,X1,R3,C3,,095KB,,RMG-4748J,complete,WW,"0601周WW的数据.csv,account_all_WW.csv",0.0,9.33,3528.0,1.08,0.0,False
20260529_growme_EN_9x16_FX-Formats_ZT-read_RS-P1X1R3C1_gy,20260529_growme_EN_9x16_FX-Formats_ZT-read_RS-P1X1R3C1_gy,2026-05-29,growme,EN,9x16,Formats,read,,P1X1R3C1,P1,X1,R3,C1,,gy,,,complete,WW,account_all_WW.csv,0.0,17.23,11801.0,1.2,0.0,False
20260601_GrowMe_0_EN_9x16_FX-Formats_ZT-read_RS-P3X1R1C3_gy,20260601_GrowMe_0_EN_9x16_FX-Formats_ZT-read_RS-P3X1R1C3_gy,2026-06-01,GrowMe_0,EN,9x16,Formats,read,,P3X1R1C3,P3,X1,R1,C3,,gy,,,complete,WW,"0601周WW的数据.csv,account_all_WW.csv",0.0,2.7800000000000002,950.0,2.21,0.0,False
20260601_GrowMe_EN_9x16_FX-Communication_ZT-read_RS-P3X1R1C3_gy,20260601_GrowMe_EN_9x16_FX-Communication_ZT-read_RS-P3X1R1C3_gy,2026-06-01,GrowMe,EN,9x16,Communication,read,,P3X1R1C3,P3,X1,R1,C3,,gy,,,complete,WW,"0601周WW的数据.csv,account_all_WW.csv",2.0,72.42999999999999,33794.0,1.48,0.3,True
20260601_GrowMe_EN_9x16_FX-Learning_ZT-eadingpower_RS-P3X1R1C3_fj,20260601_GrowMe_EN_9x16_FX-Learning_ZT-eadingpower_RS-P3X1R1C3_fj,2026-06-01,GrowMe,EN,9x16,Learning,eadingpower,,P3X1R1C3,P3,X1,R1,C3,,fj,,,complete,WW,"0601周WW的数据.csv,account_all_WW.csv",0.0,8.75,3387.0,0.92,0.0,False
20260601_GrowMe_EN_9x16_FX-Learning_ZT-englishpresentation_RS-P3X1R1C3_fj,20260601_GrowMe_EN_9x16_FX-Learning_ZT-englishpresentation_RS-P3X1R1C3_fj,2026-06-01,GrowMe,EN,9x16,Learning,englishpresentation,,P3X1R1C3,P3,X1,R1,C3,,fj,,,complete,WW,"0601周WW的数据.csv,account_all_WW.csv",2.0,153.43,80460.0,1.65,0.16,True
20260601_GrowMe_EN_9x16_FX-Learning_ZT-life_RS-P3X1R1C3_gy,20260601_GrowMe_EN_9x16_FX-Learning_ZT-life_RS-P3X1R1C3_gy,2026-06-01,GrowMe,EN,9x16,Learning,life,,P3X1R1C3,P3,X1,R1,C3,,gy,,,complete,WW,"0601周WW的数据.csv,account_all_WW.csv",16.0,703.39,379390.0,1.3,0.9,True
20260601_GrowMe_EN_9x16_FX-Learning_ZT-listen_RS-P3X1R1C3_gy,20260601_GrowMe_EN_9x16_FX-Learning_ZT-listen_RS-P3X1R1C3_gy,2026-06-01,GrowMe,EN,9x16,Learning,listen,,P3X1R1C3,P3,X1,R1,C3,,gy,,,complete,WW,"0601周WW的数据.csv,account_all_WW.csv",0.0,0.51,219.0,2.74,0.0,False
20260601_GrowMe_EN_9x16_FX-Learning_ZT-trainbrain_RS-P3X1R1C3_fj,20260601_GrowMe_EN_9x16_FX-Learning_ZT-trainbrain_RS-P3X1R1C3_fj,2026-06-01,GrowMe,EN,9x16,Learning,trainbrain,,P3X1R1C3,P3,X1,R1,C3,,fj,,,complete,WW,"0601周WW的数据.csv,account_all_WW.csv",18.0,1039.21,531828.0,2.22,0.28,True
20260601_GrowMe_EN_9x16_FX-LifeLessons_ZT-mindset_RS-P3X1R1C3_gy,20260601_GrowMe_EN_9x16_FX-LifeLessons_ZT-mindset_RS-P3X1R1C3_gy,2026-06-01,GrowMe,EN,9x16,LifeLessons,mindset,,P3X1R1C3,P3,X1,R1,C3,,gy,,,complete,WW,"0601周WW的数据.csv,account_all_WW.csv",0.0,5.36,1694.0,0.59,0.0,False
20260601_GrowMe_EN_9x16_FX-LifeLessons_ZT-nomoney_RS-P3X1R1C3_fj,20260601_GrowMe_EN_9x16_FX-LifeLessons_ZT-nomoney_RS-P3X1R1C3_fj,2026-06-01,GrowMe,EN,9x16,LifeLessons,nomoney,,P3X1R1C3,P3,X1,R1,C3,,fj,,,complete,WW,"0601周WW的数据.csv,account_all_WW.csv",0.0,0.5900000000000001,254.0,0.79,0.0,False
20260601_GrowMe_EN_9x16_FX-Quotes_ZT-xiezi_RS-P3X1R1C3_fj,20260601_GrowMe_EN_9x16_FX-Quotes_ZT-xiezi_RS-P3X1R1C3_fj,2026-06-01,GrowMe,EN,9x16,Quotes,xiezi,,P3X1R1C3,P3,X1,R1,C3,,fj,,,complete,WW,"0601周WW的数据.csv,account_all_WW.csv",0.0,223.85000000000002,73166.0,1.0,0.0,False
20260601_GrowMe_EN_9x16_FX-WomenEmpowerment_ZT-wait_RS-P3X1R1C3_gy,20260601_GrowMe_EN_9x16_FX-WomenEmpowerment_ZT-wait_RS-P3X1R1C3_gy,2026-06-01,GrowMe,EN,9x16,WomenEmpowerment,wait,,P3X1R1C3,P3,X1,R1,C3,,gy,,,complete,WW,"0601周WW的数据.csv,account_all_WW.csv",0.0,95.72,36763.0,1.82,0.0,False
20260601_growme_EN_9x16_FX-Finance_ZT-maderich_RS-P1X1R3C3_wxx,20260601_growme_EN_9x16_FX-Finance_ZT-maderich_RS-P1X1R3C3_wxx,2026-06-01,growme,EN,9x16,Finance,maderich,,P1X1R3C3,P1,X1,R3,C3,,wxx,,,complete,WW,"0601周WW的数据.csv,account_all_WW.csv",0.0,2.74,1144.0,0.52,0.0,False
20260601_growme_EN_9x16_FX-Learning_ZT-booklist_RS-P1X1R3C3_wxx,20260601_growme_EN_9x16_FX-Learning_ZT-booklist_RS-P1X1R3C3_wxx,2026-06-01,growme,EN,9x16,Learning,booklist,,P1X1R3C3,P1,X1,R3,C3,,wxx,,,complete,WW,"0601周WW的数据.csv,account_all_WW.csv",0.0,1.2,625.0,0.4,0.0,False
20260601_growme_EN_9x16_FX-Learning_ZT-communication_RS-P1X1R3C3_wxx,20260601_growme_EN_9x16_FX-Learning_ZT-communication_RS-P1X1R3C3_wxx,2026-06-01,growme,EN,9x16,Learning,communication,,P1X1R3C3,P1,X1,R3,C3,,wxx,,,complete,WW,"0601周WW的数据.csv,account_all_WW.csv",2.0,173.56,102768.0,1.72,0.17,True
20260601_growme_EN_9x16_FX-Quotes_ZT-meaningful_RS-P1X1R3C3_wxx,20260601_growme_EN_9x16_FX-Quotes_ZT-meaningful_RS-P1X1R3C3_wxx,2026-06-01,growme,EN,9x16,Quotes,meaningful,,P1X1R3C3,P1,X1,R3,C3,,wxx,,,complete,WW,"0601周WW的数据.csv,account_all_WW.csv",0.0,0.24000000000000002,186.0,3.53,0.0,False
20260601_growme_EN_9x16_FX-lifelessons_ZT-education_RS-P1X1R3C3_wxx,20260601_growme_EN_9x16_FX-lifelessons_ZT-education_RS-P1X1R3C3_wxx,2026-06-01,growme,EN,9x16,lifelessons,education,,P1X1R3C3,P1,X1,R3,C3,,wxx,,,complete,WW,"0601周WW的数据.csv,account_all_WW.csv",6.0,75.60000000000001,49096.0,1.48,1.3,True
20260602_GrowMe_0_EN_9x16_FX-Growth_ZT-naixin_RS-P3X1R1C3_gy,20260602_GrowMe_0_EN_9x16_FX-Growth_ZT-naixin_RS-P3X1R1C3_gy,2026-06-02,GrowMe_0,EN,9x16,Growth,naixin,,P3X1R1C3,P3,X1,R1,C3,,gy,,,complete,WW,"0601周WW的数据.csv,account_all_WW.csv",0.0,0.96,278.0,1.44,0.0,False
20260602_GrowMe_0_EN_9x16_FX-Learning_ZT-read_RS-P3X1R1C3_gy,20260602_GrowMe_0_EN_9x16_FX-Learning_ZT-read_RS-P3X1R1C3_gy,2026-06-02,GrowMe_0,EN,9x16,Learning,read,,P3X1R1C3,P3,X1,R1,C3,,gy,,,complete,WW,"0601周WW的数据.csv,account_all_WW.csv",17.0,527.1600000000001,264332.0,1.32,1.11,True
20260602_GrowMe_0_EN_9x16_FX-Learning_ZT-speak_RS-P3X1R1C3_gy,20260602_GrowMe_0_EN_9x16_FX-Learning_ZT-speak_RS-P3X1R1C3_gy,2026-06-02,GrowMe_0,EN,9x16,Learning,speak,,P3X1R1C3,P3,X1,R1,C3,,gy,,,complete,WW,"0601周WW的数据.csv,account_all_WW.csv",0.0,2.58,1697.0,1.06,0.0,False
20260602_GrowMe_0_EN_9x16_FX-LifeLessons_ZT-confidence_RS-P3X1R1C3_gy,20260602_GrowMe_0_EN_9x16_FX-LifeLessons_ZT-confidence_RS-P3X1R1C3_gy,2026-06-02,GrowMe_0,EN,9x16,LifeLessons,confidence,,P3X1R1C3,P3,X1,R1,C3,,gy,,,complete,WW,"0601周WW的数据.csv,account_all_WW.csv",2.0,172.81,77321.0,1.52,0.26,True
20260602_GrowMe_0_EN_9x16_FX-LifeLessons_ZT-read_RS-P3X1R1C3_gy,20260602_GrowMe_0_EN_9x16_FX-LifeLessons_ZT-read_RS-P3X1R1C3_gy,2026-06-02,GrowMe_0,EN,9x16,LifeLessons,read,,P3X1R1C3,P3,X1,R1,C3,,gy,,,complete,WW,"0601周WW的数据.csv,account_all_WW.csv",0.0,0.44999999999999996,267.0,1.41,0.0,False
20260602_GrowMe_0_EN_9x16_FX-Quotes_ZT-dream_RS-P3X1R1C3_gy,20260602_GrowMe_0_EN_9x16_FX-Quotes_ZT-dream_RS-P3X1R1C3_gy,2026-06-02,GrowMe_0,EN,9x16,Quotes,dream,,P3X1R1C3,P3,X1,R1,C3,,gy,,,complete,WW,"0601周WW的数据.csv,account_all_WW.csv",0.0,0.1,96.0,0.0,0.0,False
20260602_GrowMe_EN_9x16_FX-Communication_ZT- voice_RS-P3X1R1C3_fj,20260602_GrowMe_EN_9x16_FX-Communication_ZT-voice_RS-P3X1R1C3_fj,2026-06-02,GrowMe,EN,9x16,Communication,voice,,P3X1R1C3,P3,X1,R1,C3,,fj,,,complete,WW,"0601周WW的数据.csv,account_all_WW.csv",2.0,127.02000000000001,61914.0,1.25,0.17,True
20260602_GrowMe_EN_9x16_FX-Communication_ZT-Foryour_RS-P3X1R1C3_fj_jql,20260602_GrowMe_EN_9x16_FX-Communication_ZT-Foryour_RS-P3X1R1C3_jql,2026-06-02,GrowMe,EN,9x16,Communication,Foryour,,P3X1R1C3,P3,X1,R1,C3,,jql,,,complete,WW,"0601周WW的数据.csv,account_all_WW.csv",0.0,1.06,372.0,0.54,0.0,False
20260602_GrowMe_EN_9x16_FX-Communication_ZT-d1_RS-P3X1R1C3_fj,20260602_GrowMe_EN_9x16_FX-Communication_ZT-d1_RS-P3X1R1C3_fj,2026-06-02,GrowMe,EN,9x16,Communication,d1,,P3X1R1C3,P3,X1,R1,C3,,fj,,,complete,WW,"0601周WW的数据.csv,account_all_WW.csv",2.0,236.23000000000002,112609.0,1.96,0.32,True
20260602_GrowMe_EN_9x16_FX-Communication_ZT-reading_RS-P3X1R1C3_fj,20260602_GrowMe_EN_9x16_FX-Communication_ZT-reading_RS-P3X1R1C3_fj,2026-06-02,GrowMe,EN,9x16,Communication,reading,,P3X1R1C3,P3,X1,R1,C3,,fj,,,complete,WW,"0601周WW的数据.csv,account_all_WW.csv",4.0,429.42,306964.0,1.87,0.06,True
20260602_GrowMe_EN_9x16_FX-EmotionalHealth_ZT-6anxiety_RS-P3X1R1C3_fj_jql,20260602_GrowMe_EN_9x16_FX-EmotionalHealth_ZT-6anxiety_RS-P3X1R1C3_jql,2026-06-02,GrowMe,EN,9x16,EmotionalHealth,6anxiety,,P3X1R1C3,P3,X1,R1,C3,,jql,,,complete,WW,"0601周WW的数据.csv,account_all_WW.csv",0.0,2.57,1094.0,0.37,0.0,False
20260602_GrowMe_EN_9x16_FX-EmotionalHealth_ZT-Mentalhealth_RS-P3X1R1C3_fj_jql,20260602_GrowMe_EN_9x16_FX-EmotionalHealth_ZT-Mentalhealth_RS-P3X1R1C3_jql,2026-06-02,GrowMe,EN,9x16,EmotionalHealth,Mentalhealth,,P3X1R1C3,P3,X1,R1,C3,,jql,,,complete,WW,"0601周WW的数据.csv,account_all_WW.csv",0.0,0.1,84.0,0.0,0.0,False
20260602_GrowMe_EN_9x16_FX-EmotionalHealth_ZT-Relieveanxiety_RS-P3X1R1C3_fj_jql,20260602_GrowMe_EN_9x16_FX-EmotionalHealth_ZT-Relieveanxiety_RS-P3X1R1C3_jql,2026-06-02,GrowMe,EN,9x16,EmotionalHealth,Relieveanxiety,,P3X1R1C3,P3,X1,R1,C3,,jql,,,complete,WW,"0601周WW的数据.csv,account_all_WW.csv",0.0,0.08,80.0,2.5,0.0,False
20260602_GrowMe_EN_9x16_FX-EmotionalHealth_ZT-pride_RS-P3X1R1C3_fj_jql,20260602_GrowMe_EN_9x16_FX-EmotionalHealth_ZT-pride_RS-P3X1R1C3_jql,2026-06-02,GrowMe,EN,9x16,EmotionalHealth,pride,,P3X1R1C3,P3,X1,R1,C3,,jql,,,complete,WW,"0601周WW的数据.csv,account_all_WW.csv",0.0,0.68,260.0,0.77,0.0,False
20260602_GrowMe_EN_9x16_FX-Growth_ZT-startover_RS-P3X1R1C3_fj,20260602_GrowMe_EN_9x16_FX-Growth_ZT-startover_RS-P3X1R1C3_fj,2026-06-02,GrowMe,EN,9x16,Growth,startover,,P3X1R1C3,P3,X1,R1,C3,,fj,,,complete,WW,"0601周WW的数据.csv,account_all_WW.csv",0.0,1.78,730.0,1.37,0.0,False
20260602_GrowMe_EN_9x16_FX-LifeLessons_ZT-4 words_RS-P3X1R1C3_fj_jql,20260602_GrowMe_EN_9x16_FX-LifeLessons_ZT-4 words_RS-P3X1R1C3_jql,2026-06-02,GrowMe,EN,9x16,LifeLessons,4 words,,P3X1R1C3,P3,X1,R1,C3,,jql,,,complete,WW,"0601周WW的数据.csv,account_all_WW.csv",0.0,1.16,524.0,0.76,0.0,False
20260602_GrowMe_EN_9x16_FX-LifeLessons_ZT-Letnature_RS-P3X1R1C3_fj_jql,20260602_GrowMe_EN_9x16_FX-LifeLessons_ZT-Letnature_RS-P3X1R1C3_jql,2026-06-02,GrowMe,EN,9x16,LifeLessons,Letnature,,P3X1R1C3,P3,X1,R1,C3,,jql,,,complete,WW,"0601周WW的数据.csv,account_all_WW.csv",0.0,0.44,258.0,2.33,0.0,False
20260602_GrowMe_EN_9x16_FX-LifeLessons_ZT-Lifeadvice_RS-P3X1R1C3_fj_jql,20260602_GrowMe_EN_9x16_FX-LifeLessons_ZT-Lifeadvice_RS-P3X1R1C3_jql,2026-06-02,GrowMe,EN,9x16,LifeLessons,Lifeadvice,,P3X1R1C3,P3,X1,R1,C3,,jql,,,complete,WW,"0601周WW的数据.csv,account_all_WW.csv",0.0,0.04,26.0,0.0,0.0,False
20260602_GrowMe_EN_9x16_FX-Mindset_ZT-behindlife_RS-P3X1R1C3_fj,20260602_GrowMe_EN_9x16_FX-Mindset_ZT-behindlife_RS-P3X1R1C3_fj,2026-06-02,GrowMe,EN,9x16,Mindset,behindlife,,P3X1R1C3,P3,X1,R1,C3,,fj,,,complete,WW,"0601周WW的数据.csv,account_all_WW.csv",0.0,0.0,34.0,0.0,0.0,False
20260602_GrowMe_EN_9x16_FX-Mindset_ZT-phone_RS-P3X1R1C3_fj_jql,20260602_GrowMe_EN_9x16_FX-Mindset_ZT-phone_RS-P3X1R1C3_jql,2026-06-02,GrowMe,EN,9x16,Mindset,phone,,P3X1R1C3,P3,X1,R1,C3,,jql,,,complete,WW,"0601周WW的数据.csv,account_all_WW.csv",0.0,0.48,346.0,0.0,0.0,False
20260602_GrowMe_EN_9x16_FX-Mindset_ZT-speech_RS-P3X1R1C3_fj_jql,20260602_GrowMe_EN_9x16_FX-Mindset_ZT-speech_RS-P3X1R1C3_jql,2026-06-02,GrowMe,EN,9x16,Mindset,speech,,P3X1R1C3,P3,X1,R1,C3,,jql,,,complete,WW,"0601周WW的数据.csv,account_all_WW.csv",0.0,1.4,412.0,1.94,0.0,False
20260602_GrowMe_EN_9x16_FX-Quotes_ZT-10books_RS-P3X1R1C3_fj,20260602_GrowMe_EN_9x16_FX-Quotes_ZT-10books_RS-P3X1R1C3_fj,2026-06-02,GrowMe,EN,9x16,Quotes,10books,,P3X1R1C3,P3,X1,R1,C3,,fj,,,complete,WW,"0601周WW的数据.csv,account_all_WW.csv",0.0,0.66,474.0,1.66,0.0,False
20260602_GrowMe_EN_9x16_FX-WomenEmpowerment_ZT-woman_RS-P3X1R1C3_fj,20260602_GrowMe_EN_9x16_FX-WomenEmpowerment_ZT-woman_RS-P3X1R1C3_fj,2026-06-02,GrowMe,EN,9x16,WomenEmpowerment,woman,,P3X1R1C3,P3,X1,R1,C3,,fj,,,complete,WW,"0601周WW的数据.csv,account_all_WW.csv",0.0,0.14,98.0,0.0,0.0,False
20260602_growme_EN_9x16_FX-Quotes_ZT-101_RS-P1X1R3C3_wxx,20260602_growme_EN_9x16_FX-Quotes_ZT-101_RS-P1X1R3C3_wxx,2026-06-02,growme,EN,9x16,Quotes,101,,P1X1R3C3,P1,X1,R3,C3,,wxx,,,complete,WW,"0601周WW的数据.csv,account_all_WW.csv",0.0,0.04,40.0,0.0,0.0,False
20260602_growme_EN_9x16_FX-Quotes_ZT-book_RS-P1X1R3C3_wxx,20260602_growme_EN_9x16_FX-Quotes_ZT-book_RS-P1X1R3C3_wxx,2026-06-02,growme,EN,9x16,Quotes,book,,P1X1R3C3,P1,X1,R3,C3,,wxx,,,complete,WW,"0601周WW的数据.csv,account_all_WW.csv",2.0,146.43999999999997,65281.0,1.06,0.49,True
20260602_growme_EN_9x16_FX-Quotes_ZT-focus_RS-P1X1R3C3_wxx,20260602_growme_EN_9x16_FX-Quotes_ZT-focus_RS-P1X1R3C3_wxx,2026-06-02,growme,EN,9x16,Quotes,focus,,P1X1R3C3,P1,X1,R3,C3,,wxx,,,complete,WW,"0601周WW的数据.csv,account_all_WW.csv",0.0,15.87,6464.0,1.48,0.0,False
20260602_growme_EN_9x16_FX-Quotes_ZT-survive_RS-P1X1R3C3_wxx,20260602_growme_EN_9x16_FX-Quotes_ZT-survive_RS-P1X1R3C3_wxx,2026-06-02,growme,EN,9x16,Quotes,survive,,P1X1R3C3,P1,X1,R3,C3,,wxx,,,complete,WW,"0601周WW的数据.csv,account_all_WW.csv",0.0,63.81,39090.0,0.78,0.0,False
20260602_growme_EN_9x16_FX-WomenEmpowerment_ZT-cichang_RS-P1X1R3C3_wxx,20260602_growme_EN_9x16_FX-WomenEmpowerment_ZT-cichang_RS-P1X1R3C3_wxx,2026-06-02,growme,EN,9x16,WomenEmpowerment,cichang,,P1X1R3C3,P1,X1,R3,C3,,wxx,,,complete,WW,"0601周WW的数据.csv,account_all_WW.csv",0.0,0.18,170.0,0.0,0.0,False
20260603_GrowMe_0_EN_9x16_FX-Learning_ZT-speak_RS-P3X1R1C3_gy,20260603_GrowMe_0_EN_9x16_FX-Learning_ZT-speak_RS-P3X1R1C3_gy,2026-06-03,GrowMe_0,EN,9x16,Learning,speak,,P3X1R1C3,P3,X1,R1,C3,,gy,,,complete,WW,"0601周WW的数据.csv,account_all_WW.csv",24.0,856.5400000000001,561860.0,1.32,0.51,True
20260603_GrowMe_EN_9x16_FX- Focus_ZT- yourself_RS-P3X1R1C3_fj,20260603_GrowMe_EN_9x16_FX-Focus_ZT-yourself_RS-P3X1R1C3_fj,2026-06-03,GrowMe,EN,9x16,Focus,yourself,,P3X1R1C3,P3,X1,R1,C3,,fj,,,complete,WW,"0601周WW的数据.csv,account_all_WW.csv",0.0,0.14,95.0,0.0,0.0,False
20260603_GrowMe_EN_9x16_FX- Focus_ZT-morning_RS-P3X1R1C3_fj,20260603_GrowMe_EN_9x16_FX-Focus_ZT-morning_RS-P3X1R1C3_fj,2026-06-03,GrowMe,EN,9x16,Focus,morning,,P3X1R1C3,P3,X1,R1,C3,,fj,,,complete,WW,"0601周WW的数据.csv,account_all_WW.csv",0.0,1.2999999999999998,461.0,1.3,0.0,False
20260603_GrowMe_EN_9x16_FX-Discipline_ZT-2choice_RS-P3X1R1C3_fj_jql,20260603_GrowMe_EN_9x16_FX-Discipline_ZT-2choice_RS-P3X1R1C3_jql,2026-06-03,GrowMe,EN,9x16,Discipline,2choice,,P3X1R1C3,P3,X1,R1,C3,,jql,,,complete,WW,"0601周WW的数据.csv,account_all_WW.csv",0.0,0.26,194.0,1.03,0.0,False
20260603_GrowMe_EN_9x16_FX-Discipline_ZT-thinking_RS-P3X1R1C3_fj_jql,20260603_GrowMe_EN_9x16_FX-Discipline_ZT-thinking_RS-P3X1R1C3_jql,2026-06-03,GrowMe,EN,9x16,Discipline,thinking,,P3X1R1C3,P3,X1,R1,C3,,jql,,,complete,WW,"0601周WW的数据.csv,account_all_WW.csv",0.0,1.36,1096.0,1.46,0.0,False
20260603_GrowMe_EN_9x16_FX-EmotionalHealth_ZT- ifyou_RS-P3X1R1C3_fj_jql,20260603_GrowMe_EN_9x16_FX-EmotionalHealth_ZT-ifyou_RS-P3X1R1C3_jql,2026-06-03,GrowMe,EN,9x16,EmotionalHealth,ifyou,,P3X1R1C3,P3,X1,R1,C3,,jql,,,complete,WW,"0601周WW的数据.csv,account_all_WW.csv",0.0,0.14,82.0,2.44,0.0,False
20260603_GrowMe_EN_9x16_FX-Formats_ZT-respect_RS-P3X1R1C3_gy,20260603_GrowMe_EN_9x16_FX-Formats_ZT-respect_RS-P3X1R1C3_gy,2026-06-03,GrowMe,EN,9x16,Formats,respect,,P3X1R1C3,P3,X1,R1,C3,,gy,,,complete,WW,"0601周WW的数据.csv,account_all_WW.csv",0.0,0.52,272.0,2.21,0.0,False
20260603_GrowMe_EN_9x16_FX-Formats_ZTdonghua_RS-P3X1R1C3_gy,20260603_GrowMe_EN_9x16_FX-Formats_ZT-donghua_RS-P3X1R1C3_gy,2026-06-03,GrowMe,EN,9x16,Formats,donghua,,P3X1R1C3,P3,X1,R1,C3,,gy,,,complete,WW,"0601周WW的数据.csv,account_all_WW.csv",0.0,0.18,200.0,1.0,0.0,False
20260603_GrowMe_EN_9x16_FX-Growth_ZT-change_RS-P3X1R1C3_gy,20260603_GrowMe_EN_9x16_FX-Growth_ZT-change_RS-P3X1R1C3_gy,2026-06-03,GrowMe,EN,9x16,Growth,change,,P3X1R1C3,P3,X1,R1,C3,,gy,,,complete,WW,"0601周WW的数据.csv,account_all_WW.csv",2.0,111.49000000000001,59296.0,1.18,0.24,True
20260603_GrowMe_EN_9x16_FX-Mindset_ZT- dosomeing_RS-P3X1R1C3_fj_jql,20260603_GrowMe_EN_9x16_FX-Mindset_ZT-dosomeing_RS-P3X1R1C3_jql,2026-06-03,GrowMe,EN,9x16,Mindset,dosomeing,,P3X1R1C3,P3,X1,R1,C3,,jql,,,complete,WW,"0601周WW的数据.csv,account_all_WW.csv",0.0,0.38,232.0,0.0,0.0,False
20260603_GrowMe_EN_9x16_FX-Mindset_ZT- just reminder_RS-P3X1R1C3_fj_jql,20260603_GrowMe_EN_9x16_FX-Mindset_ZT-just reminder_RS-P3X1R1C3_jql,2026-06-03,GrowMe,EN,9x16,Mindset,just reminder,,P3X1R1C3,P3,X1,R1,C3,,jql,,,complete,WW,"0601周WW的数据.csv,account_all_WW.csv",0.0,2.12,763.0,0.79,0.0,False
20260603_GrowMe_EN_9x16_FX-Mindset_ZT- work_RS-P3X1R1C3_fj_jql,20260603_GrowMe_EN_9x16_FX-Mindset_ZT-work_RS-P3X1R1C3_jql,2026-06-03,GrowMe,EN,9x16,Mindset,work,,P3X1R1C3,P3,X1,R1,C3,,jql,,,complete,WW,"0601周WW的数据.csv,account_all_WW.csv",0.0,6.67,2719.0,0.81,0.0,False
20260603_GrowMe_EN_9x16_FX-Mindset_ZT-howto_RS-P3X1R1C3_fj_jql,20260603_GrowMe_EN_9x16_FX-Mindset_ZT-howto_RS-P3X1R1C3_jql,2026-06-03,GrowMe,EN,9x16,Mindset,howto,,P3X1R1C3,P3,X1,R1,C3,,jql,,,complete,WW,"0601周WW的数据.csv,account_all_WW.csv",0.0,6.890000000000001,2892.0,0.66,0.0,False
20260603_GrowMe_EN_9x16_FX-Mindset_ZT-stronger_RS-P3X1R1C3_gy,20260603_GrowMe_EN_9x16_FX-Mindset_ZT-stronger_RS-P3X1R1C3_gy,2026-06-03,GrowMe,EN,9x16,Mindset,stronger,,P3X1R1C3,P3,X1,R1,C3,,gy,,,complete,WW,"0601周WW的数据.csv,account_all_WW.csv",0.0,0.18,90.0,0.0,0.0,False
20260603_GrowMe_EN_9x16_FX-Quotes_ZT-11things_RS-P3X1R1C3_fj,20260603_GrowMe_EN_9x16_FX-Quotes_ZT-11things_RS-P3X1R1C3_fj,2026-06-03,GrowMe,EN,9x16,Quotes,11things,,P3X1R1C3,P3,X1,R1,C3,,fj,,,complete,WW,"0601周WW的数据.csv,account_all_WW.csv",0.0,3.26,1355.0,0.74,0.0,False
20260603_GrowMe_EN_9x16_FX-Quotes_ZT-nostalgia_RS-P3X1R1C3_gy,20260603_GrowMe_EN_9x16_FX-Quotes_ZT-nostalgia_RS-P3X1R1C3_gy,2026-06-03,GrowMe,EN,9x16,Quotes,nostalgia,,P3X1R1C3,P3,X1,R1,C3,,gy,,,complete,WW,"0601周WW的数据.csv,account_all_WW.csv",0.0,1.45,1077.0,1.11,0.0,False
20260603_GrowMe_EN_9x16_FX-SelfImprovement_ZT-dontcare_RS-P3X1R1C3_fj_jql,20260603_GrowMe_EN_9x16_FX-SelfImprovement_ZT-dontcare_RS-P3X1R1C3_jql,2026-06-03,GrowMe,EN,9x16,SelfImprovement,dontcare,,P3X1R1C3,P3,X1,R1,C3,,jql,,,complete,WW,"0601周WW的数据.csv,account_all_WW.csv",0.0,1.0,469.0,0.43,0.0,False
20260603_GrowMe_EN_9x16_FX-WomenEmpowerment_ZT- forgive_RS-P3X1R1C3_fj_jql,20260603_GrowMe_EN_9x16_FX-WomenEmpowerment_ZT-forgive_RS-P3X1R1C3_jql,2026-06-03,GrowMe,EN,9x16,WomenEmpowerment,forgive,,P3X1R1C3,P3,X1,R1,C3,,jql,,,complete,WW,"0601周WW的数据.csv,account_all_WW.csv",0.0,3.8400000000000003,1544.0,0.72,0.0,False
20260603_GrowMe_EN_9x16_FX-WomenEmpowerment_ZT-forgive_RS-P3X1R1C3_gy,20260603_GrowMe_EN_9x16_FX-WomenEmpowerment_ZT-forgive_RS-P3X1R1C3_gy,2026-06-03,GrowMe,EN,9x16,WomenEmpowerment,forgive,,P3X1R1C3,P3,X1,R1,C3,,gy,,,complete,WW,"0601周WW的数据.csv,account_all_WW.csv",2.0,128.76,49804.0,1.42,0.17,True
20260603_GrowMe_EN_9x16_FX-WomenEmpowerment_ZT-nofriends_RS-P3X1R1C3_fj,20260603_GrowMe_EN_9x16_FX-WomenEmpowerment_ZT-nofriends_RS-P3X1R1C3_fj,2026-06-03,GrowMe,EN,9x16,WomenEmpowerment,nofriends,,P3X1R1C3,P3,X1,R1,C3,,fj,,,complete,WW,"0601周WW的数据.csv,account_all_WW.csv",0.0,6.46,2416.0,1.49,0.0,False
20260603_GrowMe_EN_9x16_FX-WomenEmpowerment_ZT-women_RS-P3X1R1C3_fj_jql,20260603_GrowMe_EN_9x16_FX-WomenEmpowerment_ZT-women_RS-P3X1R1C3_jql,2026-06-03,GrowMe,EN,9x16,WomenEmpowerment,women,,P3X1R1C3,P3,X1,R1,C3,,jql,,,complete,WW,"0601周WW的数据.csv,account_all_WW.csv",0.0,0.30000000000000004,284.0,1.41,0.0,False
20260603_GrowMe_EN_9x16_FX-fear_ZT-d1_RS-P3X1R1C3_fj,20260603_GrowMe_EN_9x16_FX-fear_ZT-d1_RS-P3X1R1C3_fj,2026-06-03,GrowMe,EN,9x16,fear,d1,,P3X1R1C3,P3,X1,R1,C3,,fj,,,complete,WW,"0601周WW的数据.csv,account_all_WW.csv",2.0,115.26,51569.0,2.17,0.47,True
20260603_growme_EN_9x16_FX-Learning_ZT-singsong_RS-P1X1R3C3_wxx,20260603_growme_EN_9x16_FX-Learning_ZT-singsong_RS-P1X1R3C3_wxx,2026-06-03,growme,EN,9x16,Learning,singsong,,P1X1R3C3,P1,X1,R3,C3,,wxx,,,complete,WW,"0601周WW的数据.csv,account_all_WW.csv",0.0,50.349999999999994,30260.0,1.14,0.0,False
20260603_growme_EN_9x16_FX-lifeisnoteasy_ZT-youshouldtry_RS-P1X1R3C3_wxx,20260603_growme_EN_9x16_FX-lifeisnoteasy_ZT-youshouldtry_RS-P1X1R3C3_wxx,2026-06-03,growme,EN,9x16,lifeisnoteasy,youshouldtry,,P1X1R3C3,P1,X1,R3,C3,,wxx,,,complete,WW,"0601周WW的数据.csv,account_all_WW.csv",0.0,7.07,4182.0,1.49,0.0,False
20260603_growme_EN_9x16_FX-lifelessons_ZT-lifeplanned_RS-P1X1R3C3_wxx,20260603_growme_EN_9x16_FX-lifelessons_ZT-lifeplanned_RS-P1X1R3C3_wxx,2026-06-03,growme,EN,9x16,lifelessons,lifeplanned,,P1X1R3C3,P1,X1,R3,C3,,wxx,,,complete,WW,"0601周WW的数据.csv,account_all_WW.csv",0.0,35.29,19838.0,1.34,0.0,False
20260603_growme_EN_9x16_FX-lifelessons_ZT-youshouldtry_RS-P1X1R3C3_wxx,20260603_growme_EN_9x16_FX-lifelessons_ZT-youshouldtry_RS-P1X1R3C3_wxx,2026-06-03,growme,EN,9x16,lifelessons,youshouldtry,,P1X1R3C3,P1,X1,R3,C3,,wxx,,,complete,WW,"0601周WW的数据.csv,account_all_WW.csv",2.0,313.61,145900.0,1.33,0.18,True
20260604_GrowMe_EN_9x16_FX-EmotionalHealth_ZT- anxiety_RS-P3X1R1C3_fj_jql,20260604_GrowMe_EN_9x16_FX-EmotionalHealth_ZT-anxiety_RS-P3X1R1C3_jql,2026-06-04,GrowMe,EN,9x16,EmotionalHealth,anxiety,,P3X1R1C3,P3,X1,R1,C3,,jql,,,complete,WW,"0601周WW的数据.csv,account_all_WW.csv",6.0,232.76000000000002,111447.0,1.74,0.5,True
20260604_GrowMe_EN_9x16_FX-Finance_ZT-18s_RS-P3X1R1C3_fj,20260604_GrowMe_EN_9x16_FX-Finance_ZT-18s_RS-P3X1R1C3_fj,2026-06-04,GrowMe,EN,9x16,Finance,18s,,P3X1R1C3,P3,X1,R1,C3,,fj,,,complete,WW,"0601周WW的数据.csv,account_all_WW.csv",0.0,0.56,298.0,0.0,0.0,False
20260604_GrowMe_EN_9x16_FX-Finance_ZT-turtle_RS-P3X1R1C3_fj_jql,20260604_GrowMe_EN_9x16_FX-Finance_ZT-turtle_RS-P3X1R1C3_jql,2026-06-04,GrowMe,EN,9x16,Finance,turtle,,P3X1R1C3,P3,X1,R1,C3,,jql,,,complete,WW,"0601周WW的数据.csv,account_all_WW.csv",0.0,0.12,54.0,0.0,0.0,False
20260604_GrowMe_EN_9x16_FX-Learning_ZT-book_RS-P3X1R1C3_gy,20260604_GrowMe_EN_9x16_FX-Learning_ZT-book_RS-P3X1R1C3_gy,2026-06-04,GrowMe,EN,9x16,Learning,book,,P3X1R1C3,P3,X1,R1,C3,,gy,,,complete,WW,"0601周WW的数据.csv,account_all_WW.csv",0.0,2.21,1366.0,2.05,0.0,False
20260604_GrowMe_EN_9x16_FX-Learning_ZT-doctor_RS-P3X1R1C3_gy,20260604_GrowMe_EN_9x16_FX-Learning_ZT-doctor_RS-P3X1R1C3_gy,2026-06-04,GrowMe,EN,9x16,Learning,doctor,,P3X1R1C3,P3,X1,R1,C3,,gy,,,complete,WW,"0601周WW的数据.csv,account_all_WW.csv",0.0,6.279999999999999,2590.0,1.78,0.0,False
20260604_GrowMe_EN_9x16_FX-Learning_ZT-habbit_RS-P3X1R1C3_gy,20260604_GrowMe_EN_9x16_FX-Learning_ZT-habbit_RS-P3X1R1C3_gy,2026-06-04,GrowMe,EN,9x16,Learning,habbit,,P3X1R1C3,P3,X1,R1,C3,,gy,,,complete,WW,"0601周WW的数据.csv,account_all_WW.csv",51.0,1917.3799999999999,750418.0,1.9,0.61,True
20260604_GrowMe_EN_9x16_FX-Learning_ZT-learn English_RS-P3X1R1C3_fj,20260604_GrowMe_EN_9x16_FX-Learning_ZT-learn English_RS-P3X1R1C3_fj,2026-06-04,GrowMe,EN,9x16,Learning,learn English,,P3X1R1C3,P3,X1,R1,C3,,fj,,,complete,WW,"0601周WW的数据.csv,account_all_WW.csv",0.0,2.29,982.0,1.02,0.0,False
20260604_GrowMe_EN_9x16_FX-LifeLessons_ZT-perfect_RS-P3X1R1C3_gy,20260604_GrowMe_EN_9x16_FX-LifeLessons_ZT-perfect_RS-P3X1R1C3_gy,2026-06-04,GrowMe,EN,9x16,LifeLessons,perfect,,P3X1R1C3,P3,X1,R1,C3,,gy,,,complete,WW,"0601周WW的数据.csv,account_all_WW.csv",0.0,68.64999999999999,36876.0,1.27,0.0,False
20260604_GrowMe_EN_9x16_FX-LifeLessons_ZT-try_RS-P3X1R1C3_gy,20260604_GrowMe_EN_9x16_FX-LifeLessons_ZT-try_RS-P3X1R1C3_gy,2026-06-04,GrowMe,EN,9x16,LifeLessons,try,,P3X1R1C3,P3,X1,R1,C3,,gy,,,complete,WW,"0601周WW的数据.csv,account_all_WW.csv",0.0,0.04,70.0,2.86,0.0,False
20260604_GrowMe_EN_9x16_FX-LifeLessons_ZTdontworry_RS-P3X1R1C3_fj,20260604_GrowMe_EN_9x16_FX-LifeLessons_ZT-dontworry_RS-P3X1R1C3_fj,2026-06-04,GrowMe,EN,9x16,LifeLessons,dontworry,,P3X1R1C3,P3,X1,R1,C3,,fj,,,complete,WW,"0601周WW的数据.csv,account_all_WW.csv",0.0,0.02,13.0,0.0,0.0,False
20260604_GrowMe_EN_9x16_FX-Mindset_ZT- change_RS-P3X1R1C3_fj_jql,20260604_GrowMe_EN_9x16_FX-Mindset_ZT-change_RS-P3X1R1C3_jql,2026-06-04,GrowMe,EN,9x16,Mindset,change,,P3X1R1C3,P3,X1,R1,C3,,jql,,,complete,WW,"0601周WW的数据.csv,account_all_WW.csv",0.0,80.47,41868.0,1.91,0.0,False
20260604_GrowMe_EN_9x16_FX-Mindset_ZT- happy_RS-P3X1R1C3_fj,20260604_GrowMe_EN_9x16_FX-Mindset_ZT-happy_RS-P3X1R1C3_fj,2026-06-04,GrowMe,EN,9x16,Mindset,happy,,P3X1R1C3,P3,X1,R1,C3,,fj,,,complete,WW,"0601周WW的数据.csv,account_all_WW.csv",0.0,2.29,1082.0,0.74,0.0,False
20260604_GrowMe_EN_9x16_FX-Mindset_ZT-strat_RS-P3X1R1C3_fj_jql,20260604_GrowMe_EN_9x16_FX-Mindset_ZT-strat_RS-P3X1R1C3_jql,2026-06-04,GrowMe,EN,9x16,Mindset,strat,,P3X1R1C3,P3,X1,R1,C3,,jql,,,complete,WW,"0601周WW的数据.csv,account_all_WW.csv",4.0,157.8,80920.0,0.84,0.56,True
20260604_GrowMe_EN_9x16_FX-Quotes_ZT-stop_RS-P3X1R1C3_fj,20260604_GrowMe_EN_9x16_FX-Quotes_ZT-stop_RS-P3X1R1C3_fj,2026-06-04,GrowMe,EN,9x16,Quotes,stop,,P3X1R1C3,P3,X1,R1,C3,,fj,,,complete,WW,"0601周WW的数据.csv,account_all_WW.csv",0.0,0.0,10.0,0.0,0.0,False
20260604_growme_EN_9x16_FX-Learning_ZT-reading_RS-P1X1R3C3_wxx,20260604_growme_EN_9x16_FX-Learning_ZT-reading_RS-P1X1R3C3_wxx,2026-06-04,growme,EN,9x16,Learning,reading,,P1X1R3C3,P1,X1,R3,C3,,wxx,,,complete,WW,"0601周WW的数据.csv,account_all_WW.csv",0.0,1.12,578.0,1.73,0.0,False
20260604_growme_EN_9x16_FX-lifelessons_ZT-leisi-choies_RS-P1X1R3C3_wxx,20260604_growme_EN_9x16_FX-lifelessons_ZT-leisi-choies_RS-P1X1R3C3_wxx,2026-06-04,growme,EN,9x16,lifelessons,leisi-choies,,P1X1R3C3,P1,X1,R3,C3,,wxx,,,complete,WW,"0601周WW的数据.csv,account_all_WW.csv",0.0,0.26,178.0,2.25,0.0,False
20260604_growme_EN_9x16_FX-lifelessons_ZT-leisi-noone_RS-P1X1R3C3_wxx,20260604_growme_EN_9x16_FX-lifelessons_ZT-leisi-noone_RS-P1X1R3C3_wxx,2026-06-04,growme,EN,9x16,lifelessons,leisi-noone,,P1X1R3C3,P1,X1,R3,C3,,wxx,,,complete,WW,"0601周WW的数据.csv,account_all_WW.csv",0.0,13.19,6416.0,1.58,0.0,False
20260604_growme_EN_9x16_FX-lifelessons_ZT-leisi_RS-P1X1R3C3_gy_wxx,20260604_growme_EN_9x16_FX-lifelessons_ZT-leisi_RS-P1X1R3C3_gy_wxx,2026-06-04,growme,EN,9x16,lifelessons,leisi,,P1X1R3C3,P1,X1,R3,C3,,gy,wxx,,complete,WW,"0601周WW的数据.csv,account_all_WW.csv",0.0,0.6,356.0,1.69,0.0,False
20260605_GrowMe_EN_9x16_FX-Communication_ZT-contro_RS-P3X1R1C3_fj,20260605_GrowMe_EN_9x16_FX-Communication_ZT-contro_RS-P3X1R1C3_fj,2026-06-05,GrowMe,EN,9x16,Communication,contro,,P3X1R1C3,P3,X1,R1,C3,,fj,,,complete,WW,"0601周WW的数据.csv,account_all_WW.csv",0.0,0.76,258.0,0.0,0.0,False
20260605_GrowMe_EN_9x16_FX-Learning_ZT-b1_RS-P3X1R1C3_fj,20260605_GrowMe_EN_9x16_FX-Learning_ZT-b1_RS-P3X1R1C3_fj,2026-06-05,GrowMe,EN,9x16,Learning,b1,,P3X1R1C3,P3,X1,R1,C3,,fj,,,complete,WW,"0601周WW的数据.csv,account_all_WW.csv",2.0,110.92,59023.0,1.31,0.16,True
20260605_GrowMe_EN_9x16_FX-Learning_ZT-privilege_RS-P3X1R1C3_fj,20260605_GrowMe_EN_9x16_FX-Learning_ZT-privilege_RS-P3X1R1C3_fj,2026-06-05,GrowMe,EN,9x16,Learning,privilege,,P3X1R1C3,P3,X1,R1,C3,,fj,,,complete,WW,"0601周WW的数据.csv,account_all_WW.csv",0.0,2.54,966.0,0.62,0.0,False
20260605_growme_EN_9x16_FX-learning_ZT-niupizhi1_RS-P1X1R3C3_wxx,20260605_growme_EN_9x16_FX-learning_ZT-niupizhi1_RS-P1X1R3C3_wxx,2026-06-05,growme,EN,9x16,learning,niupizhi1,,P1X1R3C3,P1,X1,R3,C3,,wxx,,,complete,WW,"0601周WW的数据.csv,account_all_WW.csv",0.0,3.28,970.0,1.03,0.0,False
20260605_growme_EN_9x16_FX-mindset_ZT-caise_RS-P1X1R3C3_wxx,20260605_growme_EN_9x16_FX-mindset_ZT-caise_RS-P1X1R3C3_wxx,2026-06-05,growme,EN,9x16,mindset,caise,,P1X1R3C3,P1,X1,R3,C3,,wxx,,,complete,WW,"0601周WW的数据.csv,account_all_WW.csv",0.0,1.79,761.0,1.44,0.0,False
20260605_growme_EN_9x16_FX-successful_ZT-color2_RS-P1X1R3C3_wxx,20260605_growme_EN_9x16_FX-successful_ZT-color2_RS-P1X1R3C3_wxx,2026-06-05,growme,EN,9x16,successful,color2,,P1X1R3C3,P1,X1,R3,C3,,wxx,,,complete,WW,"0601周WW的数据.csv,account_all_WW.csv",0.0,2.0700000000000003,498.0,1.21,0.0,False
20260605_growme_EN_9x16_FX-successful_ZT-color_RS-P1X1R3C3_wxx,20260605_growme_EN_9x16_FX-successful_ZT-color_RS-P1X1R3C3_wxx,2026-06-05,growme,EN,9x16,successful,color,,P1X1R3C3,P1,X1,R3,C3,,wxx,,,complete,WW,"0601周WW的数据.csv,account_all_WW.csv",0.0,3.18,1049.0,0.76,0.0,False
20260608_GrowMe_EN_9x16_FX-EmotionalHealth_ZT-4 sign_RS-P3X1R1C3_fj_jql,20260608_GrowMe_EN_9x16_FX-EmotionalHealth_ZT-4 sign_RS-P3X1R1C3_jql,2026-06-08,GrowMe,EN,9x16,EmotionalHealth,4 sign,,P3X1R1C3,P3,X1,R1,C3,,jql,,,complete,WW,account_all_WW.csv,0.0,0.05,43.0,0.0,0.0,False
20260608_GrowMe_EN_9x16_FX-Learning_ZT- love work_RS-P3X1R1C3_fj,20260608_GrowMe_EN_9x16_FX-Learning_ZT-love work_RS-P3X1R1C3_fj,2026-06-08,GrowMe,EN,9x16,Learning,love work,,P3X1R1C3,P3,X1,R1,C3,,fj,,,complete,WW,account_all_WW.csv,0.0,0.31,129.0,1.55,0.0,False
20260608_GrowMe_EN_9x16_FX-Learning_ZT- reading_RS-P3X1R1C3_fj,20260608_GrowMe_EN_9x16_FX-Learning_ZT-reading_RS-P3X1R1C3_fj,2026-06-08,GrowMe,EN,9x16,Learning,reading,,P3X1R1C3,P3,X1,R1,C3,,fj,,,complete,WW,account_all_WW.csv,0.0,24.48,8200.0,2.95,0.0,False
20260608_GrowMe_EN_9x16_FX-Learning_ZT-English_RS-P3X1R1C3_gy,20260608_GrowMe_EN_9x16_FX-Learning_ZT-English_RS-P3X1R1C3_gy,2026-06-08,GrowMe,EN,9x16,Learning,English,,P3X1R1C3,P3,X1,R1,C3,,gy,,,complete,WW,account_all_WW.csv,0.0,48.1,25425.0,0.94,0.0,False
20260608_GrowMe_EN_9x16_FX-Learning_ZT-b2_RS-P3X1R1C3_fj,20260608_GrowMe_EN_9x16_FX-Learning_ZT-b2_RS-P3X1R1C3_fj,2026-06-08,GrowMe,EN,9x16,Learning,b2,,P3X1R1C3,P3,X1,R1,C3,,fj,,,complete,WW,account_all_WW.csv,0.0,2.27,578.0,6.92,0.0,False
20260608_GrowMe_EN_9x16_FX-Learning_ZT-slowenglish_RS-P3X1R1C3_fj,20260608_GrowMe_EN_9x16_FX-Learning_ZT-slowenglish_RS-P3X1R1C3_fj,2026-06-08,GrowMe,EN,9x16,Learning,slowenglish,,P3X1R1C3,P3,X1,R1,C3,,fj,,,complete,WW,account_all_WW.csv,0.0,0.2,63.0,0.0,0.0,False
20260608_GrowMe_EN_9x16_FX-LifeLessons_ZT-goutong_RS-P3X1R1C3_gy,20260608_GrowMe_EN_9x16_FX-LifeLessons_ZT-goutong_RS-P3X1R1C3_gy,2026-06-08,GrowMe,EN,9x16,LifeLessons,goutong,,P3X1R1C3,P3,X1,R1,C3,,gy,,,complete,WW,account_all_WW.csv,0.0,51.88,21951.0,1.07,0.0,False
20260608_GrowMe_EN_9x16_FX-LifeLessons_ZT-life_RS-P3X1R1C3_gy,20260608_GrowMe_EN_9x16_FX-LifeLessons_ZT-life_RS-P3X1R1C3_gy,2026-06-08,GrowMe,EN,9x16,LifeLessons,life,,P3X1R1C3,P3,X1,R1,C3,,gy,,,complete,WW,account_all_WW.csv,0.0,0.18,131.0,0.76,0.0,False
20260608_GrowMe_EN_9x16_FX-LifeLessons_ZT-opinion_RS-P3X1R1C3_gy,20260608_GrowMe_EN_9x16_FX-LifeLessons_ZT-opinion_RS-P3X1R1C3_gy,2026-06-08,GrowMe,EN,9x16,LifeLessons,opinion,,P3X1R1C3,P3,X1,R1,C3,,gy,,,complete,WW,account_all_WW.csv,0.0,9.24,3626.0,1.49,0.0,False
20260608_GrowMe_EN_9x16_FX-LifeLessons_ZT-relationships_RS-P3X1R1C3_fj,20260608_GrowMe_EN_9x16_FX-LifeLessons_ZT-relationships_RS-P3X1R1C3_fj,2026-06-08,GrowMe,EN,9x16,LifeLessons,relationships,,P3X1R1C3,P3,X1,R1,C3,,fj,,,complete,WW,account_all_WW.csv,0.0,1.17,481.0,2.91,0.0,False
20260608_GrowMe_EN_9x16_FX-LifeLessons_ZT-self_RS-P3X1R1C3_gy,20260608_GrowMe_EN_9x16_FX-LifeLessons_ZT-self_RS-P3X1R1C3_gy,2026-06-08,GrowMe,EN,9x16,LifeLessons,self,,P3X1R1C3,P3,X1,R1,C3,,gy,,,complete,WW,account_all_WW.csv,1.0,91.91,42588.0,1.14,0.43,True
20260608_GrowMe_EN_9x16_FX-Mindset_ZT-build_RS-P3X1R1C3_fj_jql,20260608_GrowMe_EN_9x16_FX-Mindset_ZT-build_RS-P3X1R1C3_jql,2026-06-08,GrowMe,EN,9x16,Mindset,build,,P3X1R1C3,P3,X1,R1,C3,,jql,,,complete,WW,account_all_WW.csv,0.0,8.06,3837.0,0.91,0.0,False
20260608_GrowMe_EN_9x16_FX-Mindset_ZT-change_RS-P3X1R1C3_fj_jql,20260608_GrowMe_EN_9x16_FX-Mindset_ZT-change_RS-P3X1R1C3_jql,2026-06-08,GrowMe,EN,9x16,Mindset,change,,P3X1R1C3,P3,X1,R1,C3,,jql,,,complete,WW,account_all_WW.csv,0.0,30.34,10889.0,1.65,0.0,False
20260608_GrowMe_EN_9x16_FX-Mindset_ZT-giveup_RS-P3X1R1C3_fj_jql,20260608_GrowMe_EN_9x16_FX-Mindset_ZT-giveup_RS-P3X1R1C3_jql,2026-06-08,GrowMe,EN,9x16,Mindset,giveup,,P3X1R1C3,P3,X1,R1,C3,,jql,,,complete,WW,account_all_WW.csv,0.0,10.49,4019.0,2.21,0.0,False
20260608_GrowMe_EN_9x16_FX-Mindset_ZT-truest_RS-P3X1R1C3_fj_jql,20260608_GrowMe_EN_9x16_FX-Mindset_ZT-truest_RS-P3X1R1C3_jql,2026-06-08,GrowMe,EN,9x16,Mindset,truest,,P3X1R1C3,P3,X1,R1,C3,,jql,,,complete,WW,account_all_WW.csv,0.0,1.1,421.0,1.43,0.0,False
20260608_GrowMe_EN_9x16_FX-Mindset_ZT-value_RS-P3X1R1C3_fj_jql,20260608_GrowMe_EN_9x16_FX-Mindset_ZT-value_RS-P3X1R1C3_jql,2026-06-08,GrowMe,EN,9x16,Mindset,value,,P3X1R1C3,P3,X1,R1,C3,,jql,,,complete,WW,account_all_WW.csv,0.0,3.71,667.0,2.85,0.0,False
20260608_GrowMe_EN_9x16_FX-SelfImprovement_ZT-care about_RS-P3X1R1C3_fj_jql,20260608_GrowMe_EN_9x16_FX-SelfImprovement_ZT-care about_RS-P3X1R1C3_jql,2026-06-08,GrowMe,EN,9x16,SelfImprovement,care about,,P3X1R1C3,P3,X1,R1,C3,,jql,,,complete,WW,account_all_WW.csv,0.0,2.4,912.0,0.99,0.0,False
20260608_GrowMe_EN_9x16_FX-SelfImprovement_ZT-chicken soup_RS-P3X1R1C3_fj_jql,20260608_GrowMe_EN_9x16_FX-SelfImprovement_ZT-chicken soup_RS-P3X1R1C3_jql,2026-06-08,GrowMe,EN,9x16,SelfImprovement,chicken soup,,P3X1R1C3,P3,X1,R1,C3,,jql,,,complete,WW,account_all_WW.csv,0.0,22.21,8673.0,0.9,0.0,False
20260608_GrowMe_EN_9x16_FX-SelfImprovement_ZT-consistency_RS-P3X1R1C3_fj_jql,20260608_GrowMe_EN_9x16_FX-SelfImprovement_ZT-consistency_RS-P3X1R1C3_jql,2026-06-08,GrowMe,EN,9x16,SelfImprovement,consistency,,P3X1R1C3,P3,X1,R1,C3,,jql,,,complete,WW,account_all_WW.csv,0.0,2.3,1022.0,0.78,0.0,False
20260608_GrowMe_EN_9x16_FX-SelfImprovement_ZT-stop_RS-P3X1R1C3_fj_jql,20260608_GrowMe_EN_9x16_FX-SelfImprovement_ZT-stop_RS-P3X1R1C3_jql,2026-06-08,GrowMe,EN,9x16,SelfImprovement,stop,,P3X1R1C3,P3,X1,R1,C3,,jql,,,complete,WW,account_all_WW.csv,1.0,40.07,18472.0,1.08,0.62,True
20260608_growme_EN_9x16_FX-Learning_ZT-english_RS-P1X1R3C3_wxx,20260608_growme_EN_9x16_FX-Learning_ZT-english_RS-P1X1R3C3_wxx,2026-06-08,growme,EN,9x16,Learning,english,,P1X1R3C3,P1,X1,R3,C3,,wxx,,,complete,WW,account_all_WW.csv,0.0,2.09,338.0,2.37,0.0,False
20260608_growme_EN_9x16_FX-Successful _ZT-112_RS-P1X1R3C3_wxx,20260608_growme_EN_9x16_FX-Successful_ZT-112_RS-P1X1R3C3_wxx,2026-06-08,growme,EN,9x16,Successful,112,,P1X1R3C3,P1,X1,R3,C3,,wxx,,,complete,WW,account_all_WW.csv,0.0,2.73,781.0,0.77,0.0,False
20260608_growme_EN_9x16_FX-UGCProof _ZT-stop_RS-P1X1R3C3_wxx,20260608_growme_EN_9x16_FX-UGCProof_ZT-stop_RS-P1X1R3C3_wxx,2026-06-08,growme,EN,9x16,UGCProof,stop,,P1X1R3C3,P1,X1,R3,C3,,wxx,,,complete,WW,account_all_WW.csv,0.0,0.18,75.0,0.0,0.0,False
20260608_growme_EN_9x16_FX-lifelessons_ZT-beokay_RS-P1X1R3C3_wxx,20260608_growme_EN_9x16_FX-lifelessons_ZT-beokay_RS-P1X1R3C3_wxx,2026-06-08,growme,EN,9x16,lifelessons,beokay,,P1X1R3C3,P1,X1,R3,C3,,wxx,,,complete,WW,account_all_WW.csv,0.0,0.12,32.0,3.12,0.0,False
20260609_GrowMe_EN_9x16_FX-Challenge_ZT-abcd_RS-P3X1R1C3_fj,20260609_GrowMe_EN_9x16_FX-Challenge_ZT-abcd_RS-P3X1R1C3_fj,2026-06-09,GrowMe,EN,9x16,Challenge,abcd,,P3X1R1C3,P3,X1,R1,C3,,fj,,,complete,WW,account_all_WW.csv,0.0,0.02,12.0,0.0,0.0,False
20260609_GrowMe_EN_9x16_FX-Challenge_ZT-read_RS-P3X1R1C3_gy,20260609_GrowMe_EN_9x16_FX-Challenge_ZT-read_RS-P3X1R1C3_gy,2026-06-09,GrowMe,EN,9x16,Challenge,read,,P3X1R1C3,P3,X1,R1,C3,,gy,,,complete,WW,account_all_WW.csv,0.0,0.95,225.0,2.67,0.0,False
20260609_GrowMe_EN_9x16_FX-Habitst_ZT-confident_RS-P3X1R1C3_gy_jql,20260609_GrowMe_EN_9x16_FX-Habitst_ZT-confident_RS-P3X1R1C3_jql,2026-06-09,GrowMe,EN,9x16,Habitst,confident,,P3X1R1C3,P3,X1,R1,C3,,jql,,,complete,WW,account_all_WW.csv,0.0,0.05,9.0,11.11,0.0,False
20260609_GrowMe_EN_9x16_FX-Learning_ZT- read pic_RS-P3X1R1C3_fj,20260609_GrowMe_EN_9x16_FX-Learning_ZT-read pic_RS-P3X1R1C3_fj,2026-06-09,GrowMe,EN,9x16,Learning,read pic,,P3X1R1C3,P3,X1,R1,C3,,fj,,,complete,WW,account_all_WW.csv,0.0,17.67,5250.0,3.03,0.0,False
20260609_GrowMe_EN_9x16_FX-Learning_ZT-howto_RS-P3X1R1C3_fj,20260609_GrowMe_EN_9x16_FX-Learning_ZT-howto_RS-P3X1R1C3_fj,2026-06-09,GrowMe,EN,9x16,Learning,howto,,P3X1R1C3,P3,X1,R1,C3,,fj,,,complete,WW,account_all_WW.csv,0.0,0.29,94.0,0.0,0.0,False
20260609_GrowMe_EN_9x16_FX-Learning_ZT-learn_RS-P3X1R1C3_gy,20260609_GrowMe_EN_9x16_FX-Learning_ZT-learn_RS-P3X1R1C3_gy,2026-06-09,GrowMe,EN,9x16,Learning,learn,,P3X1R1C3,P3,X1,R1,C3,,gy,,,complete,WW,account_all_WW.csv,0.0,4.63,2067.0,1.74,0.0,False
20260609_GrowMe_EN_9x16_FX-Learning_ZT-read_RS-P3X1R1C3_gy,20260609_GrowMe_EN_9x16_FX-Learning_ZT-read_RS-P3X1R1C3_gy,2026-06-09,GrowMe,EN,9x16,Learning,read,,P3X1R1C3,P3,X1,R1,C3,,gy,,,complete,WW,account_all_WW.csv,0.0,0.25,52.0,0.0,0.0,False
20260609_GrowMe_EN_9x16_FX-Learning_ZT-speak_RS-P3X1R1C3_gy,20260609_GrowMe_EN_9x16_FX-Learning_ZT-speak_RS-P3X1R1C3_gy,2026-06-09,GrowMe,EN,9x16,Learning,speak,,P3X1R1C3,P3,X1,R1,C3,,gy,,,complete,WW,account_all_WW.csv,0.0,94.19,54866.0,1.1,0.0,False
20260609_GrowMe_EN_9x16_FX-LifeLessons_ZT-dream_RS-P3X1R1C3_fj,20260609_GrowMe_EN_9x16_FX-LifeLessons_ZT-dream_RS-P3X1R1C3_fj,2026-06-09,GrowMe,EN,9x16,LifeLessons,dream,,P3X1R1C3,P3,X1,R1,C3,,fj,,,complete,WW,account_all_WW.csv,0.0,4.76,1448.0,2.07,0.0,False
20260609_GrowMe_EN_9x16_FX-LifeLessons_ZT-life_RS-P3X1R1C3_gy,20260609_GrowMe_EN_9x16_FX-LifeLessons_ZT-life_RS-P3X1R1C3_gy,2026-06-09,GrowMe,EN,9x16,LifeLessons,life,,P3X1R1C3,P3,X1,R1,C3,,gy,,,complete,WW,account_all_WW.csv,0.0,1.79,490.0,1.84,0.0,False
20260609_GrowMe_EN_9x16_FX-LifeLessons_ZT-rconversations._RS-P3X1R1C3_fj,20260609_GrowMe_EN_9x16_FX-LifeLessons_ZT-rconversations._RS-P3X1R1C3_fj,2026-06-09,GrowMe,EN,9x16,LifeLessons,rconversations.,,P3X1R1C3,P3,X1,R1,C3,,fj,,,complete,WW,account_all_WW.csv,0.0,11.24,3664.0,1.26,0.0,False
20260609_GrowMe_EN_9x16_FX-Mindset_ZT-dream_RS-P3X1R1C3_gy_jql,20260609_GrowMe_EN_9x16_FX-Mindset_ZT-dream_RS-P3X1R1C3_jql,2026-06-09,GrowMe,EN,9x16,Mindset,dream,,P3X1R1C3,P3,X1,R1,C3,,jql,,,complete,WW,account_all_WW.csv,0.0,0.09,74.0,0.0,0.0,False
20260609_GrowMe_EN_9x16_FX-Mindset_ZT-gonna_RS-P3X1R1C3_gy_jql,20260609_GrowMe_EN_9x16_FX-Mindset_ZT-gonna_RS-P3X1R1C3_jql,2026-06-09,GrowMe,EN,9x16,Mindset,gonna,,P3X1R1C3,P3,X1,R1,C3,,jql,,,complete,WW,account_all_WW.csv,0.0,0.07,77.0,1.3,0.0,False
20260609_GrowMe_EN_9x16_FX-Mindset_ZT-happen_RS-P3X1R1C3_gy_jql,20260609_GrowMe_EN_9x16_FX-Mindset_ZT-happen_RS-P3X1R1C3_jql,2026-06-09,GrowMe,EN,9x16,Mindset,happen,,P3X1R1C3,P3,X1,R1,C3,,jql,,,complete,WW,account_all_WW.csv,0.0,0.26,140.0,1.43,0.0,False
20260609_GrowMe_EN_9x16_FX-Mindset_ZT-normal_RS-P3X1R1C3_gy_jql,20260609_GrowMe_EN_9x16_FX-Mindset_ZT-normal_RS-P3X1R1C3_jql,2026-06-09,GrowMe,EN,9x16,Mindset,normal,,P3X1R1C3,P3,X1,R1,C3,,jql,,,complete,WW,account_all_WW.csv,0.0,4.55,1508.0,0.8,0.0,False
20260609_GrowMe_EN_9x16_FX-Mindset_ZT-say_RS-P3X1R1C3_gy_jql,20260609_GrowMe_EN_9x16_FX-Mindset_ZT-say_RS-P3X1R1C3_jql,2026-06-09,GrowMe,EN,9x16,Mindset,say,,P3X1R1C3,P3,X1,R1,C3,,jql,,,complete,WW,account_all_WW.csv,0.0,1.71,517.0,1.55,0.0,False
20260609_GrowMe_EN_9x16_FX-Mindset_ZT-think_RS-P3X1R1C3_gy_jql,20260609_GrowMe_EN_9x16_FX-Mindset_ZT-think_RS-P3X1R1C3_jql,2026-06-09,GrowMe,EN,9x16,Mindset,think,,P3X1R1C3,P3,X1,R1,C3,,jql,,,complete,WW,account_all_WW.csv,0.0,6.39,2224.0,1.03,0.0,False
20260609_GrowMe_EN_9x16_FX-Mindset_ZT-try_RS-P3X1R1C3_gy_jql,20260609_GrowMe_EN_9x16_FX-Mindset_ZT-try_RS-P3X1R1C3_jql,2026-06-09,GrowMe,EN,9x16,Mindset,try,,P3X1R1C3,P3,X1,R1,C3,,jql,,,complete,WW,account_all_WW.csv,0.0,0.63,188.0,2.13,0.0,False
20260609_GrowMe_EN_9x16_FX-Mindset_ZT-waste_RS-P3X1R1C3_gy_jql,20260609_GrowMe_EN_9x16_FX-Mindset_ZT-waste_RS-P3X1R1C3_jql,2026-06-09,GrowMe,EN,9x16,Mindset,waste,,P3X1R1C3,P3,X1,R1,C3,,jql,,,complete,WW,account_all_WW.csv,2.0,15.64,5715.0,1.22,2.39,True
20260609_GrowMe_EN_9x16_FX-Mindset_ZT-yourself_RS-P3X1R1C3_gy_jql,20260609_GrowMe_EN_9x16_FX-Mindset_ZT-yourself_RS-P3X1R1C3_jql,2026-06-09,GrowMe,EN,9x16,Mindset,yourself,,P3X1R1C3,P3,X1,R1,C3,,jql,,,complete,WW,account_all_WW.csv,0.0,0.64,233.0,2.58,0.0,False
20260609_growme_EN_9x16_01_FX-Learning _ZT-english_RS-P1X1R3C3_wxx,20260609_growme_EN_9x16_FX-Learning_ZT-english_RS-P1X1R3C3_wxx,2026-06-09,growme,EN,9x16,Learning,english,,P1X1R3C3,P1,X1,R3,C3,,wxx,,,complete,WW,account_all_WW.csv,0.0,0.0,0.0,0.0,0.0,False
20260609_growme_EN_9x16_01_FX-Mood_ZT-0finished_RS-P1X1R3C3_wxx,20260609_growme_EN_9x16_FX-Mood_ZT-0finished_RS-P1X1R3C3_wxx,2026-06-09,growme,EN,9x16,Mood,0finished,,P1X1R3C3,P1,X1,R3,C3,,wxx,,,complete,WW,account_all_WW.csv,0.0,0.0,0.0,0.0,0.0,False
20260609_growme_EN_9x16_01_FX-Reading_ZT-wrong_RS-P1X1R3C3_wxx,20260609_growme_EN_9x16_FX-Reading_ZT-wrong_RS-P1X1R3C3_wxx,2026-06-09,growme,EN,9x16,Reading,wrong,,P1X1R3C3,P1,X1,R3,C3,,wxx,,,complete,WW,account_all_WW.csv,0.0,0.0,0.0,0.0,0.0,False
20260609_growme_EN_9x16_FX-Creative_ZT-onefact_RS-P1X1R1C3_095KB_HJ_RMG-5219A,20260609_growme_EN_9x16_FX-Creative_ZT-onefact_RS-P1X1R1C3_095KB,2026-06-09,growme,EN,9x16,Creative,onefact,,P1X1R1C3,P1,X1,R1,C3,,095KB,,RMG-5219A,complete,WW,account_all_WW.csv,0.0,0.7,145.0,1.38,0.0,False
20260609_growme_EN_9x16_FX-Form_ZT-alone_RS-P1X1R1C3_095KB_mia_HJ_RMG-5219B,20260609_growme_EN_9x16_FX-Form_ZT-alone_RS-P1X1R1C3_095KB,2026-06-09,growme,EN,9x16,Form,alone,,P1X1R1C3,P1,X1,R1,C3,,095KB,,RMG-5219B,complete,WW,account_all_WW.csv,0.0,0.0,5.0,0.0,0.0,False
20260609_growme_EN_9x16_FX-Form_ZT-alone_RS-P1X1R1C3_095KB_mia_HJ_RMG-5219C,20260609_growme_EN_9x16_FX-Form_ZT-alone_RS-P1X1R1C3_095KB,2026-06-09,growme,EN,9x16,Form,alone,,P1X1R1C3,P1,X1,R1,C3,,095KB,,RMG-5219C,complete,WW,account_all_WW.csv,0.0,0.48,73.0,0.0,0.0,False
20260609_growme_EN_9x16_FX-Form_ZT-readingchallenge_RS-P1X1R1C1_095KB_mia_HJ_RMG-5219D,20260609_growme_EN_9x16_FX-Form_ZT-readingchallenge_RS-P1X1R1C1_095KB,2026-06-09,growme,EN,9x16,Form,readingchallenge,,P1X1R1C1,P1,X1,R1,C1,,095KB,,RMG-5219D,complete,WW,account_all_WW.csv,0.0,0.01,8.0,0.0,0.0,False
20260610_GrowMe_EN_9x16_FX- Learning_ZT- learn well-1_RS-P3X1R1C3_fj,20260610_GrowMe_EN_9x16_FX-Learning_ZT-learn well-1_RS-P3X1R1C3_fj,2026-06-10,GrowMe,EN,9x16,Learning,learn well-1,,P3X1R1C3,P3,X1,R1,C3,,fj,,,complete,WW,account_all_WW.csv,0.0,0.0,0.0,0.0,0.0,False
20260610_GrowMe_EN_9x16_FX-Book Reading_ZT-true richness-1_RS-P3X1R1C3_fj,20260610_GrowMe_EN_9x16_FX-Book Reading_ZT-true richness-1_RS-P3X1R1C3_fj,2026-06-10,GrowMe,EN,9x16,Book Reading,true richness-1,,P3X1R1C3,P3,X1,R1,C3,,fj,,,complete,WW,account_all_WW.csv,0.0,0.0,0.0,0.0,0.0,False
20260610_GrowMe_EN_9x16_FX-Communication_ZT- interpersonal-1_RS-P3X1R1C3_fj,20260610_GrowMe_EN_9x16_FX-Communication_ZT-interpersonal-1_RS-P3X1R1C3_fj,2026-06-10,GrowMe,EN,9x16,Communication,interpersonal-1,,P3X1R1C3,P3,X1,R1,C3,,fj,,,complete,WW,account_all_WW.csv,0.0,0.0,0.0,0.0,0.0,False
20260610_GrowMe_EN_9x16_FX-Habitst_ZT-7habits_RS-P3X1R1C3_gy_jql,20260610_GrowMe_EN_9x16_FX-Habitst_ZT-7habits_RS-P3X1R1C3_jql,2026-06-10,GrowMe,EN,9x16,Habitst,7habits,,P3X1R1C3,P3,X1,R1,C3,,jql,,,complete,WW,account_all_WW.csv,0.0,0.0,0.0,0.0,0.0,False
20260610_GrowMe_EN_9x16_FX-Habitst_ZT-advice_RS-P3X1R1C3_gy_jql,20260610_GrowMe_EN_9x16_FX-Habitst_ZT-advice_RS-P3X1R1C3_jql,2026-06-10,GrowMe,EN,9x16,Habitst,advice,,P3X1R1C3,P3,X1,R1,C3,,jql,,,complete,WW,account_all_WW.csv,0.0,0.0,0.0,0.0,0.0,False
20260610_GrowMe_EN_9x16_FX-Habitst_ZT-grow_RS-P3X1R1C3_gy_jql,20260610_GrowMe_EN_9x16_FX-Habitst_ZT-grow_RS-P3X1R1C3_jql,2026-06-10,GrowMe,EN,9x16,Habitst,grow,,P3X1R1C3,P3,X1,R1,C3,,jql,,,complete,WW,account_all_WW.csv,0.0,0.0,0.0,0.0,0.0,False
20260610_GrowMe_EN_9x16_FX-Habitst_ZT-lose_RS-P3X1R1C3_gy_jql,20260610_GrowMe_EN_9x16_FX-Habitst_ZT-lose_RS-P3X1R1C3_jql,2026-06-10,GrowMe,EN,9x16,Habitst,lose,,P3X1R1C3,P3,X1,R1,C3,,jql,,,complete,WW,account_all_WW.csv,0.0,0.0,0.0,0.0,0.0,False
20260610_GrowMe_EN_9x16_FX-Learning_ZT-book_RS-P3X1R1C3_gy_jql,20260610_GrowMe_EN_9x16_FX-Learning_ZT-book_RS-P3X1R1C3_jql,2026-06-10,GrowMe,EN,9x16,Learning,book,,P3X1R1C3,P3,X1,R1,C3,,jql,,,complete,WW,account_all_WW.csv,0.0,0.0,0.0,0.0,0.0,False
20260610_GrowMe_EN_9x16_FX-Learning_ZT-english_RS-P3X1R1C3_gy,20260610_GrowMe_EN_9x16_FX-Learning_ZT-english_RS-P3X1R1C3_gy,2026-06-10,GrowMe,EN,9x16,Learning,english,,P3X1R1C3,P3,X1,R1,C3,,gy,,,complete,WW,account_all_WW.csv,0.0,0.0,0.0,0.0,0.0,False
20260610_GrowMe_EN_9x16_FX-Learning_ZT-habit_RS-P3X1R1C3_gy,20260610_GrowMe_EN_9x16_FX-Learning_ZT-habit_RS-P3X1R1C3_gy,2026-06-10,GrowMe,EN,9x16,Learning,habit,,P3X1R1C3,P3,X1,R1,C3,,gy,,,complete,WW,account_all_WW.csv,0.0,0.0,0.0,0.0,0.0,False
20260610_GrowMe_EN_9x16_FX-Learning_ZT-read_RS-P3X1R1C3_gy_jql,20260610_GrowMe_EN_9x16_FX-Learning_ZT-read_RS-P3X1R1C3_jql,2026-06-10,GrowMe,EN,9x16,Learning,read,,P3X1R1C3,P3,X1,R1,C3,,jql,,,complete,WW,account_all_WW.csv,0.0,0.0,0.0,0.0,0.0,False
20260610_GrowMe_EN_9x16_FX-LifeLessons_ZT-compare_RS-P3X1R1C3_gy,20260610_GrowMe_EN_9x16_FX-LifeLessons_ZT-compare_RS-P3X1R1C3_gy,2026-06-10,GrowMe,EN,9x16,LifeLessons,compare,,P3X1R1C3,P3,X1,R1,C3,,gy,,,complete,WW,account_all_WW.csv,0.0,0.0,0.0,0.0,0.0,False
20260610_GrowMe_EN_9x16_FX-LifeLessons_ZT-confident_RS-P3X1R1C3_gy,20260610_GrowMe_EN_9x16_FX-LifeLessons_ZT-confident_RS-P3X1R1C3_gy,2026-06-10,GrowMe,EN,9x16,LifeLessons,confident,,P3X1R1C3,P3,X1,R1,C3,,gy,,,complete,WW,account_all_WW.csv,0.0,0.0,0.0,0.0,0.0,False
20260610_GrowMe_EN_9x16_FX-Mindset_ZT-emo-1_RS-P3X1R1C3_fj,20260610_GrowMe_EN_9x16_FX-Mindset_ZT-emo-1_RS-P3X1R1C3_fj,2026-06-10,GrowMe,EN,9x16,Mindset,emo-1,,P3X1R1C3,P3,X1,R1,C3,,fj,,,complete,WW,account_all_WW.csv,0.0,0.0,0.0,0.0,0.0,False
20260610_GrowMe_EN_9x16_FX-Mindset_ZT-yourself_RS-P3X1R1C3_gy_jql,20260610_GrowMe_EN_9x16_FX-Mindset_ZT-yourself_RS-P3X1R1C3_jql,2026-06-10,GrowMe,EN,9x16,Mindset,yourself,,P3X1R1C3,P3,X1,R1,C3,,jql,,,complete,WW,account_all_WW.csv,0.0,0.0,0.0,0.0,0.0,False
20260610_GrowMe_EN_9x16_FX-Mood_ZT-pride rain-1_RS-P3X1R1C3_fj,20260610_GrowMe_EN_9x16_FX-Mood_ZT-pride rain-1_RS-P3X1R1C3_fj,2026-06-10,GrowMe,EN,9x16,Mood,pride rain-1,,P3X1R1C3,P3,X1,R1,C3,,fj,,,complete,WW,account_all_WW.csv,0.0,0.0,0.0,0.0,0.0,False
20260610_GrowMe_EN_9x16_FX-Successful_ZT-success_RS-P3X1R1C3_gy,20260610_GrowMe_EN_9x16_FX-Successful_ZT-success_RS-P3X1R1C3_gy,2026-06-10,GrowMe,EN,9x16,Successful,success,,P3X1R1C3,P3,X1,R1,C3,,gy,,,complete,WW,account_all_WW.csv,0.0,0.0,0.0,0.0,0.0,False
20260610_growme_EN_9x16_01_FX-Challenge_ZT-lookfor_RS-P1X1R3C3_wxx,20260610_growme_EN_9x16_FX-Challenge_ZT-lookfor_RS-P1X1R3C3_wxx,2026-06-10,growme,EN,9x16,Challenge,lookfor,,P1X1R3C3,P1,X1,R3,C3,,wxx,,,complete,WW,account_all_WW.csv,0.0,0.0,0.0,0.0,0.0,False
20260610_growme_EN_9x16_01_FX-communication_ZT-interesting_RS-P1X1R3C3_wxx,20260610_growme_EN_9x16_FX-communication_ZT-interesting_RS-P1X1R3C3_wxx,2026-06-10,growme,EN,9x16,communication,interesting,,P1X1R3C3,P1,X1,R3,C3,,wxx,,,complete,WW,account_all_WW.csv,0.0,0.0,0.0,0.0,0.0,False
