report_start,report_end,ad_name,广告投放,成效,成效指标,单次成效费用,account,impressions,spend,ctr,custom_derived_metrics:334261784830934,installs,单次应用安装费用 (USD),subscriptions,单次订阅费用 (USD),purchases,单次购物费用 (USD),roas,基于展示次数的 3 秒视频播放率,video_completions,视频平均播放时长,结果（初始）,成效（初始）指标
2025-12-01,2026-08-31,20260525_GrowMe_EN_9x16_FX-test_ZT-timedont_RS-P3X1R1C3_fj,not_delivering,,,,260526_AAA_AEO-Purchase_ios_vid_Growme_WW_0525_joy,1021,1.98,1.273262,0.25,1.0,1.98,,,,,,19.490695,11.0,7,,
2025-12-01,2026-08-31,20260525_GrowMe_EN_9x16_FX-test_ZT-talkabout_RS-P3X1R1C3_fj,not_delivering,,,,260526_AAA_AEO-Purchase_ios_vid_Growme_WW_0525_joy,3331,6.68,1.921345,0.17391304,4.0,1.67,,,,,,21.525068,56.0,12,,
2025-12-01,2026-08-31,20260525_GrowMe_EN_9x16_FX-test_ZT-learning_RS-P3X1R1C3_fj,not_delivering,,,,260526_AAA_AEO-Purchase_ios_vid_Growme_WW_0525_joy,198,0.78,0.505051,0.0,,,,,,,,27.777778,7.0,10,,
2025-12-01,2026-08-31,20260525_GrowMe_EN_9x16_FX-test_ZT-news_RS-P3X1R1C3_fj,not_delivering,,,,260526_AAA_AEO-Purchase_ios_vid_Growme_WW_0525_joy,1355,3.14,0.885609,0.0,,,,,,,,15.276753,3.0,3,,
2025-12-01,2026-08-31,20260525_GrowMe_EN_9x16_FX-test_ZT-confidence_RS-P3X1R1C3_fj,not_delivering,,,,260526_AAA_AEO-Purchase_ios_vid_Growme_WW_0525_joy,178,0.59,1.123596,,,,,,,,,26.966292,2.0,7,,
2025-12-01,2026-08-31,20260525_GrowMe_EN_9x16_FX-test_ZT-hello-ai_RS-P3X1R1C3_fj,not_delivering,,,,260526_AAA_AEO-Purchase_ios_vid_Growme_WW_0525_joy,2000,2.9,1.5,0.125,1.0,2.9,,,,,,22.7,24.0,8,,
2025-12-01,2026-08-31,20260525_growme_EN_9x16_FX-test_ZT-confidence_RS-P1X1R3C1_gy,not_delivering,,,,260526_AAA_AEO-Purchase_ios_vid_Growme_WW_0525_joy,4813,11.55,1.475171,0.1,3.0,3.85,,,,,,24.059838,31.0,10,,
2025-12-01,2026-08-31,20260525_growme_EN_9x16_FX-test_ZT-read_RS-P1X1R3C1_gy,inactive,,,,260526_AAA_AEO-Purchase_ios_vid_Growme_WW_0525_joy,5446,18.31,1.248623,0.4,10.0,1.831,,,,,,17.664341,37.0,5,,
2025-12-01,2026-08-31,20260525_growme_EN_9x16_FX-test_ZT-zixin_RS-P1X1R3C1_gy,not_delivering,,,,260526_AAA_AEO-Purchase_ios_vid_Growme_WW_0525_joy,197,0.97,4.568528,0.5,2.0,0.485,,,,,,16.751269,4.0,6,,
2025-12-01,2026-08-31,20260525_growme_EN_9x16_FX-test_ZT-education_RS-P1X1R3C1_gy,not_delivering,,,,260526_AAA_AEO-Purchase_ios_vid_Growme_WW_0525_joy,674,1.2,2.225519,0.0,,,,,,,,22.403561,7.0,14,,
2025-12-01,2026-08-31,20260525_growme_EN_9x16_FX-test_ZT-opinion_RS-P1X1R3C1_gy,not_delivering,,,,260526_AAA_AEO-Purchase_ios_vid_Growme_WW_0525_joy,1782,4.09,1.515152,0.5,6.0,0.681667,,,,,,18.742985,9.0,9,,
2025-12-01,2026-08-31,20260525_growme_EN_9x16_FX-test_ZT-love_RS-P1X1R3C1_gy,inactive,,,,260526_AAA_AEO-Purchase_ios_vid_Growme_WW_0525_joy,51617,94.86,1.348393,0.23487544,66.0,1.437273,,,,,,17.027336,514.0,12,,
2025-12-01,2026-08-31,20260525_growme_EN_9x16_FX-test_ZT-niupizhi_RS-P1X1R3C1_gy,not_delivering,679.0,actions:app_custom_event.fb_mobile_purchase,29.46985272,260526_AAA_AEO-Purchase_ios_vid_Growme_WW_0525_joy,11444358,20010.03,1.280727,0.34078947,18648.0,1.073039,1156.0,17.309715,679.0,29.469853,0.69217,13.216757,104950.0,5,,
2025-12-01,2026-08-31,20260526_GrowMe_EN_9x16_FX-Creative_ZT-theolder_RS-P3X1R1C3_fj,inactive,,,,260527_AAA_AEO-Purchase_ios_vid_Growme_WW_0526_joy-betty,8619,43.39,1.009398,0.09090909,5.0,8.678,,,,,,32.683606,148.0,7,,
2025-12-01,2026-08-31,20260526_GrowMe_EN_9x16_FX-Creative_ZT-plan_RS-P3X1R1C3_gy,inactive,2.0,actions:app_custom_event.fb_mobile_purchase,25.15,260527_AAA_AEO-Purchase_ios_vid_Growme_WW_0526_joy-betty,22163,50.3,0.911429,0.1372549,14.0,3.592857,2.0,25.15,2.0,25.15,0.205567,19.117448,393.0,7,,
2025-12-01,2026-08-31,20260526_GrowMe_EN_9x16_FX-Creative_ZT-2years_RS-P3X1R1C3_fj,inactive,9.0,actions:app_custom_event.fb_mobile_purchase,62.40222222,260527_AAA_AEO-Purchase_ios_vid_Growme_WW_0526_joy-betty,170177,561.62,3.360031,0.04719284,232.0,2.420776,17.0,33.036471,9.0,62.402222,0.432713,22.404908,3091.0,7,,
2025-12-01,2026-08-31,20260526_GrowMe_EN_9x16_FX-Creative_ZT-job_RS-P3X1R1C3_gy,not_delivering,,,,260527_AAA_AEO-Purchase_ios_vid_Growme_WW_0526_joy-betty,465,2.01,0.430108,,,,,,,,,17.849462,8.0,5,,
2025-12-01,2026-08-31,20260526_growme_EN_9x16_FX-test_ZT-add_RS-P1X1R3C3_wxx,inactive,1.0,actions:app_custom_event.fb_mobile_purchase,60.45,260527_AAA_AEO-Purchase_ios_vid_Growme_WW_0526_joy-betty,22384,60.45,0.960508,0.15686275,24.0,2.51875,1.0,60.45,1.0,60.45,0.153846,11.669049,251.0,4,,
2025-12-01,2026-08-31,20260526_GrowMe_EN_9x16_FX-test_ZT-2years_RS-P3X1R1C3_fj,not_delivering,,,,260527_AAA_AEO-Purchase_ios_vid_Growme_WW_0526_joy-betty,692,4.04,1.300578,0.0,,,,,,,,25.0,5.0,6,,
2025-12-01,2026-08-31,20260526_GrowMe_EN_9x16_FX-Creative_ZT-onehabits_RS-P3X1R1C3_fj,not_delivering,,,,260527_AAA_AEO-Purchase_ios_vid_Growme_WW_0526_joy-betty,3385,11.35,0.590842,0.0,,,,,,,,24.844904,33.0,5,,
2025-12-01,2026-08-31,20260526_GrowMe_EN_9x16_FX-Creative_ZT-mine_RS-P3X1R1C3_gy,inactive,,,,260527_AAA_AEO-Purchase_ios_vid_Growme_WW_0526_joy-betty,6505,28.69,1.521906,0.05555556,4.0,7.1725,,,,,,22.36741,108.0,4,,
2025-12-01,2026-08-31,20260526_GrowMe_EN_9x16_FX-Creative_ZT-habbit_RS-P3X1R1C3_gy,not_delivering,,,,260527_AAA_AEO-Purchase_ios_vid_Growme_WW_0526_joy-betty,117,0.35,9.401709,0.0,,,,,,,,30.769231,3.0,4,,
2025-12-01,2026-08-31,20260526_0_GrowMe_EN_9x16_FX-Creative_ZT-restart_RS-P3X1R1C3_gy,inactive,,,,260527_AAA_AEO-Purchase_ios_vid_Growme_WW_0526_joy-betty,13949,26.78,1.620188,0.06451613,2.0,13.39,,,,,,18.969102,200.0,2,,
2025-12-01,2026-08-31,20260526_GrowMe_EN_9x16_FX-Creative_ZT-11things_RS-P3X1R1C3_fj,inactive,3.0,actions:app_custom_event.fb_mobile_purchase,104.66,260527_AAA_AEO-Purchase_ios_vid_Growme_WW_0526_joy-betty,144735,313.98,2.061008,0.11627907,105.0,2.990286,4.0,78.495,3.0,104.66,0.165329,28.694511,1954.0,8,,
2025-12-01,2026-08-31,20260526_GrowMe_EN_9x16_FX-Creative_ZT-slowburn_RS-P3X1R1C3_fj,not_delivering,,,,260527_AAA_AEO-Purchase_ios_vid_Growme_WW_0526_joy-betty,407,1.28,1.719902,0.0,,,,,,,,16.461916,1.0,4,,
2025-12-01,2026-08-31,20260527_GrowMe_EN_9x16_FX-Creative_ZT-sloe-beain_RS-P3X1R1C3_fj,not_delivering,,,,260528_AAA_AEO-Purchase_ios_vid_Growme_WW_0527_joy-betty,221,0.65,0.452489,0.0,,,,,,,,22.624434,1.0,6,,
2025-12-01,2026-08-31,20260527_growme_EN_9x16_FX-Creatives_ZT-routine_RS-P1X1R3C3_wxx,inactive,,,,260528_AAA_AEO-Purchase_ios_vid_Growme_WW_0527_joy-betty,32603,54.55,0.990706,0.12328767,9.0,6.061111,,,,,,19.516609,624.0,2,,
2025-12-01,2026-08-31,20260527_GrowMe_EN_9x16_FX-Creative_ZT-girl_RS-P3X1R1C3_fj,not_delivering,,,,260528_AAA_AEO-Purchase_ios_vid_Growme_WW_0527_joy-betty,259,0.6,0.3861,0.0,,,,,,,,23.552124,2.0,4,,
2025-12-01,2026-08-31,20260527_growme_EN_9x16_FX-Creatives_ZT-fluency_RS-P1X1R3C3_wxx,inactive,3.0,actions:app_custom_event.fb_mobile_purchase,40.08,260528_AAA_AEO-Purchase_ios_vid_Growme_WW_0527_joy-betty,40710,120.24,1.380496,0.32093023,69.0,1.742609,5.0,24.048,3.0,40.08,0.152528,22.254974,323.0,4,,
2025-12-01,2026-08-31,20260527_GrowMe_EN_9x16_FX-Creative_ZT-actually_RS-P3X1R1C3_fj,inactive,,,,260528_AAA_AEO-Purchase_ios_vid_Growme_WW_0527_joy-betty,21878,57.69,2.05229,0.03461538,9.0,6.41,,,,,,19.700155,100.0,5,,
2025-12-01,2026-08-31,20260527_GrowMe_EN_9x16_FX-Creative_ZT-wellspoken_RS-P3X1R1C3_fj,inactive,,,,260528_AAA_AEO-Purchase_ios_vid_Growme_WW_0527_joy-betty,10287,51.21,1.098474,0.07446809,7.0,7.315714,,,,,,17.66307,41.0,3,,
2025-12-01,2026-08-31,20260527_GrowMe_EN_9x16_FX-Creative_ZT-relationship_RS-P3X1R1C3_gy,inactive,,,,260528_AAA_AEO-Purchase_ios_vid_Growme_WW_0527_joy-betty,35376,94.13,0.966757,0.08441558,13.0,7.240769,,,,,,25.279851,396.0,5,,
2025-12-01,2026-08-31,20260527_GrowMe_EN_9x16_FX-Creative_ZT-self_RS-P3X1R1C3_gy,inactive,,,,260528_AAA_AEO-Purchase_ios_vid_Growme_WW_0527_joy-betty,8034,30.43,1.008215,0.02941176,2.0,15.215,,,,,,28.964401,323.0,5,,
2025-12-01,2026-08-31,20260527_GrowMe_EN_9x16_FX-Creative_ZT-speak_RS-P3X1R1C3_gy,inactive,,,,260528_AAA_AEO-Purchase_ios_vid_Growme_WW_0527_joy-betty,26238,67.72,1.036664,0.12765957,18.0,3.762222,,,,,,20.580837,195.0,6,,
2025-12-01,2026-08-31,20260527_growme_EN_9x16_FX-Creatives_ZT-listen_RS-P1X1R3C3_wxx,inactive,2.0,actions:app_custom_event.fb_mobile_purchase,59.6,260528_AAA_AEO-Purchase_ios_vid_Growme_WW_0527_joy-betty,19748,119.2,1.103909,0.06629834,12.0,9.933333,4.0,29.8,2.0,59.6,0.326091,38.890014,124.0,7,,
2025-12-01,2026-08-31,20260527_GrowMe_EN_9x16_FX-Creative_ZT-sucess_RS-P3X1R1C3_gy,inactive,,,,260528_AAA_AEO-Purchase_ios_vid_Growme_WW_0527_joy-betty,7221,22.45,2.354245,0.0125,2.0,11.225,,,,,,23.210082,100.0,4,,
2025-12-01,2026-08-31,20260527_GrowMe_EN_9x16_FX-Creative_ZT-quick_RS-P3X1R1C3_fj,inactive,,,,260528_AAA_AEO-Purchase_ios_vid_Growme_WW_0527_joy-betty,14726,40.64,0.461768,0.0,,,,,,,,20.854271,261.0,3,,
2025-12-01,2026-08-31,20260527_GrowMe_EN_9x16_FX-Creative_ZT-grow_RS-P3X1R1C3_gy,inactive,,,,260528_AAA_AEO-Purchase_ios_vid_Growme_WW_0527_joy-betty,10096,40.6,0.950872,0.12244898,6.0,6.766667,,,,,,20.978605,142.0,2,,
2025-12-01,2026-08-31,20260528_GrowMe_EN_9x16_FX-convercation_ZT-keep_RS-P3X1R1C3_gy,archived,,,,260529_AAA_AEO-Purchase_ios_vid_Growme_WW_0528_joy,8117,14.14,1.342861,0.27272727,3.0,4.713333,,,,,,20.598743,173.0,3,,
2025-12-01,2026-08-31,20260528_GrowMe_EN_9x16_FX-Formats_ZT-Classic page-turning_RS-P3X1R1C3_fj,archived,,,,260529_AAA_AEO-Purchase_ios_vid_Growme_WW_0528_joy,725,1.26,1.241379,0.0,,,,,,,,21.931034,6.0,3,,
2025-12-01,2026-08-31,20260528_GrowMe_EN_9x16_FX-convercation_ZT-speak_RS-P3X1R1C3_gy,archived,,,,260529_AAA_AEO-Purchase_ios_vid_Growme_WW_0528_joy,5,0.01,0.0,,,,,,,,,20.0,,7,,
2025-12-01,2026-08-31,20260528_GrowMe_EN_9x16_FX-Formats_ZT-xinwen_RS-P3X1R1C3_gy,archived,,,,260529_AAA_AEO-Purchase_ios_vid_Growme_WW_0528_joy,10263,27.46,1.451817,0.26086957,24.0,1.144167,,,,,,12.423268,75.0,5,,
2025-12-01,2026-08-31,20260528_GrowMe_EN_9x16_FX-convercation_ZT-think_RS-P3X1R1C3_gy,archived,,,,260529_AAA_AEO-Purchase_ios_vid_Growme_WW_0528_joy,7,0.0,0.0,,,,,,,,,42.857143,,5,,
2025-12-01,2026-08-31,20260528_GrowMe_EN_9x16_FX-Creative_ZT-author_RS-P3X1R1C3_fj,archived,,,,260529_AAA_AEO-Purchase_ios_vid_Growme_WW_0528_joy,16,0.02,0.0,,,,,,,,,18.75,,2,,
2025-12-01,2026-08-31,20260528_GrowMe_EN_9x16_FX-Creative_ZT- money_RS-P3X1R1C3_fj,archived,,,,260529_AAA_AEO-Purchase_ios_vid_Growme_WW_0528_joy,1069,2.69,1.122544,2.0,4.0,0.6725,,,,,,21.515435,12.0,4,,
2025-12-01,2026-08-31,20260528_GrowMe_EN_9x16_FX-convercation_ZT-warn_RS-P3X1R1C3_gy,archived,,,,260529_AAA_AEO-Purchase_ios_vid_Growme_WW_0528_joy,15,0.0,0.0,,,,,,,,,33.333333,,3,,
2025-12-01,2026-08-31,20260528_GrowMe_EN_9x16_FX-Formats_ZT-jiemian_RS-P3X1R1C3_gy,archived,,,,260529_AAA_AEO-Purchase_ios_vid_Growme_WW_0528_joy,374,0.66,0.802139,0.0,,,,,,,,16.84492,1.0,2,,
2025-12-01,2026-08-31,20260528_GrowMe_EN_9x16_FX-Formats_ZT-news reporter_RS-P3X1R1C3_fj,archived,,,,260529_AAA_AEO-Purchase_ios_vid_Growme_WW_0528_joy,512,1.51,1.367188,0.0,,,,,,,,14.0625,1.0,5,,
2025-12-01,2026-08-31,20260528_GrowMe_EN_9x16_FX-Creative_ZT-A2english_RS-P3X1R1C3_fj,archived,1.0,actions:app_custom_event.fb_mobile_purchase,3.94,260529_AAA_AEO-Purchase_ios_vid_Growme_WW_0528_joy,2396,3.94,1.335559,0.38888889,7.0,0.562857,1.0,3.94,1.0,3.94,2.715736,22.829716,10.0,8,,
2025-12-01,2026-08-31,20260528_growme_EN_9x16_FX-Form_ZT-advice_RS-P1X1R3C3_wxx,archived,,,,260529_AAA_AEO-Purchase_ios_vid_Growme_WW_0528_joy,496,0.87,1.209677,0.0,,,,,,,,19.758065,8.0,3,,
2025-12-01,2026-08-31,20260528_GrowMe_EN_9x16_FX-convercation_ZT-study_RS-P3X1R1C3_gy,archived,,,,260529_AAA_AEO-Purchase_ios_vid_Growme_WW_0528_joy,989,1.55,0.404449,,1.0,1.55,,,,,,22.244692,5.0,6,,
2025-12-01,2026-08-31,20260528_GrowMe_EN_9x16_FX-Creative_ZT-speakceo_RS-P3X1R1C3_fj,archived,,,,260529_AAA_AEO-Purchase_ios_vid_Growme_WW_0528_joy,1174,3.69,0.596252,0.33333333,1.0,3.69,,,,,,15.672913,2.0,3,,
2025-12-01,2026-08-31,20260528_GrowMe_EN_9x16_FX-Creative_ZT-silence_RS-P3X1R1C3_fj,archived,,,,260529_AAA_AEO-Purchase_ios_vid_Growme_WW_0528_joy,8775,16.84,1.51567,0.23076923,3.0,5.613333,,,,,,19.954416,73.0,3,,
2025-12-01,2026-08-31,20260528_growme_EN_9x16_FX-Creatives_ZT-waste2_RS-P1X1R3C3_wxx,archived,,,,260529_AAA_AEO-Purchase_ios_vid_Growme_WW_0528_joy,2917,4.98,0.925609,0.22222222,2.0,2.49,,,,,,24.922866,68.0,7,,
2025-12-01,2026-08-31,20260528_growme_EN_9x16_FX-Creatives_ZT-waste_RS-P1X1R3C3_wxx,archived,,,,260529_AAA_AEO-Purchase_ios_vid_Growme_WW_0528_joy,1886,5.5,1.113468,0.0,,,,,,,,21.527041,7.0,3,,
2025-12-01,2026-08-31,20260528_growme_EN_9x16_FX-Creatives_ZT-waste_RS-P1X1R3C3_wxx,not_delivering,,,,260601_AAA_AEO-Purchase_ios_vid_Growme_WW_0528_joy—betty,171,0.66,1.169591,0.0,,,,,,,,27.48538,2.0,4,,
2025-12-01,2026-08-31,20260528_growme_EN_9x16_FX-Creatives_ZT-waste2_RS-P1X1R3C3_wxx,not_delivering,,,,260601_AAA_AEO-Purchase_ios_vid_Growme_WW_0528_joy—betty,1943,3.91,1.646938,0.11111111,1.0,3.91,,,,,,23.468863,40.0,7,,
2025-12-01,2026-08-31,20260528_GrowMe_EN_9x16_FX-Formats_ZT-news reporter_RS-P3X1R1C3_fj,inactive,,,,260601_AAA_AEO-Purchase_ios_vid_Growme_WW_0528_joy—betty,6474,34.71,1.204819,0.16949153,10.0,3.471,,,,,,16.913809,48.0,5,,
2025-12-01,2026-08-31,20260528_GrowMe_EN_9x16_FX-Creative_ZT-speakceo_RS-P3X1R1C3_fj,not_delivering,,,,260601_AAA_AEO-Purchase_ios_vid_Growme_WW_0528_joy—betty,485,1.9,0.824742,0.0,,,,,,,,12.783505,2.0,2,,
2025-12-01,2026-08-31,20260528_GrowMe_EN_9x16_FX-convercation_ZT-warn_RS-P3X1R1C3_gy,inactive,,,,260601_AAA_AEO-Purchase_ios_vid_Growme_WW_0528_joy—betty,8181,43.32,1.931304,0.0,,,,,,,,26.414864,532.0,3,,
2025-12-01,2026-08-31,20260528_GrowMe_EN_9x16_FX-Creative_ZT-silence_RS-P3X1R1C3_fj,inactive,,,,260601_AAA_AEO-Purchase_ios_vid_Growme_WW_0528_joy—betty,16718,66.53,0.980979,0.03703704,3.0,22.176667,,,,,,25.146549,338.0,4,,
2025-12-01,2026-08-31,20260528_GrowMe_EN_9x16_FX-convercation_ZT-speak_RS-P3X1R1C3_gy,not_delivering,,,,260601_AAA_AEO-Purchase_ios_vid_Growme_WW_0528_joy—betty,109,0.59,2.752294,0.0,,,,,,,,22.93578,,7,,
2025-12-01,2026-08-31,20260528_GrowMe_EN_9x16_FX-convercation_ZT-study_RS-P3X1R1C3_gy,inactive,,,,260601_AAA_AEO-Purchase_ios_vid_Growme_WW_0528_joy—betty,14442,23.64,1.128653,0.1,8.0,2.955,,,,,,20.087246,91.0,6,,
2025-12-01,2026-08-31,20260528_growme_EN_9x16_FX-Form_ZT-advice_RS-P1X1R3C3_wxx,not_delivering,,,,260601_AAA_AEO-Purchase_ios_vid_Growme_WW_0528_joy—betty,272,0.85,2.941176,0.0,,,,,,,,25.0,9.0,5,,
2025-12-01,2026-08-31,20260528_GrowMe_EN_9x16_FX-Creative_ZT-A2english_RS-P3X1R1C3_fj,inactive,2.0,actions:app_custom_event.fb_mobile_purchase,77.86,260601_AAA_AEO-Purchase_ios_vid_Growme_WW_0528_joy—betty,106404,155.72,1.139055,0.11819887,63.0,2.471746,3.0,51.906667,2.0,77.86,0.266119,19.319762,296.0,7,,
2025-12-01,2026-08-31,20260528_GrowMe_EN_9x16_FX-Formats_ZT-xinwen_RS-P3X1R1C3_gy,not_delivering,90.0,actions:app_custom_event.fb_mobile_purchase,49.40755556,260601_AAA_AEO-Purchase_ios_vid_Growme_WW_0528_joy—betty,1266730,4446.68,1.432586,0.23692204,2808.0,1.583576,164.0,27.113902,90.0,49.407556,0.437569,14.635084,7125.0,5,,
2025-12-01,2026-08-31,20260528_GrowMe_EN_9x16_FX-Creative_ZT-author_RS-P3X1R1C3_fj,not_delivering,,,,260601_AAA_AEO-Purchase_ios_vid_Growme_WW_0528_joy—betty,8,0.0,0.0,,,,,,,,,37.5,,2,,
2025-12-01,2026-08-31,20260528_GrowMe_EN_9x16_FX-Creative_ZT- money_RS-P3X1R1C3_fj,not_delivering,,,,260601_AAA_AEO-Purchase_ios_vid_Growme_WW_0528_joy—betty,2231,5.86,1.568803,0.0,,,,,,,,22.052891,29.0,4,,
2025-12-01,2026-08-31,20260528_GrowMe_EN_9x16_FX-Formats_ZT-jiemian_RS-P3X1R1C3_gy,not_delivering,,,,260601_AAA_AEO-Purchase_ios_vid_Growme_WW_0528_joy—betty,267,0.37,1.123596,0.0,,,,,,,,16.853933,1.0,3,,
2025-12-01,2026-08-31,20260528_GrowMe_EN_9x16_FX-convercation_ZT-keep_RS-P3X1R1C3_gy,inactive,,,,260601_AAA_AEO-Purchase_ios_vid_Growme_WW_0528_joy—betty,24941,40.68,1.403312,0.15254237,9.0,4.52,1.0,40.68,,,,18.904615,558.0,3,,
2025-12-01,2026-08-31,20260528_GrowMe_EN_9x16_FX-Formats_ZT-Classic page-turning_RS-P3X1R1C3_fj,not_delivering,,,,260601_AAA_AEO-Purchase_ios_vid_Growme_WW_0528_joy—betty,861,2.02,0.929152,0.2,1.0,2.02,,,,,,21.835075,5.0,2,,
2025-12-01,2026-08-31,20260529_GrowMe_EN_9x16_FX-Creative_ZT-you_RS-P3X1R1C3_gy,not_delivering,,,,重启260601_AAA_AEO-Purchase_ios_vid_Growme_WW_0529_joy-betty,786,5.16,1.526718,0.1,1.0,5.16,,,,,,13.613232,15.0,2,,
2025-12-01,2026-08-31,20260529_GrowMe_EN_9x16_FX-Creative_ZT-compare_RS-P3X1R1C3_gy,not_delivering,,,,重启260601_AAA_AEO-Purchase_ios_vid_Growme_WW_0529_joy-betty,261,1.05,1.532567,0.0,,,,,,,,16.091954,8.0,2,,
2025-12-01,2026-08-31,20260529_growme_720x1280_speak_wxx_P1X1R1C3,inactive,,,,重启260601_AAA_AEO-Purchase_ios_vid_Growme_WW_0529_joy-betty,68658,105.44,0.850593,0.2642487,51.0,2.067451,,,,,,16.079699,685.0,3,,
2025-12-01,2026-08-31,20260525_growme_EN_9x16_FX-Creative_ZT-slow-English_RS-P1X1R3C3_zx_04,not_delivering,,,,重启260601_AAA_AEO-Purchase_ios_vid_Growme_WW_0529_joy-betty,1813,11.76,1.047987,0.0,,,,,,,,21.45615,12.0,6,,
2025-12-01,2026-08-31,20260529_growme_720x1280_shengjing_wxx_P1X1R1C3,inactive,,,,重启260601_AAA_AEO-Purchase_ios_vid_Growme_WW_0529_joy-betty,16972,71.63,1.23144,0.0754717,12.0,5.969167,,,,,,24.027811,304.0,9,,
2025-12-01,2026-08-31,20260525_growme_EN_9x16_FX-Creative_ZT-slow-English_RS-P1X1R3C3_zx_05,not_delivering,,,,重启260601_AAA_AEO-Purchase_ios_vid_Growme_WW_0529_joy-betty,226,0.89,0.884956,,,,,,,,,17.256637,,3,,
2025-12-01,2026-08-31,20260525_growme_EN_9x16_FX-Creative_ZT-slow-English_RS-P1X1R3C3_zl_03,not_delivering,,,,重启260601_AAA_AEO-Purchase_ios_vid_Growme_WW_0529_joy-betty,58,0.09,0.0,,,,,,,,,20.689655,,3,,
2025-12-01,2026-08-31,20260529_growme_EN_9x16_FX-Formats_ZT-read_RS-P1X1R3C1_gy,not_delivering,7.0,actions:app_custom_event.fb_mobile_purchase,50.76571429,重启260601_AAA_AEO-Purchase_ios_vid_Growme_WW_0529_joy-betty,190690,355.36,0.980125,0.31838565,284.0,1.251268,15.0,23.690667,7.0,50.765714,0.443522,11.364518,877.0,3,,
2025-12-01,2026-08-31,20260529_GrowMe_EN_9x16_FX-Creative_ZT-journey_RS-P3X1R1C3_gy,not_delivering,40.0,actions:app_custom_event.fb_mobile_purchase,44.66925,重启260601_AAA_AEO-Purchase_ios_vid_Growme_WW_0529_joy-betty,774334,1786.77,1.883683,0.1832998,911.0,1.961328,91.0,19.634835,40.0,44.66925,0.432473,17.867225,12096.0,7,,
2025-12-01,2026-08-31,20260529_GrowMe_EN_9x16_FX-Creative_ZT-life_RS-P3X1R1C3_gy,inactive,4.0,actions:app_custom_event.fb_mobile_purchase,76.8025,重启260601_AAA_AEO-Purchase_ios_vid_Growme_WW_0529_joy-betty,143762,307.21,1.752897,0.20529801,155.0,1.982,13.0,23.631538,4.0,76.8025,0.20403,17.199955,2116.0,6,,
2025-12-01,2026-08-31,20260525_growme_EN_9x16_FX-Creative_ZT-slow-English_RS-P1X1R3C3_zl_02,not_delivering,,,,重启260601_AAA_AEO-Purchase_ios_vid_Growme_WW_0529_joy-betty,6633,33.6,1.778984,0.27777778,15.0,2.24,,,,,,23.639379,84.0,10,,
2025-12-01,2026-08-31,20260529_growme_720x1280_oneway1_wxx_P1X1R1C3,not_delivering,,,,重启260601_AAA_AEO-Purchase_ios_vid_Growme_WW_0529_joy-betty,1121,4.49,0.981267,0.0,,,,,,,,30.419269,13.0,5,,
2025-12-01,2026-08-31,20260529_growme_720x1280_oneway2_wxx_P1X1R1C3,not_delivering,,,,重启260601_AAA_AEO-Purchase_ios_vid_Growme_WW_0529_joy-betty,3491,5.23,1.117158,0.22727273,5.0,1.046,,,,,,18.562017,21.0,6,,
2025-12-01,2026-08-31,20260525_growme_EN_9x16_FX-Creative_ZT-slow-English_RS-P1X1R3C3_zl_01,inactive,,,,重启260601_AAA_AEO-Purchase_ios_vid_Growme_WW_0529_joy-betty,9895,64.11,1.960586,0.37391304,43.0,1.49093,,,,,,25.48762,143.0,10,,
2025-12-01,2026-08-31,20260525_growme_EN_9x16_FX-Creative_ZT-slow-English_RS-P1X1R3C3_zx_06,not_delivering,,,,重启260601_AAA_AEO-Purchase_ios_vid_Growme_WW_0529_joy-betty,1507,5.22,1.32714,0.42857143,3.0,1.74,,,,,,24.021234,10.0,5,,
2025-12-01,2026-08-31,20260529_growme_EN_9x16_FX-Creative_ZT-leadership_RS-P1X1R3C3_ZH_RMG-4748A,not_delivering,,,,260602_AAA_AEO-Purchase_ios_vid_Growme_WW_0601_joy,64,0.13,1.5625,0.0,,,,,,,,17.1875,,2,,
2025-12-01,2026-08-31,20260529_growme_EN_9x16_FX-Creative_ZT-leadership_RS-P1X1R3C3_ZH_RMG-4748B,not_delivering,,,,260602_AAA_AEO-Purchase_ios_vid_Growme_WW_0601_joy,7,0.02,0.0,,,,,,,,,28.571429,,2,,
2025-12-01,2026-08-31,20260529_growme_EN_9x16_FX-Creative_ZT-leadership_RS-P1X1R3C3_ZH_RMG-4748J,not_delivering,,,,260602_AAA_AEO-Purchase_ios_vid_Growme_WW_0601_joy,1792,4.79,1.116071,0.2,1.0,4.79,1.0,4.79,,,,16.908482,8.0,2,,
2025-12-01,2026-08-31,20260529_growme_EN_9x16_FX-Creative_ZT-leadership_RS-P1X1R3C3_ZH_RMG-4748E,not_delivering,,,,260602_AAA_AEO-Purchase_ios_vid_Growme_WW_0601_joy,1311,4.34,0.915332,0.0,,,,,,,,22.044241,42.0,7,,
2025-12-01,2026-08-31,20260529_growme_EN_9x16_FX-Creative_ZT-leadership_RS-P1X1R3C3_ZH_RMG-4748F,not_delivering,,,,260602_AAA_AEO-Purchase_ios_vid_Growme_WW_0601_joy,235,0.63,0.0,,,,,,,,,19.148936,,3,,
2025-12-01,2026-08-31,20260529_growme_EN_9x16_FX-Creative_ZT-leadership_RS-P1X1R3C3_ZH_RMG-4748D,not_delivering,,,,260602_AAA_AEO-Purchase_ios_vid_Growme_WW_0601_joy,71,0.16,2.816901,0.0,,,,,,,,9.859155,,2,,
2025-12-01,2026-08-31,20260529_growme_EN_9x16_FX-Creative_ZT-leadership_RS-P1X1R3C3_ZH_RMG-4748G,not_delivering,,,,260602_AAA_AEO-Purchase_ios_vid_Growme_WW_0601_joy,1127,4.1,1.330967,0.16666667,1.0,4.1,,,,,,21.206744,24.0,7,,
2025-12-01,2026-08-31,20260529_growme_EN_9x16_FX-Creative_ZT-leadership_RS-P1X1R3C3_ZH_RMG-4748H,not_delivering,,,,260602_AAA_AEO-Purchase_ios_vid_Growme_WW_0601_joy,303,0.77,0.0,,,,,,,,,23.10231,2.0,3,,
2025-12-01,2026-08-31,20260529_growme_EN_9x16_FX-Creative_ZT-leadership_RS-P1X1R3C3_ZH_RMG-4748C,not_delivering,,,,260602_AAA_AEO-Purchase_ios_vid_Growme_WW_0601_joy,325,0.86,0.923077,0.0,,,,,,,,25.538462,7.0,8,,
2025-12-01,2026-08-31,20260529_growme_EN_9x16_FX-Creative_ZT-leadership_RS-P1X1R3C3_ZH_RMG-4748I,not_delivering,,,,260602_AAA_AEO-Purchase_ios_vid_Growme_WW_0601_joy,265,0.56,0.0,,,,,,,,,23.773585,2.0,3,,
2025-12-01,2026-08-31,20260525_growme_EN_9x16_FX-test_ZT-love_RS-P1X1R3C1_gy,not_delivering,1.0,actions:app_custom_event.fb_mobile_purchase,2.18,260526_AAA_AEO-Purchase_ios_vid_Growme_WW_0525_joy,724,2.18,2.762431,0.5,4.0,0.545,1.0,2.18,1.0,2.18,5.394495,27.348066,17.0,27,,
2025-12-01,2026-08-31,20260525_growme_EN_9x16_FX-test_ZT-opinion_RS-P1X1R3C1_gy,not_delivering,,,,260526_AAA_AEO-Purchase_ios_vid_Growme_WW_0525_joy,110,0.24,1.818182,0.0,,,,,,,,30.909091,2.0,18,,
2025-12-01,2026-08-31,20260525_growme_EN_9x16_FX-test_ZT-education_RS-P1X1R3C1_gy,not_delivering,,,,260526_AAA_AEO-Purchase_ios_vid_Growme_WW_0525_joy,20,0.02,0.0,,,,,,,,,30.0,,14,,
2025-12-01,2026-08-31,20260525_GrowMe_EN_9x16_FX-test_ZT-confidence_RS-P3X1R1C3_fj,not_delivering,,,,260526_AAA_AEO-Purchase_ios_vid_Growme_WW_0525_joy,5,0.0,0.0,,,,,,,,,20.0,,1,,
2025-12-01,2026-08-31,20260525_growme_EN_9x16_FX-test_ZT-niupizhi_RS-P1X1R3C1_gy,not_delivering,273.0,actions:app_custom_event.fb_mobile_purchase,37.58084249,260526_AAA_AEO-Purchase_ios_vid_Growme_WW_0525_joy,5156721,10259.57,1.236522,0.33488906,9041.0,1.134783,466.0,22.016245,273.0,37.580842,0.555753,13.498617,48746.0,5,,
2025-12-01,2026-08-31,20260525_GrowMe_EN_9x16_FX-test_ZT-news_RS-P3X1R1C3_fj,not_delivering,,,,260526_AAA_AEO-Purchase_ios_vid_Growme_WW_0525_joy,102,0.23,0.0,,,,,,,,,13.72549,1.0,3,,
2025-12-01,2026-08-31,20260525_growme_EN_9x16_FX-test_ZT-zixin_RS-P1X1R3C1_gy,not_delivering,,,,260526_AAA_AEO-Purchase_ios_vid_Growme_WW_0525_joy,18,0.07,0.0,,,,,,,,,16.666667,,2,,
2025-12-01,2026-08-31,20260525_GrowMe_EN_9x16_FX-test_ZT-timedont_RS-P3X1R1C3_fj,not_delivering,,,,260526_AAA_AEO-Purchase_ios_vid_Growme_WW_0525_joy,96,0.21,1.041667,0.0,,,,,,,,29.166667,2.0,12,,
2025-12-01,2026-08-31,20260525_growme_EN_9x16_FX-test_ZT-read_RS-P1X1R3C1_gy,not_delivering,,,,260526_AAA_AEO-Purchase_ios_vid_Growme_WW_0525_joy,88,0.21,3.409091,0.0,,,,,,,,14.772727,,4,,
2025-12-01,2026-08-31,20260527_GrowMe_EN_9x16_FX-Creative_ZT-speak_RS-P3X1R1C3_gy,not_delivering,,,,260528_AAA_AEO-Purchase_ios_vid_Growme_WW_0527_joy,51,0.06,0.0,,,,,,,,,31.372549,2.0,12,,
2025-12-01,2026-08-31,20260527_GrowMe_EN_9x16_FX-Creative_ZT-actually_RS-P3X1R1C3_fj,not_delivering,,,,260528_AAA_AEO-Purchase_ios_vid_Growme_WW_0527_joy,12,0.02,0.0,,,,,,,,,33.333333,,12,,
2025-12-01,2026-08-31,20260527_growme_EN_9x16_FX-Creatives_ZT-fluency_RS-P1X1R3C3_wxx,not_delivering,10.0,actions:app_custom_event.fb_mobile_purchase,16.976,260528_AAA_AEO-Purchase_ios_vid_Growme_WW_0527_joy,38296,169.76,1.911427,0.32268371,101.0,1.680792,16.0,10.61,10.0,16.976,1.409814,25.409964,473.0,5,,
2025-12-01,2026-08-31,20260527_GrowMe_EN_9x16_FX-Creative_ZT-sloe-beain_RS-P3X1R1C3_fj,not_delivering,,,,260528_AAA_AEO-Purchase_ios_vid_Growme_WW_0527_joy,2,0.0,0.0,,,,,,,,,,,1,,
2025-12-01,2026-08-31,20260527_growme_EN_9x16_FX-Creatives_ZT-routine_RS-P1X1R3C3_wxx,not_delivering,,,,260528_AAA_AEO-Purchase_ios_vid_Growme_WW_0527_joy,282,0.25,0.0,,,,,,,,,17.021277,4.0,2,,
2025-12-01,2026-08-31,20260527_GrowMe_EN_9x16_FX-Creative_ZT-wellspoken_RS-P3X1R1C3_fj,not_delivering,,,,260528_AAA_AEO-Purchase_ios_vid_Growme_WW_0527_joy,26,0.01,0.0,,,,,,,,,3.846154,,1,,
2025-12-01,2026-08-31,20260527_growme_EN_9x16_FX-Creatives_ZT-listen_RS-P1X1R3C3_wxx,not_delivering,,,,260528_AAA_AEO-Purchase_ios_vid_Growme_WW_0527_joy,5,0.0,0.0,,,,,,,,,40.0,,5,,
2025-12-01,2026-08-31,20260527_GrowMe_EN_9x16_FX-Creative_ZT-quick_RS-P3X1R1C3_fj,not_delivering,,,,260528_AAA_AEO-Purchase_ios_vid_Growme_WW_0527_joy,2,0.01,0.0,,,,,,,,,,,1,,
2025-12-01,2026-08-31,20260527_GrowMe_EN_9x16_FX-Creative_ZT-grow_RS-P3X1R1C3_gy,not_delivering,,,,260528_AAA_AEO-Purchase_ios_vid_Growme_WW_0527_joy,3,0.0,0.0,,,,,,,,,,,2,,
2025-12-01,2026-08-31,20260526_GrowMe_EN_9x16_FX-Creative_ZT-plan_RS-P3X1R1C3_gy,not_delivering,,,,260527_AAA_AEO-Purchase_ios_vid_Growme_WW_0526_joy,150,0.24,2.0,,,,,,,,,23.333333,6.0,8,,
2025-12-01,2026-08-31,20260526_GrowMe_EN_9x16_FX-Creative_ZT-mine_RS-P3X1R1C3_gy,not_delivering,,,,260527_AAA_AEO-Purchase_ios_vid_Growme_WW_0526_joy,29,0.04,3.448276,,,,,,,,,27.586207,2.0,6,,
2025-12-01,2026-08-31,20260526_GrowMe_EN_9x16_FX-Creative_ZT-job_RS-P3X1R1C3_gy,not_delivering,,,,260527_AAA_AEO-Purchase_ios_vid_Growme_WW_0526_joy,2,0.0,0.0,,,,,,,,,50.0,,2,,
2025-12-01,2026-08-31,20260526_GrowMe_EN_9x16_FX-Creative_ZT-2years_RS-P3X1R1C3_fj,not_delivering,,,,260527_AAA_AEO-Purchase_ios_vid_Growme_WW_0526_joy,15,0.0,0.0,,,,,,,,,26.666667,,7,,
2025-12-01,2026-08-31,20260525_growme_EN_9x16_FX-test_ZT-confidence_RS-P1X1R3C1_gy,not_delivering,,,,260526_AAA_AEO-Purchase_ios_vid_Growme_WW_0525_joy,89,0.31,1.123596,,,,,,,,,25.842697,1.0,15,,
2025-12-01,2026-08-31,20260525_GrowMe_EN_9x16_FX-test_ZT-hello-ai_RS-P3X1R1C3_fj,not_delivering,,,,260526_AAA_AEO-Purchase_ios_vid_Growme_WW_0525_joy,301,0.59,1.66113,0.0,,,,,,,,26.578073,6.0,10,,
2025-12-01,2026-08-31,20260525_GrowMe_EN_9x16_FX-test_ZT-learning_RS-P3X1R1C3_fj,not_delivering,,,,260526_AAA_AEO-Purchase_ios_vid_Growme_WW_0525_joy,20,0.07,5.0,,,,,,,,,35.0,,12,,
2025-12-01,2026-08-31,20260528_GrowMe_EN_9x16_FX-convercation_ZT-keep_RS-P3X1R1C3_gy,archived,,,,260601_AAA_AEO-Purchase_ios_vid_Growme_WW_0528_joy,2512,5.3,0.915605,0.0,,,,,,,,19.625796,48.0,3,,
2025-12-01,2026-08-31,20260529_growme_720x1280_oneway2_wxx_P1X1R1C3,not_delivering,,,,260601_AAA_AEO-Purchase_ios_vid_Growme_WW_0529_joy,31,0.0,0.0,,,,,,,,,29.032258,1.0,10,,
2025-12-01,2026-08-31,20260525_growme_EN_9x16_FX-Creative_ZT-slow-English_RS-P1X1R3C3_zl_02,not_delivering,,,,260601_AAA_AEO-Purchase_ios_vid_Growme_WW_0529_joy,3861,17.78,1.864802,0.15384615,6.0,2.963333,,,,,,24.864025,75.0,14,,
2025-12-01,2026-08-31,20260529_growme_EN_9x16_FX-Formats_ZT-read_RS-P1X1R3C1_gy,not_delivering,,,,260601_AAA_AEO-Purchase_ios_vid_Growme_WW_0529_joy,1308,2.26,1.070336,0.0,,,,,,,,8.868502,2.0,2,,
2025-12-01,2026-08-31,20260529_GrowMe_EN_9x16_FX-Creative_ZT-journey_RS-P3X1R1C3_gy,not_delivering,,,,260601_AAA_AEO-Purchase_ios_vid_Growme_WW_0529_joy,1175,2.75,1.702128,0.0,,,,,,,,19.404255,20.0,7,,
2025-12-01,2026-08-31,20260526_GrowMe_EN_9x16_FX-test_ZT-2years_RS-P3X1R1C3_fj,not_delivering,,,,260527_AAA_AEO-Purchase_ios_vid_Growme_WW_0526_joy,20,0.01,0.0,,,,,,,,,20.0,,3,,
2025-12-01,2026-08-31,20260527_GrowMe_EN_9x16_FX-Creative_ZT-relationship_RS-P3X1R1C3_gy,not_delivering,,,,260528_AAA_AEO-Purchase_ios_vid_Growme_WW_0527_joy,108,0.15,0.0,,,,,,,,,25.925926,,3,,
2025-12-01,2026-08-31,20260528_growme_EN_9x16_FX-Form_ZT-advice_RS-P1X1R3C3_wxx,archived,,,,260601_AAA_AEO-Purchase_ios_vid_Growme_WW_0528_joy,31,0.03,0.0,,,,,,,,,19.354839,,2,,
2025-12-01,2026-08-31,20260525_growme_EN_9x16_FX-Creative_ZT-slow-English_RS-P1X1R3C3_zx_06,not_delivering,,,,260601_AAA_AEO-Purchase_ios_vid_Growme_WW_0529_joy,24,0.01,4.166667,,,,,,,,,16.666667,,5,,
2025-12-01,2026-08-31,20260528_growme_EN_9x16_FX-Creatives_ZT-waste2_RS-P1X1R3C3_wxx,archived,,,,260601_AAA_AEO-Purchase_ios_vid_Growme_WW_0528_joy,14,0.0,0.0,,,,,,,,,21.428571,1.0,8,,
2025-12-01,2026-08-31,20260528_growme_EN_9x16_FX-Creatives_ZT-waste_RS-P1X1R3C3_wxx,archived,,,,260601_AAA_AEO-Purchase_ios_vid_Growme_WW_0528_joy,6,0.0,0.0,,,,,,,,,16.666667,,2,,
2025-12-01,2026-08-31,20260528_GrowMe_EN_9x16_FX-Creative_ZT-silence_RS-P3X1R1C3_fj,archived,,,,260601_AAA_AEO-Purchase_ios_vid_Growme_WW_0528_joy,8,0.0,0.0,,,,,,,,,37.5,,3,,
2025-12-01,2026-08-31,20260528_GrowMe_EN_9x16_FX-convercation_ZT-speak_RS-P3X1R1C3_gy,archived,,,,260601_AAA_AEO-Purchase_ios_vid_Growme_WW_0528_joy,1,0.0,0.0,,,,,,,,,,,1,,
2025-12-01,2026-08-31,20260529_GrowMe_EN_9x16_FX-Creative_ZT-life_RS-P3X1R1C3_gy,not_delivering,,,,260601_AAA_AEO-Purchase_ios_vid_Growme_WW_0529_joy,543,0.78,0.92081,0.0,,,,,,,,22.651934,5.0,7,,
2025-12-01,2026-08-31,20260528_GrowMe_EN_9x16_FX-Creative_ZT-A2english_RS-P3X1R1C3_fj,archived,,,,260601_AAA_AEO-Purchase_ios_vid_Growme_WW_0528_joy,61,0.05,3.278689,,,,,,,,,31.147541,1.0,13,,
2025-12-01,2026-08-31,20260528_GrowMe_EN_9x16_FX-convercation_ZT-study_RS-P3X1R1C3_gy,archived,,,,260601_AAA_AEO-Purchase_ios_vid_Growme_WW_0528_joy,10,0.0,0.0,,,,,,,,,30.0,,5,,
2025-12-01,2026-08-31,20260528_GrowMe_EN_9x16_FX-Formats_ZT-xinwen_RS-P3X1R1C3_gy,archived,,,,260601_AAA_AEO-Purchase_ios_vid_Growme_WW_0528_joy,126,0.46,1.587302,0.0,,,,,,,,14.285714,1.0,6,,
2025-12-01,2026-08-31,20260528_GrowMe_EN_9x16_FX-Creative_ZT- money_RS-P3X1R1C3_fj,archived,,,,260601_AAA_AEO-Purchase_ios_vid_Growme_WW_0528_joy,18,0.03,0.0,,,,,,,,,27.777778,,4,,
2025-12-01,2026-08-31,20260525_GrowMe_EN_9x16_FX-test_ZT-talkabout_RS-P3X1R1C3_fj,not_delivering,,,,260526_AAA_AEO-Purchase_ios_vid_Growme_WW_0525_joy,184,0.57,2.173913,0.0,,,,,,,,23.369565,1.0,16,,
2025-12-01,2026-08-31,20260528_GrowMe_EN_9x16_FX-Formats_ZT-Classic page-turning_RS-P3X1R1C3_fj,archived,,,,260601_AAA_AEO-Purchase_ios_vid_Growme_WW_0528_joy,4,0.0,0.0,,,,,,,,,,,1,,
2025-12-01,2026-08-31,20260525_growme_EN_9x16_FX-Creative_ZT-slow-English_RS-P1X1R3C3_zl_03,not_delivering,,,,260601_AAA_AEO-Purchase_ios_vid_Growme_WW_0529_joy,16,0.01,0.0,,,,,,,,,37.5,,2,,
2025-12-01,2026-08-31,20260529_growme_720x1280_oneway1_wxx_P1X1R1C3,not_delivering,,,,260601_AAA_AEO-Purchase_ios_vid_Growme_WW_0529_joy,16,0.01,0.0,,,,,,,,,37.5,,6,,
2025-12-01,2026-08-31,20260529_growme_720x1280_speak_wxx_P1X1R1C3,not_delivering,,,,260601_AAA_AEO-Purchase_ios_vid_Growme_WW_0529_joy,119,0.24,0.0,,,,,,,,,19.327731,1.0,4,,
2025-12-01,2026-08-31,20260526_GrowMe_EN_9x16_FX-Creative_ZT-slowburn_RS-P3X1R1C3_fj,not_delivering,,,,260527_AAA_AEO-Purchase_ios_vid_Growme_WW_0526_joy,8,0.0,0.0,,,,,,,,,25.0,,12,,
2025-12-01,2026-08-31,20260526_GrowMe_EN_9x16_FX-Creative_ZT-11things_RS-P3X1R1C3_fj,not_delivering,16.0,actions:app_custom_event.fb_mobile_purchase,38.28375,260527_AAA_AEO-Purchase_ios_vid_Growme_WW_0526_joy,214596,612.54,1.965088,0.11548159,229.0,2.674847,26.0,23.559231,16.0,38.28375,0.561318,28.280117,4422.0,10,,
2025-12-01,2026-08-31,20260529_growme_720x1280_shengjing_wxx_P1X1R1C3,not_delivering,,,,260601_AAA_AEO-Purchase_ios_vid_Growme_WW_0529_joy,57,0.14,1.754386,0.0,,,,,,,,21.052632,1.0,5,,
2025-12-01,2026-08-31,20260526_GrowMe_EN_9x16_FX-Creative_ZT-habbit_RS-P3X1R1C3_gy,not_delivering,,,,260527_AAA_AEO-Purchase_ios_vid_Growme_WW_0526_joy,2,0.0,0.0,,,,,,,,,50.0,,2,,
2025-12-01,2026-08-31,20260525_growme_EN_9x16_FX-Creative_ZT-slow-English_RS-P1X1R3C3_zx_04,not_delivering,,,,260601_AAA_AEO-Purchase_ios_vid_Growme_WW_0529_joy,3,0.0,0.0,,,,,,,,,,,1,,
2025-12-01,2026-08-31,20260529_GrowMe_EN_9x16_FX-Creative_ZT-you_RS-P3X1R1C3_gy,not_delivering,,,,260601_AAA_AEO-Purchase_ios_vid_Growme_WW_0529_joy,1,0.0,0.0,,,,,,,,,,,1,,
2025-12-01,2026-08-31,20260526_0_GrowMe_EN_9x16_FX-Creative_ZT-restart_RS-P3X1R1C3_gy,not_delivering,,,,260527_AAA_AEO-Purchase_ios_vid_Growme_WW_0526_joy,301,0.3,0.332226,,,,,,,,,22.259136,2.0,2,,
2025-12-01,2026-08-31,20260526_GrowMe_EN_9x16_FX-Creative_ZT-onehabits_RS-P3X1R1C3_fj,not_delivering,,,,260527_AAA_AEO-Purchase_ios_vid_Growme_WW_0526_joy,68,0.12,1.470588,,,,,,,,,22.058824,1.0,5,,
2025-12-01,2026-08-31,20260526_growme_EN_9x16_FX-test_ZT-add_RS-P1X1R3C3_wxx,not_delivering,,,,260527_AAA_AEO-Purchase_ios_vid_Growme_WW_0526_joy,24,0.01,4.166667,0.0,,,,,,,,20.833333,2.0,13,,
2025-12-01,2026-08-31,20260528_GrowMe_EN_9x16_FX-convercation_ZT-think_RS-P3X1R1C3_gy,not_delivering,,,,260601_AAA_AEO-Purchase_ios_vid_Growme_WW_0528_joy—betty,4,0.0,0.0,,,,,,,,,,,0,,
2025-12-01,2026-08-31,20260527_growme_EN_9x16_FX-Creatives_ZT-fluency_RS-P1X1R3C3_wxx,inactive,,,,260608_AAA_AEO-Purchase_ios_vid_Growme_WW_05250601back_joy-betty,7157,33.25,1.662708,0.42592593,23.0,1.445652,,,,,,27.972614,91.0,6,,
2025-12-01,2026-08-31,20260525_GrowMe_EN_9x16_FX-test_ZT-talkabout_RS-P3X1R1C3_fj,not_delivering,,,,260526_AAA_AEO-Purchase_ios_vid_Growme_WW_0525week_阅读提升英语_joy,148,0.28,2.702703,0.0,,,,,,,,27.027027,1.0,20,,
2025-12-01,2026-08-31,20260525_growme_EN_9x16_FX-test_ZT-read_RS-P1X1R3C1_gy,not_delivering,,,,260526_AAA_AEO-Purchase_ios_vid_Growme_WW_0525week_阅读提升英语_joy,15,0.03,0.0,,,,,,,,,26.666667,,5,,
2025-12-01,2026-08-31,20260525_growme_EN_9x16_FX-test_ZT-opinion_RS-P1X1R3C1_gy,not_delivering,,,,260526_AAA_AEO-Purchase_ios_vid_Growme_WW_0525week_阅读提升英语_joy,23,0.02,0.0,,,,,,,,,30.434783,,18,,
2025-12-01,2026-08-31,20260525_GrowMe_EN_9x16_FX-test_ZT-learning_RS-P3X1R1C3_fj,not_delivering,,,,260526_AAA_AEO-Purchase_ios_vid_Growme_WW_0525week_阅读提升英语_joy,16,0.04,0.0,,,,,,,,,18.75,,3,,
2025-12-01,2026-08-31,20260525_GrowMe_EN_9x16_FX-test_ZT-hello-ai_RS-P3X1R1C3_fj,not_delivering,,,,260526_AAA_AEO-Purchase_ios_vid_Growme_WW_0525week_阅读提升英语_joy,83,0.16,0.0,,,,,,,,,19.277108,,9,,
2025-12-01,2026-08-31,20260525_growme_EN_9x16_FX-test_ZT-confidence_RS-P1X1R3C1_gy,not_delivering,,,,260526_AAA_AEO-Purchase_ios_vid_Growme_WW_0525week_阅读提升英语_joy,18,0.0,0.0,,,,,,,,,27.777778,,4,,
2025-12-01,2026-08-31,20260525_GrowMe_EN_9x16_FX-test_ZT-timedont_RS-P3X1R1C3_fj,not_delivering,,,,260526_AAA_AEO-Purchase_ios_vid_Growme_WW_0525week_阅读提升英语_joy,36,0.07,0.0,,,,,,,,,27.777778,2.0,11,,
2025-12-01,2026-08-31,20260525_growme_EN_9x16_FX-test_ZT-niupizhi_RS-P1X1R3C1_gy,not_delivering,152.0,actions:app_custom_event.fb_mobile_purchase,35.70776316,260526_AAA_AEO-Purchase_ios_vid_Growme_WW_0525week_阅读提升英语_joy,3059239,5427.58,1.076215,0.32410984,4615.0,1.176074,281.0,19.315231,152.0,35.707763,0.56474,12.473037,25709.0,5,,
2025-12-01,2026-08-31,20260525_GrowMe_EN_9x16_FX-test_ZT-news_RS-P3X1R1C3_fj,not_delivering,,,,260526_AAA_AEO-Purchase_ios_vid_Growme_WW_0525week_阅读提升英语_joy,6,0.0,0.0,,,,,,,,,50.0,,4,,
2025-12-01,2026-08-31,20260525_growme_EN_9x16_FX-test_ZT-love_RS-P1X1R3C1_gy,not_delivering,,,,260526_AAA_AEO-Purchase_ios_vid_Growme_WW_0525week_阅读提升英语_joy,111,0.32,4.504505,0.0,,,,,,,,35.135135,3.0,37,,
2025-12-01,2026-08-31,20260525_growme_EN_9x16_FX-test_ZT-education_RS-P1X1R3C1_gy,not_delivering,,,,260526_AAA_AEO-Purchase_ios_vid_Growme_WW_0525week_阅读提升英语_joy,9,0.0,0.0,,,,,,,,,11.111111,,2,,
2025-12-01,2026-08-31,20260525_GrowMe_EN_9x16_FX-test_ZT-confidence_RS-P3X1R1C3_fj,not_delivering,,,,260526_AAA_AEO-Purchase_ios_vid_Growme_WW_0525week_阅读提升英语_joy,6,0.0,0.0,,,,,,,,,,,1,,
2025-12-01,2026-08-31,20260525_growme_EN_9x16_FX-test_ZT-zixin_RS-P1X1R3C1_gy,not_delivering,,,,260526_AAA_AEO-Purchase_ios_vid_Growme_WW_0525week_阅读提升英语_joy,4,0.0,0.0,,,,,,,,,25.0,,2,,
2025-12-01,2026-08-31,20260525_GrowMe_EN_9x16_FX-test_ZT-talkabout_RS-P3X1R1C3_fj,not_delivering,,,,260609_AAA_AEO-Purchase_ios_vid_Growme_T2_0525week_阅读提升英语_joy,520,0.73,5.192308,0.0,,,,,,,,26.923077,13.0,19,,
2025-12-01,2026-08-31,20260525_GrowMe_EN_9x16_FX-test_ZT-timedont_RS-P3X1R1C3_fj,not_delivering,,,,260609_AAA_AEO-Purchase_ios_vid_Growme_T2_0525week_阅读提升英语_joy,35,0.03,8.571429,0.0,,,,,,,,22.857143,1.0,13,,
2025-12-01,2026-08-31,20260525_GrowMe_EN_9x16_FX-test_ZT-news_RS-P3X1R1C3_fj,not_delivering,,,,260609_AAA_AEO-Purchase_ios_vid_Growme_T2_0525week_阅读提升英语_joy,65,0.07,1.538462,0.0,,,,,,,,20.0,1.0,8,,
2025-12-01,2026-08-31,20260525_growme_EN_9x16_FX-test_ZT-niupizhi_RS-P1X1R3C1_gy,not_delivering,334.0,actions:app_custom_event.fb_mobile_purchase,27.1010479,260609_AAA_AEO-Purchase_ios_vid_Growme_T2_0525week_阅读提升英语_joy,6991909,9051.75,0.801927,0.26995209,11213.0,0.807255,668.0,13.550524,334.0,27.101048,0.690385,15.499487,63329.0,6,,
2025-12-01,2026-08-31,20260525_GrowMe_EN_9x16_FX-test_ZT-learning_RS-P3X1R1C3_fj,not_delivering,,,,260609_AAA_AEO-Purchase_ios_vid_Growme_T2_0525week_阅读提升英语_joy,126,0.2,3.174603,0.0,,,,,,,,32.539683,5.0,12,,
2025-12-01,2026-08-31,20260525_growme_EN_9x16_FX-test_ZT-confidence_RS-P1X1R3C1_gy,not_delivering,,,,260609_AAA_AEO-Purchase_ios_vid_Growme_T2_0525week_阅读提升英语_joy,312,0.5,7.692308,0.13043478,3.0,0.166667,,,,,,27.564103,8.0,24,,
2025-12-01,2026-08-31,20260525_growme_EN_9x16_FX-test_ZT-education_RS-P1X1R3C1_gy,not_delivering,,,,260609_AAA_AEO-Purchase_ios_vid_Growme_T2_0525week_阅读提升英语_joy,67,0.03,10.447761,0.0,,,,,,,,37.313433,4.0,35,,
2025-12-01,2026-08-31,20260525_growme_EN_9x16_FX-test_ZT-opinion_RS-P1X1R3C1_gy,not_delivering,,,,260609_AAA_AEO-Purchase_ios_vid_Growme_T2_0525week_阅读提升英语_joy,121,0.11,4.132231,0.0,,,,,,,,32.231405,1.0,15,,
2025-12-01,2026-08-31,20260525_growme_EN_9x16_FX-test_ZT-love_RS-P1X1R3C1_gy,not_delivering,,,,260609_AAA_AEO-Purchase_ios_vid_Growme_T2_0525week_阅读提升英语_joy,4825,7.29,3.233161,0.04054054,6.0,1.215,,,,,,31.025907,143.0,29,,
2025-12-01,2026-08-31,20260525_GrowMe_EN_9x16_FX-test_ZT-hello-ai_RS-P3X1R1C3_fj,not_delivering,,,,260609_AAA_AEO-Purchase_ios_vid_Growme_T2_0525week_阅读提升英语_joy,1536,3.05,4.557292,0.046875,3.0,1.016667,,,,,,23.632813,41.0,12,,
2025-12-01,2026-08-31,20260525_growme_EN_9x16_FX-test_ZT-read_RS-P1X1R3C1_gy,not_delivering,,,,260609_AAA_AEO-Purchase_ios_vid_Growme_T2_0525week_阅读提升英语_joy,490,1.03,1.22449,0.0,,,,,,,,17.55102,5.0,4,,
2025-12-01,2026-08-31,20260525_growme_EN_9x16_FX-test_ZT-zixin_RS-P1X1R3C1_gy,not_delivering,,,,260609_AAA_AEO-Purchase_ios_vid_Growme_T2_0525week_阅读提升英语_joy,26,0.01,0.0,,,,,,,,,3.846154,,2,,
2025-12-01,2026-08-31,20260525_GrowMe_EN_9x16_FX-test_ZT-confidence_RS-P3X1R1C3_fj,not_delivering,,,,260609_AAA_AEO-Purchase_ios_vid_Growme_T2_0525week_阅读提升英语_joy,60,0.07,10.0,0.16666667,1.0,0.07,,,,,,48.333333,9.0,38,,
2025-12-01,2026-08-31,20260527_GrowMe_EN_9x16_FX-Creative_ZT-girl_RS-P3X1R1C3_fj,not_delivering,,,,260528_AAA_AEO-Purchase_ios_vid_Growme_WW_0527_joy,2,0.0,0.0,,,,,,,,,,,1,,
2025-12-01,2026-08-31,20260525_growme_EN_9x16_FX-Creative_ZT-slow-English_RS-P1X1R3C3_zx_05,not_delivering,,,,260601_AAA_AEO-Purchase_ios_vid_Growme_WW_0529_joy,1,0.0,0.0,,,,,,,,,,,1,,
2025-12-01,2026-08-31,20260526_GrowMe_EN_9x16_FX-Creative_ZT-11things_RS-P3X1R1C3_fj,not_delivering,,,,260615_AAA_AEO-Purchase_ios_vid_Growme_US_0525week_joy,77,1.65,5.194805,0.66666667,2.0,0.825,,,,,,37.662338,3.0,11,,
2025-12-01,2026-08-31,20260527_growme_EN_9x16_FX-Creatives_ZT-fluency_RS-P1X1R3C3_wxx,not_delivering,,,,260615_AAA_AEO-Purchase_ios_vid_Growme_US_0525week_joy,132,2.33,4.545455,0.0,,,,,,,,33.333333,3.0,8,,
2025-12-01,2026-08-31,20260525_growme_EN_9x16_FX-test_ZT-niupizhi_RS-P1X1R3C1_gy,not_delivering,15.0,actions:app_custom_event.fb_mobile_purchase,82.79866667,260615_AAA_AEO-Purchase_ios_vid_Growme_US_0525week_joy,123623,1241.98,2.004481,0.42198582,357.0,3.478936,61.0,20.360328,15.0,82.798667,0.215881,18.157624,1192.0,6,,
2025-12-01,2026-08-31,20260526_GrowMe_EN_9x16_FX-Creative_ZT-plan_RS-P3X1R1C3_gy,not_delivering,,,,260615_AAA_AEO-Purchase_ios_vid_Growme_US_0525week_joy,2,0.01,0.0,,,,,,,,,50.0,,4,,
2025-12-01,2026-08-31,20260527_GrowMe_EN_9x16_FX-Creative_ZT-speak_RS-P3X1R1C3_gy,not_delivering,,,,260615_AAA_AEO-Purchase_ios_vid_Growme_US_0525week_joy,4,0.01,0.0,,,,,,,,,25.0,,13,,
2025-12-01,2026-08-31,20260525_growme_EN_9x16_FX-Creative_ZT-slow-English_RS-P1X1R3C3_zl_01,not_delivering,,,,260601_AAA_AEO-Purchase_ios_vid_Growme_WW_0529_joy,270,1.24,1.111111,0.0,,,,,,,,19.62963,,5,,
2025-12-01,2026-08-31,20260527_growme_EN_9x16_FX-Creatives_ZT-fluency_RS-P1X1R3C3_wxx,archived,2.0,actions:app_custom_event.fb_mobile_purchase,14.97,260620_AAA_AEO-Purchase_ios_vid_Growme_T2_05250601week_joy,8413,29.94,1.557114,0.325,26.0,1.151538,4.0,7.485,2.0,14.97,1.169005,27.600143,154.0,7,,
2025-12-01,2026-08-31,20260525_growme_EN_9x16_FX-test_ZT-zixin_RS-P1X1R3C1_gy,not_delivering,,,,260622_AAA_AEO-Purchase_ios_vid_Growme_WW_0525week_阅读提升英语_joy,3,0.0,0.0,,,,,,,,,,,1,,
2025-12-01,2026-08-31,20260525_growme_EN_9x16_FX-test_ZT-love_RS-P1X1R3C1_gy,not_delivering,,,,260622_AAA_AEO-Purchase_ios_vid_Growme_WW_0525week_阅读提升英语_joy,184,0.53,1.630435,0.0,,,,,,,,25.0,5.0,23,,
2025-12-01,2026-08-31,20260525_GrowMe_EN_9x16_FX-test_ZT-news_RS-P3X1R1C3_fj,not_delivering,,,,260622_AAA_AEO-Purchase_ios_vid_Growme_WW_0525week_阅读提升英语_joy,34,0.06,0.0,,,,,,,,,11.764706,,2,,
2025-12-01,2026-08-31,20260525_growme_EN_9x16_FX-test_ZT-niupizhi_RS-P1X1R3C1_gy,rejected,,,,260622_AAA_AEO-Purchase_ios_vid_Growme_WW_0525week_阅读提升英语_joy,44893,97.72,0.92442,0.27956989,52.0,1.879231,,,,,,11.767982,357.0,4,,
2025-12-01,2026-08-31,20260525_growme_EN_9x16_FX-test_ZT-education_RS-P1X1R3C1_gy,not_delivering,,,,260622_AAA_AEO-Purchase_ios_vid_Growme_WW_0525week_阅读提升英语_joy,10,0.01,0.0,,,,,,,,,30.0,,27,,
2025-12-01,2026-08-31,20260525_GrowMe_EN_9x16_FX-test_ZT-confidence_RS-P3X1R1C3_fj,not_delivering,,,,260622_AAA_AEO-Purchase_ios_vid_Growme_WW_0525week_阅读提升英语_joy,2,0.0,0.0,,,,,,,,,50.0,,10,,
2025-12-01,2026-08-31,20260525_GrowMe_EN_9x16_FX-test_ZT-hello-ai_RS-P3X1R1C3_fj,not_delivering,,,,260622_AAA_AEO-Purchase_ios_vid_Growme_WW_0525week_阅读提升英语_joy,48,0.17,4.166667,0.0,,,,,,,,25.0,1.0,10,,
2025-12-01,2026-08-31,20260525_growme_EN_9x16_FX-test_ZT-confidence_RS-P1X1R3C1_gy,not_delivering,,,,260622_AAA_AEO-Purchase_ios_vid_Growme_WW_0525week_阅读提升英语_joy,6,0.01,0.0,,,,,,,,,,,1,,
2025-12-01,2026-08-31,20260525_growme_EN_9x16_FX-test_ZT-opinion_RS-P1X1R3C1_gy,not_delivering,,,,260622_AAA_AEO-Purchase_ios_vid_Growme_WW_0525week_阅读提升英语_joy,17,0.08,0.0,,,,,,,,,29.411765,,9,,
2025-12-01,2026-08-31,20260525_GrowMe_EN_9x16_FX-test_ZT-talkabout_RS-P3X1R1C3_fj,not_delivering,,,,260622_AAA_AEO-Purchase_ios_vid_Growme_WW_0525week_阅读提升英语_joy,31,0.11,3.225806,,,,,,,,,38.709677,3.0,31,,
2025-12-01,2026-08-31,20260525_GrowMe_EN_9x16_FX-test_ZT-learning_RS-P3X1R1C3_fj,not_delivering,,,,260622_AAA_AEO-Purchase_ios_vid_Growme_WW_0525week_阅读提升英语_joy,8,0.06,12.5,0.0,,,,,,,,50.0,,10,,
2025-12-01,2026-08-31,20260525_growme_EN_9x16_FX-test_ZT-read_RS-P1X1R3C1_gy,not_delivering,,,,260622_AAA_AEO-Purchase_ios_vid_Growme_WW_0525week_阅读提升英语_joy,36,0.14,2.777778,,,,,,,,,13.888889,1.0,4,,
2025-12-01,2026-08-31,20260525_GrowMe_EN_9x16_FX-test_ZT-timedont_RS-P3X1R1C3_fj,not_delivering,,,,260622_AAA_AEO-Purchase_ios_vid_Growme_WW_0525week_阅读提升英语_joy,5,0.0,0.0,,,,,,,,,40.0,,6,,
2025-12-01,2026-08-31,20260525_growme_EN_9x16_FX-test_ZT-zixin_RS-P1X1R3C1_gy,not_delivering,,,,260622_AAA_AEO-Purchase_ios_vid_Growme_T2头部_0525week_阅读提升英语_joy,138,0.94,2.173913,0.25,1.0,0.94,,,,,,17.391304,2.0,3,,
2025-12-01,2026-08-31,20260525_growme_EN_9x16_FX-test_ZT-read_RS-P1X1R3C1_gy,not_delivering,,,,260622_AAA_AEO-Purchase_ios_vid_Growme_T2头部_0525week_阅读提升英语_joy,37,0.4,2.702703,,,,,,,,,35.135135,1.0,9,,
2025-12-01,2026-08-31,20260525_GrowMe_EN_9x16_FX-test_ZT-confidence_RS-P3X1R1C3_fj,not_delivering,,,,260622_AAA_AEO-Purchase_ios_vid_Growme_T2头部_0525week_阅读提升英语_joy,3,0.0,0.0,,,,,,,,,,,1,,
2025-12-01,2026-08-31,20260525_growme_EN_9x16_FX-test_ZT-opinion_RS-P1X1R3C1_gy,not_delivering,,,,260622_AAA_AEO-Purchase_ios_vid_Growme_T2头部_0525week_阅读提升英语_joy,20,0.08,0.0,,,,,,,,,25.0,,12,,
2025-12-01,2026-08-31,20260525_growme_EN_9x16_FX-test_ZT-education_RS-P1X1R3C1_gy,not_delivering,,,,260622_AAA_AEO-Purchase_ios_vid_Growme_T2头部_0525week_阅读提升英语_joy,12,0.03,0.0,,,,,,,,,25.0,,17,,
2025-12-01,2026-08-31,20260525_GrowMe_EN_9x16_FX-test_ZT-talkabout_RS-P3X1R1C3_fj,not_delivering,,,,260622_AAA_AEO-Purchase_ios_vid_Growme_T2头部_0525week_阅读提升英语_joy,77,0.21,5.194805,0.0,,,,,,,,24.675325,3.0,14,,
2025-12-01,2026-08-31,20260525_growme_EN_9x16_FX-test_ZT-confidence_RS-P1X1R3C1_gy,not_delivering,,,,260622_AAA_AEO-Purchase_ios_vid_Growme_T2头部_0525week_阅读提升英语_joy,15,0.02,0.0,,,,,,,,,26.666667,,13,,
2025-12-01,2026-08-31,20260525_growme_EN_9x16_FX-test_ZT-love_RS-P1X1R3C1_gy,not_delivering,,,,260622_AAA_AEO-Purchase_ios_vid_Growme_T2头部_0525week_阅读提升英语_joy,120,0.35,5.833333,0.0,,,,,,,,24.166667,3.0,28,,
2025-12-01,2026-08-31,20260525_GrowMe_EN_9x16_FX-test_ZT-timedont_RS-P3X1R1C3_fj,not_delivering,,,,260622_AAA_AEO-Purchase_ios_vid_Growme_T2头部_0525week_阅读提升英语_joy,16,0.06,6.25,0.0,,,,,,,,31.25,1.0,20,,
2025-12-01,2026-08-31,20260525_GrowMe_EN_9x16_FX-test_ZT-news_RS-P3X1R1C3_fj,not_delivering,,,,260622_AAA_AEO-Purchase_ios_vid_Growme_T2头部_0525week_阅读提升英语_joy,17,0.11,5.882353,,,,,,,,,23.529412,,2,,
2025-12-01,2026-08-31,20260525_growme_EN_9x16_FX-test_ZT-niupizhi_RS-P1X1R3C1_gy,not_delivering,135.0,actions:app_custom_event.fb_mobile_purchase,38.84133333,260622_AAA_AEO-Purchase_ios_vid_Growme_T2头部_0525week_阅读提升英语_joy,1984790,5243.58,1.246177,0.29570143,3811.0,1.375907,217.0,24.163963,135.0,38.841333,0.575006,14.266446,23730.0,5,,
2025-12-01,2026-08-31,20260525_GrowMe_EN_9x16_FX-test_ZT-hello-ai_RS-P3X1R1C3_fj,not_delivering,,,,260622_AAA_AEO-Purchase_ios_vid_Growme_T2头部_0525week_阅读提升英语_joy,87,0.35,4.597701,0.0,,,,,,,,18.390805,,6,,
2025-12-01,2026-08-31,20260525_GrowMe_EN_9x16_FX-test_ZT-learning_RS-P3X1R1C3_fj,not_delivering,,,,260622_AAA_AEO-Purchase_ios_vid_Growme_T2头部_0525week_阅读提升英语_joy,11,0.02,9.090909,,,,,,,,,36.363636,1.0,17,,
2025-12-01,2026-08-31,20260525_growme_EN_9x16_FX-test_ZT-read_RS-P1X1R3C1_gy,not_delivering,,,,260622_AAA_AEO-Purchase_ios_vid_Growme_WW_0525week_阅读提升英语_joy,17,0.02,0.0,,,,,,,,,23.529412,,4,,
2025-12-01,2026-08-31,20260525_GrowMe_EN_9x16_FX-test_ZT-learning_RS-P3X1R1C3_fj,not_delivering,,,,260622_AAA_AEO-Purchase_ios_vid_Growme_WW_0525week_阅读提升英语_joy,2,0.01,0.0,,,,,,,,,50.0,,26,,
2025-12-01,2026-08-31,20260525_GrowMe_EN_9x16_FX-test_ZT-hello-ai_RS-P3X1R1C3_fj,not_delivering,,,,260622_AAA_AEO-Purchase_ios_vid_Growme_WW_0525week_阅读提升英语_joy,20,0.04,0.0,,,,,,,,,30.0,1.0,14,,
2025-12-01,2026-08-31,20260525_GrowMe_EN_9x16_FX-test_ZT-talkabout_RS-P3X1R1C3_fj,not_delivering,,,,260622_AAA_AEO-Purchase_ios_vid_Growme_WW_0525week_阅读提升英语_joy,14,0.03,7.142857,0.0,,,,,,,,28.571429,1.0,35,,
2025-12-01,2026-08-31,20260525_growme_EN_9x16_FX-test_ZT-confidence_RS-P1X1R3C1_gy,not_delivering,,,,260622_AAA_AEO-Purchase_ios_vid_Growme_WW_0525week_阅读提升英语_joy,3,0.0,0.0,,,,,,,,,33.333333,1.0,51,,
2025-12-01,2026-08-31,20260525_growme_EN_9x16_FX-test_ZT-education_RS-P1X1R3C1_gy,not_delivering,,,,260622_AAA_AEO-Purchase_ios_vid_Growme_WW_0525week_阅读提升英语_joy,3,0.01,0.0,,,,,,,,,33.333333,,14,,
2025-12-01,2026-08-31,20260525_GrowMe_EN_9x16_FX-test_ZT-news_RS-P3X1R1C3_fj,not_delivering,,,,260622_AAA_AEO-Purchase_ios_vid_Growme_WW_0525week_阅读提升英语_joy,2,0.0,0.0,,,,,,,,,,,0,,
2025-12-01,2026-08-31,20260525_GrowMe_EN_9x16_FX-test_ZT-confidence_RS-P3X1R1C3_fj,not_delivering,,,,260622_AAA_AEO-Purchase_ios_vid_Growme_WW_0525week_阅读提升英语_joy,2,0.0,0.0,,,,,,,,,,,0,,
2025-12-01,2026-08-31,20260525_growme_EN_9x16_FX-test_ZT-niupizhi_RS-P1X1R3C1_gy,not_delivering,4.0,actions:app_custom_event.fb_mobile_purchase,22.6725,260622_AAA_AEO-Purchase_ios_vid_Growme_WW_0525week_阅读提升英语_joy,38918,90.69,1.320726,0.26495726,62.0,1.462742,5.0,18.138,4.0,22.6725,0.51472,14.296726,403.0,5,,
2025-12-01,2026-08-31,20260525_growme_EN_9x16_FX-test_ZT-love_RS-P1X1R3C1_gy,not_delivering,,,,260622_AAA_AEO-Purchase_ios_vid_Growme_WW_0525week_阅读提升英语_joy,30,0.11,0.0,,,,,,,,,36.666667,,22,,
2025-12-01,2026-08-31,20260525_growme_EN_9x16_FX-test_ZT-zixin_RS-P1X1R3C1_gy,not_delivering,,,,260622_AAA_AEO-Purchase_ios_vid_Growme_WW_0525week_阅读提升英语_joy,1,0.0,0.0,,,,,,,,,100.0,,4,,
2025-12-01,2026-08-31,20260525_growme_EN_9x16_FX-test_ZT-opinion_RS-P1X1R3C1_gy,not_delivering,,,,260622_AAA_AEO-Purchase_ios_vid_Growme_WW_0525week_阅读提升英语_joy,2,0.0,0.0,,,,,,,,,,,1,,
2025-12-01,2026-08-31,20260525_GrowMe_EN_9x16_FX-test_ZT-timedont_RS-P3X1R1C3_fj,not_delivering,,,,260622_AAA_AEO-Purchase_ios_vid_Growme_WW_0525week_阅读提升英语_joy,1,0.0,0.0,,,,,,,,,,,00:00:00,,
2025-12-01,2026-08-31,20260525_growme_EN_9x16_FX-test_ZT-education_RS-P1X1R3C1_gy,not_delivering,,,,260526_AAA_AEO-Purchase_ios_vid_Growme_WW_0525_joy,10,0.0,0.0,,,,,,,,,10.0,,12,,
2025-12-01,2026-08-31,20260525_growme_EN_9x16_FX-test_ZT-read_RS-P1X1R3C1_gy,not_delivering,,,,260526_AAA_AEO-Purchase_ios_vid_Growme_WW_0525_joy,5,0.02,0.0,,,,,,,,,40.0,1.0,22,,
2025-12-01,2026-08-31,20260525_growme_EN_9x16_FX-test_ZT-niupizhi_RS-P1X1R3C1_gy,not_delivering,77.0,actions:app_custom_event.fb_mobile_purchase,45.75883117,260526_AAA_AEO-Purchase_ios_vid_Growme_WW_0525_joy,2009334,3523.43,0.847594,0.36231884,3025.0,1.16477,128.0,27.526797,77.0,45.758831,0.395702,11.475643,12993.0,4,,
2025-12-01,2026-08-31,20260525_growme_EN_9x16_FX-test_ZT-opinion_RS-P1X1R3C1_gy,not_delivering,,,,260526_AAA_AEO-Purchase_ios_vid_Growme_WW_0525_joy,33,0.1,3.030303,,,,,,,,,24.242424,,8,,
2025-12-01,2026-08-31,20260525_growme_EN_9x16_FX-test_ZT-confidence_RS-P1X1R3C1_gy,not_delivering,,,,260526_AAA_AEO-Purchase_ios_vid_Growme_WW_0525_joy,62,0.23,4.83871,0.0,,,,,,,,24.193548,,13,,
2025-12-01,2026-08-31,20260525_GrowMe_EN_9x16_FX-test_ZT-news_RS-P3X1R1C3_fj,not_delivering,,,,260526_AAA_AEO-Purchase_ios_vid_Growme_WW_0525_joy,27,0.05,0.0,,,,,,,,,18.518519,,2,,
2025-12-01,2026-08-31,20260525_growme_EN_9x16_FX-test_ZT-zixin_RS-P1X1R3C1_gy,not_delivering,,,,260526_AAA_AEO-Purchase_ios_vid_Growme_WW_0525_joy,7,0.0,0.0,,,,,,,,,14.285714,,1,,
2025-12-01,2026-08-31,20260527_GrowMe_EN_9x16_FX-Creative_ZT-actually_RS-P3X1R1C3_fj,not_delivering,,,,260528_AAA_AEO-Purchase_ios_vid_Growme_WW_0527_joy,9,0.0,0.0,,,,,,,,,22.222222,,2,,
2025-12-01,2026-08-31,20260528_GrowMe_EN_9x16_FX-Formats_ZT-Classic page-turning_RS-P3X1R1C3_fj,not_delivering,,,,260601_AAA_AEO-Purchase_ios_vid_Growme_WW_0528_joy,2,0.0,0.0,,,,,,,,,,,1,,
2025-12-01,2026-08-31,20260528_GrowMe_EN_9x16_FX-Formats_ZT-jiemian_RS-P3X1R1C3_gy,not_delivering,,,,260601_AAA_AEO-Purchase_ios_vid_Growme_WW_0528_joy,2,0.0,0.0,,,,,,,,,100.0,,9,,
2025-12-01,2026-08-31,20260527_growme_EN_9x16_FX-Creatives_ZT-fluency_RS-P1X1R3C3_wxx,not_delivering,25.0,actions:app_custom_event.fb_mobile_purchase,40.862,260528_AAA_AEO-Purchase_ios_vid_Growme_WW_0527_joy,304491,1021.55,1.423687,0.30294608,545.0,1.874404,36.0,28.376389,25.0,40.862,0.504146,25.295986,2695.0,4,,
2025-12-01,2026-08-31,20260527_growme_EN_9x16_FX-Creatives_ZT-routine_RS-P1X1R3C3_wxx,not_delivering,,,,260528_AAA_AEO-Purchase_ios_vid_Growme_WW_0527_joy,181,0.45,1.657459,0.0,,,,,,,,24.309392,6.0,3,,
2025-12-01,2026-08-31,20260527_GrowMe_EN_9x16_FX-Creative_ZT-wellspoken_RS-P3X1R1C3_fj,not_delivering,,,,260528_AAA_AEO-Purchase_ios_vid_Growme_WW_0527_joy,1,0.0,0.0,,,,,,,,,,,0,,
2025-12-01,2026-08-31,20260527_growme_EN_9x16_FX-Creatives_ZT-listen_RS-P1X1R3C3_wxx,not_delivering,,,,260528_AAA_AEO-Purchase_ios_vid_Growme_WW_0527_joy,10,0.04,0.0,,,,,,,,,40.0,,3,,
2025-12-01,2026-08-31,20260527_GrowMe_EN_9x16_FX-Creative_ZT-self_RS-P3X1R1C3_gy,not_delivering,,,,260528_AAA_AEO-Purchase_ios_vid_Growme_WW_0527_joy,7,0.0,0.0,,,,,,,,,42.857143,,5,,
2025-12-01,2026-08-31,20260527_GrowMe_EN_9x16_FX-Creative_ZT-quick_RS-P3X1R1C3_fj,not_delivering,,,,260528_AAA_AEO-Purchase_ios_vid_Growme_WW_0527_joy,14,0.0,0.0,,,,,,,,,21.428571,1.0,16,,
2025-12-01,2026-08-31,20260527_GrowMe_EN_9x16_FX-Creative_ZT-grow_RS-P3X1R1C3_gy,not_delivering,,,,260528_AAA_AEO-Purchase_ios_vid_Growme_WW_0527_joy,10,0.0,0.0,,,,,,,,,10.0,,1,,
2025-12-01,2026-08-31,20260527_GrowMe_EN_9x16_FX-Creative_ZT-sloe-beain_RS-P3X1R1C3_fj,not_delivering,,,,260528_AAA_AEO-Purchase_ios_vid_Growme_WW_0527_joy,1,0.0,0.0,,,,,,,,,,,00:00:00,,
2025-12-01,2026-08-31,20260527_GrowMe_EN_9x16_FX-Creative_ZT-relationship_RS-P3X1R1C3_gy,not_delivering,,,,260528_AAA_AEO-Purchase_ios_vid_Growme_WW_0527_joy,20,0.0,0.0,,,,,,,,,30.0,,2,,
2025-12-01,2026-08-31,20260527_GrowMe_EN_9x16_FX-Creative_ZT-speak_RS-P3X1R1C3_gy,not_delivering,,,,260528_AAA_AEO-Purchase_ios_vid_Growme_WW_0527_joy,34,0.0,2.941176,0.0,,,,,,,,20.588235,1.0,4,,
2025-12-01,2026-08-31,20260528_GrowMe_EN_9x16_FX-convercation_ZT-keep_RS-P3X1R1C3_gy,not_delivering,,,,260601_AAA_AEO-Purchase_ios_vid_Growme_WW_0528_joy,81,0.12,0.0,,,,,,,,,14.814815,1.0,2,,
2025-12-01,2026-08-31,20260528_GrowMe_EN_9x16_FX-Formats_ZT-news reporter_RS-P3X1R1C3_fj,not_delivering,,,,260601_AAA_AEO-Purchase_ios_vid_Growme_WW_0528_joy,2,0.0,0.0,,,,,,,,,,,1,,
2025-12-01,2026-08-31,20260528_GrowMe_EN_9x16_FX-Creative_ZT-silence_RS-P3X1R1C3_fj,not_delivering,,,,260601_AAA_AEO-Purchase_ios_vid_Growme_WW_0528_joy,12,0.0,0.0,,,,,,,,,50.0,,5,,
2025-12-01,2026-08-31,20260528_GrowMe_EN_9x16_FX-convercation_ZT-study_RS-P3X1R1C3_gy,not_delivering,,,,260601_AAA_AEO-Purchase_ios_vid_Growme_WW_0528_joy,4,0.0,0.0,,,,,,,,,25.0,,2,,
2025-12-01,2026-08-31,20260527_GrowMe_EN_9x16_FX-Creative_ZT-sucess_RS-P3X1R1C3_gy,not_delivering,,,,260528_AAA_AEO-Purchase_ios_vid_Growme_WW_0527_joy,3,0.0,0.0,,,,,,,,,,,0,,
2025-12-01,2026-08-31,20260528_growme_EN_9x16_FX-Creatives_ZT-waste_RS-P1X1R3C3_wxx,not_delivering,,,,260601_AAA_AEO-Purchase_ios_vid_Growme_WW_0528_joy,8,0.08,0.0,,,,,,,,,12.5,,2,,
2025-12-01,2026-08-31,20260528_GrowMe_EN_9x16_FX-Creative_ZT-A2english_RS-P3X1R1C3_fj,not_delivering,,,,260601_AAA_AEO-Purchase_ios_vid_Growme_WW_0528_joy,29,0.03,3.448276,0.0,,,,,,,,31.034483,,3,,
2025-12-01,2026-08-31,20260528_growme_EN_9x16_FX-Creatives_ZT-waste2_RS-P1X1R3C3_wxx,not_delivering,,,,260601_AAA_AEO-Purchase_ios_vid_Growme_WW_0528_joy,1,0.0,0.0,,,,,,,,,,,1,,
2025-12-01,2026-08-31,20260528_GrowMe_EN_9x16_FX-Creative_ZT- money_RS-P3X1R1C3_fj,not_delivering,,,,260601_AAA_AEO-Purchase_ios_vid_Growme_WW_0528_joy,1,0.0,0.0,,,,,,,,,100.0,,8,,
2025-12-01,2026-08-31,20260528_GrowMe_EN_9x16_FX-Formats_ZT-xinwen_RS-P3X1R1C3_gy,not_delivering,,,,260601_AAA_AEO-Purchase_ios_vid_Growme_WW_0528_joy,1064,4.68,2.067669,0.05263158,1.0,4.68,,,,,,16.635338,8.0,6,,
2025-12-01,2026-08-31,20260528_growme_EN_9x16_FX-Form_ZT-advice_RS-P1X1R3C3_wxx,not_delivering,,,,260601_AAA_AEO-Purchase_ios_vid_Growme_WW_0528_joy,3,0.0,0.0,,,,,,,,,,,1,,
2025-12-01,2026-08-31,20260525_growme_EN_9x16_FX-test_ZT-love_RS-P1X1R3C1_gy,not_delivering,,,,260526_AAA_AEO-Purchase_ios_vid_Growme_WW_0525_joy,280,1.03,4.642857,0.0,,,,,,,,30.0,9.0,27,,
2025-12-01,2026-08-31,20260529_GrowMe_EN_9x16_FX-Creative_ZT-you_RS-P3X1R1C3_gy,archived,,,,260601_AAA_AEO-Purchase_ios_vid_Growme_WW_0529_joy,2,0.0,0.0,,,,,,,,,,,1,,
2025-12-01,2026-08-31,20260529_growme_720x1280_shengjing_wxx_P1X1R1C3,archived,,,,260601_AAA_AEO-Purchase_ios_vid_Growme_WW_0529_joy,11,0.01,0.0,,,,,,,,,9.090909,,3,,
2025-12-01,2026-08-31,20260525_growme_EN_9x16_FX-Creative_ZT-slow-English_RS-P1X1R3C3_zx_04,archived,,,,260601_AAA_AEO-Purchase_ios_vid_Growme_WW_0529_joy,9,0.0,0.0,,,,,,,,,,,1,,
2025-12-01,2026-08-31,20260529_growme_720x1280_oneway1_wxx_P1X1R1C3,archived,,,,260601_AAA_AEO-Purchase_ios_vid_Growme_WW_0529_joy,2,0.0,0.0,,,,,,,,,,,1,,
2025-12-01,2026-08-31,20260529_GrowMe_EN_9x16_FX-Creative_ZT-journey_RS-P3X1R1C3_gy,archived,,,,260601_AAA_AEO-Purchase_ios_vid_Growme_WW_0529_joy,866,2.97,2.771363,0.0,,,,,,,,21.593533,20.0,8,,
2025-12-01,2026-08-31,20260529_growme_720x1280_oneway2_wxx_P1X1R1C3,archived,,,,260601_AAA_AEO-Purchase_ios_vid_Growme_WW_0529_joy,17,0.0,0.0,,,,,,,,,17.647059,,3,,
2025-12-01,2026-08-31,20260525_growme_EN_9x16_FX-Creative_ZT-slow-English_RS-P1X1R3C3_zl_02,archived,2.0,actions:app_custom_event.fb_mobile_purchase,13.785,260601_AAA_AEO-Purchase_ios_vid_Growme_WW_0529_joy,6481,27.57,1.481253,0.26190476,11.0,2.506364,1.0,27.57,2.0,13.785,0.858905,22.311372,63.0,8,,
2025-12-01,2026-08-31,20260529_growme_EN_9x16_FX-Formats_ZT-read_RS-P1X1R3C1_gy,archived,,,,260601_AAA_AEO-Purchase_ios_vid_Growme_WW_0529_joy,635,0.94,2.362205,1.0,3.0,0.313333,,,,,,11.181102,3.0,3,,
2025-12-01,2026-08-31,20260525_growme_EN_9x16_FX-Creative_ZT-slow-English_RS-P1X1R3C3_zl_03,archived,,,,260601_AAA_AEO-Purchase_ios_vid_Growme_WW_0529_joy,1,0.0,0.0,,,,,,,,,,,1,,
2025-12-01,2026-08-31,20260525_GrowMe_EN_9x16_FX-test_ZT-timedont_RS-P3X1R1C3_fj,not_delivering,,,,260526_AAA_AEO-Purchase_ios_vid_Growme_WW_0525_joy,13,0.02,0.0,,,,,,,,,38.461538,1.0,13,,
2025-12-01,2026-08-31,20260525_growme_EN_9x16_FX-Creative_ZT-slow-English_RS-P1X1R3C3_zx_06,archived,,,,260601_AAA_AEO-Purchase_ios_vid_Growme_WW_0529_joy,11,0.02,9.090909,0.0,,,,,,,,18.181818,,2,,
2025-12-01,2026-08-31,20260525_GrowMe_EN_9x16_FX-test_ZT-learning_RS-P3X1R1C3_fj,not_delivering,,,,260526_AAA_AEO-Purchase_ios_vid_Growme_WW_0525_joy,23,0.01,8.695652,0.0,,,,,,,,30.434783,1.0,8,,
2025-12-01,2026-08-31,20260525_GrowMe_EN_9x16_FX-test_ZT-talkabout_RS-P3X1R1C3_fj,not_delivering,,,,260526_AAA_AEO-Purchase_ios_vid_Growme_WW_0525_joy,60,0.16,3.333333,0.0,,,,,,,,21.666667,3.0,15,,
2025-12-01,2026-08-31,20260525_GrowMe_EN_9x16_FX-test_ZT-hello-ai_RS-P3X1R1C3_fj,not_delivering,,,,260526_AAA_AEO-Purchase_ios_vid_Growme_WW_0525_joy,61,0.16,8.196721,0.66666667,2.0,0.08,,,,,,29.508197,1.0,14,,
2025-12-01,2026-08-31,20260525_GrowMe_EN_9x16_FX-test_ZT-confidence_RS-P3X1R1C3_fj,not_delivering,,,,260526_AAA_AEO-Purchase_ios_vid_Growme_WW_0525_joy,10,0.03,0.0,,,,,,,,,30.0,,7,,
2025-12-01,2026-08-31,20260525_growme_EN_9x16_FX-Creative_ZT-slow-English_RS-P1X1R3C3_zl_01,archived,,,,260601_AAA_AEO-Purchase_ios_vid_Growme_WW_0529_joy,14947,69.88,1.190874,0.34883721,30.0,2.329333,,,,,,20.639593,109.0,7,,
2025-12-01,2026-08-31,20260529_growme_720x1280_speak_wxx_P1X1R1C3,archived,,,,260601_AAA_AEO-Purchase_ios_vid_Growme_WW_0529_joy,5,0.0,0.0,,,,,,,,,20.0,,2,,
2025-12-01,2026-08-31,20260526_GrowMe_EN_9x16_FX-Creative_ZT-slowburn_RS-P3X1R1C3_fj,not_delivering,,,,260527_AAA_AEO-Purchase_ios_vid_Growme_WW_0526_joy,3,0.0,0.0,,,,,,,,,33.333333,,2,,
2025-12-01,2026-08-31,20260529_GrowMe_EN_9x16_FX-Creative_ZT-life_RS-P3X1R1C3_gy,archived,,,,260601_AAA_AEO-Purchase_ios_vid_Growme_WW_0529_joy,81,0.08,0.0,,,,,,,,,19.753086,,6,,
2025-12-01,2026-08-31,20260526_GrowMe_EN_9x16_FX-test_ZT-2years_RS-P3X1R1C3_fj,not_delivering,,,,260527_AAA_AEO-Purchase_ios_vid_Growme_WW_0526_joy,6,0.0,0.0,,,,,,,,,16.666667,,1,,
2025-12-01,2026-08-31,20260526_GrowMe_EN_9x16_FX-Creative_ZT-job_RS-P3X1R1C3_gy,not_delivering,,,,260527_AAA_AEO-Purchase_ios_vid_Growme_WW_0526_joy,3,0.01,0.0,,,,,,,,,33.333333,,4,,
2025-12-01,2026-08-31,20260526_GrowMe_EN_9x16_FX-Creative_ZT-habbit_RS-P3X1R1C3_gy,not_delivering,,,,260527_AAA_AEO-Purchase_ios_vid_Growme_WW_0526_joy,6,0.0,0.0,,,,,,,,,16.666667,,1,,
2025-12-01,2026-08-31,20260526_GrowMe_EN_9x16_FX-Creative_ZT-mine_RS-P3X1R1C3_gy,not_delivering,,,,260527_AAA_AEO-Purchase_ios_vid_Growme_WW_0526_joy,107,0.37,0.0,,,,,,,,,23.364486,1.0,3,,
2025-12-01,2026-08-31,20260526_GrowMe_EN_9x16_FX-Creative_ZT-2years_RS-P3X1R1C3_fj,not_delivering,,,,260527_AAA_AEO-Purchase_ios_vid_Growme_WW_0526_joy,6,0.0,0.0,,,,,,,,,16.666667,,3,,
2025-12-01,2026-08-31,20260526_GrowMe_EN_9x16_FX-Creative_ZT-11things_RS-P3X1R1C3_fj,not_delivering,5.0,actions:app_custom_event.fb_mobile_purchase,86.86,260527_AAA_AEO-Purchase_ios_vid_Growme_WW_0526_joy,148050,434.3,2.3769,0.06150342,135.0,3.217037,12.0,36.191667,5.0,86.86,0.240916,28.310706,3237.0,9,,
2025-12-01,2026-08-31,20260526_GrowMe_EN_9x16_FX-Creative_ZT-plan_RS-P3X1R1C3_gy,not_delivering,,,,260527_AAA_AEO-Purchase_ios_vid_Growme_WW_0526_joy,5,0.01,0.0,,,,,,,,,40.0,,8,,
2025-12-01,2026-08-31,20260526_0_GrowMe_EN_9x16_FX-Creative_ZT-restart_RS-P3X1R1C3_gy,not_delivering,,,,260527_AAA_AEO-Purchase_ios_vid_Growme_WW_0526_joy,112,0.14,2.678571,0.0,,,,,,,,20.535714,2.0,2,,
2025-12-01,2026-08-31,20260526_growme_EN_9x16_FX-test_ZT-add_RS-P1X1R3C3_wxx,not_delivering,,,,260527_AAA_AEO-Purchase_ios_vid_Growme_WW_0526_joy,36,0.11,0.0,,,,,,,,,13.888889,,1,,
2025-12-01,2026-08-31,20260526_GrowMe_EN_9x16_FX-Creative_ZT-theolder_RS-P3X1R1C3_fj,not_delivering,,,,260527_AAA_AEO-Purchase_ios_vid_Growme_WW_0526_joy,21,0.06,0.0,,,,,,,,,33.333333,,7,,
2025-12-01,2026-08-31,20260525_growme_EN_9x16_FX-test_ZT-niupizhi_RS-P1X1R3C1_gy,inactive,2.0,actions:app_custom_event.fb_mobile_purchase,79.98,260526_AAA_AEO-Purchase_ios_vid_Growme_WW_0525_joy,62856,159.96,0.89888,0.2852349,85.0,1.881882,4.0,39.99,2.0,79.98,0.426544,12.474545,437.0,5,,
2025-12-01,2026-08-31,20260525_growme_EN_9x16_FX-test_ZT-education_RS-P1X1R3C1_gy,not_delivering,,,,260526_AAA_AEO-Purchase_ios_vid_Growme_WW_0525_joy,21,0.05,4.761905,,,,,,,,,28.571429,1.0,20,,
2025-12-01,2026-08-31,20260525_growme_EN_9x16_FX-test_ZT-zixin_RS-P1X1R3C1_gy,not_delivering,,,,260526_AAA_AEO-Purchase_ios_vid_Growme_WW_0525_joy,6,0.0,0.0,,,,,,,,,16.666667,,5,,
2025-12-01,2026-08-31,20260525_growme_EN_9x16_FX-test_ZT-confidence_RS-P1X1R3C1_gy,not_delivering,,,,260526_AAA_AEO-Purchase_ios_vid_Growme_WW_0525_joy,15,0.03,6.666667,,,,,,,,,26.666667,,5,,
2025-12-01,2026-08-31,20260525_GrowMe_EN_9x16_FX-test_ZT-hello-ai_RS-P3X1R1C3_fj,not_delivering,,,,260526_AAA_AEO-Purchase_ios_vid_Growme_WW_0525_joy,194,0.5,0.515464,,,,,,,,,22.680412,3.0,7,,
2025-12-01,2026-08-31,20260525_GrowMe_EN_9x16_FX-test_ZT-news_RS-P3X1R1C3_fj,not_delivering,,,,260526_AAA_AEO-Purchase_ios_vid_Growme_WW_0525_joy,21,0.06,0.0,,,,,,,,,19.047619,1.0,9,,
2025-12-01,2026-08-31,20260525_growme_EN_9x16_FX-test_ZT-opinion_RS-P1X1R3C1_gy,not_delivering,,,,260526_AAA_AEO-Purchase_ios_vid_Growme_WW_0525_joy,24,0.1,0.0,,,,,,,,,25.0,,12,,
2025-12-01,2026-08-31,20260525_GrowMe_EN_9x16_FX-test_ZT-talkabout_RS-P3X1R1C3_fj,not_delivering,,,,260526_AAA_AEO-Purchase_ios_vid_Growme_WW_0525_joy,182,1.15,3.846154,0.0,,,,,,,,28.571429,4.0,20,,
2025-12-01,2026-08-31,20260525_GrowMe_EN_9x16_FX-test_ZT-learning_RS-P3X1R1C3_fj,not_delivering,,,,260526_AAA_AEO-Purchase_ios_vid_Growme_WW_0525_joy,30,0.14,0.0,,,,,,,,,13.333333,,4,,
2025-12-01,2026-08-31,20260525_GrowMe_EN_9x16_FX-test_ZT-timedont_RS-P3X1R1C3_fj,not_delivering,,,,260526_AAA_AEO-Purchase_ios_vid_Growme_WW_0525_joy,6,0.01,0.0,,,,,,,,,16.666667,,2,,
2025-12-01,2026-08-31,20260525_growme_EN_9x16_FX-test_ZT-love_RS-P1X1R3C1_gy,not_delivering,,,,260526_AAA_AEO-Purchase_ios_vid_Growme_WW_0525_joy,646,2.72,2.321981,0.2,2.0,1.36,,,,,,23.529412,16.0,22,,
2025-12-01,2026-08-31,20260525_growme_EN_9x16_FX-test_ZT-read_RS-P1X1R3C1_gy,not_delivering,,,,260526_AAA_AEO-Purchase_ios_vid_Growme_WW_0525_joy,61,0.27,0.0,,,,,,,,,13.114754,,2,,
2025-12-01,2026-08-31,20260528_GrowMe_EN_9x16_FX-Creative_ZT-silence_RS-P3X1R1C3_fj,not_delivering,,,,260601_AAA_AEO-Purchase_ios_vid_Growme_WW_0528_joy,131,0.67,2.290076,0.0,,,,,,,,23.664122,1.0,3,,
2025-12-01,2026-08-31,20260528_growme_EN_9x16_FX-Form_ZT-advice_RS-P1X1R3C3_wxx,not_delivering,,,,260601_AAA_AEO-Purchase_ios_vid_Growme_WW_0528_joy,20,0.03,0.0,,,,,,,,,20.0,1.0,4,,
2025-12-01,2026-08-31,20260528_GrowMe_EN_9x16_FX-convercation_ZT-speak_RS-P3X1R1C3_gy,not_delivering,,,,260601_AAA_AEO-Purchase_ios_vid_Growme_WW_0528_joy,7,0.0,0.0,,,,,,,,,14.285714,,1,,
2025-12-01,2026-08-31,20260528_GrowMe_EN_9x16_FX-Creative_ZT-speakceo_RS-P3X1R1C3_fj,not_delivering,,,,260601_AAA_AEO-Purchase_ios_vid_Growme_WW_0528_joy,5,0.0,0.0,,,,,,,,,20.0,,8,,
2025-12-01,2026-08-31,20260528_growme_EN_9x16_FX-Creatives_ZT-waste2_RS-P1X1R3C3_wxx,not_delivering,,,,260601_AAA_AEO-Purchase_ios_vid_Growme_WW_0528_joy,67,0.26,1.492537,0.0,,,,,,,,22.38806,,5,,
2025-12-01,2026-08-31,20260528_growme_EN_9x16_FX-Creatives_ZT-waste_RS-P1X1R3C3_wxx,not_delivering,,,,260601_AAA_AEO-Purchase_ios_vid_Growme_WW_0528_joy,5,0.01,0.0,,,,,,,,,20.0,,2,,
2025-12-01,2026-08-31,20260528_GrowMe_EN_9x16_FX-Creative_ZT-A2english_RS-P3X1R1C3_fj,not_delivering,,,,260601_AAA_AEO-Purchase_ios_vid_Growme_WW_0528_joy,3358,7.44,1.667659,0.06896552,2.0,3.72,,,,,,20.458606,12.0,9,,
2025-12-01,2026-08-31,20260528_GrowMe_EN_9x16_FX-convercation_ZT-study_RS-P3X1R1C3_gy,not_delivering,,,,260601_AAA_AEO-Purchase_ios_vid_Growme_WW_0528_joy,29,0.0,0.0,,,,,,,,,31.034483,,7,,
2025-12-01,2026-08-31,20260528_GrowMe_EN_9x16_FX-convercation_ZT-keep_RS-P3X1R1C3_gy,not_delivering,,,,260601_AAA_AEO-Purchase_ios_vid_Growme_WW_0528_joy,3335,8.85,0.929535,0.0,,,,,,,,19.790105,82.0,4,,
2025-12-01,2026-08-31,20260528_GrowMe_EN_9x16_FX-Formats_ZT-xinwen_RS-P3X1R1C3_gy,inactive,1.0,actions:app_custom_event.fb_mobile_purchase,198.98,260601_AAA_AEO-Purchase_ios_vid_Growme_WW_0528_joy,34359,198.98,1.982013,0.22494432,101.0,1.970099,2.0,99.49,1.0,198.98,0.04121,17.419017,334.0,7,,
2025-12-01,2026-08-31,20260528_GrowMe_EN_9x16_FX-convercation_ZT-warn_RS-P3X1R1C3_gy,not_delivering,,,,260601_AAA_AEO-Purchase_ios_vid_Growme_WW_0528_joy,18,0.01,0.0,0.0,,,,,,,,27.777778,1.0,3,,
2025-12-01,2026-08-31,20260528_GrowMe_EN_9x16_FX-Formats_ZT-news reporter_RS-P3X1R1C3_fj,not_delivering,,,,260601_AAA_AEO-Purchase_ios_vid_Growme_WW_0528_joy,8,0.02,0.0,,,,,,,,,,,1,,
2025-12-01,2026-08-31,20260528_GrowMe_EN_9x16_FX-Creative_ZT-author_RS-P3X1R1C3_fj,not_delivering,,,,260601_AAA_AEO-Purchase_ios_vid_Growme_WW_0528_joy,7,0.01,0.0,,,,,,,,,,,2,,
2025-12-01,2026-08-31,20260528_GrowMe_EN_9x16_FX-Creative_ZT- money_RS-P3X1R1C3_fj,not_delivering,,,,260601_AAA_AEO-Purchase_ios_vid_Growme_WW_0528_joy,272,0.93,1.102941,0.0,,,,,,,,23.529412,4.0,4,,
2025-12-01,2026-08-31,20260528_GrowMe_EN_9x16_FX-Formats_ZT-jiemian_RS-P3X1R1C3_gy,not_delivering,,,,260601_AAA_AEO-Purchase_ios_vid_Growme_WW_0528_joy,1,0.0,0.0,,,,,,,,,,,0,,
2025-12-01,2026-08-31,20260528_GrowMe_EN_9x16_FX-Formats_ZT-Classic page-turning_RS-P3X1R1C3_fj,not_delivering,,,,260601_AAA_AEO-Purchase_ios_vid_Growme_WW_0528_joy,10,0.0,0.0,,,,,,,,,30.0,,1,,
2025-12-01,2026-08-31,20260528_GrowMe_EN_9x16_FX-convercation_ZT-think_RS-P3X1R1C3_gy,not_delivering,,,,260601_AAA_AEO-Purchase_ios_vid_Growme_WW_0528_joy,3,0.0,0.0,,,,,,,,,,,1,,
2025-12-01,2026-08-31,20260525_growme_EN_9x16_FX-test_ZT-read_RS-P1X1R3C1_gy,not_delivering,,,,260526_AAA_AEO-Purchase_ios_vid_Growme_WW_0525_joy,6,0.01,0.0,,,,,,,,,16.666667,,2,,
2025-12-01,2026-08-31,20260525_growme_EN_9x16_FX-test_ZT-love_RS-P1X1R3C1_gy,not_delivering,,,,260526_AAA_AEO-Purchase_ios_vid_Growme_WW_0525_joy,283,0.9,2.826855,0.0,,,,,,,,27.208481,10.0,32,,
2025-12-01,2026-08-31,20260525_GrowMe_EN_9x16_FX-test_ZT-learning_RS-P3X1R1C3_fj,not_delivering,,,,260526_AAA_AEO-Purchase_ios_vid_Growme_WW_0525_joy,20,0.02,5.0,,,,,,,,,40.0,,15,,
2025-12-01,2026-08-31,20260528_growme_EN_9x16_FX-Form_ZT-advice_RS-P1X1R3C3_wxx,not_delivering,,,,260601_AAA_AEO-Purchase_ios_vid_Growme_WW_0528_joy,3,0.0,0.0,,,,,,,,,,,2,,
2025-12-01,2026-08-31,20260528_GrowMe_EN_9x16_FX-Creative_ZT-silence_RS-P3X1R1C3_fj,not_delivering,,,,260601_AAA_AEO-Purchase_ios_vid_Growme_WW_0528_joy,4,0.0,0.0,,,,,,,,,25.0,,5,,
2025-12-01,2026-08-31,20260528_GrowMe_EN_9x16_FX-Creative_ZT-A2english_RS-P3X1R1C3_fj,not_delivering,,,,260601_AAA_AEO-Purchase_ios_vid_Growme_WW_0528_joy,9,0.0,0.0,,,,,,,,,22.222222,,8,,
2025-12-01,2026-08-31,20260528_GrowMe_EN_9x16_FX-convercation_ZT-keep_RS-P3X1R1C3_gy,not_delivering,,,,260601_AAA_AEO-Purchase_ios_vid_Growme_WW_0528_joy,658,1.41,1.519757,0.0,,,,,,,,17.781155,13.0,2,,
2025-12-01,2026-08-31,20260528_GrowMe_EN_9x16_FX-Formats_ZT-xinwen_RS-P3X1R1C3_gy,not_delivering,,,,260601_AAA_AEO-Purchase_ios_vid_Growme_WW_0528_joy,3555,12.99,1.772152,0.1875,9.0,1.443333,,,,,,21.097046,32.0,7,,
2025-12-01,2026-08-31,20260528_GrowMe_EN_9x16_FX-Creative_ZT- money_RS-P3X1R1C3_fj,not_delivering,,,,260601_AAA_AEO-Purchase_ios_vid_Growme_WW_0528_joy,3,0.0,33.333333,,,,,,,,,33.333333,,10,,
2025-12-01,2026-08-31,20260528_GrowMe_EN_9x16_FX-convercation_ZT-warn_RS-P3X1R1C3_gy,not_delivering,,,,260601_AAA_AEO-Purchase_ios_vid_Growme_WW_0528_joy,6,0.01,0.0,,,,,,,,,16.666667,,3,,
2025-12-01,2026-08-31,20260528_GrowMe_EN_9x16_FX-Creative_ZT-author_RS-P3X1R1C3_fj,not_delivering,,,,260601_AAA_AEO-Purchase_ios_vid_Growme_WW_0528_joy,1,0.0,0.0,,,,,,,,,,,1,,
2025-12-01,2026-08-31,20260525_growme_EN_9x16_FX-test_ZT-niupizhi_RS-P1X1R3C1_gy,not_delivering,16.0,actions:app_custom_event.fb_mobile_purchase,50.28875,260526_AAA_AEO-Purchase_ios_vid_Growme_WW_0525_joy,377179,804.62,0.963733,0.24986271,455.0,1.768396,22.0,36.573636,16.0,50.28875,0.321904,12.430968,2976.0,5,,
2025-12-01,2026-08-31,20260525_growme_EN_9x16_FX-test_ZT-education_RS-P1X1R3C1_gy,not_delivering,,,,260526_AAA_AEO-Purchase_ios_vid_Growme_WW_0525_joy,9,0.0,0.0,,,,,,,,,22.222222,,22,,
2025-12-01,2026-08-31,20260525_growme_EN_9x16_FX-test_ZT-opinion_RS-P1X1R3C1_gy,not_delivering,,,,260526_AAA_AEO-Purchase_ios_vid_Growme_WW_0525_joy,11,0.04,0.0,,,,,,,,,27.272727,,12,,
2025-12-01,2026-08-31,20260525_growme_EN_9x16_FX-test_ZT-zixin_RS-P1X1R3C1_gy,not_delivering,,,,260526_AAA_AEO-Purchase_ios_vid_Growme_WW_0525_joy,4,0.0,0.0,,,,,,,,,50.0,,17,,
2025-12-01,2026-08-31,20260525_growme_EN_9x16_FX-test_ZT-confidence_RS-P1X1R3C1_gy,not_delivering,,,,260526_AAA_AEO-Purchase_ios_vid_Growme_WW_0525_joy,6,0.01,0.0,,,,,,,,,50.0,,24,,
2025-12-01,2026-08-31,20260525_GrowMe_EN_9x16_FX-test_ZT-confidence_RS-P3X1R1C3_fj,not_delivering,,,,260526_AAA_AEO-Purchase_ios_vid_Growme_WW_0525_joy,2,0.0,0.0,,,,,,,,,,,0,,
2025-12-01,2026-08-31,20260525_GrowMe_EN_9x16_FX-test_ZT-timedont_RS-P3X1R1C3_fj,not_delivering,,,,260526_AAA_AEO-Purchase_ios_vid_Growme_WW_0525_joy,3,0.0,0.0,,,,,,,,,,,1,,
2025-12-01,2026-08-31,20260528_GrowMe_EN_9x16_FX-Formats_ZT-Classic page-turning_RS-P3X1R1C3_fj,not_delivering,,,,260601_AAA_AEO-Purchase_ios_vid_Growme_WW_0528_joy,3,0.02,0.0,,,,,,,,,,,3,,
2025-12-01,2026-08-31,20260528_GrowMe_EN_9x16_FX-Formats_ZT-jiemian_RS-P3X1R1C3_gy,not_delivering,,,,260601_AAA_AEO-Purchase_ios_vid_Growme_WW_0528_joy,1,0.0,0.0,,,,,,,,,,,2,,
2025-12-01,2026-08-31,20260525_GrowMe_EN_9x16_FX-test_ZT-hello-ai_RS-P3X1R1C3_fj,not_delivering,,,,260526_AAA_AEO-Purchase_ios_vid_Growme_WW_0525_joy,34,0.17,0.0,,,,,,,,,32.352941,1.0,15,,
2025-12-01,2026-08-31,20260525_GrowMe_EN_9x16_FX-test_ZT-news_RS-P3X1R1C3_fj,not_delivering,,,,260526_AAA_AEO-Purchase_ios_vid_Growme_WW_0525_joy,5,0.04,20.0,0.0,,,,,,,,40.0,,15,,
2025-12-01,2026-08-31,20260525_GrowMe_EN_9x16_FX-test_ZT-talkabout_RS-P3X1R1C3_fj,not_delivering,,,,260526_AAA_AEO-Purchase_ios_vid_Growme_WW_0525_joy,100,0.43,3.0,0.0,,,,,,,,38.0,6.0,31,,
2025-12-01,2026-08-31,20260525_growme_EN_9x16_FX-test_ZT-niupizhi_RS-P1X1R3C1_gy - Copy,inactive,,,,growmme_260702_WW_AAA_purchase_top_sie,12548,12.25,1.466369,0.51764706,44.0,0.278409,1.0,12.25,,,,18.114441,180.0,7,,
2025-12-01,2026-08-31,20260528_GrowMe_EN_9x16_FX-Formats_ZT-xinwen_RS-P3X1R1C3_gy - Copy,not_delivering,16.0,actions:app_custom_event.fb_mobile_purchase,23.785625,growmme_260702_WW_AAA_purchase_top_sie,162301,380.57,1.722725,0.221303,428.0,0.889182,24.0,15.857083,16.0,23.785625,0.707071,20.487859,1269.0,7,,
2025-12-01,2026-08-31,20260525_growme_EN_9x16_FX-test_ZT-niupizhi_RS-P1X1R3C1_gy - Copy,archived,,,,growmme_260703_AS_AAA_purchase_top_sie（ex:india/indonesia/turkey),12715,14.34,1.29768,0.51282051,40.0,0.3585,,,,,,17.145104,169.0,7,,
2025-12-01,2026-08-31,20260528_GrowMe_EN_9x16_FX-Formats_ZT-xinwen_RS-P3X1R1C3_gy - Copy,archived,,,,growmme_260703_AS_AAA_purchase_top_sie（ex:india/indonesia/turkey),10090,28.49,2.269574,0.26612903,33.0,0.863333,,,,,,21.932607,79.0,7,,
2025-12-01,2026-08-31,20260528_GrowMe_EN_9x16_FX-Formats_ZT-xinwen_RS-P3X1R1C3_gy - Copy,inactive,,,,growmme_260702_EU/NA/OC_AAA_purchase_top_sie,3367,21.75,3.237303,0.17391304,12.0,1.8125,,,,,,22.037422,52.0,8,,
2025-12-01,2026-08-31,20260525_growme_EN_9x16_FX-test_ZT-niupizhi_RS-P1X1R3C1_gy - Copy,inactive,,,,growmme_260702_EU/NA/OC_AAA_purchase_top_sie,3332,11.67,1.380552,0.5,13.0,0.897692,1.0,11.67,,,,13.085234,34.0,5,,
2025-12-01,2026-08-31,20260527_GrowMe_EN_9x16_FX-Creative_ZT-girl_RS-P3X1R1C3_fj,not_delivering,,,,260528_AAA_AEO-Purchase_ios_vid_Growme_WW_0527_joy,1,0.0,0.0,,,,,,,,,,,3,,
2025-12-01,2026-08-31,20260525_growme_EN_9x16_FX-test_ZT-niupizhi_RS-P1X1R3C1_gy - Copy,inactive,,,,growmme_260706_WW_AAA_purchase_7day_top_sie(ex: Indonesia),10548,11.26,1.327266,0.62318841,43.0,0.26186,3.0,3.753333,,,,17.197573,103.0,6,,
2025-12-01,2026-08-31,20260528_GrowMe_EN_9x16_FX-Formats_ZT-xinwen_RS-P3X1R1C3_gy - Copy,not_delivering,41.0,actions:app_custom_event.fb_mobile_purchase,23.11560976,growmme_260706_WW_AAA_purchase_7day_top_sie(ex: Indonesia),329089,947.74,1.564926,0.21140351,964.0,0.983133,60.0,15.795667,41.0,23.11561,1.078735,17.557257,3277.0,7,,
2025-12-01,2026-08-31,20260528_GrowMe_EN_9x16_FX-Formats_ZT-xinwen_RS-P3X1R1C3_gy - Copy,inactive,2.0,actions:app_custom_event.fb_mobile_purchase,37.015,growmme_260706_WW_AAA_purchase_1day_top_sie,30668,74.03,1.907526,0.2,84.0,0.88131,1.0,74.03,2.0,37.015,0.492368,19.844789,275.0,7,,
2025-12-01,2026-08-31,20260525_growme_EN_9x16_FX-test_ZT-niupizhi_RS-P1X1R3C1_gy - Copy,inactive,69.0,actions:app_custom_event.fb_mobile_purchase,34.28449275,growmme_260706_WW_AAA_purchase_1day_top_sie,3481334,2365.63,1.113022,0.35251706,5476.0,0.432,179.0,13.21581,69.0,34.284493,0.573336,15.255876,37260.0,6,,
2025-12-01,2026-08-31,20260528_GrowMe_EN_9x16_FX-Formats_ZT-xinwen_RS-P3X1R1C3_gy - Copy,inactive,8.0,actions:app_custom_event.fb_mobile_purchase,31.75,growmme_260706_EU_AAA_purchase_top_sie,55667,254.0,1.683223,0.26136364,161.0,1.57764,14.0,18.142857,8.0,31.75,0.691614,17.813067,438.0,6,,
2025-12-01,2026-08-31,20260525_growme_EN_9x16_FX-test_ZT-niupizhi_RS-P1X1R3C1_gy - Copy,inactive,,,,growmme_260706_EU_AAA_purchase_top_sie,4601,12.31,0.717235,0.5,10.0,1.231,,,,,,12.279939,27.0,4,,
2025-12-01,2026-08-31,20260525_growme_EN_9x16_FX-test_ZT-niupizhi_RS-P1X1R3C1_gy,not_delivering,2.0,actions:app_custom_event.fb_mobile_purchase,74.53,260706_ABO_AEO-Purchase_ios_vid_Growme_WW_0525weektop_joy,85695,149.06,0.703658,0.35031847,110.0,1.355091,2.0,74.53,2.0,74.53,0.10801,10.358831,441.0,4,,
2025-12-01,2026-08-31,20260526_GrowMe_EN_9x16_FX-Creative_ZT-2years_RS-P3X1R1C3_fj,not_delivering,,,,260706_ABO_AEO-Purchase_ios_vid_Growme_WW_0525weektop_joy,2,0.0,0.0,,,,,,,,,,,1,,
2025-12-01,2026-08-31,20260528_GrowMe_EN_9x16_FX-Formats_ZT-xinwen_RS-P3X1R1C3_gy,not_delivering,,,,260706_ABO_AEO-Purchase_ios_vid_Growme_WW_0525weektop_joy,3415,10.79,1.551977,0.22727273,5.0,2.158,1.0,10.79,,,,19.560761,22.0,6,,
2025-12-01,2026-08-31,20260529_GrowMe_EN_9x16_FX-Creative_ZT-journey_RS-P3X1R1C3_gy,not_delivering,,,,260706_ABO_AEO-Purchase_ios_vid_Growme_WW_0525weektop_joy,7,0.0,0.0,,,,,,,,,,,0,,
2025-12-01,2026-08-31,20260529_growme_EN_9x16_FX-Formats_ZT-read_RS-P1X1R3C1_gy,not_delivering,,,,260706_ABO_AEO-Purchase_ios_vid_Growme_WW_0525weektop_joy,1428,1.93,1.120448,0.8,4.0,0.4825,,,,,,9.87395,5.0,2,,
2025-12-01,2026-08-31,20260525_growme_EN_9x16_FX-test_ZT-love_RS-P1X1R3C1_gy,not_delivering,,,,260526_AAA_AEO-Purchase_ios_vid_Growme_WW_0525week_阅读提升英语_joy,3,0.0,0.0,,,,,,,,,66.666667,,61,,
2025-12-01,2026-08-31,20260525_GrowMe_EN_9x16_FX-test_ZT-news_RS-P3X1R1C3_fj,not_delivering,,,,260526_AAA_AEO-Purchase_ios_vid_Growme_WW_0525week_阅读提升英语_joy,3,0.0,0.0,,,,,,,,,,,0,,
2025-12-01,2026-08-31,20260525_growme_EN_9x16_FX-test_ZT-niupizhi_RS-P1X1R3C1_gy,not_delivering,8.0,actions:app_custom_event.fb_mobile_purchase,14.065,260526_AAA_AEO-Purchase_ios_vid_Growme_WW_0525week_阅读提升英语_joy,70885,112.52,0.966354,0.26557377,81.0,1.389136,13.0,8.655385,8.0,14.065,1.523729,11.39028,527.0,4,,
2025-12-01,2026-08-31,20260525_growme_EN_9x16_FX-test_ZT-confidence_RS-P1X1R3C1_gy,not_delivering,,,,260526_AAA_AEO-Purchase_ios_vid_Growme_WW_0525week_阅读提升英语_joy,2,0.0,0.0,,,,,,,,,,,00:00:00,,
2025-12-01,2026-08-31,20260525_GrowMe_EN_9x16_FX-test_ZT-talkabout_RS-P3X1R1C3_fj,not_delivering,,,,260526_AAA_AEO-Purchase_ios_vid_Growme_WW_0525week_阅读提升英语_joy,4,0.01,0.0,,,,,,,,,25.0,,23,,
2025-12-01,2026-08-31,20260525_growme_EN_9x16_FX-test_ZT-niupizhi_RS-P1X1R3C1_gy,archived,3.0,actions:app_custom_event.fb_mobile_purchase,105.84333333,260706_ABO_AEO-Purchase_ios_vid_Growme_WW_五六月top总_joy,206421,317.53,0.738781,0.30232558,234.0,1.356966,8.0,39.69125,3.0,105.843333,0.308538,11.216398,1327.0,4,,
2025-12-01,2026-08-31,20260526_GrowMe_EN_9x16_FX-Creative_ZT-11things_RS-P3X1R1C3_fj,archived,,,,260706_ABO_AEO-Purchase_ios_vid_Growme_WW_五六月top总_joy,20759,57.67,2.061756,0.06418919,19.0,3.035263,1.0,57.67,,,,26.099523,354.0,8,,
2025-12-01,2026-08-31,20260526_GrowMe_EN_9x16_FX-Creative_ZT-2years_RS-P3X1R1C3_fj,archived,,,,260706_ABO_AEO-Purchase_ios_vid_Growme_WW_五六月top总_joy,1,0.0,0.0,,,,,,,,,,,0,,
2025-12-01,2026-08-31,20260527_growme_EN_9x16_FX-Creatives_ZT-fluency_RS-P1X1R3C3_wxx,archived,2.0,actions:app_custom_event.fb_mobile_purchase,31.125,260706_ABO_AEO-Purchase_ios_vid_Growme_WW_五六月top总_joy,18909,62.25,1.300968,0.275,33.0,1.886364,3.0,20.75,2.0,31.125,0.566747,23.459728,155.0,5,,
2025-12-01,2026-08-31,20260528_GrowMe_EN_9x16_FX-Formats_ZT-xinwen_RS-P3X1R1C3_gy,archived,,,,260706_ABO_AEO-Purchase_ios_vid_Growme_WW_五六月top总_joy,9315,26.17,1.706924,0.15652174,18.0,1.453889,,,,,,17.734836,85.0,7,,
2025-12-01,2026-08-31,20260529_GrowMe_EN_9x16_FX-Creative_ZT-journey_RS-P3X1R1C3_gy,archived,,,,260706_ABO_AEO-Purchase_ios_vid_Growme_WW_五六月top总_joy,18,0.0,0.0,,,,,,,,,11.111111,,4,,
2025-12-01,2026-08-31,20260529_growme_EN_9x16_FX-Formats_ZT-read_RS-P1X1R3C1_gy,archived,,,,260706_ABO_AEO-Purchase_ios_vid_Growme_WW_五六月top总_joy,4662,6.03,1.051051,0.66666667,8.0,0.75375,,,,,,11.883312,13.0,3,,
2025-12-01,2026-08-31,20260529_growme_EN_9x16_FX-Formats_ZT-read_RS-P1X1R3C1_gy,archived,,,,260706_ABO_AEO-Purchase_ios_vid_Growme_T2头部_五六月top总_joy,131,0.4,0.0,,,,,,,,,6.870229,,1,,
2025-12-01,2026-08-31,20260529_GrowMe_EN_9x16_FX-Creative_ZT-journey_RS-P3X1R1C3_gy,archived,,,,260706_ABO_AEO-Purchase_ios_vid_Growme_T2头部_五六月top总_joy,4,0.0,0.0,,,,,,,,,50.0,,31,,
2025-12-01,2026-08-31,20260527_growme_EN_9x16_FX-Creatives_ZT-fluency_RS-P1X1R3C3_wxx,archived,,,,260706_ABO_AEO-Purchase_ios_vid_Growme_T2头部_五六月top总_joy,2118,11.68,1.510859,0.26666667,4.0,2.92,,,,,,27.620397,26.0,6,,
2025-12-01,2026-08-31,20260528_GrowMe_EN_9x16_FX-Formats_ZT-xinwen_RS-P3X1R1C3_gy,archived,,,,260706_ABO_AEO-Purchase_ios_vid_Growme_T2头部_五六月top总_joy,502,2.74,3.187251,0.44444444,4.0,0.685,,,,,,21.314741,2.0,5,,
2025-12-01,2026-08-31,20260526_GrowMe_EN_9x16_FX-Creative_ZT-11things_RS-P3X1R1C3_fj,archived,,,,260706_ABO_AEO-Purchase_ios_vid_Growme_T2头部_五六月top总_joy,655,2.86,2.900763,0.2,2.0,1.43,,,,,,27.328244,17.0,21,,
2025-12-01,2026-08-31,20260525_growme_EN_9x16_FX-test_ZT-niupizhi_RS-P1X1R3C1_gy,archived,2.0,actions:app_custom_event.fb_mobile_purchase,66.19,260706_ABO_AEO-Purchase_ios_vid_Growme_T2头部_五六月top总_joy,53825,132.38,0.804459,0.25384615,66.0,2.005758,2.0,66.19,2.0,66.19,0.162336,13.653507,456.0,5,,
2025-12-01,2026-08-31,20260525_growme_EN_9x16_FX-test_ZT-niupizhi_RS-P1X1R3C1_gy - Copy,inactive,9.0,actions:app_custom_event.fb_mobile_purchase,43.03444444,growmme_260706_SA/CA/CAR/AF_AAA_purchase_7day_top_sie,284675,387.31,1.185562,0.28164557,445.0,0.87036,13.0,29.793077,9.0,43.034444,0.552942,14.534118,3591.0,6,,
2025-12-01,2026-08-31,20260528_GrowMe_EN_9x16_FX-Formats_ZT-xinwen_RS-P3X1R1C3_gy - Copy,inactive,2.0,actions:app_custom_event.fb_mobile_purchase,27.87,growmme_260706_SA/CA/CAR/AF_AAA_purchase_7day_top_sie,16532,55.74,1.596903,0.24223602,39.0,1.429231,3.0,18.58,2.0,27.87,0.715285,19.096298,139.0,7,,
2025-12-01,2026-08-31,20260525_growme_EN_9x16_FX-test_ZT-zixin_RS-P1X1R3C1_gy,not_delivering,,,,260526_AAA_AEO-Purchase_ios_vid_Growme_WW_0525week_阅读提升英语_joy,1,0.0,0.0,,,,,,,,,,,1,,
2025-12-01,2026-08-31,20260525_growme_EN_9x16_FX-test_ZT-read_RS-P1X1R3C1_gy,not_delivering,,,,260526_AAA_AEO-Purchase_ios_vid_Growme_WW_0525week_阅读提升英语_joy,1,0.0,0.0,,,,,,,,,,,2,,
2025-12-01,2026-08-31,20260525_GrowMe_EN_9x16_FX-test_ZT-learning_RS-P3X1R1C3_fj,not_delivering,,,,260526_AAA_AEO-Purchase_ios_vid_Growme_WW_0525week_阅读提升英语_joy,1,0.01,0.0,,,,,,,,,,,00:00:00,,
2025-12-01,2026-08-31,20260525_GrowMe_EN_9x16_FX-test_ZT-hello-ai_RS-P3X1R1C3_fj,not_delivering,,,,260526_AAA_AEO-Purchase_ios_vid_Growme_WW_0525week_阅读提升英语_joy,2,0.0,0.0,,,,,,,,,,,1,,
2025-12-01,2026-08-31,20260525_growme_EN_9x16_FX-test_ZT-niupizhi_RS-P1X1R3C1_gy,not_delivering,61.0,actions:app_custom_event.fb_mobile_purchase,37.9457377,260706_ABO_AEO-Purchase_ios_vid_Growme_US/UK_五六月top总_卡0.4_joy,251190,2314.69,1.231737,0.44129763,857.0,2.700922,135.0,17.145852,61.0,37.945738,0.474102,15.359688,2815.0,6,,
2025-12-01,2026-08-31,20260526_GrowMe_EN_9x16_FX-Creative_ZT-11things_RS-P3X1R1C3_fj,not_delivering,2.0,actions:app_custom_event.fb_mobile_purchase,11.485,260706_ABO_AEO-Purchase_ios_vid_Growme_US/UK_五六月top总_卡0.4_joy,1428,22.97,3.851541,0.17142857,6.0,3.828333,1.0,22.97,2.0,11.485,1.646495,30.742297,66.0,13,,
2025-12-01,2026-08-31,20260528_GrowMe_EN_9x16_FX-Formats_ZT-xinwen_RS-P3X1R1C3_gy,not_delivering,3.0,actions:app_custom_event.fb_mobile_purchase,24.01333333,260706_ABO_AEO-Purchase_ios_vid_Growme_US/UK_五六月top总_卡0.4_joy,5069,72.04,2.347603,0.28723404,27.0,2.668148,5.0,14.408,3.0,24.013333,1.044697,20.793056,46.0,7,,
2025-12-01,2026-08-31,20260529_GrowMe_EN_9x16_FX-Creative_ZT-journey_RS-P3X1R1C3_gy,not_delivering,,,,260706_ABO_AEO-Purchase_ios_vid_Growme_US/UK_五六月top总_卡0.4_joy,105,0.77,1.904762,0.0,,,,,,,,19.047619,1.0,7,,
2025-12-01,2026-08-31,20260527_growme_EN_9x16_FX-Creatives_ZT-fluency_RS-P1X1R3C3_wxx,not_delivering,,,,260706_ABO_AEO-Purchase_ios_vid_Growme_US/UK_五六月top总_卡0.4_joy,3359,45.8,2.113724,0.53488372,23.0,1.991304,2.0,22.9,,,,29.115808,46.0,5,,
2025-12-01,2026-08-31,20260529_growme_EN_9x16_FX-Formats_ZT-read_RS-P1X1R3C1_gy,not_delivering,,,,260706_ABO_AEO-Purchase_ios_vid_Growme_US/UK_五六月top总_卡0.4_joy,105,0.86,0.952381,,,,,,,,,14.285714,1.0,3,,
2025-12-01,2026-08-31,20260525_growme_EN_9x16_FX-test_ZT-niupizhi_RS-P1X1R3C1_gy,not_delivering,42.0,actions:app_custom_event.fb_mobile_purchase,41.00642857,260706_ABO_AEO-Purchase_ios_vid_Growme_中日马泰_五六月top总_joy,534213,1722.27,1.218802,0.30697543,1087.0,1.584425,82.0,21.003293,42.0,41.006429,0.581413,15.506923,5877.0,6,,
2025-12-01,2026-08-31,20260529_GrowMe_EN_9x16_FX-Creative_ZT-journey_RS-P3X1R1C3_gy,not_delivering,,,,260706_ABO_AEO-Purchase_ios_vid_Growme_中日马泰_五六月top总_joy,75,0.27,1.333333,,,,,,,,,30.666667,1.0,8,,
2025-12-01,2026-08-31,20260529_growme_EN_9x16_FX-Formats_ZT-read_RS-P1X1R3C1_gy,not_delivering,,,,260706_ABO_AEO-Purchase_ios_vid_Growme_中日马泰_五六月top总_joy,669,1.57,0.896861,0.0,,,,,,,,44.394619,5.0,7,,
2025-12-01,2026-08-31,20260527_growme_EN_9x16_FX-Creatives_ZT-fluency_RS-P1X1R3C3_wxx,not_delivering,6.0,actions:app_custom_event.fb_mobile_purchase,15.98166667,260706_ABO_AEO-Purchase_ios_vid_Growme_中日马泰_五六月top总_joy,9636,95.89,2.511416,0.16551724,24.0,3.995417,10.0,9.589,6.0,15.981667,0.916258,35.232462,205.0,8,,
2025-12-01,2026-08-31,20260528_GrowMe_EN_9x16_FX-Formats_ZT-xinwen_RS-P3X1R1C3_gy,not_delivering,4.0,actions:app_custom_event.fb_mobile_purchase,24.09,260706_ABO_AEO-Purchase_ios_vid_Growme_中日马泰_五六月top总_joy,15557,96.36,2.018384,0.18390805,48.0,2.0075,4.0,24.09,4.0,24.09,0.575654,20.196696,145.0,7,,
2025-12-01,2026-08-31,20260526_GrowMe_EN_9x16_FX-Creative_ZT-11things_RS-P3X1R1C3_fj,not_delivering,,,,260706_ABO_AEO-Purchase_ios_vid_Growme_中日马泰_五六月top总_joy,1530,7.95,3.137255,0.16666667,6.0,1.325,,,,,,28.496732,30.0,10,,
2025-12-01,2026-08-31,20260528_GrowMe_EN_9x16_FX-Formats_ZT-xinwen_RS-P3X1R1C3_gy,archived,,,,260706_ABO_AEO-Purchase_ios_vid_Growme_EU_五六月top总_joy,858,7.39,2.214452,0.5,7.0,1.055714,5.0,1.478,,,,26.340326,12.0,8,,
2025-12-01,2026-08-31,20260527_growme_EN_9x16_FX-Creatives_ZT-fluency_RS-P1X1R3C3_wxx,archived,,,,260706_ABO_AEO-Purchase_ios_vid_Growme_EU_五六月top总_joy,2922,22.62,2.156057,0.23076923,9.0,2.513333,,,,,,35.147159,56.0,7,,
2025-12-01,2026-08-31,20260525_growme_EN_9x16_FX-test_ZT-niupizhi_RS-P1X1R3C1_gy,archived,2.0,actions:app_custom_event.fb_mobile_purchase,158.36,260706_ABO_AEO-Purchase_ios_vid_Growme_EU_五六月top总_joy,79309,316.72,0.885145,0.33095238,139.0,2.278561,4.0,79.18,2.0,158.36,0.150164,13.462533,473.0,5,,
2025-12-01,2026-08-31,20260526_GrowMe_EN_9x16_FX-Creative_ZT-11things_RS-P3X1R1C3_fj,archived,,,,260706_ABO_AEO-Purchase_ios_vid_Growme_EU_五六月top总_joy,1402,9.09,2.425107,0.08333333,2.0,4.545,,,,,,29.386591,39.0,10,,
2025-12-01,2026-08-31,20260529_GrowMe_EN_9x16_FX-Creative_ZT-journey_RS-P3X1R1C3_gy,archived,,,,260706_ABO_AEO-Purchase_ios_vid_Growme_EU_五六月top总_joy,9,0.0,0.0,,,,,,,,,22.222222,,9,,
2025-12-01,2026-08-31,20260529_growme_EN_9x16_FX-Formats_ZT-read_RS-P1X1R3C1_gy,archived,,,,260706_ABO_AEO-Purchase_ios_vid_Growme_EU_五六月top总_joy,175,0.55,0.571429,,,,,,,,,9.142857,1.0,2,,
2025-12-01,2026-08-31,20260525_growme_EN_9x16_FX-test_ZT-niupizhi_RS-P1X1R3C1_gy - Copy,inactive,,,,growmme_260707_WW_AAA_purchase_1day_top_sie,10250,8.31,0.897561,0.38461538,20.0,0.4155,,,,,,15.102439,91.0,5,,
2025-12-01,2026-08-31,20260527_growme_EN_9x16_FX-Creatives_ZT-fluency_RS-P1X1R3C3_wxx - Copy,inactive,,,,growmme_260707_WW_AAA_purchase_1day_top_sie,10182,26.09,1.708898,0.18604651,16.0,1.630625,2.0,13.045,,,,27.155765,122.0,5,,
2025-12-01,2026-08-31,20260525_growme_EN_9x16_FX-test_ZT-niupizhi_RS-P1X1R3C1_gy - Copy,inactive,8.0,actions:app_custom_event.fb_mobile_purchase,52.7975,growmme_260707_WW_AAA_purchase_1day_top_sie,673582,422.38,1.157988,0.32214995,941.0,0.448863,14.0,30.17,8.0,52.7975,0.445523,15.400204,7479.0,6,,
2025-12-01,2026-08-31,20260525_growme_EN_9x16_FX-test_ZT-niupizhi_RS-P1X1R3C1_gy - Copy,inactive,,,,growmme_260707_WW_AAA_purchase_1day_top_sie,12418,13.11,0.942181,0.41818182,23.0,0.57,,,,,,16.476083,106.0,6,,
2025-12-01,2026-08-31,20260525_growme_EN_9x16_FX-test_ZT-niupizhi_RS-P1X1R3C1_gy - Copy,inactive,,,,growmme_260707_WW_AAA_purchase_1day_top_sie,11246,8.5,0.960341,0.56521739,26.0,0.326923,1.0,8.5,,,,15.4366,85.0,5,,
2025-12-01,2026-08-31,20260525_growme_EN_9x16_FX-test_ZT-niupizhi_RS-P1X1R3C1_gy - Copy,inactive,,,,growmme_260707_WW_AAA_purchase_1day_top_sie,18569,18.13,0.953202,0.53012048,44.0,0.412045,,,,,,15.940546,167.0,5,,
2025-12-01,2026-08-31,20260525_growme_EN_9x16_FX-test_ZT-niupizhi_RS-P1X1R3C1_gy - Copy,inactive,,,,growmme_260707_WW_AAA_purchase_1day_top_sie,11432,9.82,0.90098,0.52,26.0,0.377692,,,,,,14.170749,98.0,5,,
2025-12-01,2026-08-31,20260525_growme_EN_9x16_FX-test_ZT-love_RS-P1X1R3C1_gy,not_delivering,,,,260707_ABO_AEO-Purchase_ios_vid_Growme_WW_0525top总_7day_joy,191,0.17,4.188482,0.0,,,,,,,,25.13089,4.0,28,,
2025-12-01,2026-08-31,20260525_growme_EN_9x16_FX-test_ZT-niupizhi_RS-P1X1R3C1_gy,not_delivering,3.0,actions:app_custom_event.fb_mobile_purchase,15.55,260707_ABO_AEO-Purchase_ios_vid_Growme_WW_0525top总_7day_joy,29755,46.65,0.60158,0.28846154,30.0,1.555,4.0,11.6625,3.0,15.55,1.325188,10.115947,172.0,3,,
2025-12-01,2026-08-31,20260526_GrowMe_EN_9x16_FX-Creative_ZT-11things_RS-P3X1R1C3_fj,not_delivering,,,,260707_ABO_AEO-Purchase_ios_vid_Growme_WW_0525top总_7day_joy,4954,13.78,2.361728,0.02020202,2.0,6.89,,,,,,25.77715,86.0,9,,
2025-12-01,2026-08-31,20260527_growme_EN_9x16_FX-Creatives_ZT-fluency_RS-P1X1R3C3_wxx,not_delivering,1.0,actions:app_custom_event.fb_mobile_purchase,35.61,260707_ABO_AEO-Purchase_ios_vid_Growme_WW_0525top总_7day_joy,11581,35.61,1.182972,0.17283951,14.0,2.543571,1.0,35.61,1.0,35.61,1.062061,22.778689,101.0,4,,
2025-12-01,2026-08-31,20260528_GrowMe_EN_9x16_FX-Formats_ZT-xinwen_RS-P3X1R1C3_gy,not_delivering,,,,260707_ABO_AEO-Purchase_ios_vid_Growme_WW_0525top总_7day_joy,5195,12.93,1.020212,0.14583333,7.0,1.847143,2.0,6.465,,,,13.917228,32.0,5,,
2025-12-01,2026-08-31,20260529_GrowMe_EN_9x16_FX-Creative_ZT-journey_RS-P3X1R1C3_gy,not_delivering,,,,260707_ABO_AEO-Purchase_ios_vid_Growme_WW_0525top总_7day_joy,16,0.02,0.0,,,,,,,,,18.75,1.0,11,,
2025-12-01,2026-08-31,20260529_GrowMe_EN_9x16_FX-Creative_ZT-journey_RS-P3X1R1C3_gy,not_delivering,,,,260707_ABO_AEO-Purchase_ios_vid_Growme_EU_0525top总_7day_joy,21,0.07,0.0,,,,,,,,,14.285714,,1,,
2025-12-01,2026-08-31,20260528_GrowMe_EN_9x16_FX-Formats_ZT-xinwen_RS-P3X1R1C3_gy,not_delivering,,,,260707_ABO_AEO-Purchase_ios_vid_Growme_EU_0525top总_7day_joy,884,6.48,1.923077,0.29411765,5.0,1.296,,,,,,20.022624,12.0,8,,
2025-12-01,2026-08-31,20260527_growme_EN_9x16_FX-Creatives_ZT-fluency_RS-P1X1R3C3_wxx,not_delivering,,,,260707_ABO_AEO-Purchase_ios_vid_Growme_EU_0525top总_7day_joy,1689,12.77,1.539372,0.25,4.0,3.1925,2.0,6.385,,,,29.721729,30.0,6,,
2025-12-01,2026-08-31,20260526_GrowMe_EN_9x16_FX-Creative_ZT-11things_RS-P3X1R1C3_fj,not_delivering,,,,260707_ABO_AEO-Purchase_ios_vid_Growme_EU_0525top总_7day_joy,883,6.25,3.624009,0.07692308,2.0,3.125,,,,,,29.445074,22.0,11,,
2025-12-01,2026-08-31,20260525_growme_EN_9x16_FX-test_ZT-niupizhi_RS-P1X1R3C1_gy,not_delivering,,,,260707_ABO_AEO-Purchase_ios_vid_Growme_EU_0525top总_7day_joy,23393,103.5,0.726713,0.25892857,29.0,3.568966,,,,,,12.525114,126.0,4,,
2025-12-01,2026-08-31,20260525_growme_EN_9x16_FX-test_ZT-love_RS-P1X1R3C1_gy,not_delivering,,,,260707_ABO_AEO-Purchase_ios_vid_Growme_EU_0525top总_7day_joy,7,0.01,0.0,,,,,,,,,,,1,,
2025-12-01,2026-08-31,20260526_GrowMe_EN_9x16_FX-Creative_ZT-11things_RS-P3X1R1C3_fj,not_delivering,1.0,actions:app_custom_event.fb_mobile_purchase,7.28,260707_ABO_AEO-Purchase_ios_vid_Growme_US/UK_0525top总_7day_joy,404,7.28,7.178218,0.42857143,9.0,0.808889,2.0,3.64,1.0,7.28,3.895604,32.425743,20.0,17,,
2025-12-01,2026-08-31,20260527_growme_EN_9x16_FX-Creatives_ZT-fluency_RS-P1X1R3C3_wxx,not_delivering,,,,260707_ABO_AEO-Purchase_ios_vid_Growme_US/UK_0525top总_7day_joy,599,8.96,2.504174,0.0,,,,,,,,30.550918,7.0,6,,
2025-12-01,2026-08-31,20260529_GrowMe_EN_9x16_FX-Creative_ZT-journey_RS-P3X1R1C3_gy,not_delivering,,,,260707_ABO_AEO-Purchase_ios_vid_Growme_US/UK_0525top总_7day_joy,9,0.05,0.0,,,,,,,,,22.222222,,8,,
2025-12-01,2026-08-31,20260528_GrowMe_EN_9x16_FX-Formats_ZT-xinwen_RS-P3X1R1C3_gy,not_delivering,,,,260707_ABO_AEO-Purchase_ios_vid_Growme_US/UK_0525top总_7day_joy,1233,18.16,3.000811,0.5,12.0,1.513333,2.0,9.08,,,,20.113544,16.0,10,,
2025-12-01,2026-08-31,20260525_growme_EN_9x16_FX-test_ZT-niupizhi_RS-P1X1R3C1_gy,not_delivering,1.0,actions:app_custom_event.fb_mobile_purchase,92.32,260707_ABO_AEO-Purchase_ios_vid_Growme_US/UK_0525top总_7day_joy,9406,92.32,0.871784,0.51785714,29.0,3.183448,3.0,30.773333,1.0,92.32,0.409662,13.406336,93.0,5,,
2025-12-01,2026-08-31,20260525_growme_EN_9x16_FX-test_ZT-niupizhi_RS-P1X1R3C1_gy - Copy,inactive,,,,growmme_260708_AF_AAA_purchase_1day_top_sie,12196,8.46,0.918334,0.3877551,19.0,0.445263,,,,,,14.652345,125.0,5,,
2025-12-01,2026-08-31,20260525_growme_EN_9x16_FX-test_ZT-niupizhi_RS-P1X1R3C1_gy - Copy,not_delivering,2.0,actions:app_custom_event.fb_mobile_purchase,6.865,growmme_260708_AF_AAA_purchase_1day_top_sie,15795,13.73,0.892688,0.31578947,24.0,0.572083,1.0,13.73,2.0,6.865,3.256373,14.042418,123.0,5,,
2025-12-01,2026-08-31,20260525_growme_EN_9x16_FX-test_ZT-niupizhi_RS-P1X1R3C1_gy - Copy,inactive,,,,growmme_260708_AF_AAA_purchase_1day_top_sie,13185,9.8,1.03906,0.25352113,18.0,0.544444,,,,,,13.204399,106.0,5,,
2025-12-01,2026-08-31,20260525_growme_EN_9x16_FX-test_ZT-niupizhi_RS-P1X1R3C1_gy - Copy,inactive,,,,growmme_260708_AF_AAA_purchase_1day_top_sie,13657,10.33,0.893315,0.16949153,10.0,1.033,,,,,,14.637182,137.0,5,,
2025-12-01,2026-08-31,20260527_growme_EN_9x16_FX-Creatives_ZT-fluency_RS-P1X1R3C3_wxx - Copy,not_delivering,,,,growmme_260708_AF_AAA_purchase_1day_top_sie,5489,10.74,1.293496,0.09302326,4.0,2.685,,,,,,22.936783,43.0,5,,
2025-12-01,2026-08-31,20260525_growme_EN_9x16_FX-test_ZT-niupizhi_RS-P1X1R3C1_gy - Copy,inactive,,,,growmme_260708_AF_AAA_purchase_1day_top_sie,11668,8.78,0.985602,0.19148936,9.0,0.975556,,,,,,14.792595,116.0,5,,
2025-12-01,2026-08-31,20260525_growme_EN_9x16_FX-test_ZT-niupizhi_RS-P1X1R3C1_gy - Copy,inactive,,,,growmme_260708_AF_AAA_purchase_1day_top_sie,12325,9.06,0.8357,0.17741935,11.0,0.823636,,,,,,14.052738,103.0,5,,
2025-12-01,2026-08-31,20260525_growme_EN_9x16_FX-test_ZT-niupizhi_RS-P1X1R3C1_gy - Copy,not_delivering,2.0,actions:app_custom_event.fb_mobile_purchase,15.12,growmme_260708_Americas_AAA_purchase_1day_top_sie,13424,30.24,0.715137,0.37254902,19.0,1.591579,3.0,10.08,2.0,15.12,0.591601,11.725268,132.0,4,,
2025-12-01,2026-08-31,20260525_growme_EN_9x16_FX-test_ZT-niupizhi_RS-P1X1R3C1_gy - Copy,not_delivering,,,,growmme_260708_Americas_AAA_purchase_1day_top_sie,1147,2.18,0.523104,0.0,,,,,,,,11.333915,10.0,4,,
2025-12-01,2026-08-31,20260527_growme_EN_9x16_FX-Creatives_ZT-fluency_RS-P1X1R3C3_wxx - Copy,not_delivering,1.0,actions:app_custom_event.fb_mobile_purchase,12.83,growmme_260708_Americas_AAA_purchase_1day_top_sie,2136,12.83,1.170412,0.08333333,1.0,12.83,1.0,12.83,1.0,12.83,0.829306,25.374532,26.0,5,,
2025-12-01,2026-08-31,20260525_growme_EN_9x16_FX-test_ZT-niupizhi_RS-P1X1R3C1_gy - Copy,not_delivering,,,,growmme_260708_Americas_AAA_purchase_1day_top_sie,8038,18.32,1.007713,0.21276596,10.0,1.832,2.0,9.16,,,,13.038069,73.0,5,,
2025-12-01,2026-08-31,20260525_growme_EN_9x16_FX-test_ZT-niupizhi_RS-P1X1R3C1_gy - Copy,not_delivering,,,,growmme_260708_Americas_AAA_purchase_1day_top_sie,3544,8.03,0.592551,0.46153846,6.0,1.338333,,,,,,11.032731,37.0,4,,
2025-12-01,2026-08-31,20260525_growme_EN_9x16_FX-test_ZT-niupizhi_RS-P1X1R3C1_gy - Copy,inactive,,,,growmme_260708_Americas_AAA_purchase_1day_top_sie,11674,27.26,0.69385,0.18367347,9.0,3.028889,,,,,,11.838273,88.0,4,,
2025-12-01,2026-08-31,20260525_growme_EN_9x16_FX-test_ZT-niupizhi_RS-P1X1R3C1_gy - Copy,not_delivering,1.0,actions:app_custom_event.fb_mobile_purchase,56.65,growmme_260708_Americas_AAA_purchase_1day_top_sie,25813,56.65,0.739937,0.32323232,32.0,1.770313,1.0,56.65,1.0,56.65,0.559929,11.560067,210.0,4,,
2025-12-01,2026-08-31,20260525_growme_EN_9x16_FX-test_ZT-love_RS-P1X1R3C1_gy,not_delivering,,,,260708_ABO_AEO-Purchase_ios_vid_Growme_WW_56月下_joy,12,0.0,0.0,,,,,,,,,25.0,1.0,29,,
2025-12-01,2026-08-31,20260525_growme_EN_9x16_FX-test_ZT-niupizhi_RS-P1X1R3C1_gy,not_delivering,,,,260708_ABO_AEO-Purchase_ios_vid_Growme_WW_56月下_joy,14778,24.29,0.636081,0.31372549,16.0,1.518125,,,,,,10.123156,87.0,4,,
2025-12-01,2026-08-31,20260526_GrowMe_EN_9x16_FX-Creative_ZT-11things_RS-P3X1R1C3_fj,not_delivering,,,,260708_ABO_AEO-Purchase_ios_vid_Growme_WW_56月下_joy,1090,3.85,1.926606,0.04761905,1.0,3.85,,,,,,27.247706,21.0,9,,
2025-12-01,2026-08-31,20260527_growme_EN_9x16_FX-Creatives_ZT-fluency_RS-P1X1R3C3_wxx,not_delivering,,,,260708_ABO_AEO-Purchase_ios_vid_Growme_WW_56月下_joy,2584,8.77,1.470588,0.29411765,5.0,1.754,,,,,,23.219814,19.0,4,,
2025-12-01,2026-08-31,20260528_GrowMe_EN_9x16_FX-Formats_ZT-xinwen_RS-P3X1R1C3_gy,not_delivering,,,,260708_ABO_AEO-Purchase_ios_vid_Growme_WW_56月下_joy,762,2.52,1.968504,0.18181818,2.0,1.26,,,,,,14.304462,7.0,6,,
2025-12-01,2026-08-31,20260529_GrowMe_EN_9x16_FX-Creative_ZT-journey_RS-P3X1R1C3_gy,not_delivering,,,,260708_ABO_AEO-Purchase_ios_vid_Growme_WW_56月下_joy,11,0.01,0.0,,,,,,,,,27.272727,,11,,
2025-12-01,2026-08-31,20260526_GrowMe_EN_9x16_FX-Creative_ZT-11things_RS-P3X1R1C3_fj,not_delivering,,,,260708_ABO_AEO-Purchase_ios_vid_Growme_WW_EU/US/UK_56月下joy,200,1.79,4.5,0.0,,,,,,,,30.0,7.0,10,,
2025-12-01,2026-08-31,20260528_GrowMe_EN_9x16_FX-Formats_ZT-xinwen_RS-P3X1R1C3_gy,not_delivering,,,,260708_ABO_AEO-Purchase_ios_vid_Growme_WW_EU/US/UK_56月下joy,98,0.93,1.020408,0.0,,,,,,,,24.489796,1.0,6,,
2025-12-01,2026-08-31,20260525_growme_EN_9x16_FX-test_ZT-love_RS-P1X1R3C1_gy,not_delivering,,,,260708_ABO_AEO-Purchase_ios_vid_Growme_WW_EU/US/UK_56月下joy,1,0.0,0.0,,,,,,,,,,,0,,
2025-12-01,2026-08-31,20260527_growme_EN_9x16_FX-Creatives_ZT-fluency_RS-P1X1R3C3_wxx,not_delivering,,,,260708_ABO_AEO-Purchase_ios_vid_Growme_WW_EU/US/UK_56月下joy,189,1.95,2.116402,0.0,,,,,,,,29.100529,2.0,5,,
2025-12-01,2026-08-31,20260525_growme_EN_9x16_FX-test_ZT-niupizhi_RS-P1X1R3C1_gy,not_delivering,,,,260708_ABO_AEO-Purchase_ios_vid_Growme_WW_EU/US/UK_56月下joy,2603,20.26,1.037265,0.33333333,5.0,4.052,,,,,,15.520553,25.0,6,,
2025-12-01,2026-08-31,20260529_GrowMe_EN_9x16_FX-Creative_ZT-journey_RS-P3X1R1C3_gy,not_delivering,,,,260708_ABO_AEO-Purchase_ios_vid_Growme_WW_EU/US/UK_56月下joy,24,0.13,0.0,,,,,,,,,16.666667,,4,,
2025-12-01,2026-08-31,20260529_GrowMe_EN_9x16_FX-Creative_ZT-journey_RS-P3X1R1C3_gy,not_delivering,,,,260708_ABO_AEO-Purchase_ios_vid_Growme_中日马泰_56月下_joy,15,0.02,0.0,,,,,,,,,26.666667,,5,,
2025-12-01,2026-08-31,20260525_growme_EN_9x16_FX-test_ZT-love_RS-P1X1R3C1_gy,not_delivering,,,,260708_ABO_AEO-Purchase_ios_vid_Growme_中日马泰_56月下_joy,3,0.0,0.0,,,,,,,,,33.333333,,2,,
2025-12-01,2026-08-31,20260528_GrowMe_EN_9x16_FX-Formats_ZT-xinwen_RS-P3X1R1C3_gy,not_delivering,,,,260708_ABO_AEO-Purchase_ios_vid_Growme_中日马泰_56月下_joy,426,3.35,1.643192,0.0,,,,,,,,15.023474,3.0,6,,
2025-12-01,2026-08-31,20260527_growme_EN_9x16_FX-Creatives_ZT-fluency_RS-P1X1R3C3_wxx,not_delivering,,,,260708_ABO_AEO-Purchase_ios_vid_Growme_中日马泰_56月下_joy,358,3.61,1.396648,0.0,,,,,,,,26.256983,6.0,6,,
2025-12-01,2026-08-31,20260526_GrowMe_EN_9x16_FX-Creative_ZT-11things_RS-P3X1R1C3_fj,not_delivering,,,,260708_ABO_AEO-Purchase_ios_vid_Growme_中日马泰_56月下_joy,115,0.7,4.347826,0.33333333,1.0,0.7,,,,,,29.565217,4.0,8,,
2025-12-01,2026-08-31,20260525_growme_EN_9x16_FX-test_ZT-niupizhi_RS-P1X1R3C1_gy,not_delivering,1.0,actions:app_custom_event.fb_mobile_purchase,40.0,260708_ABO_AEO-Purchase_ios_vid_Growme_中日马泰_56月下_joy,9582,40.0,1.106241,0.43859649,25.0,1.6,1.0,40.0,1.0,40.0,0.52425,14.715091,97.0,5,,
2025-12-01,2026-08-31,20260525_growme_EN_9x16_FX-test_ZT-niupizhi_RS-P1X1R3C1_gy,not_delivering,,,,260709_ABO_AEO-Purchase_ios_vid_Growme_WW_2026上半年top_joy,4832,6.98,0.703642,0.16666667,3.0,2.326667,,,,,,10.554636,31.0,4,,
2025-12-01,2026-08-31,20260528_GrowMe_EN_9x16_FX-Formats_ZT-xinwen_RS-P3X1R1C3_gy,not_delivering,,,,260709_ABO_AEO-Purchase_ios_vid_Growme_WW_2026上半年top_joy,117,0.2,2.564103,0.0,,,,,,,,17.948718,2.0,8,,
2025-12-01,2026-08-31,20260528_GrowMe_EN_9x16_FX-Formats_ZT-xinwen_RS-P3X1R1C3_gy,not_delivering,,,,260709_ABO_AEO-Purchase_ios_vid_Growme_US/UK_2026上半年top_joy,19,0.12,0.0,,,,,,,,,15.789474,,1,,
2025-12-01,2026-08-31,20260525_growme_EN_9x16_FX-test_ZT-niupizhi_RS-P1X1R3C1_gy,not_delivering,,,,260709_ABO_AEO-Purchase_ios_vid_Growme_US/UK_2026上半年top_joy,1090,11.22,1.100917,0.0,,,,,,,,16.605505,11.0,6,,
2025-12-01,2026-08-31,20260528_GrowMe_EN_9x16_FX-Formats_ZT-xinwen_RS-P3X1R1C3_gy,not_delivering,,,,260709_ABO_AEO-Purchase_ios_vid_Growme_中日马泰_2026上半年top_joy,126,0.93,3.968254,0.0,,,,,,,,20.634921,1.0,10,,
2025-12-01,2026-08-31,20260525_growme_EN_9x16_FX-test_ZT-niupizhi_RS-P1X1R3C1_gy,not_delivering,,,,260709_ABO_AEO-Purchase_ios_vid_Growme_中日马泰_2026上半年top_joy,3144,14.57,1.017812,0.35294118,6.0,2.428333,2.0,7.285,,,,12.78626,28.0,4,,
2025-12-01,2026-08-31,20260525_growme_EN_9x16_FX-test_ZT-niupizhi_RS-P1X1R3C1_gy - Copy 2,inactive,,,,growmme_260710_WW_AAA_purchase_1day_high-conversion_sie,99954,81.12,1.037477,0.40707965,184.0,0.44087,8.0,10.14,,,,15.888309,1073.0,6,,
2025-12-01,2026-08-31,20260528_GrowMe_EN_9x16_FX-Formats_ZT-xinwen_RS-P3X1R1C3_gy - Copy 2,not_delivering,,,,growmme_260710_WW_AAA_purchase_1day_high-conversion_sie,7595,21.54,1.98815,0.19298246,22.0,0.979091,,,,,,20.276498,54.0,7,,
2025-12-01,2026-08-31,20260526_GrowMe_EN_9x16_FX-Creative_ZT-onehabits_RS-P3X1R1C3_fj,not_delivering,,,,260527_AAA_AEO-Purchase_ios_vid_Growme_WW_0526_joy,1,0.0,0.0,,,,,,,,,,,1,,
2025-12-01,2026-08-31,20260525_GrowMe_EN_9x16_FX-test_ZT-hello-ai_RS-P3X1R1C3_fj,not_delivering,,,,260609_AAA_AEO-Purchase_ios_vid_Growme_T2_0525week_阅读提升英语_joy,11,0.0,9.090909,0.0,,,,,,,,27.272727,,11,,
2025-12-01,2026-08-31,20260525_growme_EN_9x16_FX-test_ZT-love_RS-P1X1R3C1_gy,not_delivering,,,,260609_AAA_AEO-Purchase_ios_vid_Growme_T2_0525week_阅读提升英语_joy,20,0.01,5.0,0.0,,,,,,,,50.0,1.0,51,,
2025-12-01,2026-08-31,20260525_growme_EN_9x16_FX-test_ZT-opinion_RS-P1X1R3C1_gy,not_delivering,,,,260609_AAA_AEO-Purchase_ios_vid_Growme_T2_0525week_阅读提升英语_joy,2,0.0,0.0,,,,,,,,,,,1,,
2025-12-01,2026-08-31,20260525_GrowMe_EN_9x16_FX-test_ZT-confidence_RS-P3X1R1C3_fj,not_delivering,,,,260609_AAA_AEO-Purchase_ios_vid_Growme_T2_0525week_阅读提升英语_joy,3,0.0,0.0,,,,,,,,,,,1,,
2025-12-01,2026-08-31,20260525_GrowMe_EN_9x16_FX-test_ZT-learning_RS-P3X1R1C3_fj,not_delivering,,,,260609_AAA_AEO-Purchase_ios_vid_Growme_T2_0525week_阅读提升英语_joy,6,0.0,0.0,,,,,,,,,16.666667,,9,,
2025-12-01,2026-08-31,20260525_growme_EN_9x16_FX-test_ZT-niupizhi_RS-P1X1R3C1_gy,not_delivering,,,,260609_AAA_AEO-Purchase_ios_vid_Growme_T2_0525week_阅读提升英语_joy,58156,72.28,0.787537,0.25225225,56.0,1.290714,,,,,,12.370177,406.0,4,,
2025-12-01,2026-08-31,20260525_GrowMe_EN_9x16_FX-test_ZT-talkabout_RS-P3X1R1C3_fj,not_delivering,,,,260609_AAA_AEO-Purchase_ios_vid_Growme_T2_0525week_阅读提升英语_joy,9,0.0,0.0,,,,,,,,,33.333333,,25,,
2025-12-01,2026-08-31,20260525_growme_EN_9x16_FX-test_ZT-niupizhi_RS-P1X1R3C1_gy - Copy 2,archived,3.0,actions:app_custom_event.fb_mobile_purchase,4.79,growmme_260713_WW_AAA_purchase_7day_top_sie(ex: Indonesia),14851,14.37,0.875362,0.64179104,43.0,0.334186,4.0,3.5925,3.0,4.79,1.508699,15.419837,88.0,5,,
2025-12-01,2026-08-31,20260525_growme_EN_9x16_FX-test_ZT-niupizhi_RS-P1X1R3C1_gy - Copy,archived,,,,growmme_260713_WW_AAA_purchase_7day_top_sie(ex: Indonesia),11757,14.42,1.258825,0.35,21.0,0.686667,1.0,14.42,,,,15.173939,104.0,6,,
2025-12-01,2026-08-31,20260528_GrowMe_EN_9x16_FX-Formats_ZT-xinwen_RS-P3X1R1C3_gy - Copy,archived,,,,growmme_260713_WW_AAA_purchase_7day_top_sie(ex: Indonesia),1030,3.13,2.038835,0.05555556,1.0,3.13,,,,,,22.718447,7.0,6,,
2025-12-01,2026-08-31,20260527_growme_EN_9x16_FX-Creatives_ZT-fluency_RS-P1X1R3C3_wxx - Copy,archived,,,,growmme_260713_WW_AAA_purchase_7day_top_sie(ex: Indonesia),6567,22.33,1.644587,0.34782609,24.0,0.930417,2.0,11.165,,,,28.825948,78.0,5,,
2025-12-01,2026-08-31,20260528_GrowMe_EN_9x16_FX-Formats_ZT-xinwen_RS-P3X1R1C3_gy - Copy 2,archived,,,,growmme_260713_WW_AAA_purchase_7day_top_sie(ex: Indonesia),882,2.05,1.587302,0.21428571,3.0,0.683333,,,,,,20.748299,9.0,8,,
2025-12-01,2026-08-31,20260525_growme_EN_9x16_FX-test_ZT-niupizhi_RS-P1X1R3C1_gy - Copy 2,archived,,,,growmme_260713_WW_AAA_purchase_7day_top_sie(ex: Indonesia),15861,19.24,0.96463,0.3373494,28.0,0.687143,,,,,,13.416556,139.0,5,,
2025-12-01,2026-08-31,20260528_GrowMe_EN_9x16_FX-Formats_ZT-xinwen_RS-P3X1R1C3_gy - Copy 2,archived,,,,growmme_260713_WW_AAA_purchase_7day_top_sie(ex: Indonesia),1332,4.45,1.576577,0.05882353,1.0,4.45,,,,,,20.27027,13.0,6,,
2025-12-01,2026-08-31,20260528_GrowMe_EN_9x16_FX-Formats_ZT-xinwen_RS-P3X1R1C3_gy - Copy 2,archived,3.0,actions:app_custom_event.fb_mobile_purchase,3.51,growmme_260713_WW_AAA_purchase_7day_top_sie(ex: Indonesia),3353,10.53,1.998211,0.25,11.0,0.957273,3.0,3.51,3.0,3.51,7.529915,23.56099,32.0,7,,
2025-12-01,2026-08-31,20260528_GrowMe_EN_9x16_FX-Formats_ZT-xinwen_RS-P3X1R1C3_gy - Copy,not_delivering,1.0,actions:app_custom_event.fb_mobile_purchase,10.0,growmme_260713_EU/AF/OC/_AAA_purchase_7day_top_sie,3031,10.0,1.616628,0.17948718,7.0,1.428571,1.0,10.0,1.0,10.0,1.891,22.43484,23.0,6,,
2025-12-01,2026-08-31,20260525_growme_EN_9x16_FX-test_ZT-niupizhi_RS-P1X1R3C1_gy - Copy,inactive,1.0,actions:app_custom_event.fb_mobile_purchase,20.9,growmme_260713_EU/AF/OC/_AAA_purchase_7day_top_sie,13526,20.9,1.197693,0.47368421,36.0,0.580556,1.0,20.9,1.0,20.9,1.220096,12.893686,136.0,5,,
2025-12-01,2026-08-31,20260525_growme_EN_9x16_FX-test_ZT-niupizhi_RS-P1X1R3C1_gy,not_delivering,5.0,actions:app_custom_event.fb_mobile_purchase,8.19,260713_ABO_AEO-Purchase_ios_vid_Growme_WW_top_无id_joy,42606,40.95,0.727597,0.35802469,58.0,0.706034,4.0,10.2375,5.0,8.19,2.652259,10.66047,261.0,4,,
2025-12-01,2026-08-31,20260525_growme_EN_9x16_FX-test_ZT-niupizhi_RS-P1X1R3C1_gy,not_delivering,1.0,actions:app_custom_event.fb_mobile_purchase,7.33,260713_ABO_AEO-Purchase_ios_vid_Growme_WW_top_带id_joy,7285,7.33,0.549073,0.25,5.0,1.466,2.0,3.665,1.0,7.33,2.776262,10.487303,39.0,4,,
2025-12-01,2026-08-31,20260525_growme_EN_9x16_FX-test_ZT-niupizhi_RS-P1X1R3C1_gy,not_delivering,1.0,actions:app_custom_event.fb_mobile_purchase,80.15,260714_AAA_AEO-Purchase_ios_vid_Growme_USUK_0525week_阅读提升英语_joy,9649,80.15,1.326562,0.43478261,30.0,2.671667,4.0,20.0375,1.0,80.15,0.471865,15.390196,95.0,5,,
2025-12-01,2026-08-31,20260525_growme_EN_9x16_FX-test_ZT-niupizhi_RS-P1X1R3C1_gy - Copy,inactive,2.0,actions:app_custom_event.fb_mobile_purchase,47.955,growmme_260715_SA/CA/CAR/AF_AAA_purchase_7day_top_sie,85961,95.91,1.261037,0.24475524,105.0,0.913429,3.0,31.97,2.0,47.955,0.517464,13.679459,1017.0,5,,
2025-12-01,2026-08-31,20260528_GrowMe_EN_9x16_FX-Formats_ZT-xinwen_RS-P3X1R1C3_gy - Copy,inactive,,,,growmme_260715_SA/CA/CAR/AF_AAA_purchase_7day_top_sie,10082,25.02,1.507637,0.12173913,14.0,1.787143,,,,,,19.787741,98.0,8,,
2025-12-01,2026-08-31,20260525_growme_EN_9x16_FX-test_ZT-niupizhi_RS-P1X1R3C1_gy,not_delivering,1.0,actions:app_custom_event.fb_mobile_purchase,104.63,260716_ABO_AEO-Purchase_ios_vid_Growme_WW_五六月top总_joy,172241,104.63,1.074657,0.24340771,120.0,0.871917,6.0,17.438333,1.0,104.63,0.316162,15.254788,2007.0,6,,
2025-12-01,2026-08-31,20260526_GrowMe_EN_9x16_FX-Creative_ZT-11things_RS-P3X1R1C3_fj,not_delivering,,,,260716_ABO_AEO-Purchase_ios_vid_Growme_WW_五六月top总_joy,827,2.02,2.539299,0.16666667,2.0,1.01,,,,,,28.415961,15.0,10,,
2025-12-01,2026-08-31,20260526_GrowMe_EN_9x16_FX-Creative_ZT-2years_RS-P3X1R1C3_fj,not_delivering,,,,260716_ABO_AEO-Purchase_ios_vid_Growme_WW_五六月top总_joy,1,0.0,0.0,,,,,,,,,,,1,,
2025-12-01,2026-08-31,20260527_growme_EN_9x16_FX-Creatives_ZT-fluency_RS-P1X1R3C3_wxx,not_delivering,,,,260716_ABO_AEO-Purchase_ios_vid_Growme_WW_五六月top总_joy,691,2.44,1.157742,0.33333333,1.0,2.44,,,,,,26.628075,15.0,9,,
2025-12-01,2026-08-31,20260528_GrowMe_EN_9x16_FX-Formats_ZT-xinwen_RS-P3X1R1C3_gy,not_delivering,,,,260716_ABO_AEO-Purchase_ios_vid_Growme_WW_五六月top总_joy,780,1.67,2.564103,0.30769231,4.0,0.4175,,,,,,20.128205,9.0,32,,
2025-12-01,2026-08-31,20260529_GrowMe_EN_9x16_FX-Creative_ZT-journey_RS-P3X1R1C3_gy,not_delivering,,,,260716_ABO_AEO-Purchase_ios_vid_Growme_WW_五六月top总_joy,10,0.0,0.0,,,,,,,,,10.0,,1,,
2025-12-01,2026-08-31,20260529_growme_EN_9x16_FX-Formats_ZT-read_RS-P1X1R3C1_gy,not_delivering,,,,260716_ABO_AEO-Purchase_ios_vid_Growme_WW_五六月top总_joy,103,0.06,0.0,,,,,,,,,12.621359,,2,,
2025-12-01,2026-08-31,20260525_growme_EN_9x16_FX-test_ZT-niupizhi_RS-P1X1R3C1_gy - Copy,inactive,,,,growmme_260716_WW_AAA_purchase_1day_top_sie,14752,8.78,1.416757,0.5443038,43.0,0.204186,,,,,,16.59436,123.0,6,,
2025-12-01,2026-08-31,20260528_GrowMe_EN_9x16_FX-Formats_ZT-xinwen_RS-P3X1R1C3_gy - Copy,not_delivering,,,,growmme_260716_WW_AAA_purchase_1day_top_sie,1911,3.27,1.831502,0.0,,,,,,,,18.890633,24.0,9,,
2025-12-01,2026-08-31,20260528_GrowMe_EN_9x16_FX-Formats_ZT-xinwen_RS-P3X1R1C3_gy - Copy,not_delivering,2.0,actions:app_custom_event.fb_mobile_purchase,11.755,growmme_260716_WW_AAA_purchase_7day_top_sie(ex: Indonesia),14934,23.51,1.305745,0.18857143,33.0,0.712424,2.0,11.755,2.0,11.755,1.439387,19.177715,111.0,7,,
2025-12-01,2026-08-31,20260525_growme_EN_9x16_FX-test_ZT-niupizhi_RS-P1X1R3C1_gy - Copy,not_delivering,47.0,actions:app_custom_event.fb_mobile_purchase,19.1587234,growmme_260716_WW_AAA_purchase_7day_top_sie(ex: Indonesia),1366040,900.46,0.965858,0.38470571,2621.0,0.343556,63.0,14.293016,47.0,19.158723,0.806243,14.116937,9344.0,5,,
2025-12-01,2026-08-31,20260529_growme_EN_9x16_FX-Formats_ZT-read_RS-P1X1R3C1_gy,not_delivering,,,,260716_ABO_AEO-Purchase_ios_vid_Growme_EU_五六月top总_joy,13,0.03,0.0,,,,,,,,,23.076923,,10,,
2025-12-01,2026-08-31,20260529_GrowMe_EN_9x16_FX-Creative_ZT-journey_RS-P3X1R1C3_gy,not_delivering,,,,260716_ABO_AEO-Purchase_ios_vid_Growme_EU_五六月top总_joy,13,0.01,0.0,,,,,,,,,15.384615,,2,,
2025-12-01,2026-08-31,20260527_growme_EN_9x16_FX-Creatives_ZT-fluency_RS-P1X1R3C3_wxx,not_delivering,,,,260716_ABO_AEO-Purchase_ios_vid_Growme_EU_五六月top总_joy,329,2.64,2.12766,0.33333333,1.0,2.64,,,,,,33.738602,7.0,7,,
2025-12-01,2026-08-31,20260528_GrowMe_EN_9x16_FX-Formats_ZT-xinwen_RS-P3X1R1C3_gy,not_delivering,,,,260716_ABO_AEO-Purchase_ios_vid_Growme_EU_五六月top总_joy,283,2.63,1.413428,0.0,,,,,,,,21.55477,1.0,4,,
2025-12-01,2026-08-31,20260526_GrowMe_EN_9x16_FX-Creative_ZT-11things_RS-P3X1R1C3_fj,not_delivering,,,,260716_ABO_AEO-Purchase_ios_vid_Growme_EU_五六月top总_joy,281,1.68,3.558719,0.33333333,2.0,0.84,,,,,,33.096085,8.0,10,,
2025-12-01,2026-08-31,20260525_growme_EN_9x16_FX-test_ZT-niupizhi_RS-P1X1R3C1_gy,not_delivering,,,,260716_ABO_AEO-Purchase_ios_vid_Growme_EU_五六月top总_joy,44061,150.55,1.225574,0.2,50.0,3.011,,,,,,14.516239,376.0,5,,
2025-12-01,2026-08-31,20260525_growme_EN_9x16_FX-test_ZT-love_RS-P1X1R3C1_gy,not_delivering,,,,重启260716_AAA_AEO-Purchase_ios_vid_Growme_T2头部_0525week_阅读提升英语_joy,5,0.0,0.0,,,,,,,,,20.0,,4,,
2025-12-01,2026-08-31,20260525_GrowMe_EN_9x16_FX-test_ZT-hello-ai_RS-P3X1R1C3_fj,not_delivering,,,,重启260716_AAA_AEO-Purchase_ios_vid_Growme_T2头部_0525week_阅读提升英语_joy,2,0.0,0.0,,,,,,,,,,,1,,
2025-12-01,2026-08-31,20260525_growme_EN_9x16_FX-test_ZT-niupizhi_RS-P1X1R3C1_gy,not_delivering,2.0,actions:app_custom_event.fb_mobile_purchase,53.865,重启260716_AAA_AEO-Purchase_ios_vid_Growme_T2头部_0525week_阅读提升英语_joy,159439,107.73,1.000383,0.22462203,104.0,1.035865,3.0,35.91,2.0,53.865,0.337696,14.145849,1831.0,6,,
2025-12-01,2026-08-31,20260525_growme_EN_9x16_FX-test_ZT-confidence_RS-P1X1R3C1_gy,not_delivering,,,,重启260716_AAA_AEO-Purchase_ios_vid_Growme_T2头部_0525week_阅读提升英语_joy,1,0.0,0.0,,,,,,,,,,,00:00:00,,
2025-12-01,2026-08-31,20260525_growme_EN_9x16_FX-test_ZT-opinion_RS-P1X1R3C1_gy,not_delivering,,,,重启260716_AAA_AEO-Purchase_ios_vid_Growme_T2头部_0525week_阅读提升英语_joy,1,0.0,0.0,,,,,,,,,,,1,,
2025-12-01,2026-08-31,20260525_growme_EN_9x16_FX-test_ZT-read_RS-P1X1R3C1_gy,not_delivering,,,,重启260716_AAA_AEO-Purchase_ios_vid_Growme_T2头部_0525week_阅读提升英语_joy,1,0.0,0.0,,,,,,,,,,,1,,
2025-12-01,2026-08-31,20260525_GrowMe_EN_9x16_FX-test_ZT-talkabout_RS-P3X1R1C3_fj,not_delivering,,,,重启260716_AAA_AEO-Purchase_ios_vid_Growme_T2头部_0525week_阅读提升英语_joy,4,0.0,25.0,0.0,,,,,,,,50.0,,48,,
2025-12-01,2026-08-31,20260528_GrowMe_EN_9x16_FX-Formats_ZT-xinwen_RS-P3X1R1C3_gy,not_delivering,2.0,actions:app_custom_event.fb_mobile_purchase,5.455,260717_ABO_AEO-Purchase_ios_vid_Growme_WW_消耗小于500roi大于0.7_joy,7726,10.91,1.617914,0.14173228,18.0,0.606111,2.0,5.455,2.0,5.455,1.451879,17.305203,63.0,6,,
2025-12-01,2026-08-31,20260528_GrowMe_EN_9x16_FX-Formats_ZT-xinwen_RS-P3X1R1C3_gy - Copy,inactive,,,,growmme_260717_WW_AAA_purchase_7day_top_sie(ex: Indonesia),7935,23.01,1.638311,0.12389381,14.0,1.643571,,,,,,17.996219,88.0,7,,
2025-12-01,2026-08-31,20260525_growme_EN_9x16_FX-test_ZT-niupizhi_RS-P1X1R3C1_gy - Copy,inactive,,,,growmme_260717_WW_AAA_purchase_7day_top_sie(ex: Indonesia),11226,10.09,1.149118,0.72131148,44.0,0.229318,,,,,,13.539996,79.0,5,,
2025-12-01,2026-08-31,20260527_growme_EN_9x16_FX-Creatives_ZT-fluency_RS-P1X1R3C3_wxx,not_delivering,,,,260717_ABO_AEO-Purchase_ios_vid_Growme_WW_消耗大于500_joy,163,0.49,2.453988,0.0,,,,,,,,22.699387,1.0,5,,
2025-12-01,2026-08-31,20260525_growme_EN_9x16_FX-test_ZT-niupizhi_RS-P1X1R3C1_gy,not_delivering,,,,260717_ABO_AEO-Purchase_ios_vid_Growme_WW_消耗大于500_joy,40926,34.4,0.820994,0.23684211,27.0,1.274074,,,,,,13.463324,395.0,6,,
2025-12-01,2026-08-31,20260529_GrowMe_EN_9x16_FX-Creative_ZT-journey_RS-P3X1R1C3_gy,not_delivering,,,,260706_ABO_AEO-Purchase_ios_vid_Growme_US/UK_五六月top总_卡0.4_joy,1,0.0,0.0,,,,,,,,,,,00:00:00,,
2025-12-01,2026-08-31,20260529_growme_EN_9x16_FX-Formats_ZT-read_RS-P1X1R3C1_gy,not_delivering,,,,260706_ABO_AEO-Purchase_ios_vid_Growme_US/UK_五六月top总_卡0.4_joy,2,0.0,0.0,,,,,,,,,50.0,,10,,
2025-12-01,2026-08-31,20260527_growme_EN_9x16_FX-Creatives_ZT-fluency_RS-P1X1R3C3_wxx,not_delivering,,,,260706_ABO_AEO-Purchase_ios_vid_Growme_US/UK_五六月top总_卡0.4_joy,81,0.96,2.469136,0.0,,,,,,,,32.098765,2.0,6,,
2025-12-01,2026-08-31,20260526_GrowMe_EN_9x16_FX-Creative_ZT-11things_RS-P3X1R1C3_fj,not_delivering,,,,260706_ABO_AEO-Purchase_ios_vid_Growme_US/UK_五六月top总_卡0.4_joy,23,0.28,0.0,,,,,,,,,47.826087,,15,,
2025-12-01,2026-08-31,20260525_growme_EN_9x16_FX-test_ZT-niupizhi_RS-P1X1R3C1_gy,not_delivering,,,,260706_ABO_AEO-Purchase_ios_vid_Growme_US/UK_五六月top总_卡0.4_joy,2710,22.63,0.99631,0.15384615,2.0,11.315,,,,,,16.420664,23.0,6,,
2025-12-01,2026-08-31,20260528_GrowMe_EN_9x16_FX-Formats_ZT-xinwen_RS-P3X1R1C3_gy,not_delivering,,,,260706_ABO_AEO-Purchase_ios_vid_Growme_US/UK_五六月top总_卡0.4_joy,35,0.48,2.857143,,,,,,,,,11.428571,,4,,
2025-12-01,2026-08-31,20260528_GrowMe_EN_9x16_FX-Formats_ZT-xinwen_RS-P3X1R1C3_gy,not_delivering,,,,260718_ABO_AEO-Purchase_ios_vid_Growme_中日马泰尼_五六月top总_joy,941,1.7,1.275239,0.25,2.0,0.85,,,,,,17.215728,1.0,4,,
2025-12-01,2026-08-31,20260526_GrowMe_EN_9x16_FX-Creative_ZT-2years_RS-P3X1R1C3_fj,not_delivering,,,,260718_ABO_AEO-Purchase_ios_vid_Growme_中日马泰尼_五六月top总_joy,4,0.0,0.0,,,,,,,,,25.0,,5,,
2025-12-01,2026-08-31,20260529_growme_EN_9x16_FX-Formats_ZT-read_RS-P1X1R3C1_gy,not_delivering,,,,260718_ABO_AEO-Purchase_ios_vid_Growme_中日马泰尼_五六月top总_joy,4,0.0,0.0,,,,,,,,,50.0,,13,,
2025-12-01,2026-08-31,20260527_growme_EN_9x16_FX-Creatives_ZT-fluency_RS-P1X1R3C3_wxx,not_delivering,,,,260718_ABO_AEO-Purchase_ios_vid_Growme_中日马泰尼_五六月top总_joy,263,0.85,2.661597,0.0,,,,,,,,30.038023,2.0,5,,
2025-12-01,2026-08-31,20260529_GrowMe_EN_9x16_FX-Creative_ZT-journey_RS-P3X1R1C3_gy,not_delivering,,,,260718_ABO_AEO-Purchase_ios_vid_Growme_中日马泰尼_五六月top总_joy,54,0.04,0.0,,,,,,,,,24.074074,,7,,
2025-12-01,2026-08-31,20260525_growme_EN_9x16_FX-test_ZT-niupizhi_RS-P1X1R3C1_gy,not_delivering,2.0,actions:app_custom_event.fb_mobile_purchase,46.435,260718_ABO_AEO-Purchase_ios_vid_Growme_中日马泰尼_五六月top总_joy,151853,92.87,1.091845,0.22327791,94.0,0.987979,6.0,15.478333,2.0,46.435,0.458921,15.289128,1977.0,7,,
2025-12-01,2026-08-31,20260526_GrowMe_EN_9x16_FX-Creative_ZT-11things_RS-P3X1R1C3_fj,not_delivering,,,,260718_ABO_AEO-Purchase_ios_vid_Growme_中日马泰尼_五六月top总_joy,356,0.56,2.52809,0.0,,,,,,,,23.595506,6.0,8,,
2025-12-01,2026-08-31,20260525_growme_EN_9x16_FX-test_ZT-niupizhi_RS-P1X1R3C1_gy,not_delivering,1.0,actions:app_custom_event.fb_mobile_purchase,14.41,260719_ABO_AEO-Purchase_ios_vid_Growme_WW_top_1day_joy,20309,14.41,0.699197,0.32727273,18.0,0.800556,1.0,14.41,1.0,14.41,0.814018,12.871141,190.0,5,,
2025-12-01,2026-08-31,20260526_GrowMe_EN_9x16_FX-Creative_ZT-11things_RS-P3X1R1C3_fj,not_delivering,,,,260719_ABO_AEO-Purchase_ios_vid_Growme_WW_top_1day_joy,787,1.74,2.795426,0.13333333,2.0,0.87,,,,,,28.462516,15.0,9,,
2025-12-01,2026-08-31,20260527_growme_EN_9x16_FX-Creatives_ZT-fluency_RS-P1X1R3C3_wxx,not_delivering,,,,260719_ABO_AEO-Purchase_ios_vid_Growme_WW_top_1day_joy,887,2.67,1.352875,0.33333333,1.0,2.67,,,,,,22.773393,4.0,5,,
2025-12-01,2026-08-31,20260528_GrowMe_EN_9x16_FX-Formats_ZT-xinwen_RS-P3X1R1C3_gy,not_delivering,,,,260719_ABO_AEO-Purchase_ios_vid_Growme_WW_top_1day_joy,591,0.79,2.368866,0.14285714,1.0,0.79,,,,,,18.781726,5.0,6,,
2025-12-01,2026-08-31,20260527_growme_EN_9x16_FX-Creatives_ZT-fluency_RS-P1X1R3C3_wxx,archived,,,,260719_ABO_AEO-Purchase_ios_vid_Growme_WW_top_7day_joy,170,0.66,0.588235,0.0,,,,,,,,24.117647,2.0,4,,
2025-12-01,2026-08-31,20260528_GrowMe_EN_9x16_FX-Formats_ZT-xinwen_RS-P3X1R1C3_gy,archived,,,,260719_ABO_AEO-Purchase_ios_vid_Growme_WW_top_7day_joy,879,1.26,1.478953,0.25,2.0,0.63,,,,,,15.472127,5.0,4,,
2025-12-01,2026-08-31,20260526_GrowMe_EN_9x16_FX-Creative_ZT-11things_RS-P3X1R1C3_fj,archived,,,,260719_ABO_AEO-Purchase_ios_vid_Growme_WW_top_7day_joy,345,0.73,2.608696,0.0,,,,,,,,25.797101,13.0,10,,
2025-12-01,2026-08-31,20260525_growme_EN_9x16_FX-test_ZT-niupizhi_RS-P1X1R3C1_gy,archived,,,,260719_ABO_AEO-Purchase_ios_vid_Growme_WW_top_7day_joy,2313,3.72,0.562041,0.6,3.0,1.24,,,,,,12.667531,18.0,5,,
2025-12-01,2026-08-31,20260528_GrowMe_EN_9x16_FX-Formats_ZT-xinwen_RS-P3X1R1C3_gy,not_delivering,,,,260719_ABO_AEO-Purchase_ios_vid_Growme_T2_关top1_1day_joy,5291,12.28,1.323001,0.05,2.0,6.14,,,,,,18.673219,36.0,6,,
2025-12-01,2026-08-31,20260526_GrowMe_EN_9x16_FX-Creative_ZT-11things_RS-P3X1R1C3_fj,not_delivering,,,,260719_ABO_AEO-Purchase_ios_vid_Growme_T2_关top1_1day_joy,3596,9.23,1.751947,0.05714286,2.0,4.615,,,,,,24.332592,45.0,6,,
2025-12-01,2026-08-31,20260525_growme_EN_9x16_FX-test_ZT-niupizhi_RS-P1X1R3C1_gy,inactive,1.0,actions:app_custom_event.fb_mobile_purchase,93.22,260719_ABO_AEO-Purchase_ios_vid_Growme_T2_关top1_1day_joy,129113,93.22,0.769094,0.25,87.0,1.071494,3.0,31.073333,1.0,93.22,0.228599,14.579477,1242.0,6,,
2025-12-01,2026-08-31,20260527_growme_EN_9x16_FX-Creatives_ZT-fluency_RS-P1X1R3C3_wxx,not_delivering,1.0,actions:app_custom_event.fb_mobile_purchase,17.22,260719_ABO_AEO-Purchase_ios_vid_Growme_T2_关top1_1day_joy,4060,17.22,1.477833,0.27586207,8.0,2.1525,1.0,17.22,1.0,17.22,2.62892,27.29064,52.0,5,,
2025-12-01,2026-08-31,20260528_GrowMe_EN_9x16_FX-Formats_ZT-xinwen_RS-P3X1R1C3_gy,not_delivering,,,,260719_ABO_AEO-Purchase_ios_vid_Growme_中日马泰尼_top_1day_joy,2012,3.46,0.695825,0.45454545,5.0,0.692,,,,,,17.097416,15.0,5,,
2025-12-01,2026-08-31,20260526_GrowMe_EN_9x16_FX-Creative_ZT-11things_RS-P3X1R1C3_fj,not_delivering,,,,260719_ABO_AEO-Purchase_ios_vid_Growme_中日马泰尼_top_1day_joy,252,0.64,1.984127,0.0,,,,,,,,29.365079,7.0,14,,
2025-12-01,2026-08-31,20260525_growme_EN_9x16_FX-test_ZT-niupizhi_RS-P1X1R3C1_gy,not_delivering,,,,260719_ABO_AEO-Purchase_ios_vid_Growme_中日马泰尼_top_1day_joy,23290,15.12,0.571061,0.2,8.0,1.89,2.0,7.56,,,,11.880635,154.0,5,,
2025-12-01,2026-08-31,20260527_growme_EN_9x16_FX-Creatives_ZT-fluency_RS-P1X1R3C3_wxx,not_delivering,,,,260719_ABO_AEO-Purchase_ios_vid_Growme_中日马泰尼_top_1day_joy,287,1.69,2.787456,0.0,,,,,,,,29.616725,6.0,7,,
2025-12-01,2026-08-31,20260528_GrowMe_EN_9x16_FX-Formats_ZT-xinwen_RS-P3X1R1C3_gy,not_delivering,,,,260719_ABO_AEO-Purchase_ios_vid_Growme_T2_排top_joy,881,1.09,0.340522,0.0,,,,,,,,12.826334,3.0,3,,
2025-12-01,2026-08-31,20260526_GrowMe_EN_9x16_FX-Creative_ZT-11things_RS-P3X1R1C3_fj,not_delivering,,,,260719_ABO_AEO-Purchase_ios_vid_Growme_T2_排top_joy,453,1.57,2.428256,0.0,,,,,,,,30.242826,5.0,8,,
2025-12-01,2026-08-31,20260527_growme_EN_9x16_FX-Creatives_ZT-fluency_RS-P1X1R3C3_wxx,not_delivering,,,,260719_ABO_AEO-Purchase_ios_vid_Growme_T2_排top_joy,312,1.64,0.320513,,,,,,,,,26.282051,6.0,7,,
2025-12-01,2026-08-31,20260525_growme_EN_9x16_FX-test_ZT-niupizhi_RS-P1X1R3C1_gy - Copy,not_delivering,,,,growmme_260720_VO_AAA_VO_1day_top_sie,37,0.09,2.702703,,,,,,,,,16.216216,,3,,
2025-12-01,2026-08-31,20260528_GrowMe_EN_9x16_FX-Formats_ZT-xinwen_RS-P3X1R1C3_gy,not_delivering,,,,260720_ABO_AEO-Purchase_ios_vid_Growme_USUK_五六月top_joy,121,1.82,3.305785,0.0,,,,,,,,20.661157,2.0,10,,
2025-12-01,2026-08-31,20260527_growme_EN_9x16_FX-Creatives_ZT-fluency_RS-P1X1R3C3_wxx,not_delivering,,,,260720_ABO_AEO-Purchase_ios_vid_Growme_USUK_五六月top_joy,518,6.13,2.509653,0.0,,,,,,,,28.571429,9.0,6,,
2025-12-01,2026-08-31,20260526_GrowMe_EN_9x16_FX-Creative_ZT-11things_RS-P3X1R1C3_fj,not_delivering,,,,260720_ABO_AEO-Purchase_ios_vid_Growme_USUK_五六月top_joy,416,5.8,3.605769,0.18181818,2.0,2.9,,,,,,29.326923,18.0,15,,
2025-12-01,2026-08-31,20260529_growme_EN_9x16_FX-Formats_ZT-read_RS-P1X1R3C1_gy,not_delivering,,,,260720_ABO_AEO-Purchase_ios_vid_Growme_USUK_五六月top_joy,1,0.02,0.0,,,,,,,,,,,1,,
2025-12-01,2026-08-31,20260525_growme_EN_9x16_FX-test_ZT-niupizhi_RS-P1X1R3C1_gy,not_delivering,4.0,actions:app_custom_event.fb_mobile_purchase,43.37,260720_ABO_AEO-Purchase_ios_vid_Growme_USUK_五六月top_joy,21946,173.48,1.216623,0.35185185,57.0,3.043509,9.0,19.275556,4.0,43.37,0.30505,16.221635,215.0,6,,
2025-12-01,2026-08-31,20260529_GrowMe_EN_9x16_FX-Creative_ZT-journey_RS-P3X1R1C3_gy,not_delivering,,,,260720_ABO_AEO-Purchase_ios_vid_Growme_USUK_五六月top_joy,2,0.02,0.0,,,,,,,,,100.0,,4,,
2025-12-01,2026-08-31,20260527_growme_EN_9x16_FX-Creatives_ZT-fluency_RS-P1X1R3C3_wxx,not_delivering,,,,260720_ABO_AEO-Purchase_ios_vid_Growme_WW_56extop_joy,215,0.59,0.465116,0.0,,,,,,,,24.651163,2.0,5,,
2025-12-01,2026-08-31,20260526_GrowMe_EN_9x16_FX-Creative_ZT-11things_RS-P3X1R1C3_fj,not_delivering,,,,260720_ABO_AEO-Purchase_ios_vid_Growme_WW_56extop_joy,572,1.26,1.923077,0.0,,,,,,,,30.769231,15.0,11,,
2025-12-01,2026-08-31,20260528_GrowMe_EN_9x16_FX-Formats_ZT-xinwen_RS-P3X1R1C3_gy,not_delivering,,,,260720_ABO_AEO-Purchase_ios_vid_Growme_WW_56extop_joy,221,0.36,1.809955,0.0,,,,,,,,18.099548,2.0,6,,
2025-12-01,2026-08-31,20260528_GrowMe_EN_9x16_FX-Formats_ZT-xinwen_RS-P3X1R1C3_gy,not_delivering,,,,260720_ABO_AEO-Purchase_ios_vid_Growme_T2_56extop_joy,201,0.59,1.99005,0.0,,,,,,,,22.885572,,5,,
2025-12-01,2026-08-31,20260527_growme_EN_9x16_FX-Creatives_ZT-fluency_RS-P1X1R3C3_wxx,not_delivering,,,,260720_ABO_AEO-Purchase_ios_vid_Growme_T2_56extop_joy,177,0.82,0.564972,,,,,,,,,22.033898,2.0,5,,
2025-12-01,2026-08-31,20260526_GrowMe_EN_9x16_FX-Creative_ZT-11things_RS-P3X1R1C3_fj,not_delivering,,,,260720_ABO_AEO-Purchase_ios_vid_Growme_T2_56extop_joy,149,1.3,2.013423,0.0,,,,,,,,26.845638,5.0,11,,
2025-12-01,2026-08-31,20260527_growme_EN_9x16_FX-Creatives_ZT-fluency_RS-P1X1R3C3_wxx,not_delivering,,,,260719_ABO_AEO-Purchase_ios_vid_Growme_T2_关top1_7day_joy,403,2.19,2.48139,0.0,,,,,,,,32.258065,10.0,8,,
2025-12-01,2026-08-31,20260526_GrowMe_EN_9x16_FX-Creative_ZT-11things_RS-P3X1R1C3_fj,not_delivering,,,,260719_ABO_AEO-Purchase_ios_vid_Growme_T2_关top1_7day_joy,365,1.58,1.643836,0.0,,,,,,,,23.835616,4.0,7,,
2025-12-01,2026-08-31,20260528_GrowMe_EN_9x16_FX-Formats_ZT-xinwen_RS-P3X1R1C3_gy,not_delivering,,,,260719_ABO_AEO-Purchase_ios_vid_Growme_T2_关top1_7day_joy,1226,4.96,1.305057,0.0,,,,,,,,19.168026,10.0,7,,
2025-12-01,2026-08-31,20260526_GrowMe_EN_9x16_FX-Creative_ZT-11things_RS-P3X1R1C3_fj,not_delivering,,,,260720_ABO_VO-Purchase_ios_vid_Growme_US_五六月top_joy,293,5.14,4.095563,0.14285714,1.0,5.14,,,,,,31.740614,10.0,12,,
2025-12-01,2026-08-31,20260527_growme_EN_9x16_FX-Creatives_ZT-fluency_RS-P1X1R3C3_wxx,not_delivering,,,,260720_ABO_VO-Purchase_ios_vid_Growme_US_五六月top_joy,167,2.56,0.598802,,,,,,,,,32.335329,1.0,4,,
2025-12-01,2026-08-31,20260529_growme_EN_9x16_FX-Formats_ZT-read_RS-P1X1R3C1_gy,not_delivering,,,,260720_ABO_VO-Purchase_ios_vid_Growme_US_五六月top_joy,6,0.05,33.333333,0.0,,,,,,,,16.666667,1.0,13,,
2025-12-01,2026-08-31,20260528_GrowMe_EN_9x16_FX-Formats_ZT-xinwen_RS-P3X1R1C3_gy,not_delivering,,,,260720_ABO_VO-Purchase_ios_vid_Growme_US_五六月top_joy,625,8.17,2.08,0.5,4.0,2.0425,1.0,8.17,,,,17.6,10.0,10,,
2025-12-01,2026-08-31,20260525_growme_EN_9x16_FX-test_ZT-niupizhi_RS-P1X1R3C1_gy,not_delivering,,,,260720_ABO_VO-Purchase_ios_vid_Growme_US_五六月top_joy,5720,59.12,1.118881,0.33333333,11.0,5.374545,1.0,59.12,,,,16.783217,85.0,6,,
2025-12-01,2026-08-31,20260525_growme_EN_9x16_FX-test_ZT-niupizhi_RS-P1X1R3C1_gy,inactive,,,,260722_ABO_AEO-Purchase_ios_vid_Growme_T2_top5_joy,28402,54.3,0.890782,0.19548872,26.0,2.088462,,,,,,15.439054,225.0,6,,
2025-12-01,2026-08-31,20260527_growme_EN_9x16_FX-Creatives_ZT-fluency_RS-P1X1R3C3_wxx,not_delivering,,,,260722_ABO_VO-Purchase_ios_vid_Growme_US_五六月top_1d_joy,340,4.71,0.882353,0.0,,,,,,,,27.058824,4.0,6,,
2025-12-01,2026-08-31,20260526_GrowMe_EN_9x16_FX-Creative_ZT-11things_RS-P3X1R1C3_fj,not_delivering,,,,260722_ABO_VO-Purchase_ios_vid_Growme_US_五六月top_1d_joy,506,7.81,3.557312,0.18181818,2.0,3.905,,,,,,30.237154,18.0,12,,
2025-12-01,2026-08-31,20260529_growme_EN_9x16_FX-Formats_ZT-read_RS-P1X1R3C1_gy,not_delivering,,,,260722_ABO_VO-Purchase_ios_vid_Growme_US_五六月top_1d_joy,25,0.24,0.0,,,,,,,,,16.0,1.0,10,,
2025-12-01,2026-08-31,20260528_GrowMe_EN_9x16_FX-Formats_ZT-xinwen_RS-P3X1R1C3_gy,not_delivering,,,,260722_ABO_VO-Purchase_ios_vid_Growme_US_五六月top_1d_joy,4687,78.13,2.538937,0.17948718,14.0,5.580714,2.0,39.065,,,,20.524856,58.0,8,,
2025-12-01,2026-08-31,20260525_growme_EN_9x16_FX-test_ZT-niupizhi_RS-P1X1R3C1_gy,not_delivering,38.0,actions:app_custom_event.fb_mobile_purchase,68.96815789,260722_ABO_VO-Purchase_ios_vid_Growme_US_五六月top_1d_joy,262187,2620.79,1.213638,0.43424199,908.0,2.886333,126.0,20.799921,38.0,68.968158,0.228759,16.468399,3613.0,6,,
2025-12-01,2026-08-31,20260528_GrowMe_EN_9x16_FX-Formats_ZT-xinwen_RS-P3X1R1C3_gy - Copy,not_delivering,,,,growmme_260723_US_AAA_purchase_7day_top_sie,222,2.24,3.603604,0.0,,,,,,,,23.423423,3.0,8,,
2025-12-01,2026-08-31,20260525_growme_EN_9x16_FX-test_ZT-niupizhi_RS-P1X1R3C1_gy - Copy,inactive,12.0,actions:app_custom_event.fb_mobile_purchase,65.71416667,growmme_260723_US_AAA_purchase_7day_top_sie,87902,788.57,1.141043,0.41909385,259.0,3.044672,29.0,27.192069,12.0,65.714167,0.185754,15.51273,930.0,5,,
2025-12-01,2026-08-31,20260526_GrowMe_EN_9x16_FX-Creative_ZT-11things_RS-P3X1R1C3_fj,not_delivering,,,,260720_ABO_VO-Purchase_ios_vid_Growme_USUK_五六月top_joy,7,0.1,0.0,,,,,,,,,14.285714,,2,,
2025-12-01,2026-08-31,20260525_growme_EN_9x16_FX-test_ZT-niupizhi_RS-P1X1R3C1_gy,not_delivering,,,,260720_ABO_VO-Purchase_ios_vid_Growme_USUK_五六月top_joy,1149,9.8,0.957354,0.28571429,2.0,4.9,,,,,,16.275022,10.0,5,,
2025-12-01,2026-08-31,20260527_growme_EN_9x16_FX-Creatives_ZT-fluency_RS-P1X1R3C3_wxx,not_delivering,,,,260720_ABO_VO-Purchase_ios_vid_Growme_USUK_五六月top_joy,5,0.14,0.0,,,,,,,,,40.0,,3,,
2025-12-01,2026-08-31,20260528_GrowMe_EN_9x16_FX-Formats_ZT-xinwen_RS-P3X1R1C3_gy,not_delivering,,,,260720_ABO_VO-Purchase_ios_vid_Growme_USUK_五六月top_joy,57,0.78,3.508772,0.0,,,,,,,,19.298246,,6,,
2025-12-01,2026-08-31,20260525_growme_EN_9x16_FX-test_ZT-niupizhi_RS-P1X1R3C1_gy,not_delivering,,,,260724_ABO_AEO-Purchase_ios_vid_Growme_T2_TOP3_joy,3716,6.28,0.618945,0.14285714,2.0,3.14,,,,,,13.482239,27.0,5,,
2025-12-01,2026-08-31,20260528_GrowMe_EN_9x16_FX-Formats_ZT-xinwen_RS-P3X1R1C3_gy - Copy,not_delivering,,,,growmme_260720_VO_AAA_VO_1day_top_sie,18,0.17,5.555556,,,,,,,,,16.666667,,5,,
2025-12-01,2026-08-31,20260525_growme_EN_9x16_FX-test_ZT-niupizhi_RS-P1X1R3C1_gy,not_delivering,,,,260727_AAA_AEO-Purchase_ios_vid_Growme_USUK_4567_1d_joy,5185,39.13,0.887175,0.36363636,12.0,3.260833,,,,,,12.979749,41.0,5,,
2025-12-01,2026-08-31,20260525_growme_EN_9x16_FX-test_ZT-niupizhi_RS-P1X1R3C1_gy,not_delivering,19.0,actions:app_custom_event.fb_mobile_purchase,48.69842105,260727_AAA_AEO-Purchase_ios_vid_Growme_USUK_4567_7d_joy,93555,925.27,1.052857,0.47606019,348.0,2.658822,41.0,22.567561,19.0,48.698421,0.364099,15.489284,1254.0,6,,
2025-12-01,2026-08-31,20260525_growme_EN_9x16_FX-test_ZT-niupizhi_RS-P1X1R3C1_gy,not_delivering,,,,260727_AAA_AEO-Purchase_ios_vid_Growme_USUK_4567_7d_roas0.2_joy,7417,67.37,1.105568,0.32142857,18.0,3.742778,1.0,67.37,,,,15.383578,82.0,5,,
2025-12-01,2026-08-31,20260525_growme_EN_9x16_FX-test_ZT-niupizhi_RS-P1X1R3C1_gy - Copy,not_delivering,1.0,actions:app_custom_event.fb_mobile_purchase,8.54,growmme_260729_EU_AAA_purchase_7day_top_sie,3034,8.54,1.087673,0.47619048,10.0,0.854,1.0,8.54,1.0,8.54,1.482436,15.68886,37.0,6,,
2025-12-01,2026-08-31,20260528_GrowMe_EN_9x16_FX-Formats_ZT-xinwen_RS-P3X1R1C3_gy - Copy,not_delivering,,,,growmme_260729_EU_AAA_purchase_7day_top_sie,789,3.87,3.929024,0.33333333,7.0,0.552857,1.0,3.87,,,,20.785805,14.0,9,,
2025-12-01,2026-08-31,20260525_growme_EN_9x16_FX-test_ZT-niupizhi_RS-P1X1R3C1_gy - Copy,inactive,,,,growmme_260729_SA_AAA_purchase_1day_top_sie,10088,19.48,0.872324,0.28301887,15.0,1.298667,1.0,19.48,,,,13.471451,126.0,5,,
2025-12-01,2026-08-31,20260528_GrowMe_EN_9x16_FX-Formats_ZT-xinwen_RS-P3X1R1C3_gy - Copy,not_delivering,,,,growmme_260729_NA_AAA_purchase_7day_top_sie,146,0.17,0.684932,0.0,,,,,,,,10.958904,,6,,
2025-12-01,2026-08-31,20260525_growme_EN_9x16_FX-test_ZT-niupizhi_RS-P1X1R3C1_gy - Copy,not_delivering,,,,growmme_260729_OC_AAA_purchase_7day_top_sie,5925,10.55,0.708861,0.14285714,5.0,2.11,,,,,,13.738397,51.0,5,,
2025-12-01,2026-08-31,20260528_GrowMe_EN_9x16_FX-Formats_ZT-xinwen_RS-P3X1R1C3_gy - Copy,not_delivering,,,,growmme_260729_OC_AAA_purchase_7day_top_sie,122,0.11,0.0,,,,,,,,,18.852459,,3,,
2025-12-01,2026-08-31,20260528_GrowMe_EN_9x16_FX-Formats_ZT-xinwen_RS-P3X1R1C3_gy - Copy,inactive,,,,growmme_260729_ME_AAA_purchase_top_sie,10237,9.73,1.396894,0.08943089,11.0,0.884545,,,,,,13.744261,36.0,6,,
2025-12-01,2026-08-31,20260528_GrowMe_EN_9x16_FX-Formats_ZT-xinwen_RS-P3X1R1C3_gy - Copy,not_delivering,,,,growmme_260729_SA_AAA_purchase_1day_top_sie,491,1.25,1.01833,0.0,,,,,,,,18.126273,3.0,6,,
2025-12-01,2026-08-31,20260525_growme_EN_9x16_FX-test_ZT-niupizhi_RS-P1X1R3C1_gy - Copy,not_delivering,,,,growmme_260729_NA_AAA_purchase_7day_top_sie,4865,10.48,1.089414,0.06976744,3.0,3.493333,,,,,,13.73073,43.0,5,,
2025-12-01,2026-08-31,20260525_growme_EN_9x16_FX-test_ZT-niupizhi_RS-P1X1R3C1_gy - Copy,inactive,,,,growmme_260729_ME_AAA_purchase_top_sie,10320,7.43,1.172481,0.35185185,19.0,0.391053,,,,,,16.075581,100.0,6,,
2025-12-01,2026-08-31,20260525_growme_EN_9x16_FX-test_ZT-read_RS-P1X1R3C1_gy,not_delivering,,,,260622_AAA_VO-Purchase_ios_vid_Growme_T2头部_0525week_joy,25,0.08,0.0,,,,,,,,,28.0,1.0,9,,
2025-12-01,2026-08-31,20260525_growme_EN_9x16_FX-test_ZT-zixin_RS-P1X1R3C1_gy,not_delivering,,,,260622_AAA_VO-Purchase_ios_vid_Growme_T2头部_0525week_joy,8,0.01,12.5,0.0,,,,,,,,50.0,,14,,
2025-12-01,2026-08-31,20260525_growme_EN_9x16_FX-test_ZT-niupizhi_RS-P1X1R3C1_gy,not_delivering,11.0,actions:app_custom_event.fb_mobile_purchase,24.51090909,260622_AAA_VO-Purchase_ios_vid_Growme_T2头部_0525week_joy,118594,269.62,1.302764,0.38852097,352.0,0.765966,27.0,9.985926,11.0,24.510909,1.059083,14.613724,1480.0,6,,
2025-12-01,2026-08-31,20260525_GrowMe_EN_9x16_FX-test_ZT-talkabout_RS-P3X1R1C3_fj,not_delivering,,,,260622_AAA_VO-Purchase_ios_vid_Growme_T2头部_0525week_joy,17,0.03,5.882353,0.0,,,,,,,,29.411765,,20,,
2025-12-01,2026-08-31,20260525_GrowMe_EN_9x16_FX-test_ZT-news_RS-P3X1R1C3_fj,not_delivering,,,,260622_AAA_VO-Purchase_ios_vid_Growme_T2头部_0525week_joy,18,0.02,0.0,,,,,,,,,22.222222,,5,,
2025-12-01,2026-08-31,20260525_GrowMe_EN_9x16_FX-test_ZT-hello-ai_RS-P3X1R1C3_fj,not_delivering,,,,260622_AAA_VO-Purchase_ios_vid_Growme_T2头部_0525week_joy,80,0.22,1.25,1.0,1.0,0.22,,,,,,26.25,,8,,
2025-12-01,2026-08-31,20260525_growme_EN_9x16_FX-test_ZT-education_RS-P1X1R3C1_gy,not_delivering,,,,260622_AAA_VO-Purchase_ios_vid_Growme_T2头部_0525week_joy,11,0.02,0.0,,,,,,,,,18.181818,,1,,
2025-12-01,2026-08-31,20260525_growme_EN_9x16_FX-test_ZT-love_RS-P1X1R3C1_gy,not_delivering,,,,260622_AAA_VO-Purchase_ios_vid_Growme_T2头部_0525week_joy,34,0.1,2.941176,0.0,,,,,,,,32.352941,,26,,
2025-12-01,2026-08-31,20260525_GrowMe_EN_9x16_FX-test_ZT-timedont_RS-P3X1R1C3_fj,not_delivering,,,,260622_AAA_VO-Purchase_ios_vid_Growme_T2头部_0525week_joy,1,0.0,0.0,,,,,,,,,,,1,,
2025-12-01,2026-08-31,20260525_GrowMe_EN_9x16_FX-test_ZT-learning_RS-P3X1R1C3_fj,not_delivering,,,,260622_AAA_VO-Purchase_ios_vid_Growme_T2头部_0525week_joy,15,0.02,13.333333,0.0,,,,,,,,40.0,1.0,23,,
2025-12-01,2026-08-31,20260525_growme_EN_9x16_FX-test_ZT-confidence_RS-P1X1R3C1_gy,not_delivering,,,,260622_AAA_VO-Purchase_ios_vid_Growme_T2头部_0525week_joy,10,0.07,0.0,,,,,,,,,30.0,,15,,
2025-12-01,2026-08-31,20260525_growme_EN_9x16_FX-test_ZT-opinion_RS-P1X1R3C1_gy,not_delivering,,,,260622_AAA_VO-Purchase_ios_vid_Growme_T2头部_0525week_joy,8,0.03,12.5,,,,,,,,,37.5,,14,,
2025-12-01,2026-08-31,20260525_growme_EN_9x16_FX-test_ZT-niupizhi_RS-P1X1R3C1_gy - Copy,inactive,,,,growmme_260729_BR_AAA_VO_1day_top_sie,10102,20.04,1.356167,0.27631579,21.0,0.954286,2.0,10.02,,,,14.838646,170.0,6,,
2025-12-01,2026-08-31,20260528_GrowMe_EN_9x16_FX-Formats_ZT-xinwen_RS-P3X1R1C3_gy - Copy,not_delivering,,,,growmme_260729_BR_AAA_VO_1day_top_sie,135,0.83,1.481481,0.0,,,,,,,,20.0,2.0,8,,
2025-12-01,2026-08-31,20260525_growme_EN_9x16_FX-test_ZT-niupizhi_RS-P1X1R3C1_gy - Copy,inactive,,,,growmme_260729_Levant_AAA_VO_7day_top_sie,10371,8.09,1.513837,0.28571429,16.0,0.505625,,,,,,13.643814,113.0,5,,
2025-12-01,2026-08-31,20260528_GrowMe_EN_9x16_FX-Formats_ZT-xinwen_RS-P3X1R1C3_gy - Copy,not_delivering,,,,growmme_260729_Levant_AAA_VO_7day_top_sie,2129,3.49,1.503053,0.31578947,6.0,0.581667,,,,,,17.097229,16.0,5,,
2025-12-01,2026-08-31,20260525_growme_EN_9x16_FX-test_ZT-niupizhi_RS-P1X1R3C1_gy - Copy,inactive,,,,growmme_260729_Caucasus_AAA_VO_7day_top_sie,10400,13.97,0.615385,0.42857143,15.0,0.931333,,,,,,10.288462,47.0,3,,
2025-12-01,2026-08-31,20260528_GrowMe_EN_9x16_FX-Formats_ZT-xinwen_RS-P3X1R1C3_gy - Copy,not_delivering,,,,growmme_260729_GCC+ Yemen_AAA_VO_7day_top_sie,861,3.69,1.858304,0.125,1.0,3.69,,,,,,21.022067,7.0,5,,
2025-12-01,2026-08-31,20260528_GrowMe_EN_9x16_FX-Formats_ZT-xinwen_RS-P3X1R1C3_gy - Copy,not_delivering,,,,growmme_260729_Caucasus_AAA_VO_7day_top_sie,8055,20.64,1.427685,0.203125,13.0,1.587692,,,,,,15.803849,48.0,5,,
2025-12-01,2026-08-31,20260525_growme_EN_9x16_FX-test_ZT-niupizhi_RS-P1X1R3C1_gy - Copy,not_delivering,,,,growmme_260729_GCC+ Yemen_AAA_VO_7day_top_sie,3396,6.7,1.325088,0.25925926,7.0,0.957143,,,,,,13.898704,31.0,5,,
2025-12-01,2026-08-31,20260525_growme_EN_9x16_FX-test_ZT-niupizhi_RS-P1X1R3C1_gy - Copy,inactive,,,,growmme_260729_TH_AAA_VO_1day_top_sie,10065,14.0,1.06309,0.15517241,9.0,1.555556,,,,,,18.777943,190.0,8,,
2025-12-01,2026-08-31,20260528_GrowMe_EN_9x16_FX-Formats_ZT-xinwen_RS-P3X1R1C3_gy - Copy,inactive,,,,growmme_260729_TH_AAA_VO_1day_top_sie,8674,19.96,1.752363,0.11627907,15.0,1.330667,,,,,,16.382292,65.0,6,,
2025-12-01,2026-08-31,20260525_GrowMe_EN_9x16_FX-test_ZT-confidence_RS-P3X1R1C3_fj,not_delivering,,,,260622_AAA_VO-Purchase_ios_vid_Growme_T2头部_0525week_joy,3,0.01,0.0,,,,,,,,,,,1,,
2025-12-01,2026-08-31,20260525_growme_EN_9x16_FX-test_ZT-niupizhi_RS-P1X1R3C1_gy,not_delivering,1.0,actions:app_custom_event.fb_mobile_purchase,61.88,260727_AAA_VO-Purchase_ios_vid_Growme_USUK_4567_7d_joy,6989,61.88,1.244813,0.390625,25.0,2.4752,2.0,30.94,1.0,61.88,0.318035,15.452854,77.0,5,,
2025-12-01,2026-08-31,20260525_growme_EN_9x16_FX-test_ZT-niupizhi_RS-P1X1R3C1_gy,not_delivering,2.0,actions:app_custom_event.fb_mobile_purchase,12.65,260727_AAA_VO-Purchase_ios_vid_Growme_USUK_4567_1d_joy,2256,25.3,1.329787,0.28571429,6.0,4.216667,2.0,12.65,2.0,12.65,1.166798,18.085106,30.0,6,,
2025-12-01,2026-08-31,20260529_GrowMe_EN_9x16_FX-Creative_ZT-journey_RS-P3X1R1C3_gy,not_delivering,,,,260722_ABO_VO-Purchase_ios_vid_Growme_US_五六月top_1d_joy,7,0.03,0.0,,,,,,,,,28.571429,,10,,
2025-12-01,2026-08-31,20260525_growme_EN_9x16_FX-test_ZT-confidence_RS-P1X1R3C1_gy,not_delivering,,,,260622_AAA_VO-Purchase_ios_vid_Growme_T2头部_0525week_joy,26,0.01,0.0,,,,,,,,,7.692308,,4,,
2025-12-01,2026-08-31,20260525_GrowMe_EN_9x16_FX-test_ZT-learning_RS-P3X1R1C3_fj,not_delivering,,,,260622_AAA_VO-Purchase_ios_vid_Growme_T2头部_0525week_joy,40,0.11,0.0,,,,,,,,,20.0,,11,,
2025-12-01,2026-08-31,20260525_growme_EN_9x16_FX-test_ZT-love_RS-P1X1R3C1_gy,not_delivering,,,,260622_AAA_VO-Purchase_ios_vid_Growme_T2头部_0525week_joy,252,0.99,4.761905,0.0,,,,,,,,31.746032,10.0,27,,
2025-12-01,2026-08-31,20260525_growme_EN_9x16_FX-test_ZT-education_RS-P1X1R3C1_gy,not_delivering,,,,260622_AAA_VO-Purchase_ios_vid_Growme_T2头部_0525week_joy,18,0.01,0.0,,,,,,,,,22.222222,,9,,
2025-12-01,2026-08-31,20260525_GrowMe_EN_9x16_FX-test_ZT-hello-ai_RS-P3X1R1C3_fj,not_delivering,,,,260622_AAA_VO-Purchase_ios_vid_Growme_T2头部_0525week_joy,125,0.39,1.6,0.0,,,,,,,,23.2,2.0,10,,
2025-12-01,2026-08-31,20260525_GrowMe_EN_9x16_FX-test_ZT-news_RS-P3X1R1C3_fj,not_delivering,,,,260622_AAA_VO-Purchase_ios_vid_Growme_T2头部_0525week_joy,14,0.02,0.0,,,,,,,,,14.285714,,6,,
2025-12-01,2026-08-31,20260525_GrowMe_EN_9x16_FX-test_ZT-talkabout_RS-P3X1R1C3_fj,not_delivering,,,,260622_AAA_VO-Purchase_ios_vid_Growme_T2头部_0525week_joy,74,0.23,2.702703,0.0,,,,,,,,27.027027,1.0,18,,
2025-12-01,2026-08-31,20260525_growme_EN_9x16_FX-test_ZT-niupizhi_RS-P1X1R3C1_gy,not_delivering,27.0,actions:app_custom_event.fb_mobile_purchase,29.60925926,260622_AAA_VO-Purchase_ios_vid_Growme_T2头部_0525week_joy,323812,799.45,1.171976,0.32190103,657.0,1.216819,36.0,22.206944,27.0,29.609259,0.592895,14.576977,3809.0,5,,
2025-12-01,2026-08-31,20260525_growme_EN_9x16_FX-test_ZT-read_RS-P1X1R3C1_gy,not_delivering,,,,260622_AAA_VO-Purchase_ios_vid_Growme_T2头部_0525week_joy,53,0.13,0.0,,,,,,,,,18.867925,,5,,
2025-12-01,2026-08-31,20260525_growme_EN_9x16_FX-test_ZT-zixin_RS-P1X1R3C1_gy,not_delivering,,,,260622_AAA_VO-Purchase_ios_vid_Growme_T2头部_0525week_joy,49,0.23,4.081633,0.0,,,,,,,,28.571429,2.0,9,,
2025-12-01,2026-08-31,20260525_GrowMe_EN_9x16_FX-test_ZT-confidence_RS-P3X1R1C3_fj,not_delivering,,,,260622_AAA_VO-Purchase_ios_vid_Growme_T2头部_0525week_joy,1,0.0,0.0,,,,,,,,,,,1,,
2025-12-01,2026-08-31,20260525_growme_EN_9x16_FX-test_ZT-opinion_RS-P1X1R3C1_gy,not_delivering,,,,260622_AAA_VO-Purchase_ios_vid_Growme_T2头部_0525week_joy,15,0.01,6.666667,0.0,,,,,,,,20.0,,12,,
2025-12-01,2026-08-31,20260525_GrowMe_EN_9x16_FX-test_ZT-timedont_RS-P3X1R1C3_fj,not_delivering,,,,260622_AAA_VO-Purchase_ios_vid_Growme_T2头部_0525week_joy,12,0.04,0.0,,,,,,,,,25.0,1.0,8,,
2025-12-01,2026-08-31,20260525_growme_EN_9x16_FX-test_ZT-niupizhi_RS-P1X1R3C1_gy,not_delivering,,,,260803_ABO_VO-Purchase_ios_vid_Growme_US_五六月top_7d_joy,2143,23.05,0.933271,0.26666667,4.0,5.7625,,,,,,16.705553,22.0,5,,
2025-12-01,2026-08-31,20260528_GrowMe_EN_9x16_FX-Formats_ZT-xinwen_RS-P3X1R1C3_gy,not_delivering,,,,260803_ABO_VO-Purchase_ios_vid_Growme_US_五六月top_7d_joy,120,2.44,3.333333,0.0,,,,,,,,20.833333,3.0,27,,
2025-12-01,2026-08-31,20260529_growme_EN_9x16_FX-Formats_ZT-read_RS-P1X1R3C1_gy,not_delivering,,,,260803_ABO_VO-Purchase_ios_vid_Growme_US_五六月top_7d_joy,1,0.0,0.0,,,,,,,,,,,1,,
2025-12-01,2026-08-31,20260526_GrowMe_EN_9x16_FX-Creative_ZT-11things_RS-P3X1R1C3_fj,not_delivering,,,,260803_ABO_VO-Purchase_ios_vid_Growme_US_五六月top_7d_joy,21,0.27,0.0,,,,,,,,,38.095238,1.0,12,,
2025-12-01,2026-08-31,20260527_growme_EN_9x16_FX-Creatives_ZT-fluency_RS-P1X1R3C3_wxx,not_delivering,,,,260803_ABO_VO-Purchase_ios_vid_Growme_US_五六月top_7d_joy,10,0.07,0.0,,,,,,,,,40.0,,3,,
2025-12-01,2026-08-31,20260525_growme_EN_9x16_FX-test_ZT-niupizhi_RS-P1X1R3C1_gy,inactive,,,,growmme_WW_260804_1_purchase_TOP_sie,11400,8.18,1.324561,0.46575342,34.0,0.240588,,,,,,18.868421,152.0,8,,
2025-12-01,2026-08-31,20260528_GrowMe_EN_9x16_FX-Formats_ZT-xinwen_RS-P3X1R1C3_gy,not_delivering,,,,growmme_WW_260804_1_purchase_TOP_sie,11489,23.57,1.688572,0.22222222,40.0,0.58925,2.0,11.785,,,,19.383758,156.0,9,,
2025-12-01,2026-08-31,20260525_GrowMe_EN_9x16_FX-test_ZT-confidence_RS-P3X1R1C3_fj,not_delivering,,,,260804_AAA_VO-Purchase_ios_vid_Growme_T2头部_0525week_joy,1,0.0,0.0,,,,,,,,,,,2,,
2025-12-01,2026-08-31,20260525_growme_EN_9x16_FX-test_ZT-read_RS-P1X1R3C1_gy,not_delivering,,,,260804_AAA_VO-Purchase_ios_vid_Growme_T2头部_0525week_joy,2,0.0,0.0,,,,,,,,,,,1,,
2025-12-01,2026-08-31,20260525_growme_EN_9x16_FX-test_ZT-zixin_RS-P1X1R3C1_gy,not_delivering,,,,260804_AAA_VO-Purchase_ios_vid_Growme_T2头部_0525week_joy,7,0.0,0.0,,,,,,,,,14.285714,,1,,
2025-12-01,2026-08-31,20260525_growme_EN_9x16_FX-test_ZT-niupizhi_RS-P1X1R3C1_gy,not_delivering,,,,260804_AAA_VO-Purchase_ios_vid_Growme_T2头部_0525week_joy,18425,50.97,0.830393,0.28431373,29.0,1.757586,,,,,,12.31479,183.0,4,,
2025-12-01,2026-08-31,20260525_GrowMe_EN_9x16_FX-test_ZT-hello-ai_RS-P3X1R1C3_fj,not_delivering,,,,260804_AAA_VO-Purchase_ios_vid_Growme_T2头部_0525week_joy,9,0.01,11.111111,0.0,,,,,,,,11.111111,,2,,
2025-12-01,2026-08-31,20260525_GrowMe_EN_9x16_FX-test_ZT-talkabout_RS-P3X1R1C3_fj,not_delivering,,,,260804_AAA_VO-Purchase_ios_vid_Growme_T2头部_0525week_joy,1,0.0,0.0,,,,,,,,,,,2,,
2025-12-01,2026-08-31,20260525_growme_EN_9x16_FX-test_ZT-love_RS-P1X1R3C1_gy,not_delivering,,,,260804_AAA_VO-Purchase_ios_vid_Growme_T2头部_0525week_joy,23,0.08,8.695652,0.0,,,,,,,,39.130435,1.0,33,,
2025-12-01,2026-08-31,20260525_GrowMe_EN_9x16_FX-test_ZT-learning_RS-P3X1R1C3_fj,not_delivering,,,,260804_AAA_VO-Purchase_ios_vid_Growme_T2头部_0525week_joy,10,0.0,0.0,,,,,,,,,30.0,,10,,
2025-12-01,2026-08-31,20260525_growme_EN_9x16_FX-test_ZT-opinion_RS-P1X1R3C1_gy,not_delivering,,,,260804_AAA_VO-Purchase_ios_vid_Growme_T2头部_0525week_joy,3,0.01,0.0,,,,,,,,,33.333333,,3,,
2025-12-01,2026-08-31,20260525_growme_EN_9x16_FX-test_ZT-confidence_RS-P1X1R3C1_gy,not_delivering,,,,260804_AAA_VO-Purchase_ios_vid_Growme_T2头部_0525week_joy,1,0.0,0.0,,,,,,,,,100.0,,32,,
2025-12-01,2026-08-31,20260525_growme_EN_9x16_FX-test_ZT-zixin_RS-P1X1R3C1_gy,not_delivering,,,,260805_AAA_AEO-Purchase_ios_vid_Growme_T2头部_0525_joy,4,0.2,0.0,,,,,,,,,25.0,,2,,
2025-12-01,2026-08-31,20260525_growme_EN_9x16_FX-test_ZT-read_RS-P1X1R3C1_gy,not_delivering,,,,260805_AAA_AEO-Purchase_ios_vid_Growme_T2头部_0525_joy,4,0.01,0.0,,,,,,,,,,,1,,
2025-12-01,2026-08-31,20260525_GrowMe_EN_9x16_FX-test_ZT-hello-ai_RS-P3X1R1C3_fj,not_delivering,,,,260805_AAA_AEO-Purchase_ios_vid_Growme_T2头部_0525_joy,30,0.08,3.333333,0.0,,,,,,,,30.0,,14,,
2025-12-01,2026-08-31,20260525_growme_EN_9x16_FX-test_ZT-niupizhi_RS-P1X1R3C1_gy,not_delivering,,,,260805_AAA_AEO-Purchase_ios_vid_Growme_T2头部_0525_joy,41919,131.94,1.283428,0.30503145,97.0,1.360206,8.0,16.4925,,,,15.429757,500.0,6,,
2025-12-01,2026-08-31,20260525_GrowMe_EN_9x16_FX-test_ZT-news_RS-P3X1R1C3_fj,not_delivering,,,,260805_AAA_AEO-Purchase_ios_vid_Growme_T2头部_0525_joy,40,0.23,5.0,,,,,,,,,37.5,,8,,
2025-12-01,2026-08-31,20260525_GrowMe_EN_9x16_FX-test_ZT-timedont_RS-P3X1R1C3_fj,not_delivering,,,,260805_AAA_AEO-Purchase_ios_vid_Growme_T2头部_0525_joy,5,0.0,0.0,,,,,,,,,,,1,,
2025-12-01,2026-08-31,20260525_growme_EN_9x16_FX-test_ZT-love_RS-P1X1R3C1_gy,not_delivering,,,,260805_AAA_AEO-Purchase_ios_vid_Growme_T2头部_0525_joy,625,2.55,1.44,0.4,2.0,1.275,,,,,,19.84,7.0,19,,
2025-12-01,2026-08-31,20260525_GrowMe_EN_9x16_FX-test_ZT-learning_RS-P3X1R1C3_fj,not_delivering,,,,260805_AAA_AEO-Purchase_ios_vid_Growme_T2头部_0525_joy,34,0.07,0.0,,,,,,,,,26.470588,,6,,
2025-12-01,2026-08-31,20260525_growme_EN_9x16_FX-test_ZT-confidence_RS-P1X1R3C1_gy,not_delivering,,,,260805_AAA_AEO-Purchase_ios_vid_Growme_T2头部_0525_joy,33,0.11,12.121212,0.0,,,,,,,,48.484848,,22,,
2025-12-01,2026-08-31,20260525_GrowMe_EN_9x16_FX-test_ZT-talkabout_RS-P3X1R1C3_fj,not_delivering,,,,260805_AAA_AEO-Purchase_ios_vid_Growme_T2头部_0525_joy,15,0.05,0.0,,,,,,,,,20.0,1.0,14,,
2025-12-01,2026-08-31,20260525_growme_EN_9x16_FX-test_ZT-education_RS-P1X1R3C1_gy,not_delivering,,,,260805_AAA_AEO-Purchase_ios_vid_Growme_T2头部_0525_joy,9,0.01,0.0,,,,,,,,,,,1,,
2025-12-01,2026-08-31,20260525_growme_EN_9x16_FX-test_ZT-opinion_RS-P1X1R3C1_gy,not_delivering,,,,260805_AAA_AEO-Purchase_ios_vid_Growme_T2头部_0525_joy,10,0.01,0.0,,,,,,,,,30.0,,6,,
2025-12-01,2026-08-31,20260528_GrowMe_EN_9x16_FX-Formats_ZT-xinwen_RS-P3X1R1C3_gy,not_delivering,,,,260805_ABO_AEO-Purchase_ios_vid_Growme_T2_消耗小于500roi大于0.7_joy,199,0.57,1.507538,0.0,,,,,,,,21.60804,3.0,10,,
2025-12-01,2026-08-31,20260525_growme_EN_9x16_FX-test_ZT-niupizhi_RS-P1X1R3C1_gy,not_delivering,,,,growmme_US/UK_260805_1_purchase_TOP_sie,2540,21.24,0.708661,0.6,6.0,3.54,1.0,21.24,,,,14.527559,27.0,5,,
2025-12-01,2026-08-31,20260528_GrowMe_EN_9x16_FX-Formats_ZT-xinwen_RS-P3X1R1C3_gy,not_delivering,,,,growmme_US/UK_260805_1_purchase_TOP_sie,235,2.96,2.553191,0.5,2.0,1.48,,,,,,16.170213,2.0,15,,
2025-12-01,2026-08-31,20260525_growme_EN_9x16_FX-test_ZT-education_RS-P1X1R3C1_gy,not_delivering,,,,260805_AAA_AEO-Purchase_ios_vid_Growme_T2头部_0525_joy,40,0.13,7.5,0.0,,,,,,,,32.5,,22,,
2025-12-01,2026-08-31,20260525_growme_EN_9x16_FX-test_ZT-niupizhi_RS-P1X1R3C1_gy,not_delivering,,,,260805_AAA_AEO-Purchase_ios_vid_Growme_T2头部_0525_joy,83383,241.17,1.328808,0.34294872,214.0,1.126963,13.0,18.551538,,,,15.545135,1050.0,6,,
2025-12-01,2026-08-31,20260525_growme_EN_9x16_FX-test_ZT-zixin_RS-P1X1R3C1_gy,not_delivering,,,,260805_AAA_AEO-Purchase_ios_vid_Growme_T2头部_0525_joy,8,0.03,0.0,,,,,,,,,,,1,,
2025-12-01,2026-08-31,20260525_growme_EN_9x16_FX-test_ZT-read_RS-P1X1R3C1_gy,not_delivering,,,,260805_AAA_AEO-Purchase_ios_vid_Growme_T2头部_0525_joy,16,0.03,0.0,,,,,,,,,37.5,,10,,
2025-12-01,2026-08-31,20260525_growme_EN_9x16_FX-test_ZT-zixin_RS-P1X1R3C1_gy,not_delivering,,,,260805_AAA_AEO-Purchase_ios_vid_Growme_WW_0525_joy,1,0.0,0.0,,,,,,,,,,,1,,
2025-12-01,2026-08-31,20260525_growme_EN_9x16_FX-test_ZT-read_RS-P1X1R3C1_gy,not_delivering,,,,260805_AAA_AEO-Purchase_ios_vid_Growme_WW_0525_joy,2,0.0,0.0,,,,,,,,,,,1,,
2025-12-01,2026-08-31,20260525_growme_EN_9x16_FX-test_ZT-niupizhi_RS-P1X1R3C1_gy,not_delivering,,,,260805_AAA_AEO-Purchase_ios_vid_Growme_WW_0525_joy,27921,38.56,0.970596,0.26506024,44.0,0.876364,,,,,,14.046775,307.0,5,,
2025-12-01,2026-08-31,20260525_growme_EN_9x16_FX-test_ZT-education_RS-P1X1R3C1_gy,not_delivering,,,,260805_AAA_AEO-Purchase_ios_vid_Growme_WW_0525_joy,4,0.0,0.0,,,,,,,,,25.0,,26,,
2025-12-01,2026-08-31,20260525_growme_EN_9x16_FX-test_ZT-niupizhi_RS-P1X1R3C1_gy,not_delivering,,,,260804_ABO_VO-Purchase_ios_vid_Growme_USUK_五六月top_1d_joy,1393,11.23,1.7229,0.17647059,3.0,3.743333,,,,,,18.018665,15.0,6,,
2025-12-01,2026-08-31,20260528_GrowMe_EN_9x16_FX-Formats_ZT-xinwen_RS-P3X1R1C3_gy,not_delivering,,,,growmme_EU/NA/OC_26080_61_purchase_TOP_sie,495,2.2,3.838384,0.23529412,4.0,0.55,,,,,,25.050505,8.0,10,,
2025-12-01,2026-08-31,20260525_growme_EN_9x16_FX-test_ZT-niupizhi_RS-P1X1R3C1_gy,not_delivering,,,,growmme_EU/NA/OC_26080_61_purchase_TOP_sie,5211,13.09,1.15141,0.09677419,3.0,4.363333,,,,,,14.872385,70.0,6,,
2025-12-01,2026-08-31,20260526_GrowMe_EN_9x16_FX-Creative_ZT-11things_RS-P3X1R1C3_fj,not_delivering,,,,260804_ABO_VO-Purchase_ios_vid_Growme_USUK_五六月top_1d_joy,26,0.2,3.846154,0.0,,,,,,,,34.615385,,11,,
2025-12-01,2026-08-31,20260528_GrowMe_EN_9x16_FX-Formats_ZT-xinwen_RS-P3X1R1C3_gy,not_delivering,,,,260804_ABO_VO-Purchase_ios_vid_Growme_USUK_五六月top_1d_joy,47,0.52,4.255319,0.0,,,,,,,,14.893617,,3,,
2025-12-01,2026-08-31,20260527_growme_EN_9x16_FX-Creatives_ZT-fluency_RS-P1X1R3C3_wxx,not_delivering,,,,260804_ABO_VO-Purchase_ios_vid_Growme_USUK_五六月top_1d_joy,54,0.55,1.851852,0.0,,,,,,,,25.925926,2.0,7,,
2025-12-01,2026-08-31,20260525_growme_EN_9x16_FX-test_ZT-read_RS-P1X1R3C1_gy,not_delivering,,,,260805_AAA_AEO-Purchase_ios_vid_Growme_WW_0525_joy,1,0.0,0.0,,,,,,,,,,,1,,
2025-12-01,2026-08-31,20260525_growme_EN_9x16_FX-test_ZT-education_RS-P1X1R3C1_gy,not_delivering,,,,260805_AAA_AEO-Purchase_ios_vid_Growme_WW_0525_joy,3,0.0,33.333333,0.0,,,,,,,,,,1,,
2025-12-01,2026-08-31,20260525_growme_EN_9x16_FX-test_ZT-niupizhi_RS-P1X1R3C1_gy,not_delivering,,,,260805_AAA_AEO-Purchase_ios_vid_Growme_WW_0525_joy,10150,13.6,1.004926,0.27419355,17.0,0.8,,,,,,15.399015,110.0,6,,
2025-12-01,2026-08-31,20260529_growme_EN_9x16_FX-Formats_ZT-read_RS-P1X1R3C1_gy,not_delivering,,,,260804_ABO_VO-Purchase_ios_vid_Growme_US_五六月top_1d_joy,7,0.02,14.285714,,,,,,,,,14.285714,,3,,
2025-12-01,2026-08-31,20260527_growme_EN_9x16_FX-Creatives_ZT-fluency_RS-P1X1R3C3_wxx,not_delivering,,,,260804_ABO_VO-Purchase_ios_vid_Growme_US_五六月top_1d_joy,1204,9.3,1.162791,0.0,,,,,,,,26.66113,22.0,6,,
2025-12-01,2026-08-31,20260528_GrowMe_EN_9x16_FX-Formats_ZT-xinwen_RS-P3X1R1C3_gy,not_delivering,,,,260804_ABO_VO-Purchase_ios_vid_Growme_US_五六月top_1d_joy,346,3.78,3.468208,0.125,1.0,3.78,,,,,,17.34104,7.0,9,,
2025-12-01,2026-08-31,20260525_growme_EN_9x16_FX-test_ZT-niupizhi_RS-P1X1R3C1_gy,not_delivering,,,,260804_ABO_VO-Purchase_ios_vid_Growme_US_五六月top_1d_joy,95492,591.85,0.983328,0.32553957,181.0,3.26989,27.0,21.92037,,,,16.134336,883.0,5,,
2025-12-01,2026-08-31,20260526_GrowMe_EN_9x16_FX-Creative_ZT-11things_RS-P3X1R1C3_fj,not_delivering,,,,260804_ABO_VO-Purchase_ios_vid_Growme_US_五六月top_1d_joy,226,2.04,0.884956,0.0,,,,,,,,25.221239,4.0,9,,
2025-12-01,2026-08-31,20260525_growme_EN_9x16_FX-test_ZT-niupizhi_RS-P1X1R3C1_gy,not_delivering,,,,260727_AAA_AEO-Purchase_ios_vid_Growme_USUK_4567_7d_joy,1362,11.37,0.587372,0.25,1.0,11.37,1.0,11.37,,,,14.537445,9.0,5,,
2025-12-01,2026-08-31,20260525_growme_EN_9x16_FX-test_ZT-niupizhi_RS-P1X1R3C1_gy,not_delivering,,,,260806_AAA_AEO-Purchase_ios_vid_Growme_USUK_extop_7d_joy,654,5.83,0.764526,0.0,,,,,,,,15.29052,6.0,5,,
2025-12-01,2026-08-31,20260526_GrowMe_EN_9x16_FX-Creative_ZT-11things_RS-P3X1R1C3_fj,not_delivering,,,,260804_ABO_VO-Purchase_ios_vid_Growme_US_五六月top_1d_joy,98,1.32,9.183673,0.16666667,1.0,1.32,,,,,,38.77551,6.0,19,,
2025-12-01,2026-08-31,20260529_GrowMe_EN_9x16_FX-Creative_ZT-journey_RS-P3X1R1C3_gy,not_delivering,,,,260804_ABO_VO-Purchase_ios_vid_Growme_US_五六月top_1d_joy,4,0.0,0.0,,,,,,,,,,,1,,
2025-12-01,2026-08-31,20260527_growme_EN_9x16_FX-Creatives_ZT-fluency_RS-P1X1R3C3_wxx,not_delivering,,,,260804_ABO_VO-Purchase_ios_vid_Growme_US_五六月top_1d_joy,84,0.97,1.190476,,,,,,,,,27.380952,2.0,4,,
2025-12-01,2026-08-31,20260525_growme_EN_9x16_FX-test_ZT-niupizhi_RS-P1X1R3C1_gy,not_delivering,,,,260804_ABO_VO-Purchase_ios_vid_Growme_US_五六月top_1d_joy,3672,33.72,0.78976,0.06666667,1.0,33.72,,,,,,18.055556,23.0,6,,
2025-12-01,2026-08-31,20260528_GrowMe_EN_9x16_FX-Formats_ZT-xinwen_RS-P3X1R1C3_gy,not_delivering,,,,260804_ABO_VO-Purchase_ios_vid_Growme_US_五六月top_1d_joy,71,1.15,2.816901,0.0,,,,,,,,21.126761,,4,,
2025-12-01,2026-08-31,20260526_GrowMe_EN_9x16_FX-Creative_ZT-2years_RS-P3X1R1C3_fj,not_delivering,,,,260804_ABO_VO-Purchase_ios_vid_Growme_US_五六月top_1d_joy,1,0.0,0.0,,,,,,,,,,,3,,
2025-12-01,2026-08-31,20260529_GrowMe_EN_9x16_FX-Creative_ZT-journey_RS-P3X1R1C3_gy,not_delivering,,,,260804_ABO_VO-Purchase_ios_vid_Growme_US_五六月top_1d_joy,16,0.1,0.0,,,,,,,,,37.5,1.0,23,,
2025-12-01,2026-08-31,20260529_growme_EN_9x16_FX-Formats_ZT-read_RS-P1X1R3C1_gy,not_delivering,,,,260804_ABO_VO-Purchase_ios_vid_Growme_US_五六月top_1d_joy,1,0.0,0.0,,,,,,,,,100.0,,39,,
2025-12-01,2026-08-31,20260526_GrowMe_EN_9x16_FX-Creative_ZT-11things_RS-P3X1R1C3_fj,not_delivering,,,,260804_ABO_VO-Purchase_ios_vid_Growme_US_五六月top_1d_joy,37,0.41,5.405405,0.0,,,,,,,,29.72973,,12,,
2025-12-01,2026-08-31,20260527_growme_EN_9x16_FX-Creatives_ZT-fluency_RS-P1X1R3C3_wxx,not_delivering,,,,260804_ABO_VO-Purchase_ios_vid_Growme_US_五六月top_1d_joy,8,0.09,12.5,,,,,,,,,50.0,,11,,
2025-12-01,2026-08-31,20260525_growme_EN_9x16_FX-test_ZT-niupizhi_RS-P1X1R3C1_gy,not_delivering,,,,260804_ABO_VO-Purchase_ios_vid_Growme_US_五六月top_1d_joy,449,4.17,0.668151,0.0,,,,,,,,20.489978,4.0,7,,
2025-12-01,2026-08-31,20260528_GrowMe_EN_9x16_FX-Formats_ZT-xinwen_RS-P3X1R1C3_gy,not_delivering,,,,260804_ABO_VO-Purchase_ios_vid_Growme_US_五六月top_1d_joy,7,0.15,0.0,,,,,,,,,14.285714,,2,,
2025-12-01,2026-08-31,20260525_growme_EN_9x16_FX-test_ZT-niupizhi_RS-P1X1R3C1_gy,not_delivering,,,,260727_AAA_AEO-Purchase_ios_vid_Growme_US_4567_1d_joy,3439,35.37,0.81419,0.46666667,7.0,5.052857,2.0,17.685,,,,16.603664,32.0,6,,
2025-12-01,2026-08-31,20260525_growme_EN_9x16_FX-test_ZT-niupizhi_RS-P1X1R3C1_gy,not_delivering,,,,260727_AAA_AEO-Purchase_ios_vid_Growme_USUK_4567_7d_joy,1019,12.16,0.883219,0.0,,,,,,,,14.524043,23.0,6,,
2025-12-01,2026-08-31,20260525_growme_EN_9x16_FX-test_ZT-niupizhi_RS-P1X1R3C1_gy,not_delivering,,,,260813_AAA_VO-Purchase_ios_vid_Growme_US_cps20_1d_joy,74897,469.71,0.95865,0.35167464,147.0,3.195306,19.0,24.721579,,,,14.984579,654.0,5,,
2025-12-01,2026-08-31,20260525_growme_EN_9x16_FX-test_ZT-niupizhi_RS-P1X1R3C1_gy,not_delivering,,,,260817_AAA_AEO-Purchase_ios_vid_Growme_US_4567_7d_joy,1652,16.11,1.089588,0.4375,7.0,2.301429,2.0,8.055,,,,13.317191,19.0,5,,
2025-12-01,2026-08-31,20260525_growme_EN_9x16_FX-test_ZT-niupizhi_RS-P1X1R3C1_gy,not_delivering,,,,260817_AAA_AEO-Purchase_ios_vid_Growme_US_4567_7d_joy,2197,28.66,5.37096,0.00884956,1.0,28.66,,,,,,22.075558,27.0,5,,
2025-12-01,2026-08-31,20260525_growme_EN_9x16_FX-test_ZT-niupizhi_RS-P1X1R3C1_gy,active,13.0,actions:app_custom_event.fb_mobile_purchase,101.81076923,260813_AAA_AEO-Purchase_ios_vid_Growme_US_cps20_7d_joy,225684,1323.54,1.0271,0.3192848,500.0,2.64708,46.0,28.772609,13.0,101.810769,0.107613,13.878698,2392.0,5,,
2025-12-01,2026-08-31,20260525_growme_EN_9x16_FX-test_ZT-niupizhi_RS-P1X1R3C1_gy,not_delivering,,,,260813_AAA_VO-Purchase_ios_vid_Growme_US_cps20_1d_joy,4853,34.04,0.927261,0.17857143,5.0,6.808,1.0,34.04,,,,15.784051,50.0,5,,
2025-12-01,2026-08-31,20260525_GrowMe_EN_9x16_FX-test_ZT-timedont_RS-P3X1R1C3_fj,not_delivering,,,,重启260716_AAA_AEO-Purchase_ios_vid_Growme_T2头部_0525week_阅读提升英语_joy,0,0.0,0.0,,,,,,,,,,,00:00:00,,
2025-12-01,2026-08-31,20260528_growme_EN_9x16_FX-Creatives_ZT-waste2_RS-P1X1R3C3_wxx,not_delivering,,,,260601_AAA_AEO-Purchase_ios_vid_Growme_WW_0528_joy,0,0.0,0.0,,,,,,,,,,,00:00:00,,
2025-12-01,2026-08-31,20260525_growme_EN_9x16_FX-test_ZT-niupizhi_RS-P1X1R3C1_gy - Copy,inactive,,,,growmme_260731_UK_AAA_purchase_top_sie,0,0.0,0.0,,,,,,,,,,,00:00:00,,
2025-12-01,2026-08-31,20260529_growme_EN_9x16_FX-Formats_ZT-read_RS-P1X1R3C1_gy,not_delivering,,,,260804_ABO_VO-Purchase_ios_vid_Growme_USUK_五六月top_1d_joy,0,0.0,0.0,,,,,,,,,,,00:00:00,,
2025-12-01,2026-08-31,20260525_growme_EN_9x16_FX-test_ZT-education_RS-P1X1R3C1_gy,not_delivering,,,,260526_AAA_AEO-Purchase_ios_vid_Growme_WW_0525week_阅读提升英语_joy,0,0.0,0.0,,,,,,,,,,,00:00:00,,
2025-12-01,2026-08-31,20260526_GrowMe_EN_9x16_FX-Creative_ZT-2years_RS-P3X1R1C3_fj,not_delivering,,,,260706_ABO_AEO-Purchase_ios_vid_Growme_US/UK_五六月top总_卡0.4_joy,0,0.0,0.0,,,,,,,,,,,00:00:00,,
2025-12-01,2026-08-31,20260525_growme_EN_9x16_FX-test_ZT-confidence_RS-P1X1R3C1_gy,not_delivering,,,,260714_AAA_AEO-Purchase_ios_vid_Growme_USUK_0525week_阅读提升英语_joy,0,0.0,0.0,,,,,,,,,,,00:00:00,,
2025-12-01,2026-08-31,20260526_GrowMe_EN_9x16_FX-Creative_ZT-2years_RS-P3X1R1C3_fj,not_delivering,,,,260706_ABO_AEO-Purchase_ios_vid_Growme_US/UK_五六月top总_卡0.4_joy,0,0.0,0.0,,,,,,,,,,,00:00:00,,
2025-12-01,2026-08-31,20260528_GrowMe_EN_9x16_FX-Creative_ZT-speakceo_RS-P3X1R1C3_fj,not_delivering,,,,260601_AAA_AEO-Purchase_ios_vid_Growme_WW_0528_joy,0,0.0,0.0,,,,,,,,,,,00:00:00,,
2025-12-01,2026-08-31,20260525_GrowMe_EN_9x16_FX-test_ZT-learning_RS-P3X1R1C3_fj,not_delivering,,,,260714_AAA_AEO-Purchase_ios_vid_Growme_USUK_0525week_阅读提升英语_joy,0,0.0,0.0,,,,,,,,,,,00:00:00,,
2025-12-01,2026-08-31,20260528_GrowMe_EN_9x16_FX-Formats_ZT-xinwen_RS-P3X1R1C3_gy - Copy,inactive,,,,growmme_260702_EU/NA/OC_AAA_purchase_top_sie,0,0.0,0.0,,,,,,,,,,,00:00:00,,
2025-12-01,2026-08-31,20260525_GrowMe_EN_9x16_FX-test_ZT-confidence_RS-P3X1R1C3_fj,not_delivering,,,,260805_AAA_AEO-Purchase_ios_vid_Growme_T2头部_0525_joy,0,0.0,0.0,,,,,,,,,,,00:00:00,,
2025-12-01,2026-08-31,20260526_GrowMe_EN_9x16_FX-Creative_ZT-2years_RS-P3X1R1C3_fj,not_delivering,,,,260804_ABO_VO-Purchase_ios_vid_Growme_US_五六月top_1d_joy,0,0.0,0.0,,,,,,,,,,,00:00:00,,
2025-12-01,2026-08-31,20260528_GrowMe_EN_9x16_FX-convercation_ZT-think_RS-P3X1R1C3_gy,not_delivering,,,,260601_AAA_AEO-Purchase_ios_vid_Growme_WW_0528_joy,0,0.0,0.0,,,,,,,,,,,00:00:00,,
2025-12-01,2026-08-31,20260526_GrowMe_EN_9x16_FX-Creative_ZT-2years_RS-P3X1R1C3_fj,not_delivering,,,,260706_ABO_AEO-Purchase_ios_vid_Growme_中日马泰_五六月top总_joy,0,0.0,0.0,,,,,,,,,,,00:00:00,,
2025-12-01,2026-08-31,20260525_growme_EN_9x16_FX-test_ZT-niupizhi_RS-P1X1R3C1_gy,inactive,,,,260719_ABO_AEO-Purchase_ios_vid_Growme_T2_关top1_7day_joy,0,0.0,0.0,,,,,,,,,,,00:00:00,,
2025-12-01,2026-08-31,20260528_GrowMe_EN_9x16_FX-Formats_ZT-xinwen_RS-P3X1R1C3_gy - Copy,inactive,,,,growmme_260706_EU_AAA_purchase_top_sie,0,0.0,0.0,,,,,,,,,,,00:00:00,,
2025-12-01,2026-08-31,20260525_GrowMe_EN_9x16_FX-test_ZT-talkabout_RS-P3X1R1C3_fj,not_delivering,,,,260714_AAA_AEO-Purchase_ios_vid_Growme_USUK_0525week_阅读提升英语_joy,0,0.0,0.0,,,,,,,,,,,00:00:00,,
2025-12-01,2026-08-31,20260525_growme_EN_9x16_FX-test_ZT-education_RS-P1X1R3C1_gy,not_delivering,,,,260804_AAA_VO-Purchase_ios_vid_Growme_T2头部_0525week_joy,0,0.0,0.0,,,,,,,,,,,00:00:00,,
2025-12-01,2026-08-31,20260526_GrowMe_EN_9x16_FX-Creative_ZT-2years_RS-P3X1R1C3_fj,not_delivering,,,,260804_ABO_VO-Purchase_ios_vid_Growme_USUK_五六月top_1d_joy,0,0.0,0.0,,,,,,,,,,,00:00:00,,
2025-12-01,2026-08-31,20260528_GrowMe_EN_9x16_FX-Creative_ZT-speakceo_RS-P3X1R1C3_fj,not_delivering,,,,260601_AAA_AEO-Purchase_ios_vid_Growme_WW_0528_joy,0,0.0,0.0,,,,,,,,,,,00:00:00,,
2025-12-01,2026-08-31,20260525_GrowMe_EN_9x16_FX-test_ZT-news_RS-P3X1R1C3_fj,not_delivering,,,,260714_AAA_AEO-Purchase_ios_vid_Growme_USUK_0525week_阅读提升英语_joy,0,0.0,0.0,,,,,,,,,,,00:00:00,,
2025-12-01,2026-08-31,20260526_GrowMe_EN_9x16_FX-Creative_ZT-2years_RS-P3X1R1C3_fj,not_delivering,,,,260716_ABO_AEO-Purchase_ios_vid_Growme_EU_五六月top总_joy,0,0.0,0.0,,,,,,,,,,,00:00:00,,
2025-12-01,2026-08-31,20260525_GrowMe_EN_9x16_FX-test_ZT-learning_RS-P3X1R1C3_fj,not_delivering,,,,重启260716_AAA_AEO-Purchase_ios_vid_Growme_T2头部_0525week_阅读提升英语_joy,0,0.0,0.0,,,,,,,,,,,00:00:00,,
2025-12-01,2026-08-31,20260526_GrowMe_EN_9x16_FX-Creative_ZT-2years_RS-P3X1R1C3_fj,not_delivering,,,,260803_ABO_VO-Purchase_ios_vid_Growme_US_五六月top_7d_joy,0,0.0,0.0,,,,,,,,,,,00:00:00,,
2025-12-01,2026-08-31,20260525_growme_EN_9x16_FX-test_ZT-zixin_RS-P1X1R3C1_gy,not_delivering,,,,260805_AAA_AEO-Purchase_ios_vid_Growme_WW_0525_joy,0,0.0,0.0,,,,,,,,,,,00:00:00,,
2025-12-01,2026-08-31,20260526_GrowMe_EN_9x16_FX-Creative_ZT-2years_RS-P3X1R1C3_fj,not_delivering,,,,260720_ABO_AEO-Purchase_ios_vid_Growme_USUK_五六月top_joy,0,0.0,0.0,,,,,,,,,,,00:00:00,,
2025-12-01,2026-08-31,20260529_GrowMe_EN_9x16_FX-Creative_ZT-journey_RS-P3X1R1C3_gy,not_delivering,,,,260803_ABO_VO-Purchase_ios_vid_Growme_US_五六月top_7d_joy,0,0.0,0.0,,,,,,,,,,,00:00:00,,
2025-12-01,2026-08-31,20260525_growme_EN_9x16_FX-test_ZT-niupizhi_RS-P1X1R3C1_gy,inactive,,,,260806_AAA_AEO-Purchase_ios_vid_Growme_USUK_extop_7d_joy,0,0.0,0.0,,,,,,,,,,,00:00:00,,
2025-12-01,2026-08-31,20260529_growme_EN_9x16_FX-Formats_ZT-read_RS-P1X1R3C1_gy,not_delivering,,,,260804_ABO_VO-Purchase_ios_vid_Growme_US_五六月top_1d_joy,0,0.0,0.0,,,,,,,,,,,00:00:00,,
2025-12-01,2026-08-31,20260526_GrowMe_EN_9x16_FX-Creative_ZT-2years_RS-P3X1R1C3_fj,not_delivering,,,,260722_ABO_VO-Purchase_ios_vid_Growme_US_五六月top_1d_joy,0,0.0,0.0,,,,,,,,,,,00:00:00,,
2025-12-01,2026-08-31,20260528_GrowMe_EN_9x16_FX-Formats_ZT-xinwen_RS-P3X1R1C3_gy - Copy,inactive,,,,growmme_260731_FR/DE_AAA_purchase_top_sie,0,0.0,0.0,,,,,,,,,,,00:00:00,,
2025-12-01,2026-08-31,20260528_GrowMe_EN_9x16_FX-convercation_ZT-speak_RS-P3X1R1C3_gy,not_delivering,,,,260601_AAA_AEO-Purchase_ios_vid_Growme_WW_0528_joy,0,0.0,0.0,,,,,,,,,,,00:00:00,,
2025-12-01,2026-08-31,20260529_growme_EN_9x16_FX-Formats_ZT-read_RS-P1X1R3C1_gy,not_delivering,,,,260720_ABO_VO-Purchase_ios_vid_Growme_USUK_五六月top_joy,0,0.0,0.0,,,,,,,,,,,00:00:00,,
2025-12-01,2026-08-31,20260525_growme_EN_9x16_FX-test_ZT-niupizhi_RS-P1X1R3C1_gy - Copy,inactive,,,,growmme_260702_EU/NA/OC_AAA_purchase_top_sie,0,0.0,0.0,,,,,,,,,,,00:00:00,,
2025-12-01,2026-08-31,20260525_growme_EN_9x16_FX-test_ZT-opinion_RS-P1X1R3C1_gy,not_delivering,,,,260526_AAA_AEO-Purchase_ios_vid_Growme_WW_0525week_阅读提升英语_joy,0,0.0,0.0,,,,,,,,,,,00:00:00,,
2025-12-01,2026-08-31,20260525_growme_EN_9x16_FX-test_ZT-read_RS-P1X1R3C1_gy,not_delivering,,,,260714_AAA_AEO-Purchase_ios_vid_Growme_USUK_0525week_阅读提升英语_joy,0,0.0,0.0,,,,,,,,,,,00:00:00,,
2025-12-01,2026-08-31,20260528_GrowMe_EN_9x16_FX-Creative_ZT-author_RS-P3X1R1C3_fj,not_delivering,,,,260601_AAA_AEO-Purchase_ios_vid_Growme_WW_0528_joy,0,0.0,0.0,,,,,,,,,,,00:00:00,,
2025-12-01,2026-08-31,20260528_GrowMe_EN_9x16_FX-convercation_ZT-think_RS-P3X1R1C3_gy,not_delivering,,,,260601_AAA_AEO-Purchase_ios_vid_Growme_WW_0528_joy,0,0.0,0.0,,,,,,,,,,,00:00:00,,
2025-12-01,2026-08-31,20260525_GrowMe_EN_9x16_FX-test_ZT-hello-ai_RS-P3X1R1C3_fj,not_delivering,,,,260714_AAA_AEO-Purchase_ios_vid_Growme_USUK_0525week_阅读提升英语_joy,0,0.0,0.0,,,,,,,,,,,00:00:00,,
2025-12-01,2026-08-31,20260525_growme_EN_9x16_FX-test_ZT-zixin_RS-P1X1R3C1_gy,not_delivering,,,,重启260716_AAA_AEO-Purchase_ios_vid_Growme_T2头部_0525week_阅读提升英语_joy,0,0.0,0.0,,,,,,,,,,,00:00:00,,
2025-12-01,2026-08-31,20260525_growme_EN_9x16_FX-test_ZT-niupizhi_RS-P1X1R3C1_gy - Copy,inactive,,,,growmme_260731_FR/DE_AAA_purchase_top_sie,0,0.0,0.0,,,,,,,,,,,00:00:00,,
2025-12-01,2026-08-31,20260525_GrowMe_EN_9x16_FX-test_ZT-confidence_RS-P3X1R1C3_fj,not_delivering,,,,260526_AAA_AEO-Purchase_ios_vid_Growme_WW_0525_joy,0,0.0,0.0,,,,,,,,,,,00:00:00,,
2025-12-01,2026-08-31,20260528_GrowMe_EN_9x16_FX-convercation_ZT-study_RS-P3X1R1C3_gy,not_delivering,,,,260601_AAA_AEO-Purchase_ios_vid_Growme_WW_0528_joy,0,0.0,0.0,,,,,,,,,,,00:00:00,,
2025-12-01,2026-08-31,20260525_growme_EN_9x16_FX-test_ZT-read_RS-P1X1R3C1_gy,not_delivering,,,,260609_AAA_AEO-Purchase_ios_vid_Growme_T2_0525week_阅读提升英语_joy,0,0.0,0.0,,,,,,,,,,,00:00:00,,
2025-12-01,2026-08-31,20260525_growme_EN_9x16_FX-test_ZT-education_RS-P1X1R3C1_gy,not_delivering,,,,260714_AAA_AEO-Purchase_ios_vid_Growme_USUK_0525week_阅读提升英语_joy,0,0.0,0.0,,,,,,,,,,,00:00:00,,
2025-12-01,2026-08-31,20260525_GrowMe_EN_9x16_FX-test_ZT-confidence_RS-P3X1R1C3_fj,not_delivering,,,,260714_AAA_AEO-Purchase_ios_vid_Growme_USUK_0525week_阅读提升英语_joy,0,0.0,0.0,,,,,,,,,,,00:00:00,,
2025-12-01,2026-08-31,20260525_GrowMe_EN_9x16_FX-test_ZT-news_RS-P3X1R1C3_fj,not_delivering,,,,260609_AAA_AEO-Purchase_ios_vid_Growme_T2_0525week_阅读提升英语_joy,0,0.0,0.0,,,,,,,,,,,00:00:00,,
2025-12-01,2026-08-31,20260526_GrowMe_EN_9x16_FX-Creative_ZT-2years_RS-P3X1R1C3_fj,not_delivering,,,,260720_ABO_VO-Purchase_ios_vid_Growme_USUK_五六月top_joy,0,0.0,0.0,,,,,,,,,,,00:00:00,,
2025-12-01,2026-08-31,20260529_GrowMe_EN_9x16_FX-Creative_ZT-journey_RS-P3X1R1C3_gy,not_delivering,,,,260804_ABO_VO-Purchase_ios_vid_Growme_US_五六月top_1d_joy,0,0.0,0.0,,,,,,,,,,,00:00:00,,
2025-12-01,2026-08-31,20260525_growme_EN_9x16_FX-test_ZT-niupizhi_RS-P1X1R3C1_gy,not_delivering,,,,260806_AAA_AEO-Purchase_ios_vid_Growme_USUK_extop_7d_joy,0,0.0,0.0,,,,,,,,,,,00:00:00,,
2025-12-01,2026-08-31,20260529_GrowMe_EN_9x16_FX-Creative_ZT-compare_RS-P3X1R1C3_gy,not_delivering,,,,260601_AAA_AEO-Purchase_ios_vid_Growme_WW_0529_joy,0,0.0,0.0,,,,,,,,,,,00:00:00,,
2025-12-01,2026-08-31,20260525_growme_EN_9x16_FX-test_ZT-education_RS-P1X1R3C1_gy,not_delivering,,,,260609_AAA_AEO-Purchase_ios_vid_Growme_T2_0525week_阅读提升英语_joy,0,0.0,0.0,,,,,,,,,,,00:00:00,,
2025-12-01,2026-08-31,20260526_GrowMe_EN_9x16_FX-Creative_ZT-2years_RS-P3X1R1C3_fj,not_delivering,,,,260720_ABO_VO-Purchase_ios_vid_Growme_US_五六月top_joy,0,0.0,0.0,,,,,,,,,,,00:00:00,,
2025-12-01,2026-08-31,20260529_GrowMe_EN_9x16_FX-Creative_ZT-journey_RS-P3X1R1C3_gy,not_delivering,,,,260804_ABO_VO-Purchase_ios_vid_Growme_USUK_五六月top_1d_joy,0,0.0,0.0,,,,,,,,,,,00:00:00,,
2025-12-01,2026-08-31,20260525_GrowMe_EN_9x16_FX-test_ZT-confidence_RS-P3X1R1C3_fj,not_delivering,,,,260526_AAA_AEO-Purchase_ios_vid_Growme_WW_0525week_阅读提升英语_joy,0,0.0,0.0,,,,,,,,,,,00:00:00,,
2025-12-01,2026-08-31,20260528_growme_EN_9x16_FX-Creatives_ZT-waste_RS-P1X1R3C3_wxx,not_delivering,,,,260601_AAA_AEO-Purchase_ios_vid_Growme_WW_0528_joy,0,0.0,0.0,,,,,,,,,,,00:00:00,,
2025-12-01,2026-08-31,20260528_GrowMe_EN_9x16_FX-Formats_ZT-news reporter_RS-P3X1R1C3_fj,not_delivering,,,,260601_AAA_AEO-Purchase_ios_vid_Growme_WW_0528_joy,0,0.0,0.0,,,,,,,,,,,00:00:00,,
2025-12-01,2026-08-31,20260525_growme_EN_9x16_FX-test_ZT-opinion_RS-P1X1R3C1_gy,not_delivering,,,,260714_AAA_AEO-Purchase_ios_vid_Growme_USUK_0525week_阅读提升英语_joy,0,0.0,0.0,,,,,,,,,,,00:00:00,,
2025-12-01,2026-08-31,20260529_GrowMe_EN_9x16_FX-Creative_ZT-journey_RS-P3X1R1C3_gy,not_delivering,,,,260720_ABO_VO-Purchase_ios_vid_Growme_USUK_五六月top_joy,0,0.0,0.0,,,,,,,,,,,00:00:00,,
2025-12-01,2026-08-31,20260527_growme_EN_9x16_FX-Creatives_ZT-fluency_RS-P1X1R3C3_wxx,inactive,,,,260625_AAA_AEO-Purchase_ios_vid_Growme_WW_0601back_joy,0,0.0,0.0,,,,,,,,,,,00:00:00,,
2025-12-01,2026-08-31,20260525_growme_EN_9x16_FX-test_ZT-confidence_RS-P1X1R3C1_gy,not_delivering,,,,260609_AAA_AEO-Purchase_ios_vid_Growme_T2_0525week_阅读提升英语_joy,0,0.0,0.0,,,,,,,,,,,00:00:00,,
2025-12-01,2026-08-31,20260525_GrowMe_EN_9x16_FX-test_ZT-news_RS-P3X1R1C3_fj,not_delivering,,,,重启260716_AAA_AEO-Purchase_ios_vid_Growme_T2头部_0525week_阅读提升英语_joy,0,0.0,0.0,,,,,,,,,,,00:00:00,,
2025-12-01,2026-08-31,20260525_GrowMe_EN_9x16_FX-test_ZT-confidence_RS-P3X1R1C3_fj,not_delivering,,,,重启260716_AAA_AEO-Purchase_ios_vid_Growme_T2头部_0525week_阅读提升英语_joy,0,0.0,0.0,,,,,,,,,,,00:00:00,,
2025-12-01,2026-08-31,20260525_growme_EN_9x16_FX-test_ZT-love_RS-P1X1R3C1_gy,not_delivering,,,,260707_ABO_AEO-Purchase_ios_vid_Growme_US/UK_0525top总_7day_joy,0,0.0,0.0,,,,,,,,,,,00:00:00,,
2025-12-01,2026-08-31,20260525_growme_EN_9x16_FX-test_ZT-zixin_RS-P1X1R3C1_gy,not_delivering,,,,260609_AAA_AEO-Purchase_ios_vid_Growme_T2_0525week_阅读提升英语_joy,0,0.0,0.0,,,,,,,,,,,00:00:00,,
2025-12-01,2026-08-31,20260525_growme_EN_9x16_FX-test_ZT-education_RS-P1X1R3C1_gy,not_delivering,,,,重启260716_AAA_AEO-Purchase_ios_vid_Growme_T2头部_0525week_阅读提升英语_joy,0,0.0,0.0,,,,,,,,,,,00:00:00,,
2025-12-01,2026-08-31,20260529_GrowMe_EN_9x16_FX-Creative_ZT-journey_RS-P3X1R1C3_gy,not_delivering,,,,260720_ABO_VO-Purchase_ios_vid_Growme_US_五六月top_joy,0,0.0,0.0,,,,,,,,,,,00:00:00,,
2025-12-01,2026-08-31,20260526_GrowMe_EN_9x16_FX-Creative_ZT-2years_RS-P3X1R1C3_fj,not_delivering,,,,260804_ABO_VO-Purchase_ios_vid_Growme_US_五六月top_1d_joy,0,0.0,0.0,,,,,,,,,,,00:00:00,,
2025-12-01,2026-08-31,20260527_GrowMe_EN_9x16_FX-Creative_ZT-sucess_RS-P3X1R1C3_gy,not_delivering,,,,260528_AAA_AEO-Purchase_ios_vid_Growme_WW_0527_joy,0,0.0,0.0,,,,,,,,,,,00:00:00,,
2025-12-01,2026-08-31,20260528_GrowMe_EN_9x16_FX-convercation_ZT-warn_RS-P3X1R1C3_gy,not_delivering,,,,260601_AAA_AEO-Purchase_ios_vid_Growme_WW_0528_joy,0,0.0,0.0,,,,,,,,,,,00:00:00,,
2025-12-01,2026-08-31,20260525_GrowMe_EN_9x16_FX-test_ZT-timedont_RS-P3X1R1C3_fj,not_delivering,,,,260609_AAA_AEO-Purchase_ios_vid_Growme_T2_0525week_阅读提升英语_joy,0,0.0,0.0,,,,,,,,,,,00:00:00,,
2025-12-01,2026-08-31,20260525_growme_EN_9x16_FX-test_ZT-niupizhi_RS-P1X1R3C1_gy,not_delivering,,,,260724_ABO_AEO-Purchase_ios_vid_Growme_WW_T2_joy,0,0.0,0.0,,,,,,,,,,,00:00:00,,
2025-12-01,2026-08-31,20260526_GrowMe_EN_9x16_FX-Creative_ZT-theolder_RS-P3X1R1C3_fj,not_delivering,,,,260527_AAA_AEO-Purchase_ios_vid_Growme_WW_0526_joy,0,0.0,0.0,,,,,,,,,,,00:00:00,,
2025-12-01,2026-08-31,20260527_GrowMe_EN_9x16_FX-Creative_ZT-self_RS-P3X1R1C3_gy,not_delivering,,,,260528_AAA_AEO-Purchase_ios_vid_Growme_WW_0527_joy,0,0.0,0.0,,,,,,,,,,,00:00:00,,
2025-12-01,2026-08-31,20260525_growme_EN_9x16_FX-test_ZT-love_RS-P1X1R3C1_gy,not_delivering,,,,260714_AAA_AEO-Purchase_ios_vid_Growme_USUK_0525week_阅读提升英语_joy,0,0.0,0.0,,,,,,,,,,,00:00:00,,
2025-12-01,2026-08-31,20260525_GrowMe_EN_9x16_FX-test_ZT-news_RS-P3X1R1C3_fj,not_delivering,,,,260804_AAA_VO-Purchase_ios_vid_Growme_T2头部_0525week_joy,0,0.0,0.0,,,,,,,,,,,00:00:00,,
2025-12-01,2026-08-31,20260525_growme_EN_9x16_FX-test_ZT-zixin_RS-P1X1R3C1_gy,not_delivering,,,,260714_AAA_AEO-Purchase_ios_vid_Growme_USUK_0525week_阅读提升英语_joy,0,0.0,0.0,,,,,,,,,,,00:00:00,,
2025-12-01,2026-08-31,20260528_GrowMe_EN_9x16_FX-Formats_ZT-xinwen_RS-P3X1R1C3_gy - Copy,inactive,,,,growmme_260731_UK_AAA_purchase_top_sie,0,0.0,0.0,,,,,,,,,,,00:00:00,,
2025-12-01,2026-08-31,20260525_GrowMe_EN_9x16_FX-test_ZT-timedont_RS-P3X1R1C3_fj,not_delivering,,,,260804_AAA_VO-Purchase_ios_vid_Growme_T2头部_0525week_joy,0,0.0,0.0,,,,,,,,,,,00:00:00,,
2025-12-01,2026-08-31,20260528_GrowMe_EN_9x16_FX-convercation_ZT-speak_RS-P3X1R1C3_gy,not_delivering,,,,260601_AAA_AEO-Purchase_ios_vid_Growme_WW_0528_joy,0,0.0,0.0,,,,,,,,,,,00:00:00,,
2025-12-01,2026-08-31,20260525_GrowMe_EN_9x16_FX-test_ZT-timedont_RS-P3X1R1C3_fj,not_delivering,,,,260526_AAA_AEO-Purchase_ios_vid_Growme_WW_0525week_阅读提升英语_joy,0,0.0,0.0,,,,,,,,,,,00:00:00,,
2025-12-01,2026-08-31,20260525_GrowMe_EN_9x16_FX-test_ZT-timedont_RS-P3X1R1C3_fj,not_delivering,,,,260714_AAA_AEO-Purchase_ios_vid_Growme_USUK_0525week_阅读提升英语_joy,0,0.0,0.0,,,,,,,,,,,00:00:00,,
2025-12-01,2026-08-31,20260525_growme_EN_9x16_FX-test_ZT-niupizhi_RS-P1X1R3C1_gy - Copy,inactive,,,,growmme_260706_EU_AAA_purchase_top_sie,0,0.0,0.0,,,,,,,,,,,00:00:00,,
