report_start,report_end,ad_name,广告投放,成效,成效指标,单次成效费用,account,impressions,spend,ctr,custom_derived_metrics:334261784830934,installs,单次应用安装费用 (USD),subscriptions,单次订阅费用 (USD),purchases,单次购物费用 (USD),roas,基于展示次数的 3 秒视频播放率,video_completions,视频平均播放时长,结果（初始）,成效（初始）指标
2025-12-01,2026-08-31,20260615_GrowMe_EN_9x16_FX-Successful_ZT-communicate_RS-P3X1R1C3_fj,inactive,,,,260616_ABO_AEO-Purchase_ios_vid_Growme_WW_0615_joy,7931,19.79,1.096961,0.18367347,9.0,2.198889,,,,,,19.341823,95.0,9,,
2025-12-01,2026-08-31,20260615_GrowMe_EN_9x16_FX-Creative_ZT-11things_LV1-scape_RS-P3X1R1C3_fj,inactive,,,,260616_ABO_AEO-Purchase_ios_vid_Growme_WW_0615_joy,4723,23.82,1.100995,0.17647059,6.0,3.97,2.0,11.91,,,,28.24476,98.0,10,,
2025-12-01,2026-08-31,20260615_growme_EN_9x16_FX-test_ZT-niupizhi_LV1-rain_RS-P1X1R3C1_fj,inactive,,,,260616_ABO_AEO-Purchase_ios_vid_Growme_WW_0615_joy,10474,21.94,0.954745,0.26086957,12.0,1.828333,,,,,,19.696391,79.0,7,,
2025-12-01,2026-08-31,20260615_GrowMe_EN_9x16_FX-Challenge_ZT-Follow along_RS-P3X1R1C3_fj,inactive,,,,260616_ABO_AEO-Purchase_ios_vid_Growme_WW_0615_joy,13180,40.0,1.198786,0.18518519,30.0,1.333333,2.0,20.0,,,,16.957511,64.0,6,,
2025-12-01,2026-08-31,20260615_GrowMe_EN_9x16_FX-Learning_ZT-speech_RS-P3X1R1C3_fj,inactive,,,,260616_ABO_AEO-Purchase_ios_vid_Growme_WW_0615_joy,17258,40.23,1.240005,0.12403101,16.0,2.514375,,,,,,17.412215,190.0,8,,
2025-12-01,2026-08-31,20260615_GrowMe_EN_9x16_FX-LifeLessons_ZT-dream_RS-P3X1R1C3_gy,inactive,,,,260616_ABO_AEO-Purchase_ios_vid_Growme_WW_0615_joy,17861,46.29,2.054756,0.18918919,42.0,1.102143,,,,,,16.320475,315.0,8,,
2025-12-01,2026-08-31,20260615_GrowMe_EN_9x16_FX-LifeLessons_ZT-explain_RS-P3X1R1C3_gy,not_delivering,,,,260616_ABO_AEO-Purchase_ios_vid_Growme_WW_0615_joy,48,0.1,2.083333,,,,,,,,,37.5,,17,,
2025-12-01,2026-08-31,20260615_GrowMe_EN_9x16_FX-Learning_ZT-learn_RS-P3X1R1C3_gy,inactive,,,,260616_ABO_AEO-Purchase_ios_vid_Growme_WW_0615_joy,20004,48.08,1.414717,0.20707071,41.0,1.172683,,,,,,13.607279,106.0,4,,
2025-12-01,2026-08-31,20260615_GrowMe_EN_9x16_FX-LifeLessons_ZT-zhencheng_RS-P3X1R1C3_gy,inactive,,,,260616_ABO_AEO-Purchase_ios_vid_Growme_WW_0615_joy,8822,30.82,1.269553,0.36956522,17.0,1.812941,,,,,,19.610066,121.0,9,,
2025-12-01,2026-08-31,20260615_GrowMe_EN_9x16_FX-Learning_ZT-English_RS-P3X1R1C3_gy,inactive,,,,260616_ABO_AEO-Purchase_ios_vid_Growme_WW_0615_joy,14838,46.71,1.422025,0.31896552,37.0,1.262432,1.0,46.71,,,,18.803073,228.0,10,,
2025-12-01,2026-08-31,20260615_GrowMe_EN_9x16_FX-LifeLessons_ZT-try_RS-P3X1R1C3_gy_jql,not_delivering,,,,260616_ABO_AEO-Purchase_ios_vid_Growme_WW_0615_joy,2079,3.55,0.913901,0.0,,,,,,,,15.873016,31.0,3,,
2025-12-01,2026-08-31,20260615_GrowMe_EN_9x16_FX-Financet_ZT-rich_RS-P3X1R1C3_gy_jql,not_delivering,,,,260616_ABO_AEO-Purchase_ios_vid_Growme_WW_0615_joy,688,1.62,1.744186,0.0,,,,,,,,23.546512,16.0,6,,
2025-12-01,2026-08-31,20260615_GrowMe_EN_9x16_FX-Quetes_ZT-everything_RS-P3X1R1C3_gy_jql,not_delivering,,,,260616_ABO_AEO-Purchase_ios_vid_Growme_WW_0615_joy,1410,2.72,0.70922,0.0,,,,,,,,18.014184,5.0,5,,
2025-12-01,2026-08-31,20260615_GrowMe_EN_9x16_FX-LifeLessons_ZT-advice_RS-P3X1R1C3_gy_jql,inactive,,,,260616_ABO_AEO-Purchase_ios_vid_Growme_WW_0615_joy,12789,30.57,0.89921,0.05479452,4.0,7.6425,,,,,,16.905153,28.0,7,,
2025-12-01,2026-08-31,20260615_GrowMe_EN_9x16_FX-SelfImprovement_ZT-better_RS-P3X1R1C3_gy_jql,inactive,,,,260616_ABO_AEO-Purchase_ios_vid_Growme_WW_0615_joy,11577,30.76,0.777403,0.16666667,8.0,3.845,,,,,,14.623823,45.0,5,,
2025-12-01,2026-08-31,20260615_GrowMe_EN_9x16_FX-Mindset_ZT-optimism_RS-P3X1R1C3_gy_jql,inactive,,,,260616_ABO_AEO-Purchase_ios_vid_Growme_WW_0615_joy,5933,16.11,2.123715,0.08695652,6.0,2.685,,,,,,18.253834,23.0,7,,
2025-12-01,2026-08-31,20260615_GrowMe_EN_9x16_FX-LifeLessons_ZT-future_RS-P3X1R1C3_gy_jql,inactive,,,,260616_ABO_AEO-Purchase_ios_vid_Growme_WW_0615_joy,5013,17.05,2.453621,0.07692308,7.0,2.435714,,,,,,18.970676,20.0,8,,
2025-12-01,2026-08-31,20260615_GrowMe_EN_9x16_FX-Habits_ZT-learn_RS-P3X1R1C3_gy_jql,inactive,,,,260616_ABO_AEO-Purchase_ios_vid_Growme_WW_0615_joy,8287,24.94,1.242911,0.07042254,5.0,4.988,,,,,,18.01617,24.0,9,,
2025-12-01,2026-08-31,20260615_GrowMe_EN_9x16_FX-LifeLessons_ZT-stuck_RS-P3X1R1C3_gy_jql,inactive,1.0,actions:app_custom_event.fb_mobile_purchase,34.84,260616_ABO_AEO-Purchase_ios_vid_Growme_WW_0615_joy,12660,34.84,1.279621,0.16666667,17.0,2.049412,1.0,34.84,1.0,34.84,0.240241,16.050553,68.0,7,,
2025-12-01,2026-08-31,20260615_GrowMe_EN_9x16_FX-LifeLessons_ZT-peaple_RS-P3X1R1C3_gy_jql,inactive,3.0,actions:app_custom_event.fb_mobile_purchase,85.84333333,260616_ABO_AEO-Purchase_ios_vid_Growme_WW_0615_joy,118878,257.53,1.317317,0.28781794,215.0,1.197814,8.0,32.19125,3.0,85.843333,0.327496,12.336177,487.0,4,,
2025-12-01,2026-08-31,20260615_growme_EN_9x16_FX-LifeLessons_ZT-changelife_RS-P1X1R3C3_wxx,not_delivering,,,,260616_ABO_AEO-Purchase_ios_vid_Growme_WW_0615_joy,194,0.47,3.092784,0.0,,,,,,,,23.195876,4.0,16,,
2025-12-01,2026-08-31,20260615_growme_EN_9x16_FX-Learning_ZT-practive_RS-P1X1R3C3_wxx,inactive,,,,260616_ABO_AEO-Purchase_ios_vid_Growme_WW_0615_joy,25740,47.37,1.231546,0.29608939,53.0,0.893774,1.0,47.37,,,,15.878011,105.0,8,,
2025-12-01,2026-08-31,20260615_growme_EN_9x16_FX-Faith_ZT-amen_RS-P1X1R3C3_wxx,inactive,,,,260616_ABO_AEO-Purchase_ios_vid_Growme_WW_0615_joy,5904,25.98,1.388889,0.04615385,3.0,8.66,,,,,,18.97019,91.0,7,,
2025-12-01,2026-08-31,20260615_growme_EN_9x16_FX-LifeLessons_ZT-positive_RS-P1X1R3C3_wxx,inactive,40.0,actions:app_custom_event.fb_mobile_purchase,47.5805,260616_ABO_AEO-Purchase_ios_vid_Growme_WW_0615_joy,609822,1903.22,1.538974,0.14586769,796.0,2.39098,65.0,29.280308,40.0,47.5805,0.514812,16.420857,6958.0,8,,
2025-12-01,2026-08-31,20260616_GrowMe_ES_9x16_FX-Learning_ZT-habbit_RS-P3X1R1C3_gy_fj,not_delivering,2.0,actions:app_custom_event.fb_mobile_purchase,56.415,260616_ABO_AEO-Purchase_ios_vid_Growme_US西语_joy,9729,112.83,1.716518,0.32539683,41.0,2.751951,7.0,16.118571,2.0,56.415,0.444474,17.535204,173.0,5,,
2025-12-01,2026-08-31,20260616_GrowMe_ES_9x16_FX-Creative_ZT-journey_RS-P3X1R1C3_gy_fj,not_delivering,,,,260616_ABO_AEO-Purchase_ios_vid_Growme_US西语_joy,4211,23.75,1.211114,0.08163265,4.0,5.9375,,,,,,20.137735,54.0,6,,
2025-12-01,2026-08-31,20260616_growme_ES_9x16_FX-test_ZT-niupizhi_RS-P1X1R3C1_gy_fj,inactive,,,,260616_ABO_AEO-Purchase_ios_vid_Growme_US西语_joy,3620,40.11,1.574586,0.25,13.0,3.085385,,,,,,17.458564,50.0,6,,
2025-12-01,2026-08-31,20260616_GrowMe_ES_9x16_FX-LifeLessons_ZT-self_RS-P3X1R1C3_gy_fj,not_delivering,,,,260616_ABO_AEO-Purchase_ios_vid_Growme_US西语_joy,2086,14.13,1.05465,0.0,,,,,,,,18.504314,17.0,5,,
2025-12-01,2026-08-31,20260616_GrowMe_0_ES_9x16_FX-Learning_ZT-speak_RS-P3X1R1C3_gy_fj,not_delivering,9.0,actions:app_custom_event.fb_mobile_purchase,78.35777778,260616_ABO_AEO-Purchase_ios_vid_Growme_US西语_joy,62386,705.22,1.190972,0.31739962,166.0,4.248313,26.0,27.123846,9.0,78.357778,0.163438,18.249287,554.0,6,,
2025-12-01,2026-08-31,20260616_growme_ES_9x16_FX-test_ZT-read_RS-P1X1R3C1_gy_fj,inactive,,,,260616_ABO_AEO-Purchase_ios_vid_Growme_US西语_joy,21659,46.86,0.928021,0.06153846,12.0,3.905,,,,,,15.088416,214.0,4,,
2025-12-01,2026-08-31,20260616_GrowMe_ZH_9x16_FX-LifeLessons_ZT-self_RS-P3X1R1C3_gy_fj,inactive,1.0,actions:app_custom_event.fb_mobile_purchase,141.67,260616_ABO_AEO-Purchase_ios_vid_Growme_US中文_joy,4909,141.67,1.711143,0.28070175,16.0,8.854375,3.0,47.223333,1.0,141.67,0.202019,25.443064,57.0,7,,
2025-12-01,2026-08-31,20260616_growme_ZH_9x16_FX-test_ZT-read_RS-P1X1R3C1_gy_fj,inactive,,,,260616_ABO_AEO-Purchase_ios_vid_Growme_US中文_joy,2909,84.05,1.375043,0.13513514,5.0,16.81,3.0,28.016667,,,,24.95703,70.0,7,,
2025-12-01,2026-08-31,20260616_growme_ZH_9x16_FX-test_ZT-niupizhi_RS-P1X1R3C1_gy_fj,inactive,,,,260616_ABO_AEO-Purchase_ios_vid_Growme_US中文_joy,2018,55.1,2.130823,0.25,10.0,5.51,,,,,,26.511397,60.0,10,,
2025-12-01,2026-08-31,20260616_GrowMe_ZH_9x16_FX-Creative_ZT-journey_RS-P3X1R1C3_gy_fj,inactive,,,,260616_ABO_AEO-Purchase_ios_vid_Growme_US中文_joy,1932,51.12,1.656315,0.26923077,7.0,7.302857,1.0,51.12,,,,25.879917,38.0,7,,
2025-12-01,2026-08-31,20260616_GrowMe_0_ZH_9x16_FX-Learning_ZT-speak_RS-P3X1R1C3_gy_fj,inactive,1.0,actions:app_custom_event.fb_mobile_purchase,125.59,260616_ABO_AEO-Purchase_ios_vid_Growme_US中文_joy,5270,125.59,1.878558,0.25316456,20.0,6.2795,3.0,41.863333,1.0,125.59,0.307986,26.907021,62.0,7,,
2025-12-01,2026-08-31,20260616_GrowMe_ZH_9x16_FX-Learning_ZT-habbit_RS-P3X1R1C3_gy_fj,inactive,,,,260616_ABO_AEO-Purchase_ios_vid_Growme_US中文_joy,2709,61.83,1.8457,0.13043478,6.0,10.305,,,,,,22.775932,47.0,7,,
2025-12-01,2026-08-31,20260616_growme_PT_9x16_FX-test_ZT-niupizhi_RS-P1X1R3C1_gy_fj,inactive,,,,260616_ABO_AEO-Purchase_ios_vid_Growme_US葡语_joy,2993,48.95,1.135984,0.76923077,20.0,2.4475,1.0,48.95,,,,14.901437,33.0,5,,
2025-12-01,2026-08-31,20260616_growme_PT_9x16_FX-test_ZT-read_RS-P1X1R3C1_gy_fj,not_delivering,,,,260616_ABO_AEO-Purchase_ios_vid_Growme_US葡语_joy,111,2.46,0.900901,0.0,,,,,,,,16.216216,2.0,5,,
2025-12-01,2026-08-31,20260616_GrowMe_PT_9x16_FX-Creative_ZT-journey_RS-P3X1R1C3_gy_fj,inactive,,,,260616_ABO_AEO-Purchase_ios_vid_Growme_US葡语_joy,2749,40.67,0.982175,0.0,,,,,,,,17.824664,40.0,6,,
2025-12-01,2026-08-31,20260616_GrowMe_PT_9x16_FX-Learning_ZT-habbit_RS-P3X1R1C3_gy_fj,inactive,,,,260616_ABO_AEO-Purchase_ios_vid_Growme_US葡语_joy,2303,41.06,1.042119,0.23529412,4.0,10.265,,,,,,14.025185,20.0,3,,
2025-12-01,2026-08-31,20260616_GrowMe_PT_9x16_FX-LifeLessons_ZT-self_RS-P3X1R1C3_gy_fj,inactive,,,,260616_ABO_AEO-Purchase_ios_vid_Growme_US葡语_joy,3136,48.76,1.052296,0.38888889,7.0,6.965714,,,,,,15.433673,38.0,6,,
2025-12-01,2026-08-31,20260616_GrowMe_0_PT_9x16_FX-Learning_ZT-speak_RS-P3X1R1C3_gy_fj,inactive,,,,260616_ABO_AEO-Purchase_ios_vid_Growme_US葡语_joy,4842,63.19,0.929368,0.375,12.0,5.265833,,,,,,14.394878,30.0,4,,
2025-12-01,2026-08-31,20260616_GrowMe_EN_9x16_FX-LifeLessons_ZT-youselfai_RS-P3X1R1C3_gy_jql,inactive,,,,260617_ABO_AEO-Purchase_ios_vid_Growme_WW_0616_joy,7730,20.19,1.746442,0.21686747,18.0,1.121667,,,,,,18.732212,45.0,7,,
2025-12-01,2026-08-31,20260616_GrowMe_EN_9x16_FX-Mindset_ZT-world_RS-P3X1R1C3_gy_jql,inactive,,,,260617_ABO_AEO-Purchase_ios_vid_Growme_WW_0616_joy,12519,35.69,0.958543,0.265625,17.0,2.099412,,,,,,16.982187,60.0,8,,
2025-12-01,2026-08-31,20260616_GrowMe_EN_9x16_FX-Learning_ZT-learn_RS-P3X1R1C3_gy,inactive,,,,260617_ABO_AEO-Purchase_ios_vid_Growme_WW_0616_joy,16887,44.67,1.213952,0.36440678,43.0,1.038837,,,,,,14.762835,230.0,7,,
2025-12-01,2026-08-31,20260616_growme_EN_9x16_FX-Creative_ZT-SocialMedia_RS-P1X1R1C3_HJ_RMG-5219E,inactive,,,,260617_ABO_AEO-Purchase_ios_vid_Growme_WW_0616_joy,5379,17.77,1.35713,0.12765957,6.0,2.961667,,,,,,23.870608,66.0,9,,
2025-12-01,2026-08-31,20260616_growme_EN_9x16_FX-Learning_ZT-english_RS-P1X1R3C3_wxx,inactive,,,,260617_ABO_AEO-Purchase_ios_vid_Growme_WW_0616_joy,12334,25.89,1.272904,0.19230769,20.0,1.2945,,,,,,16.831523,185.0,8,,
2025-12-01,2026-08-31,20260616_growme_EN_9x16_FX-Creative_ZT-Publicspeaking_RS-P1X1R1C3_HJ_RMG-5219G,inactive,2.0,actions:app_custom_event.fb_mobile_purchase,34.45,260617_ABO_AEO-Purchase_ios_vid_Growme_WW_0616_joy,18813,68.9,1.483017,0.18817204,35.0,1.968571,1.0,68.9,2.0,34.45,0.191727,20.88981,250.0,9,,
2025-12-01,2026-08-31,20260616_growme_EN_9x16_FX-aitalk_ZT-365book_LV1-jindutiao_RS-P1X1R3C1_wxx,not_delivering,,,,260617_ABO_AEO-Purchase_ios_vid_Growme_WW_0616_joy,793,3.55,1.261034,0.0,,,,,,,,22.320303,18.0,3,,
2025-12-01,2026-08-31,20260616_GrowMe_EN_9x16_FX-Learning_ZT-readAI_RS-P3X1R1C3_gy_jql,inactive,,,,260617_ABO_AEO-Purchase_ios_vid_Growme_WW_0616_joy,28889,44.86,1.007304,0.35031847,55.0,0.815636,3.0,14.953333,,,,16.646474,145.0,5,,
2025-12-01,2026-08-31,20260616_GrowMe_EN_9x16_FX-LifeLessons_ZT-family_RS-P3X1R1C3_gy,not_delivering,,,,260617_ABO_AEO-Purchase_ios_vid_Growme_WW_0616_joy,6161,12.37,0.990099,0.0,,,,,,,,17.010226,71.0,4,,
2025-12-01,2026-08-31,20260616_growme_EN_9x16_FX-Creative_ZT-Learnforlife_RS-P1X1R1C3_HJ_RMG-5219F,not_delivering,,,,260617_ABO_AEO-Purchase_ios_vid_Growme_WW_0616_joy,4353,13.23,1.883758,0.09230769,6.0,2.205,,,,,,21.594303,49.0,6,,
2025-12-01,2026-08-31,20260616_growme_EN_9x16_FX-Creative_ZT-Discipline_RS-P1X1R1C3_HJ_RMG-5219H,not_delivering,,,,260617_ABO_AEO-Purchase_ios_vid_Growme_WW_0616_joy,1219,3.93,1.312551,0.25,3.0,1.31,,,,,,26.497129,24.0,9,,
2025-12-01,2026-08-31,20260616_growme_EN_9x16_FX-Learning_ZT-readextensive_RS-P1X1R3C3_wxx,not_delivering,8.0,actions:app_custom_event.fb_mobile_purchase,62.6075,260617_ABO_AEO-Purchase_ios_vid_Growme_WW_0616_joy,152644,500.86,2.031524,0.09489667,225.0,2.226044,14.0,35.775714,8.0,62.6075,0.463283,20.182909,636.0,11,,
2025-12-01,2026-08-31,20260616_growme_EN_9x16_FX-LifeLessons_ZT-urgetopry_RS-P1X1R3C3_wxx,inactive,,,,260617_ABO_AEO-Purchase_ios_vid_Growme_WW_0616_joy,8391,27.77,1.942558,0.07526882,7.0,3.967143,,,,,,21.439638,48.0,9,,
2025-12-01,2026-08-31,20260616_GrowMe_EN_9x16_FX-LifeLessons_ZT-clearai_RS-P3X1R1C3_gy_jql,inactive,,,,260617_ABO_AEO-Purchase_ios_vid_Growme_WW_0616_joy,9114,23.33,1.49221,0.07777778,7.0,3.332857,1.0,23.33,,,,15.832785,55.0,5,,
2025-12-01,2026-08-31,20260616_GrowMe_EN_9x16_FX-Communication_ZT-speak_RS-P3X1R1C3_gy,inactive,,,,260617_ABO_AEO-Purchase_ios_vid_Growme_WW_0616_joy,16412,40.7,0.834755,0.25373134,17.0,2.394118,,,,,,19.053132,203.0,9,,
2025-12-01,2026-08-31,20260616_GrowMe_EN_9x16_FX-Learning_ZT-think_RS-P3X1R1C3_gy,inactive,,,,260617_ABO_AEO-Purchase_ios_vid_Growme_WW_0616_joy,29372,51.98,1.855509,0.1185567,46.0,1.13,2.0,25.99,,,,19.178129,414.0,9,,
2025-12-01,2026-08-31,20260616_GrowMe_EN_9x16_FX-Mindset_ZT-compare_RS-P3X1R1C3_gy,inactive,,,,260617_ABO_AEO-Purchase_ios_vid_Growme_WW_0616_joy,11773,32.11,1.129704,0.25675676,19.0,1.69,1.0,32.11,,,,14.465302,109.0,6,,
2025-12-01,2026-08-31,20260616_GrowMe_EN_9x16_FX-LifeLessons_ZT-water_RS-P3X1R1C3_gy_jql,inactive,8.0,actions:app_custom_event.fb_mobile_purchase,67.26125,260617_ABO_AEO-Purchase_ios_vid_Growme_WW_0616_joy,232832,538.09,1.41003,0.27927273,384.0,1.401276,11.0,48.917273,8.0,67.26125,0.369046,13.307449,1905.0,6,,
2025-12-01,2026-08-31,20260616_GrowMe_EN_9x16_FX-Mindset_ZT-motivatedai_RS-P3X1R1C3_gy_jql,not_delivering,,,,260617_ABO_AEO-Purchase_ios_vid_Growme_WW_0616_joy,2196,5.26,1.684882,0.03125,1.0,5.26,,,,,,17.850638,6.0,7,,
2025-12-01,2026-08-31,20260616_GrowMe_EN_9x16_FX-LifeLessons_ZT-failureai_RS-P3X1R1C3_gy_jql,inactive,3.0,actions:app_custom_event.fb_mobile_purchase,21.94666667,260617_ABO_AEO-Purchase_ios_vid_Growme_WW_0616_joy,32221,65.84,0.763477,0.25806452,32.0,2.0575,2.0,32.92,3.0,21.946667,0.363305,14.757456,119.0,4,,
2025-12-01,2026-08-31,20260616_GrowMe_EN_9x16_FX-LifeLessons_ZT-endai_RS-P3X1R1C3_gy_jql,inactive,,,,260617_ABO_AEO-Purchase_ios_vid_Growme_WW_0616_joy,9148,19.3,0.994753,0.39473684,15.0,1.286667,,,,,,18.320944,33.0,6,,
2025-12-01,2026-08-31,20260616_GrowMe_EN_9x16_FX-LifeLessons_ZT-friend_RS-P3X1R1C3_gy_jql,inactive,,,,260617_ABO_AEO-Purchase_ios_vid_Growme_WW_0616_joy,13883,34.04,0.994021,0.06382979,6.0,5.673333,2.0,17.02,,,,17.921199,29.0,8,,
2025-12-01,2026-08-31,20260616_GrowMe_EN_9x16_FX-Mindset_ZT-proofai_RS-P3X1R1C3_gy_jql,inactive,,,,260617_ABO_AEO-Purchase_ios_vid_Growme_WW_0616_joy,8294,23.55,1.181577,0.08474576,5.0,4.71,,,,,,16.976127,67.0,7,,
2025-12-01,2026-08-31,20260616_growme_0_Fil_9x16_FX-test_ZT-niupizhi_RS-P1X1R3C1_gy_fj,not_delivering,,,,260617_ABO_AEO-Purchase_ios_vid_Growme_US菲律宾语_joy,674,21.35,1.632047,0.4,4.0,5.3375,,,,,,18.545994,4.0,6,,
2025-12-01,2026-08-31,20260616_GrowMe_0_Fil_9x16_FX-Learning_ZT-speak_RS-P3X1R1C3_gy_fj,inactive,1.0,actions:app_custom_event.fb_mobile_purchase,255.74,260617_ABO_AEO-Purchase_ios_vid_Growme_US菲律宾语_joy,11762,255.74,1.071246,0.21138211,26.0,9.836154,5.0,51.148,1.0,255.74,0.048096,22.649209,136.0,8,,
2025-12-01,2026-08-31,20260616_growme_0_Fil_9x16_FX-test_ZT-read_RS-P1X1R3C1_gy_fj,inactive,,,,260617_ABO_AEO-Purchase_ios_vid_Growme_US菲律宾语_joy,3657,71.21,1.230517,0.12765957,6.0,11.868333,1.0,71.21,,,,25.458026,78.0,8,,
2025-12-01,2026-08-31,20260616_GrowMe_0_Fil_9x16_FX-Creative_ZT-journey_RS-P3X1R1C3_gy_fj,inactive,,,,260617_ABO_AEO-Purchase_ios_vid_Growme_US菲律宾语_joy,2715,63.39,1.104972,0.11111111,3.0,21.13,1.0,63.39,,,,25.19337,60.0,8,,
2025-12-01,2026-08-31,20260616_GrowMe_0_Fil_9x16_FX-Learning_ZT-habbit_RS-P3X1R1C3_gy_fj,not_delivering,,,,260617_ABO_AEO-Purchase_ios_vid_Growme_US菲律宾语_joy,318,10.07,0.314465,0.0,,,,,,,,18.238994,3.0,4,,
2025-12-01,2026-08-31,20260616_GrowMe_0_Fil_9x16_FX-LifeLessons_ZT-self_RS-P3X1R1C3_gy_fj,inactive,,,,260617_ABO_AEO-Purchase_ios_vid_Growme_US菲律宾语_joy,1748,54.61,0.858124,0.0,,,,,,,,24.599542,9.0,6,,
2025-12-01,2026-08-31,20260617_GrowMe_EN_9x16_FX-Mindset_ZT-gentle1_RS-P3X1R1C3_gy_jql,archived,,,,260618_ABO_AEO-Purchase_ios_vid_Growme_WW_0617_joy,577,2.25,0.866551,0.0,,,,,,,,19.584055,4.0,8,,
2025-12-01,2026-08-31,20260617_GrowMe_EN_9x16_FX-Lifelessons_ZT-1min_RS-P3X1R1C3_gy_jql,archived,,,,260618_ABO_AEO-Purchase_ios_vid_Growme_WW_0617_joy,2103,8.25,0.760818,0.27272727,3.0,2.75,2.0,4.125,,,,17.784118,8.0,6,,
2025-12-01,2026-08-31,20260617_GrowMe_EN_9x16_FX-Lifelessons_ZT-present_RS-P3X1R1C3_gy_jql,archived,,,,260618_ABO_AEO-Purchase_ios_vid_Growme_WW_0617_joy,1072,3.85,1.30597,0.375,3.0,1.283333,,,,,,20.149254,10.0,5,,
2025-12-01,2026-08-31,20260617_GrowMe_EN_9x16_FX-Lifelessons_ZT-hard1_RS-P3X1R1C3_gy,archived,,,,260618_ABO_AEO-Purchase_ios_vid_Growme_WW_0617_joy,41,0.19,0.0,,,,,,,,,19.512195,1.0,6,,
2025-12-01,2026-08-31,20260617_GrowMe_EN_9x16_FX-Mindset_ZT-gentle_RS-P3X1R1C3_gy_jql,archived,,,,260618_ABO_AEO-Purchase_ios_vid_Growme_WW_0617_joy,191,0.66,0.52356,0.0,,,,,,,,18.324607,,6,,
2025-12-01,2026-08-31,20260617_GrowMe_EN_9x16_FX-Lifelessons_ZT-advice_RS-P3X1R1C3_gy_jql,archived,,,,260618_ABO_AEO-Purchase_ios_vid_Growme_WW_0617_joy,130,0.69,1.538462,0.0,,,,,,,,28.461538,2.0,17,,
2025-12-01,2026-08-31,20260617_GrowMe_EN_9x16_FX-Reading_ZT-giveup_RS-P3X1R1C3_gy_jql,archived,,,,260618_ABO_AEO-Purchase_ios_vid_Growme_WW_0617_joy,600,1.78,2.166667,0.22222222,2.0,0.89,,,,,,18.166667,6.0,7,,
2025-12-01,2026-08-31,20260617_GrowMe_EN_9x16_FX-Learning_ZT-English_RS-P3X1R1C3_gy_jql,archived,,,,260618_ABO_AEO-Purchase_ios_vid_Growme_WW_0617_joy,3206,10.52,1.278852,0.16,4.0,2.63,,,,,,16.625078,17.0,10,,
2025-12-01,2026-08-31,20260617_GrowMe_EN_9x16_FX-Lifelessons_ZT-hard_RS-P3X1R1C3_gy,archived,,,,260618_ABO_AEO-Purchase_ios_vid_Growme_WW_0617_joy,100,0.37,2.0,0.0,,,,,,,,30.0,1.0,11,,
2025-12-01,2026-08-31,20260617_GrowMe_EN_9x16_FX-Mindset_ZT-select_RS-P3X1R1C3_gy_jql,archived,,,,260618_ABO_AEO-Purchase_ios_vid_Growme_WW_0617_joy,55,0.05,1.818182,,,,,,,,,21.818182,,9,,
2025-12-01,2026-08-31,20260617_GrowMe_EN_9x16_FX-Mindset_ZT-kaizhi_RS-P3X1R1C3_gy_jql,archived,,,,260618_ABO_AEO-Purchase_ios_vid_Growme_WW_0617_joy,463,1.6,1.079914,0.0,,,,,,,,25.269978,2.0,10,,
2025-12-01,2026-08-31,20260617_GrowMe_EN_9x16_FX-Lifelessons_ZT-happy_RS-P3X1R1C3_gy_jql,archived,,,,260618_ABO_AEO-Purchase_ios_vid_Growme_WW_0617_joy,904,2.43,1.327434,0.125,1.0,2.43,,,,,,15.265487,,7,,
2025-12-01,2026-08-31,20260617_GrowMe_EN_9x16_FX-Learning_ZT-language_RS-P3X1R1C3_gy_jql,archived,,,,260618_ABO_AEO-Purchase_ios_vid_Growme_WW_0617_joy,660,2.46,1.818182,0.0,,,,,,,,19.090909,1.0,8,,
2025-12-01,2026-08-31,20260617_GrowMe_EN_9x16_FX-Lifelessons_ZT-positive_RS-P3X1R1C3_gy,archived,,,,260618_ABO_AEO-Purchase_ios_vid_Growme_WW_0617_joy,199,0.81,1.507538,0.0,,,,,,,,25.628141,5.0,10,,
2025-12-01,2026-08-31,20260617_GrowMe_EN_9x16_FX-Mindset_ZT-select_RS-P3X1R1C3_gy_jql,rejected,,,,260618_ABO_AEO-Purchase_ios_vid_Growme_WW_0617_joy,531,1.3,0.94162,0.0,,,,,,,,18.26742,1.0,6,,
2025-12-01,2026-08-31,20260617_GrowMe_EN_9x16_FX-Mindset_ZT-better_RS-P3X1R1C3_gy,inactive,1.0,actions:app_custom_event.fb_mobile_purchase,67.44,260618_ABO_AEO-Purchase_ios_vid_Growme_WW_0617_joy,32342,67.44,0.924494,0.18128655,31.0,2.175484,4.0,16.86,1.0,67.44,0.223161,15.843176,407.0,7,,
2025-12-01,2026-08-31,20260617_GrowMe_EN_9x16_FX-Mindset_ZT-gentle1_RS-P3X1R1C3_gy_jql,inactive,3.0,actions:app_custom_event.fb_mobile_purchase,27.67,260618_ABO_AEO-Purchase_ios_vid_Growme_WW_0617_joy,27045,83.01,1.116657,0.23076923,39.0,2.128462,3.0,27.67,3.0,27.67,0.413806,16.13607,123.0,8,,
2025-12-01,2026-08-31,20260617_GrowMe_EN_9x16_FX-Communication_ZT-international friends_RS-P3X1R1C3_fj,inactive,,,,260618_ABO_AEO-Purchase_ios_vid_Growme_WW_0617_joy,6505,20.06,1.445042,0.2962963,16.0,1.25375,,,,,,20.076864,113.0,13,,
2025-12-01,2026-08-31,20260617_GrowMe_EN_9x16_FX-Reading_ZT-giveup_RS-P3X1R1C3_gy_jql,not_delivering,,,,260618_ABO_AEO-Purchase_ios_vid_Growme_WW_0617_joy,4773,14.49,1.382778,0.12121212,4.0,3.6225,,,,,,17.305678,47.0,8,,
2025-12-01,2026-08-31,20260617_GrowMe_EN_9x16_FX-Lifelessons_ZT-advice_RS-P3X1R1C3_gy_jql,inactive,,,,260618_ABO_AEO-Purchase_ios_vid_Growme_WW_0617_joy,5956,24.68,1.779718,0.07058824,6.0,4.113333,,,,,,17.830759,34.0,10,,
2025-12-01,2026-08-31,20260617_growme_EN_9x16_FX-aitalk_ZT-365_RS-P1X1R3C3_fj,not_delivering,,,,260618_ABO_AEO-Purchase_ios_vid_Growme_WW_0617_joy,230,1.31,1.304348,0.0,,,,,,,,22.608696,5.0,3,,
2025-12-01,2026-08-31,20260617_GrowMe_EN_9x16_FX-Bookreading_ZT-time_RS-P3X1R1C3_gy,inactive,,,,260618_ABO_AEO-Purchase_ios_vid_Growme_WW_0617_joy,10304,28.68,1.125776,0.29545455,13.0,2.206154,,,,,,14.324534,48.0,3,,
2025-12-01,2026-08-31,20260617_growme_EN_9x16_FX-Learning_ZT-6mins_RS-P1X1R3C3_wxx,not_delivering,,,,260618_ABO_AEO-Purchase_ios_vid_Growme_WW_0617_joy,738,2.58,0.948509,0.0,,,,,,,,22.899729,2.0,6,,
2025-12-01,2026-08-31,20260617_GrowMe_EN_9x16_FX-Lifelessons_ZT-hard_RS-P3X1R1C3_gy,inactive,,,,260618_ABO_AEO-Purchase_ios_vid_Growme_WW_0617_joy,9327,32.58,1.082878,0.13636364,9.0,3.62,,,,,,18.837783,61.0,6,,
2025-12-01,2026-08-31,20260617_growme_EN_9x16_FX-LifeLessons_ZT-purpose_RS-P1X1R3C3_wxx,not_delivering,,,,260618_ABO_AEO-Purchase_ios_vid_Growme_WW_0617_joy,170,0.95,3.529412,0.0,,,,,,,,20.588235,3.0,3,,
2025-12-01,2026-08-31,20260617_GrowMe_EN_9x16_FX-Mindset_ZT-gentle_RS-P3X1R1C3_gy_jql,inactive,,,,260618_ABO_AEO-Purchase_ios_vid_Growme_WW_0617_joy,7204,20.66,1.429761,0.11666667,7.0,2.951429,,,,,,19.280955,30.0,10,,
2025-12-01,2026-08-31,20260617_growme_EN_9x16_FX-Learning_ZT-reading_RS-P1X1R3C3_wxx,not_delivering,,,,260618_ABO_AEO-Purchase_ios_vid_Growme_WW_0617_joy,140,0.45,2.142857,0.0,,,,,,,,21.428571,,8,,
2025-12-01,2026-08-31,20260617_GrowMe_EN_9x16_FX-Learning_ZT-language_RS-P3X1R1C3_gy_jql,not_delivering,5.0,actions:app_custom_event.fb_mobile_purchase,60.294,260618_ABO_AEO-Purchase_ios_vid_Growme_WW_0617_joy,88459,301.47,1.79066,0.07680127,97.0,3.107938,7.0,43.067143,5.0,60.294,0.329983,18.508009,554.0,7,,
2025-12-01,2026-08-31,20260617_GrowMe_EN_9x16_FX-Learning_ZT-10mins_RS-P3X1R1C3_gy,inactive,4.0,actions:app_custom_event.fb_mobile_purchase,94.29,260618_ABO_AEO-Purchase_ios_vid_Growme_WW_0617_joy,193672,377.16,1.07553,0.26597582,308.0,1.224545,6.0,62.86,4.0,94.29,0.344337,14.595811,2183.0,7,,
2025-12-01,2026-08-31,20260617_GrowMe_EN_9x16_FX-Lifelessons_ZT-1min_RS-P3X1R1C3_gy_jql,not_delivering,,,,260618_ABO_AEO-Purchase_ios_vid_Growme_WW_0617_joy,4832,14.7,0.682947,0.0,,,,,,,,17.860099,24.0,7,,
2025-12-01,2026-08-31,20260617_GrowMe_EN_9x16_FX-Lifelessons_ZT-happy_RS-P3X1R1C3_gy_jql,inactive,,,,260618_ABO_AEO-Purchase_ios_vid_Growme_WW_0617_joy,10957,34.23,0.885279,0.11864407,7.0,4.89,,,,,,16.738158,27.0,9,,
2025-12-01,2026-08-31,20260617_GrowMe_EN_9x16_FX-Lifelessons_ZT-present_RS-P3X1R1C3_gy_jql,inactive,9.0,actions:app_custom_event.fb_mobile_purchase,43.57444444,260618_ABO_AEO-Purchase_ios_vid_Growme_WW_0617_joy,137938,392.17,1.259261,0.11271186,133.0,2.948647,9.0,43.574444,9.0,43.574444,0.252314,13.56479,669.0,3,,
2025-12-01,2026-08-31,20260617_GrowMe_EN_9x16_FX-Lifelessons_ZT-positive_RS-P3X1R1C3_gy,inactive,1.0,actions:app_custom_event.fb_mobile_purchase,70.89,260618_ABO_AEO-Purchase_ios_vid_Growme_WW_0617_joy,28872,70.89,1.517041,0.32323232,64.0,1.107656,2.0,35.445,1.0,70.89,0.147835,13.3555,344.0,7,,
2025-12-01,2026-08-31,20260617_GrowMe_EN_9x16_FX-Lifelessons_ZT-hard1_RS-P3X1R1C3_gy,not_delivering,,,,260618_ABO_AEO-Purchase_ios_vid_Growme_WW_0617_joy,137,0.34,0.0,,,,,,,,,13.868613,1.0,6,,
2025-12-01,2026-08-31,20260617_GrowMe_EN_9x16_FX-Communication_ZT-powerCommunication_RS-P3X1R1C3_fj,not_delivering,5.0,actions:app_custom_event.fb_mobile_purchase,53.18,260618_ABO_AEO-Purchase_ios_vid_Growme_WW_0617_joy,78297,265.9,1.399798,0.10290828,92.0,2.890217,7.0,37.985714,5.0,53.18,0.467695,15.916319,551.0,4,,
2025-12-01,2026-08-31,20260617_GrowMe_EN_9x16_FX-Learning_ZT-10mins_RS-P3X1R1C3_fj,not_delivering,,,,260618_ABO_AEO-Purchase_ios_vid_Growme_WW_0617_joy,4426,10.6,1.807501,0.10909091,6.0,1.766667,1.0,10.6,,,,23.158608,64.0,12,,
2025-12-01,2026-08-31,20260617_GrowMe_EN_9x16_FX-Learning_ZT-bridge_RS-P3X1R1C3_fj,inactive,,,,260618_ABO_AEO-Purchase_ios_vid_Growme_WW_0617_joy,23014,41.07,0.860346,0.37894737,36.0,1.140833,,,,,,17.454593,210.0,7,,
2025-12-01,2026-08-31,20260617_growme_EN_9x16_FX-Learning_ZT-onemoretime_RS-P1X1R3C3_wxx,not_delivering,,,,260618_ABO_AEO-Purchase_ios_vid_Growme_WW_0617_joy,127,0.59,3.937008,0.0,,,,,,,,31.496063,2.0,8,,
2025-12-01,2026-08-31,20260617_GrowMe_EN_9x16_FX-Learning_ZT-English_RS-P3X1R1C3_gy_jql,inactive,,,,260618_ABO_AEO-Purchase_ios_vid_Growme_WW_0617_joy,10046,29.82,1.413498,0.11711712,13.0,2.293846,,,,,,19.918375,57.0,12,,
2025-12-01,2026-08-31,20260617_growme_EN_9x16_FX-Learning_ZT-check_RS-P1X1R3C3_wxx,not_delivering,,,,260618_ABO_AEO-Purchase_ios_vid_Growme_WW_0617_joy,5,0.01,0.0,,,,,,,,,20.0,,1,,
2025-12-01,2026-08-31,20260617_GrowMe_EN_9x16_FX-Mindset_ZT-kaizhi_RS-P3X1R1C3_gy_jql,not_delivering,,,,260618_ABO_AEO-Purchase_ios_vid_Growme_WW_0617_joy,4143,10.95,1.182718,0.20689655,6.0,1.825,,,,,,19.285542,16.0,9,,
2025-12-01,2026-08-31,20260616_growme_EN_9x16_FX-aitalk_ZT-3months_RS-P1X1R3C3_wxx,inactive,,,,260618_ABO_AEO-Purchase_ios_vid_Growme_WW_aitalk2_joy,3917,25.44,3.140158,0.04,5.0,5.088,,,,,,29.74215,124.0,6,,
2025-12-01,2026-08-31,20260615_growme_EN_9x16_FX-aitalk_ZT-8minutes_RS-P1X1R3C3_wxx,inactive,,,,260618_ABO_AEO-Purchase_ios_vid_Growme_WW_aitalk2_joy,14993,82.65,1.060495,0.21830986,31.0,2.666129,,,,,,19.762556,217.0,3,,
2025-12-01,2026-08-31,20260616_growme_EN_9x16_FX-aitalk_ZT-niceleader_RS-P1X1R3C3_wxx,inactive,1.0,actions:app_custom_event.fb_mobile_purchase,155.85,260618_ABO_AEO-Purchase_ios_vid_Growme_WW_aitalk2_joy,22440,155.85,1.243316,0.13432836,36.0,4.329167,3.0,51.95,1.0,155.85,0.237087,21.590909,307.0,4,,
2025-12-01,2026-08-31,20260618_growme_EN_9x16_FX-LifeLessons_ZT-confident_RS-P1X1R3C3_wxx,not_delivering,,,,260619_ABO_AEO-Purchase_ios_vid_Growme_WW_0618_joy,339,1.01,0.589971,0.0,,,,,,,,28.023599,1.0,14,,
2025-12-01,2026-08-31,20260618_Growme_EN_9x16_FX-Creative_JB-061801-ZR_ZT-book2_RS-P2X1R1C3_095KB-JL_RMG-5714B,not_delivering,,,,260619_ABO_AEO-Purchase_ios_vid_Growme_WW_0618_joy,111,0.51,2.702703,0.0,,,,,,,,34.234234,2.0,9,,
2025-12-01,2026-08-31,20260618_GrowMe_EN_9x16_FX-Learning_ZT-speak_RS-P3X1R1C3_gy_jql,inactive,,,,260619_ABO_AEO-Purchase_ios_vid_Growme_WW_0618_joy,9204,29.65,1.521078,0.16494845,16.0,1.853125,1.0,29.65,,,,22.674924,32.0,13,,
2025-12-01,2026-08-31,20260618_GrowMe_EN_9x16_FX-LifeLessons_ZT-advice_RS-P3X1R1C3_gy_jql,not_delivering,,,,260619_ABO_AEO-Purchase_ios_vid_Growme_WW_0618_joy,418,1.36,1.196172,0.0,,,,,,,,18.181818,2.0,10,,
2025-12-01,2026-08-31,20260618_GrowMe_EN_9x16_FX-Learning_ZT-yale_RS-P3X1R1C3_gy_jql,inactive,,,,260619_ABO_AEO-Purchase_ios_vid_Growme_WW_0618_joy,7285,25.93,1.262869,0.13043478,6.0,4.321667,,,,,,19.917639,31.0,12,,
2025-12-01,2026-08-31,20260618_GrowMe_EN_9x16_FX-LifeLessons_ZT-yourself_RS-P3X1R1C3_gy_jql,not_delivering,,,,260619_ABO_AEO-Purchase_ios_vid_Growme_WW_0618_joy,62,0.13,3.225806,0.0,,,,,,,,19.354839,,4,,
2025-12-01,2026-08-31,20260618_GrowMe_EN_9x16_FX-Lifelessons_ZT-did_RS-P3X1R1C3_gy,inactive,,,,260619_ABO_AEO-Purchase_ios_vid_Growme_WW_0618_joy,8354,25.42,1.316735,0.0877193,5.0,5.084,,,,,,18.757481,61.0,8,,
2025-12-01,2026-08-31,20260618_GrowMe_EN_9x16_FX-Learning_ZT-speaking_RS-P3X1R1C3_gy_jql,inactive,,,,260619_ABO_AEO-Purchase_ios_vid_Growme_WW_0618_joy,11414,34.78,1.56825,0.1826087,21.0,1.65619,,,,,,16.795164,97.0,7,,
2025-12-01,2026-08-31,20260618_GrowMe_EN_9x16_FX-EmotionalHealth_ZT-nature_RS-P3X1R1C3_gy_jql,not_delivering,,,,260619_ABO_AEO-Purchase_ios_vid_Growme_WW_0618_joy,442,2.04,1.357466,0.5,1.0,2.04,,,,,,19.683258,4.0,8,,
2025-12-01,2026-08-31,20260618_GrowMe_EN_9x16_FX-Communication_ZT-respect_RS-P3X1R1C3_gy,not_delivering,,,,260619_ABO_AEO-Purchase_ios_vid_Growme_WW_0618_joy,464,1.24,0.646552,0.0,,,,,,,,16.810345,2.0,9,,
2025-12-01,2026-08-31,20260618_GrowMe_EN_9x16_FX-Learning_ZT-pace_RS-P3X1R1C3_gy_jql,inactive,30.0,actions:app_custom_event.fb_mobile_purchase,48.57766667,260619_ABO_AEO-Purchase_ios_vid_Growme_WW_0618_joy,391891,1457.33,1.123527,0.23939542,491.0,2.968086,55.0,26.496909,30.0,48.577667,0.356728,19.583251,2786.0,8,,
2025-12-01,2026-08-31,20260618_growme_EN_9x16_FX-LifeLessons_ZT-takeaction_RS-P1X1R3C3_wxx,not_delivering,,,,260619_ABO_AEO-Purchase_ios_vid_Growme_WW_0618_joy,22,0.01,0.0,,,,,,,,,22.727273,,7,,
2025-12-01,2026-08-31,20260615_growme_EN_9x16_FX-aitalk_ZT-8minutes_RS-P1X1R3C3_wxx,not_delivering,,,,260619_ABO_AEO-Purchase_ios_vid_Growme_WW_0618_joy,531,4.57,1.129944,0.0,,,,,,,,20.338983,5.0,3,,
2025-12-01,2026-08-31,20260616_growme_EN_9x16_FX-aitalk_ZT-3months_RS-P1X1R3C3_wxx,not_delivering,,,,260619_ABO_AEO-Purchase_ios_vid_Growme_WW_0618_joy,12,0.02,0.0,,,,,,,,,25.0,,2,,
2025-12-01,2026-08-31,20260618_Growme_EN_9x16_FX-Creative_JB-061801-ZR_ZT-book3_RS-P2X1R1C3_095KB-JL_RMG-5714C,inactive,,,,260619_ABO_AEO-Purchase_ios_vid_Growme_WW_0618_joy,38147,75.36,1.101004,0.17486339,32.0,2.355,1.0,75.36,,,,16.646132,445.0,8,,
2025-12-01,2026-08-31,20260618_growme_EN_9x16_FX-Learning_ZT-quitread_RS-P1X1R3C3_wxx,inactive,,,,260619_ABO_AEO-Purchase_ios_vid_Growme_WW_0618_joy,7899,24.65,1.949614,0.15789474,15.0,1.643333,,,,,,21.129257,86.0,12,,
2025-12-01,2026-08-31,20260618_Growme_EN_9x16_FX-Creative_JB-061801-ZR_ZT-book1_RS-P2X1R1C3_095KB-JL_RMG-5714A,not_delivering,,,,260619_ABO_AEO-Purchase_ios_vid_Growme_WW_0618_joy,160,0.57,2.5,0.0,,,,,,,,23.125,1.0,8,,
2025-12-01,2026-08-31,20260618_growme_EN_9x16_FX-Learning_ZT-smarter_RS-P1X1R3C3_wxx,inactive,,,,260619_ABO_AEO-Purchase_ios_vid_Growme_WW_0618_joy,4014,18.35,2.541106,0.04587156,5.0,3.67,,,,,,21.101146,31.0,8,,
2025-12-01,2026-08-31,20260618_GrowMe_EN_9x16_FX-Learning_ZT-morning_RS-P3X1R1C3_gy,inactive,,,,260619_ABO_AEO-Purchase_ios_vid_Growme_WW_0618_joy,10628,28.44,1.251411,0.17142857,12.0,2.37,,,,,,15.092209,34.0,8,,
2025-12-01,2026-08-31,20260618_GrowMe_EN_9x16_FX-LifeLessons_ZT-failing_RS-P3X1R1C3_gy_jql,not_delivering,,,,260619_ABO_AEO-Purchase_ios_vid_Growme_WW_0618_joy,1501,6.39,1.46569,0.0,,,,,,,,21.252498,21.0,9,,
2025-12-01,2026-08-31,20260618_GrowMe_EN_9x16_FX-LifeLessons_ZT-terms_RS-P3X1R1C3_gy_jql,not_delivering,,,,260619_ABO_AEO-Purchase_ios_vid_Growme_WW_0618_joy,157,0.5,2.547771,0.0,,,,,,,,19.10828,1.0,8,,
2025-12-01,2026-08-31,20260618_GrowMe_EN_9x16_FX-Learning_ZT-listen_RS-P3X1R1C3_gy_jql,inactive,3.0,actions:app_custom_event.fb_mobile_purchase,68.38,260619_ABO_AEO-Purchase_ios_vid_Growme_WW_0618_joy,48651,205.14,2.006125,0.07712082,60.0,3.419,3.0,68.38,3.0,68.38,0.337184,16.04078,205.0,9,,
2025-12-01,2026-08-31,20260618_GrowMe_EN_9x16_FX-Mindset_ZT-love_RS-P3X1R1C3_gy,not_delivering,,,,260619_ABO_AEO-Purchase_ios_vid_Growme_WW_0618_joy,217,0.76,1.843318,0.25,1.0,0.76,,,,,,19.354839,5.0,10,,
2025-12-01,2026-08-31,20260618_GrowMe_EN_9x16_FX-Learning_ZT-iPhone_RS-P3X1R1C3_gy,inactive,,,,260619_ABO_AEO-Purchase_ios_vid_Growme_WW_0618_joy,21433,43.15,0.914478,0.18072289,15.0,2.876667,,,,,,21.709513,174.0,8,,
2025-12-01,2026-08-31,20260616_growme_EN_9x16_FX-aitalk_ZT-niceleader_RS-P1X1R3C3_wxx,not_delivering,,,,260619_ABO_AEO-Purchase_ios_vid_Growme_WW_0618_joy,323,2.76,3.095975,0.0,,,,,,,,26.625387,11.0,6,,
2025-12-01,2026-08-31,20260616_GrowMe_0_PT_9x16_FX-Learning_ZT-speak_RS-P3X1R1C3_gy_fj,inactive,,,,260616_ABO_AEO-Purchase_ios_vid_Growme_US葡语_joy -重测Betty,2408,41.4,0.789037,0.28571429,4.0,10.35,,,,,,14.493355,14.0,4,,
2025-12-01,2026-08-31,20260616_GrowMe_PT_9x16_FX-LifeLessons_ZT-self_RS-P3X1R1C3_gy_fj,inactive,2.0,actions:app_custom_event.fb_mobile_purchase,159.42,260616_ABO_AEO-Purchase_ios_vid_Growme_US葡语_joy -重测Betty,18360,318.84,1.007625,0.35433071,45.0,7.085333,6.0,53.14,2.0,159.42,0.158543,13.959695,207.0,5,,
2025-12-01,2026-08-31,20260616_GrowMe_PT_9x16_FX-Learning_ZT-habbit_RS-P3X1R1C3_gy_fj,inactive,3.0,actions:app_custom_event.fb_mobile_purchase,50.65,260616_ABO_AEO-Purchase_ios_vid_Growme_US葡语_joy -重测Betty,7558,151.95,1.349563,0.41333333,31.0,4.901613,3.0,50.65,3.0,50.65,0.352221,13.747023,118.0,4,,
2025-12-01,2026-08-31,20260616_GrowMe_PT_9x16_FX-Creative_ZT-journey_RS-P3X1R1C3_gy_fj,inactive,,,,260616_ABO_AEO-Purchase_ios_vid_Growme_US葡语_joy -重测Betty,2408,57.41,0.95515,0.21052632,4.0,14.3525,,,,,,17.234219,33.0,5,,
2025-12-01,2026-08-31,20260616_growme_PT_9x16_FX-test_ZT-read_RS-P1X1R3C1_gy_fj,inactive,,,,260616_ABO_AEO-Purchase_ios_vid_Growme_US葡语_joy -重测Betty,3695,85.01,0.568336,0.0625,1.0,85.01,,,,,,13.152909,39.0,4,,
2025-12-01,2026-08-31,20260616_growme_PT_9x16_FX-test_ZT-niupizhi_RS-P1X1R3C1_gy_fj,inactive,,,,260616_ABO_AEO-Purchase_ios_vid_Growme_US葡语_joy -重测Betty,2126,43.24,1.646284,0.52380952,11.0,3.930909,,,,,,16.933208,20.0,6,,
2025-12-01,2026-08-31,20260617_GrowMe_EN_9x16_FX-Learning_ZT-10mins_RS-P3X1R1C3_gy,not_delivering,,,,260622_AAA_AEO-Purchase_ios_vid_Growme_WW_0615week_joy,223,0.41,0.896861,0.0,,,,,,,,18.834081,2.0,7,,
2025-12-01,2026-08-31,20260617_GrowMe_EN_9x16_FX-Learning_ZT-language_RS-P3X1R1C3_gy_jql,not_delivering,,,,260622_AAA_AEO-Purchase_ios_vid_Growme_WW_0615week_joy,63,0.09,3.174603,0.0,,,,,,,,12.698413,,3,,
2025-12-01,2026-08-31,20260618_GrowMe_EN_9x16_FX-Learning_ZT-pace_RS-P3X1R1C3_gy_jql,not_delivering,,,,260622_AAA_AEO-Purchase_ios_vid_Growme_WW_0615week_joy,128,0.33,0.78125,0.0,,,,,,,,17.96875,1.0,8,,
2025-12-01,2026-08-31,20260616_growme_EN_9x16_FX-Learning_ZT-readextensive_RS-P1X1R3C3_wxx,not_delivering,,,,260622_AAA_AEO-Purchase_ios_vid_Growme_WW_0615week_joy,20,0.04,0.0,,,,,,,,,15.0,,10,,
2025-12-01,2026-08-31,20260618_GrowMe_EN_9x16_FX-Learning_ZT-listen_RS-P3X1R1C3_gy_jql,not_delivering,,,,260622_AAA_AEO-Purchase_ios_vid_Growme_WW_0615week_joy,308,1.18,2.272727,0.0,,,,,,,,16.883117,3.0,9,,
2025-12-01,2026-08-31,20260617_GrowMe_EN_9x16_FX-Mindset_ZT-gentle1_RS-P3X1R1C3_gy_jql,not_delivering,,,,260622_AAA_AEO-Purchase_ios_vid_Growme_WW_0615week_joy,15,0.02,0.0,,,,,,,,,26.666667,1.0,42,,
2025-12-01,2026-08-31,20260616_GrowMe_EN_9x16_FX-LifeLessons_ZT-water_RS-P3X1R1C3_gy_jql,not_delivering,6.0,actions:app_custom_event.fb_mobile_purchase,56.74666667,260622_AAA_AEO-Purchase_ios_vid_Growme_WW_0615week_joy,137503,340.48,1.879232,0.27955912,279.0,1.220358,12.0,28.373333,6.0,56.746667,0.377496,14.424413,1214.0,7,,
2025-12-01,2026-08-31,20260615_growme_EN_9x16_FX-LifeLessons_ZT-positive_RS-P1X1R3C3_wxx,not_delivering,,,,260622_AAA_AEO-Purchase_ios_vid_Growme_WW_0615week_joy,70,0.1,0.0,,,,,,,,,12.857143,,5,,
2025-12-01,2026-08-31,20260615_growme_EN_9x16_FX-LifeLessons_ZT-positive_RS-P1X1R3C3_wxx,not_delivering,2.0,actions:app_custom_event.fb_mobile_purchase,4.78,260622_AAA_AEO-Purchase_ios_vid_Growme_T2_0615week_joy,4429,9.56,1.941748,0.09859155,7.0,1.365714,1.0,9.56,2.0,4.78,5.631799,25.265297,93.0,19,,
2025-12-01,2026-08-31,20260617_GrowMe_EN_9x16_FX-Mindset_ZT-gentle1_RS-P3X1R1C3_gy_jql,not_delivering,,,,260622_AAA_AEO-Purchase_ios_vid_Growme_T2_0615week_joy,1256,1.95,3.343949,0.02564103,1.0,1.95,,,,,,30.573248,20.0,20,,
2025-12-01,2026-08-31,20260616_GrowMe_EN_9x16_FX-LifeLessons_ZT-water_RS-P3X1R1C3_gy_jql,not_delivering,133.0,actions:app_custom_event.fb_mobile_purchase,28.37721805,260622_AAA_AEO-Purchase_ios_vid_Growme_T2_0615week_joy,2117301,3774.17,1.342511,0.19491885,3675.0,1.026985,204.0,18.500833,133.0,28.377218,0.645986,15.907705,20487.0,7,,
2025-12-01,2026-08-31,20260618_GrowMe_EN_9x16_FX-Learning_ZT-listen_RS-P3X1R1C3_gy_jql,not_delivering,,,,260622_AAA_AEO-Purchase_ios_vid_Growme_T2_0615week_joy,3501,7.59,2.599257,0.02247191,2.0,3.795,2.0,3.795,,,,21.650957,20.0,12,,
2025-12-01,2026-08-31,20260618_GrowMe_EN_9x16_FX-Learning_ZT-pace_RS-P3X1R1C3_gy_jql,not_delivering,16.0,actions:app_custom_event.fb_mobile_purchase,17.935625,260622_AAA_AEO-Purchase_ios_vid_Growme_T2_0615week_joy,171723,286.97,1.067999,0.08861622,130.0,2.207462,21.0,13.665238,16.0,17.935625,0.722445,20.490557,1131.0,9,,
2025-12-01,2026-08-31,20260617_GrowMe_EN_9x16_FX-Learning_ZT-language_RS-P3X1R1C3_gy_jql,not_delivering,,,,260622_AAA_AEO-Purchase_ios_vid_Growme_T2_0615week_joy,2985,5.17,3.551089,0.0,,,,,,,,26.465662,11.0,14,,
2025-12-01,2026-08-31,20260617_GrowMe_EN_9x16_FX-Learning_ZT-10mins_RS-P3X1R1C3_gy,not_delivering,2.0,actions:app_custom_event.fb_mobile_purchase,43.56,260622_AAA_AEO-Purchase_ios_vid_Growme_T2_0615week_joy,51361,87.12,2.219583,0.07593857,89.0,0.978876,4.0,21.78,2.0,43.56,0.520776,27.834349,1005.0,14,,
2025-12-01,2026-08-31,20260616_growme_EN_9x16_FX-Learning_ZT-readextensive_RS-P1X1R3C3_wxx,not_delivering,,,,260622_AAA_AEO-Purchase_ios_vid_Growme_T2_0615week_joy,1505,2.64,3.255814,0.0,,,,,,,,35.813953,14.0,23,,
2025-12-01,2026-08-31,20260616_GrowMe_EN_9x16_FX-LifeLessons_ZT-water_RS-P3X1R1C3_gy_jql,archived,7.0,actions:app_custom_event.fb_mobile_purchase,68.49142857,260623_AAA_AEO-Purchase_ios_vid_Growme_T2头部_0615week_joy,173038,479.44,1.920965,0.20771046,264.0,1.816061,13.0,36.88,7.0,68.491429,0.265894,15.217467,1795.0,7,,
2025-12-01,2026-08-31,20260615_growme_EN_9x16_FX-LifeLessons_ZT-positive_RS-P1X1R3C3_wxx,archived,,,,260623_AAA_AEO-Purchase_ios_vid_Growme_T2头部_0615week_joy,130,0.41,2.307692,0.0,,,,,,,,13.846154,1.0,5,,
2025-12-01,2026-08-31,20260617_GrowMe_EN_9x16_FX-Mindset_ZT-gentle1_RS-P3X1R1C3_gy_jql,archived,,,,260623_AAA_AEO-Purchase_ios_vid_Growme_T2头部_0615week_joy,4,0.0,0.0,,,,,,,,,,,0,,
2025-12-01,2026-08-31,20260618_GrowMe_EN_9x16_FX-Learning_ZT-listen_RS-P3X1R1C3_gy_jql,archived,,,,260623_AAA_AEO-Purchase_ios_vid_Growme_T2头部_0615week_joy,156,0.75,4.487179,0.6,3.0,0.25,,,,,,16.025641,,9,,
2025-12-01,2026-08-31,20260616_growme_EN_9x16_FX-Learning_ZT-readextensive_RS-P1X1R3C3_wxx,archived,,,,260623_AAA_AEO-Purchase_ios_vid_Growme_T2头部_0615week_joy,80,0.46,3.75,0.0,,,,,,,,18.75,,15,,
2025-12-01,2026-08-31,20260618_GrowMe_EN_9x16_FX-Learning_ZT-pace_RS-P3X1R1C3_gy_jql,archived,1.0,actions:app_custom_event.fb_mobile_purchase,122.43,260623_AAA_AEO-Purchase_ios_vid_Growme_T2头部_0615week_joy,27417,122.43,1.024912,0.11764706,18.0,6.801667,1.0,122.43,1.0,122.43,0.216287,16.081263,176.0,7,,
2025-12-01,2026-08-31,20260617_GrowMe_EN_9x16_FX-Learning_ZT-language_RS-P3X1R1C3_gy_jql,archived,,,,260623_AAA_AEO-Purchase_ios_vid_Growme_T2头部_0615week_joy,16,0.02,0.0,,,,,,,,,12.5,,1,,
2025-12-01,2026-08-31,20260617_GrowMe_EN_9x16_FX-Learning_ZT-10mins_RS-P3X1R1C3_gy,archived,,,,260623_AAA_AEO-Purchase_ios_vid_Growme_T2头部_0615week_joy,28,0.01,0.0,,,,,,,,,7.142857,,2,,
2025-12-01,2026-08-31,20260615_GrowMe_EN_9x16_FX-LifeLessons_ZT-future_RS-P3X1R1C3_gy_jql,not_delivering,1.0,actions:app_custom_event.fb_mobile_purchase,42.52,260624_ABO_AEO-Purchase_ios_vid_Growme_WW_0615排最好_joy,12996,42.52,2.092952,0.17333333,39.0,1.090256,1.0,42.52,1.0,42.52,0.846896,18.736534,49.0,7,,
2025-12-01,2026-08-31,20260615_GrowMe_EN_9x16_FX-Mindset_ZT-optimism_RS-P3X1R1C3_gy_jql,not_delivering,,,,260624_ABO_AEO-Purchase_ios_vid_Growme_WW_0615排最好_joy,133,0.36,3.007519,,,,,,,,,26.315789,,9,,
2025-12-01,2026-08-31,20260615_growme_EN_9x16_FX-test_ZT-niupizhi_LV1-rain_RS-P1X1R3C1_fj,inactive,17.0,actions:app_custom_event.fb_mobile_purchase,29.96058824,260624_ABO_AEO-Purchase_ios_vid_Growme_WW_0615排最好_joy,247847,509.33,0.856173,0.34427861,346.0,1.472052,31.0,16.43,17.0,29.960588,0.526986,15.382877,1079.0,5,,
2025-12-01,2026-08-31,20260615_GrowMe_EN_9x16_FX-Learning_ZT-learn_RS-P3X1R1C3_gy,inactive,,,,260624_ABO_AEO-Purchase_ios_vid_Growme_WW_0615排最好_joy,15437,27.16,1.120684,0.19607843,20.0,1.358,,,,,,10.565524,39.0,2,,
2025-12-01,2026-08-31,20260615_GrowMe_EN_9x16_FX-Learning_ZT-English_RS-P3X1R1C3_gy,inactive,,,,260624_ABO_AEO-Purchase_ios_vid_Growme_WW_0615排最好_joy,12484,35.23,1.137456,0.32467532,25.0,1.4092,2.0,17.615,,,,16.396988,146.0,11,,
2025-12-01,2026-08-31,20260615_GrowMe_EN_9x16_FX-LifeLessons_ZT-dream_RS-P3X1R1C3_gy,inactive,,,,260624_ABO_AEO-Purchase_ios_vid_Growme_WW_0615排最好_joy,10399,34.82,2.490624,0.125,21.0,1.658095,,,,,,18.761419,274.0,11,,
2025-12-01,2026-08-31,20260615_growme_EN_9x16_FX-Learning_ZT-practive_RS-P1X1R3C3_wxx,inactive,,,,260624_ABO_AEO-Purchase_ios_vid_Growme_WW_0615排最好_joy,31486,55.2,1.25135,0.38793103,45.0,1.226667,,,,,,15.276631,118.0,8,,
2025-12-01,2026-08-31,20260615_GrowMe_EN_9x16_FX-Habits_ZT-learn_RS-P3X1R1C3_gy_jql,not_delivering,,,,260624_ABO_AEO-Purchase_ios_vid_Growme_WW_0615排最好_joy,394,1.13,1.77665,0.0,,,,,,,,25.380711,,11,,
2025-12-01,2026-08-31,20260615_GrowMe_EN_9x16_FX-LifeLessons_ZT-zhencheng_RS-P3X1R1C3_gy,inactive,,,,260624_ABO_AEO-Purchase_ios_vid_Growme_WW_0615排最好_joy,8530,23.65,1.219226,0.2173913,10.0,2.365,,,,,,18.124267,99.0,8,,
2025-12-01,2026-08-31,20260615_growme_EN_9x16_FX-Faith_ZT-amen_RS-P1X1R3C3_wxx,inactive,4.0,actions:app_custom_event.fb_mobile_purchase,57.8375,260624_ABO_AEO-Purchase_ios_vid_Growme_WW_0615排最好_joy,44104,231.35,1.682387,0.08571429,48.0,4.819792,5.0,46.27,4.0,57.8375,0.399352,20.388173,651.0,7,,
2025-12-01,2026-08-31,20260615_GrowMe_EN_9x16_FX-Challenge_ZT-Follow along_RS-P3X1R1C3_fj,not_delivering,8.0,actions:app_custom_event.fb_mobile_purchase,15.34,260624_ABO_AEO-Purchase_ios_vid_Growme_WW_0615排最好_joy,38488,122.72,1.117231,0.25657895,117.0,1.048889,10.0,12.272,8.0,15.34,1.493726,16.212846,151.0,5,,
2025-12-01,2026-08-31,20260615_GrowMe_EN_9x16_FX-Successful_ZT-communicate_RS-P3X1R1C3_fj,inactive,,,,260624_ABO_AEO-Purchase_ios_vid_Growme_WW_0615排最好_joy,7358,20.15,1.291112,0.18518519,10.0,2.015,,,,,,19.991846,63.0,8,,
2025-12-01,2026-08-31,20260615_GrowMe_EN_9x16_FX-Learning_ZT-speech_RS-P3X1R1C3_fj,not_delivering,2.0,actions:app_custom_event.fb_mobile_purchase,41.83,260624_ABO_AEO-Purchase_ios_vid_Growme_WW_0615排最好_joy,39087,83.66,1.17942,0.18461538,48.0,1.742917,5.0,16.732,2.0,41.83,0.705355,19.090746,430.0,9,,
2025-12-01,2026-08-31,20260615_GrowMe_EN_9x16_FX-Creative_ZT-11things_LV1-scape_RS-P3X1R1C3_fj,inactive,,,,260624_ABO_AEO-Purchase_ios_vid_Growme_WW_0615排最好_joy,4816,23.65,1.495017,0.02564103,1.0,23.65,,,,,,31.769103,102.0,9,,
2025-12-01,2026-08-31,20260615_GrowMe_EN_9x16_FX-LifeLessons_ZT-advice_RS-P3X1R1C3_gy_jql,inactive,,,,260624_ABO_AEO-Purchase_ios_vid_Growme_WW_0615排最好_joy,13163,24.03,0.714123,0.16981132,9.0,2.67,,,,,,16.500798,27.0,6,,
2025-12-01,2026-08-31,20260615_GrowMe_EN_9x16_FX-LifeLessons_ZT-explain_RS-P3X1R1C3_gy,not_delivering,,,,260624_ABO_AEO-Purchase_ios_vid_Growme_WW_0615排最好_joy,64,0.13,1.5625,0.0,,,,,,,,26.5625,,9,,
2025-12-01,2026-08-31,20260615_GrowMe_EN_9x16_FX-SelfImprovement_ZT-better_RS-P3X1R1C3_gy_jql,inactive,1.0,actions:app_custom_event.fb_mobile_purchase,195.55,260624_ABO_AEO-Purchase_ios_vid_Growme_WW_0615排最好_joy,88426,195.55,0.662701,0.22887324,65.0,3.008462,4.0,48.8875,1.0,195.55,0.062797,14.352114,200.0,4,,
2025-12-01,2026-08-31,20260615_GrowMe_EN_9x16_FX-Financet_ZT-rich_RS-P3X1R1C3_gy_jql,not_delivering,,,,260624_ABO_AEO-Purchase_ios_vid_Growme_WW_0615排最好_joy,254,0.65,2.755906,0.0,,,,,,,,22.047244,5.0,5,,
2025-12-01,2026-08-31,20260615_GrowMe_EN_9x16_FX-Quetes_ZT-everything_RS-P3X1R1C3_gy_jql,not_delivering,,,,260624_ABO_AEO-Purchase_ios_vid_Growme_WW_0615排最好_joy,495,0.81,1.010101,0.0,,,,,,,,15.353535,2.0,4,,
2025-12-01,2026-08-31,20260615_GrowMe_EN_9x16_FX-LifeLessons_ZT-try_RS-P3X1R1C3_gy_jql,not_delivering,,,,260624_ABO_AEO-Purchase_ios_vid_Growme_WW_0615排最好_joy,720,1.49,0.416667,,,,,,,,,18.611111,5.0,3,,
2025-12-01,2026-08-31,20260615_GrowMe_EN_9x16_FX-LifeLessons_ZT-stuck_RS-P3X1R1C3_gy_jql,inactive,,,,260624_ABO_AEO-Purchase_ios_vid_Growme_WW_0615排最好_joy,7723,27.02,1.657387,0.08045977,7.0,3.86,,,,,,16.444387,24.0,5,,
2025-12-01,2026-08-31,20260617_GrowMe_EN_9x16_FX-Learning_ZT-10mins_RS-P3X1R1C3_gy,not_delivering,,,,260622_AAA_AEO-Purchase_ios_vid_Growme_WW_0615week_joy,98,0.07,2.040816,,,,,,,,,17.346939,2.0,11,,
2025-12-01,2026-08-31,20260617_GrowMe_EN_9x16_FX-Learning_ZT-language_RS-P3X1R1C3_gy_jql,not_delivering,,,,260622_AAA_AEO-Purchase_ios_vid_Growme_WW_0615week_joy,30,0.01,0.0,,,,,,,,,13.333333,,7,,
2025-12-01,2026-08-31,20260618_GrowMe_EN_9x16_FX-Learning_ZT-pace_RS-P3X1R1C3_gy_jql,not_delivering,,,,260622_AAA_AEO-Purchase_ios_vid_Growme_WW_0615week_joy,29,0.05,3.448276,,,,,,,,,27.586207,3.0,15,,
2025-12-01,2026-08-31,20260617_GrowMe_EN_9x16_FX-Mindset_ZT-gentle1_RS-P3X1R1C3_gy_jql,not_delivering,,,,260622_AAA_AEO-Purchase_ios_vid_Growme_WW_0615week_joy,3,0.0,0.0,,,,,,,,,33.333333,,23,,
2025-12-01,2026-08-31,20260618_GrowMe_EN_9x16_FX-Learning_ZT-listen_RS-P3X1R1C3_gy_jql,not_delivering,,,,260622_AAA_AEO-Purchase_ios_vid_Growme_WW_0615week_joy,61,0.17,3.278689,0.0,,,,,,,,16.393443,,8,,
2025-12-01,2026-08-31,20260616_growme_EN_9x16_FX-Learning_ZT-readextensive_RS-P1X1R3C3_wxx,not_delivering,,,,260622_AAA_AEO-Purchase_ios_vid_Growme_WW_0615week_joy,4,0.0,0.0,,,,,,,,,25.0,,1,,
2025-12-01,2026-08-31,20260615_growme_EN_9x16_FX-LifeLessons_ZT-positive_RS-P1X1R3C3_wxx,not_delivering,,,,260622_AAA_AEO-Purchase_ios_vid_Growme_WW_0615week_joy,26,0.01,0.0,,,,,,,,,7.692308,,2,,
2025-12-01,2026-08-31,20260616_GrowMe_EN_9x16_FX-LifeLessons_ZT-water_RS-P3X1R1C3_gy_jql,not_delivering,1.0,actions:app_custom_event.fb_mobile_purchase,107.69,260622_AAA_AEO-Purchase_ios_vid_Growme_WW_0615week_joy,38300,107.69,1.563969,0.23931624,56.0,1.923036,1.0,107.69,1.0,107.69,0.273934,14.798956,292.0,8,,
2025-12-01,2026-08-31,20260616_GrowMe_ES_9x16_FX-Learning_ZT-habbit_RS-P3X1R1C3_gy_fj,not_delivering,,,,260616_ABO_AEO-Purchase_ios_vid_Growme_US西语_joy,6202,110.97,1.483392,0.64615385,42.0,2.642143,1.0,110.97,,,,16.430184,122.0,5,,
2025-12-01,2026-08-31,20260616_GrowMe_PT_9x16_FX-Learning_ZT-habbit_RS-P3X1R1C3_gy_fj,not_delivering,,,,260616_ABO_AEO-Purchase_ios_vid_Growme_US葡语_joy,6569,134.67,1.11128,0.38461538,20.0,6.7335,3.0,44.89,,,,12.619881,79.0,4,,
2025-12-01,2026-08-31,20260615_growme_EN_9x16_FX-LifeLessons_ZT-positive_RS-P1X1R3C3_wxx,inactive,3.0,actions:app_custom_event.fb_mobile_purchase,73.89333333,260629_ABO_AEO-Purchase_ios_vid_Growme_WW_0615top_joy,73171,221.68,1.105629,0.17079208,69.0,3.212754,5.0,44.336,3.0,73.893333,0.40166,15.275177,550.0,7,,
2025-12-01,2026-08-31,20260616_GrowMe_EN_9x16_FX-LifeLessons_ZT-water_RS-P3X1R1C3_gy_jql,inactive,,,,260629_ABO_AEO-Purchase_ios_vid_Growme_WW_0615top_joy,9781,43.29,1.707392,0.2972973,22.0,1.967727,,,,,,16.041305,58.0,8,,
2025-12-01,2026-08-31,20260616_growme_EN_9x16_FX-Learning_ZT-readextensive_RS-P1X1R3C3_wxx,not_delivering,,,,260629_ABO_AEO-Purchase_ios_vid_Growme_WW_0615top_joy,7915,25.39,2.602653,0.0729927,10.0,2.539,,,,,,21.023373,27.0,12,,
2025-12-01,2026-08-31,20260615_growme_EN_9x16_FX-test_ZT-niupizhi_LV1-rain_RS-P1X1R3C1_fj,inactive,48.0,actions:app_custom_event.fb_mobile_purchase,39.916875,260629_ABO_AEO-Purchase_ios_vid_Growme_WW_0615top_joy,1019426,1916.01,0.802609,0.29791411,1214.0,1.578262,98.0,19.551122,48.0,39.916875,0.456083,13.541836,4317.0,4,,
2025-12-01,2026-08-31,20260618_GrowMe_EN_9x16_FX-Learning_ZT-pace_RS-P3X1R1C3_gy_jql,inactive,2.0,actions:app_custom_event.fb_mobile_purchase,30.145,260629_ABO_AEO-Purchase_ios_vid_Growme_WW_0615top_joy,12698,60.29,1.134037,0.17241379,15.0,4.019333,5.0,12.058,2.0,30.145,0.203682,17.199559,88.0,7,,
2025-12-01,2026-08-31,20260617_GrowMe_EN_9x16_FX-Communication_ZT-powerCommunication_RS-P3X1R1C3_fj,not_delivering,,,,260629_ABO_AEO-Purchase_ios_vid_Growme_WW_0615top_joy,1115,4.92,1.704036,0.15384615,2.0,2.46,,,,,,21.165919,11.0,5,,
2025-12-01,2026-08-31,20260618_GrowMe_EN_9x16_FX-Learning_ZT-pace_RS-P3X1R1C3_gy_jql,inactive,,,,260629_ABO_AEO-Purchase_ios_vid_Growme_WW_0615back_joy,6040,25.63,1.407285,0.16216216,6.0,4.271667,,,,,,19.089404,33.0,8,,
2025-12-01,2026-08-31,20260617_GrowMe_EN_9x16_FX-Mindset_ZT-gentle1_RS-P3X1R1C3_gy_jql,not_delivering,,,,260629_ABO_AEO-Purchase_ios_vid_Growme_WW_0615back_joy,695,2.16,2.302158,0.0,,,,,,,,19.136691,4.0,11,,
2025-12-01,2026-08-31,20260618_GrowMe_EN_9x16_FX-Learning_ZT-listen_RS-P3X1R1C3_gy_jql,not_delivering,,,,260629_ABO_AEO-Purchase_ios_vid_Growme_WW_0615back_joy,2020,8.24,3.861386,0.08064516,5.0,1.648,,,,,,17.376238,7.0,10,,
2025-12-01,2026-08-31,20260617_GrowMe_EN_9x16_FX-Learning_ZT-10mins_RS-P3X1R1C3_gy,inactive,,,,260629_ABO_AEO-Purchase_ios_vid_Growme_WW_0615back_joy,34640,52.82,1.088337,0.17098446,33.0,1.600606,,,,,,15.67552,363.0,8,,
2025-12-01,2026-08-31,20260616_GrowMe_EN_9x16_FX-LifeLessons_ZT-failureai_RS-P3X1R1C3_gy_jql,not_delivering,,,,260629_ABO_AEO-Purchase_ios_vid_Growme_WW_0615back_joy,3342,6.96,1.22681,0.16,4.0,1.74,,,,,,16.427289,15.0,5,,
2025-12-01,2026-08-31,20260615_growme_EN_9x16_FX-Faith_ZT-amen_RS-P1X1R3C3_wxx,not_delivering,,,,260629_ABO_AEO-Purchase_ios_vid_Growme_WW_0615back_joy,889,5.14,2.362205,0.05882353,1.0,5.14,,,,,,21.822272,20.0,8,,
2025-12-01,2026-08-31,20260615_GrowMe_EN_9x16_FX-LifeLessons_ZT-future_RS-P3X1R1C3_gy_jql,not_delivering,,,,260629_ABO_AEO-Purchase_ios_vid_Growme_WW_0615back_joy,721,2.44,2.21914,0.0,,,,,,,,16.782247,1.0,6,,
2025-12-01,2026-08-31,20260617_GrowMe_EN_9x16_FX-Learning_ZT-language_RS-P3X1R1C3_gy_jql,not_delivering,,,,260629_ABO_AEO-Purchase_ios_vid_Growme_WW_0615back_joy,3255,11.08,1.628264,0.05405405,2.0,5.54,,,,,,17.204301,23.0,7,,
2025-12-01,2026-08-31,20260615_growme_EN_9x16_FX-Learning_ZT-practive_RS-P1X1R3C3_wxx,inactive,,,,260630_ABO_AEO-Purchase_ios_vid_Growme_WW_06150622back_joy,14793,27.0,0.959913,0.33333333,18.0,1.5,,,,,,14.72994,54.0,8,,
2025-12-01,2026-08-31,20260616_growme_EN_9x16_FX-Learning_ZT-english_RS-P1X1R3C3_wxx,inactive,,,,260630_ABO_AEO-Purchase_ios_vid_Growme_WW_06150622back_joy,11442,21.55,0.839014,0.05479452,4.0,5.3875,,,,,,14.560392,122.0,7,,
2025-12-01,2026-08-31,20260616_GrowMe_EN_9x16_FX-Learning_ZT-readAI_RS-P3X1R1C3_gy_jql,inactive,5.0,actions:app_custom_event.fb_mobile_purchase,53.88,260630_ABO_AEO-Purchase_ios_vid_Growme_WW_06150622back_joy,124791,269.4,0.839003,0.27027027,170.0,1.584706,8.0,33.675,5.0,53.88,0.352747,13.000136,575.0,4,,
2025-12-01,2026-08-31,20260617_GrowMe_EN_9x16_FX-Learning_ZT-bridge_RS-P3X1R1C3_fj,inactive,,,,260630_ABO_AEO-Purchase_ios_vid_Growme_WW_06150622back_joy,8123,16.24,0.714022,0.11538462,3.0,5.413333,,,,,,14.932907,65.0,7,,
2025-12-01,2026-08-31,20260615_GrowMe_EN_9x16_FX-LifeLessons_ZT-future_RS-P3X1R1C3_gy_jql,inactive,,,,260630_ABO_AEO-Purchase_ios_vid_Growme_WW_06150622back_joy,5987,20.74,1.703691,0.13483146,12.0,1.728333,,,,,,16.251879,25.0,5,,
2025-12-01,2026-08-31,20260618_GrowMe_EN_9x16_FX-Learning_ZT-listen_RS-P3X1R1C3_gy_jql,inactive,,,,260630_ABO_AEO-Purchase_ios_vid_Growme_WW_06150622back_joy,4053,19.84,2.393289,0.02469136,2.0,9.92,,,,,,18.751542,23.0,9,,
2025-12-01,2026-08-31,20260617_GrowMe_EN_9x16_FX-Learning_ZT-10mins_RS-P3X1R1C3_gy,inactive,,,,260630_ABO_AEO-Purchase_ios_vid_Growme_WW_06150622back_joy,13736,27.55,0.902737,0.22222222,14.0,1.967857,,,,,,12.281596,119.0,5,,
2025-12-01,2026-08-31,20260618_GrowMe_EN_9x16_FX-Learning_ZT-pace_RS-P3X1R1C3_gy_jql,inactive,5.0,actions:app_custom_event.fb_mobile_purchase,34.408,260630_ABO_AEO-Purchase_ios_vid_Growme_WW_06150622back_joy,34384,172.04,0.985924,0.21890547,44.0,3.91,12.0,14.336667,5.0,34.408,0.858289,18.241042,220.0,7,,
2025-12-01,2026-08-31,20260617_GrowMe_EN_9x16_FX-Learning_ZT-language_RS-P3X1R1C3_gy_jql,inactive,,,,260630_ABO_AEO-Purchase_ios_vid_Growme_WW_06150622back_joy,7190,23.79,2.01669,0.06779661,8.0,2.97375,,,,,,14.214186,40.0,5,,
2025-12-01,2026-08-31,20260617_GrowMe_EN_9x16_FX-Mindset_ZT-gentle1_RS-P3X1R1C3_gy_jql,inactive,,,,260630_ABO_AEO-Purchase_ios_vid_Growme_WW_06150622back_joy,13985,58.14,1.487308,0.06993007,10.0,5.814,,,,,,17.676082,61.0,8,,
2025-12-01,2026-08-31,20260616_GrowMe_EN_9x16_FX-LifeLessons_ZT-failureai_RS-P3X1R1C3_gy_jql,inactive,1.0,actions:app_custom_event.fb_mobile_purchase,73.31,260630_ABO_AEO-Purchase_ios_vid_Growme_WW_06150622back_joy,20623,73.31,1.124958,0.12318841,17.0,4.312353,1.0,73.31,1.0,73.31,0.361206,15.371188,128.0,5,,
2025-12-01,2026-08-31,20260615_growme_EN_9x16_FX-Faith_ZT-amen_RS-P1X1R3C3_wxx,inactive,,,,260630_ABO_AEO-Purchase_ios_vid_Growme_WW_06150622back_joy,3585,21.68,1.562064,0.17948718,7.0,3.097143,1.0,21.68,,,,19.972106,70.0,7,,
2025-12-01,2026-08-31,20260615_GrowMe_EN_9x16_FX-SelfImprovement_ZT-better_RS-P3X1R1C3_gy_jql,not_delivering,,,,260630_ABO_AEO-Purchase_ios_vid_Growme_WW_0615_joy,103,0.3,0.970874,,,,,,,,,18.446602,1.0,6,,
2025-12-01,2026-08-31,20260615_GrowMe_EN_9x16_FX-Challenge_ZT-Follow along_RS-P3X1R1C3_fj,not_delivering,,,,260630_ABO_AEO-Purchase_ios_vid_Growme_WW_0615_joy,16,0.02,6.25,0.0,,,,,,,,31.25,,5,,
2025-12-01,2026-08-31,20260615_growme_EN_9x16_FX-Faith_ZT-amen_RS-P1X1R3C3_wxx,not_delivering,,,,260630_ABO_AEO-Purchase_ios_vid_Growme_WW_0615_joy,88,0.43,2.272727,0.0,,,,,,,,17.045455,2.0,7,,
2025-12-01,2026-08-31,20260615_growme_EN_9x16_FX-Learning_ZT-practive_RS-P1X1R3C3_wxx,inactive,,,,260630_ABO_AEO-Purchase_ios_vid_Growme_WW_0615_joy,17380,29.07,1.409666,0.29850746,20.0,1.4535,,,,,,15.874568,53.0,9,,
2025-12-01,2026-08-31,20260615_GrowMe_EN_9x16_FX-LifeLessons_ZT-future_RS-P3X1R1C3_gy_jql,not_delivering,,,,260630_ABO_AEO-Purchase_ios_vid_Growme_WW_0615_joy,27,0.11,3.703704,0.0,,,,,,,,18.518519,,9,,
2025-12-01,2026-08-31,20260615_GrowMe_EN_9x16_FX-LifeLessons_ZT-peaple_RS-P3X1R1C3_gy_jql,not_delivering,,,,260630_ABO_AEO-Purchase_ios_vid_Growme_WW_0615_joy,264,0.73,2.272727,0.0,,,,,,,,20.075758,2.0,5,,
2025-12-01,2026-08-31,20260615_GrowMe_EN_9x16_FX-LifeLessons_ZT-zhencheng_RS-P3X1R1C3_gy,not_delivering,,,,260630_ABO_AEO-Purchase_ios_vid_Growme_WW_0615_joy,29,0.01,3.448276,,,,,,,,,24.137931,,12,,
2025-12-01,2026-08-31,20260615_growme_EN_9x16_FX-test_ZT-niupizhi_LV1-rain_RS-P1X1R3C1_fj,not_delivering,,,,260630_ABO_AEO-Purchase_ios_vid_Growme_WW_0615_joy,3340,7.41,0.988024,0.42857143,6.0,1.235,,,,,,14.191617,15.0,4,,
2025-12-01,2026-08-31,20260615_GrowMe_EN_9x16_FX-Learning_ZT-speech_RS-P3X1R1C3_fj,not_delivering,,,,260630_ABO_AEO-Purchase_ios_vid_Growme_WW_0615_joy,36,0.07,0.0,,,,,,,,,19.444444,,16,,
2025-12-01,2026-08-31,20260615_GrowMe_EN_9x16_FX-Financet_ZT-rich_RS-P3X1R1C3_gy_jql,not_delivering,,,,260630_ABO_AEO-Purchase_ios_vid_Growme_WW_0615_joy,30,0.05,3.333333,0.0,,,,,,,,20.0,,4,,
2025-12-01,2026-08-31,20260615_growme_EN_9x16_FX-LifeLessons_ZT-changelife_RS-P1X1R3C3_wxx,not_delivering,,,,260630_ABO_AEO-Purchase_ios_vid_Growme_WW_0615_joy,9,0.0,0.0,,,,,,,,,11.111111,,2,,
2025-12-01,2026-08-31,20260615_GrowMe_EN_9x16_FX-LifeLessons_ZT-advice_RS-P3X1R1C3_gy_jql,not_delivering,,,,260630_ABO_AEO-Purchase_ios_vid_Growme_WW_0615_joy,8,0.0,0.0,,,,,,,,,37.5,,29,,
2025-12-01,2026-08-31,20260615_GrowMe_EN_9x16_FX-Mindset_ZT-optimism_RS-P3X1R1C3_gy_jql,not_delivering,,,,260630_ABO_AEO-Purchase_ios_vid_Growme_WW_0615_joy,10,0.0,0.0,,,,,,,,,20.0,,8,,
2025-12-01,2026-08-31,20260615_growme_EN_9x16_FX-LifeLessons_ZT-positive_RS-P1X1R3C3_wxx,not_delivering,,,,260630_ABO_AEO-Purchase_ios_vid_Growme_WW_0615_joy,214,0.66,1.869159,,,,,,,,,21.962617,,13,,
2025-12-01,2026-08-31,20260615_GrowMe_EN_9x16_FX-Learning_ZT-English_RS-P3X1R1C3_gy,not_delivering,,,,260630_ABO_AEO-Purchase_ios_vid_Growme_WW_0615_joy,959,1.48,1.564129,0.375,3.0,0.493333,,,,,,19.499479,17.0,9,,
2025-12-01,2026-08-31,20260615_GrowMe_EN_9x16_FX-Successful_ZT-communicate_RS-P3X1R1C3_fj,not_delivering,,,,260630_ABO_AEO-Purchase_ios_vid_Growme_WW_0615_joy,34,0.06,0.0,,,,,,,,,17.647059,2.0,20,,
2025-12-01,2026-08-31,20260615_GrowMe_EN_9x16_FX-Learning_ZT-learn_RS-P3X1R1C3_gy,inactive,,,,260630_ABO_AEO-Purchase_ios_vid_Growme_WW_0615_joy,11872,22.03,0.850741,0.35087719,20.0,1.1015,,,,,,10.67217,33.0,3,,
2025-12-01,2026-08-31,20260615_GrowMe_EN_9x16_FX-Habits_ZT-learn_RS-P3X1R1C3_gy_jql,not_delivering,,,,260630_ABO_AEO-Purchase_ios_vid_Growme_WW_0615_joy,57,0.15,5.263158,0.0,,,,,,,,28.070175,1.0,16,,
2025-12-01,2026-08-31,20260615_GrowMe_EN_9x16_FX-Creative_ZT-11things_LV1-scape_RS-P3X1R1C3_fj,not_delivering,,,,260630_ABO_AEO-Purchase_ios_vid_Growme_WW_0615_joy,139,0.87,1.438849,0.0,,,,,,,,38.848921,2.0,10,,
2025-12-01,2026-08-31,20260615_GrowMe_EN_9x16_FX-LifeLessons_ZT-try_RS-P3X1R1C3_gy_jql,not_delivering,,,,260630_ABO_AEO-Purchase_ios_vid_Growme_WW_0615_joy,18,0.0,0.0,,,,,,,,,,,1,,
2025-12-01,2026-08-31,20260615_GrowMe_EN_9x16_FX-LifeLessons_ZT-dream_RS-P3X1R1C3_gy,not_delivering,,,,260630_ABO_AEO-Purchase_ios_vid_Growme_WW_0615_joy,72,0.12,1.388889,,,,,,,,,12.5,1.0,6,,
2025-12-01,2026-08-31,20260615_GrowMe_EN_9x16_FX-LifeLessons_ZT-stuck_RS-P3X1R1C3_gy_jql,not_delivering,,,,260630_ABO_AEO-Purchase_ios_vid_Growme_WW_0615_joy,20,0.0,0.0,,,,,,,,,10.0,,3,,
2025-12-01,2026-08-31,20260616_GrowMe_ES_9x16_FX-LifeLessons_ZT-self_RS-P3X1R1C3_gy_fj,not_delivering,,,,260616_ABO_AEO-Purchase_ios_vid_Growme_US西语_joy,28,0.39,0.0,,,,,,,,,17.857143,1.0,11,,
2025-12-01,2026-08-31,20260616_GrowMe_0_ES_9x16_FX-Learning_ZT-speak_RS-P3X1R1C3_gy_fj,inactive,,,,260616_ABO_AEO-Purchase_ios_vid_Growme_US西语_joy,4446,50.68,1.48448,0.1627907,7.0,7.24,,,,,,19.185785,46.0,7,,
2025-12-01,2026-08-31,20260616_GrowMe_ES_9x16_FX-Learning_ZT-habbit_RS-P3X1R1C3_gy_fj,inactive,1.0,actions:app_custom_event.fb_mobile_purchase,100.08,260616_ABO_AEO-Purchase_ios_vid_Growme_US西语_joy,6303,100.08,1.776932,0.44444444,32.0,3.1275,2.0,50.04,1.0,100.08,0.122702,18.895764,128.0,6,,
2025-12-01,2026-08-31,20260616_GrowMe_ES_9x16_FX-Creative_ZT-journey_RS-P3X1R1C3_gy_fj,not_delivering,,,,260616_ABO_AEO-Purchase_ios_vid_Growme_US西语_joy,1076,16.13,1.486989,0.3,3.0,5.376667,,,,,,21.933086,20.0,9,,
2025-12-01,2026-08-31,20260616_GrowMe_0_PT_9x16_FX-Learning_ZT-speak_RS-P3X1R1C3_gy_fj,inactive,,,,260616_ABO_AEO-Purchase_ios_vid_Growme_US葡语_joy,2254,30.27,0.576752,0.0,,,,,,,,13.575865,9.0,4,,
2025-12-01,2026-08-31,20260615_GrowMe_EN_9x16_FX-LifeLessons_ZT-explain_RS-P3X1R1C3_gy,not_delivering,,,,260630_ABO_AEO-Purchase_ios_vid_Growme_WW_0615_joy,5,0.0,0.0,,,,,,,,,,,1,,
2025-12-01,2026-08-31,20260615_GrowMe_EN_9x16_FX-Quetes_ZT-everything_RS-P3X1R1C3_gy_jql,not_delivering,,,,260630_ABO_AEO-Purchase_ios_vid_Growme_WW_0615_joy,1,0.0,0.0,,,,,,,,,100.0,,4,,
2025-12-01,2026-08-31,20260616_GrowMe_PT_9x16_FX-LifeLessons_ZT-self_RS-P3X1R1C3_gy_fj,inactive,,,,260616_ABO_AEO-Purchase_ios_vid_Growme_US葡语_joy,4749,80.67,0.926511,0.09375,3.0,26.89,2.0,40.335,,,,14.445146,41.0,5,,
2025-12-01,2026-08-31,20260616_GrowMe_PT_9x16_FX-Learning_ZT-habbit_RS-P3X1R1C3_gy_fj,inactive,1.0,actions:app_custom_event.fb_mobile_purchase,55.85,260616_ABO_AEO-Purchase_ios_vid_Growme_US葡语_joy,2664,55.85,1.013514,0.52631579,10.0,5.585,1.0,55.85,1.0,55.85,0.219875,14.527027,34.0,4,,
2025-12-01,2026-08-31,20260616_GrowMe_PT_9x16_FX-Creative_ZT-journey_RS-P3X1R1C3_gy_fj,not_delivering,,,,260616_ABO_AEO-Purchase_ios_vid_Growme_US葡语_joy,222,3.89,0.900901,0.0,,,,,,,,15.765766,3.0,6,,
2025-12-01,2026-08-31,20260616_growme_PT_9x16_FX-test_ZT-read_RS-P1X1R3C1_gy_fj,not_delivering,,,,260616_ABO_AEO-Purchase_ios_vid_Growme_US葡语_joy,40,0.55,0.0,,,,,,,,,17.5,,5,,
2025-12-01,2026-08-31,20260616_growme_PT_9x16_FX-test_ZT-niupizhi_RS-P1X1R3C1_gy_fj,inactive,,,,260616_ABO_AEO-Purchase_ios_vid_Growme_US葡语_joy,3632,74.47,1.486784,0.35897436,14.0,5.319286,,,,,,13.76652,34.0,5,,
2025-12-01,2026-08-31,20260616_growme_ES_9x16_FX-test_ZT-read_RS-P1X1R3C1_gy_fj,not_delivering,,,,260616_ABO_AEO-Purchase_ios_vid_Growme_US西语_joy,44,0.62,0.0,,,,,,,,,20.454545,,5,,
2025-12-01,2026-08-31,20260616_growme_ES_9x16_FX-test_ZT-niupizhi_RS-P1X1R3C1_gy_fj,inactive,,,,260616_ABO_AEO-Purchase_ios_vid_Growme_US西语_joy,2879,40.16,1.354637,0.48387097,15.0,2.677333,,,,,,16.811393,25.0,6,,
2025-12-01,2026-08-31,20260615_GrowMe_EN_9x16_FX-LifeLessons_ZT-stuck_RS-P3X1R1C3_gy_jql,not_delivering,,,,260630_ABO_AEO-Purchase_ios_vid_Growme_WW_0615_joy,5,0.0,0.0,,,,,,,,,20.0,,2,,
2025-12-01,2026-08-31,20260615_GrowMe_EN_9x16_FX-Learning_ZT-speech_RS-P3X1R1C3_fj,not_delivering,,,,260630_ABO_AEO-Purchase_ios_vid_Growme_WW_0615_joy,11,0.0,9.090909,,,,,,,,,36.363636,,15,,
2025-12-01,2026-08-31,20260615_GrowMe_EN_9x16_FX-Learning_ZT-learn_RS-P3X1R1C3_gy,not_delivering,1.0,actions:app_custom_event.fb_mobile_purchase,55.52,260630_ABO_AEO-Purchase_ios_vid_Growme_WW_0615_joy,50355,55.52,0.826134,0.26907631,67.0,0.828657,1.0,55.52,1.0,55.52,0.443264,9.053719,73.0,2,,
2025-12-01,2026-08-31,20260615_GrowMe_EN_9x16_FX-Challenge_ZT-Follow along_RS-P3X1R1C3_fj,not_delivering,,,,260630_ABO_AEO-Purchase_ios_vid_Growme_WW_0615_joy,138,0.24,0.724638,0.0,,,,,,,,17.391304,1.0,4,,
2025-12-01,2026-08-31,20260615_growme_EN_9x16_FX-Faith_ZT-amen_RS-P1X1R3C3_wxx,not_delivering,,,,260630_ABO_AEO-Purchase_ios_vid_Growme_WW_0615_joy,53,0.09,0.0,,,,,,,,,18.867925,2.0,9,,
2025-12-01,2026-08-31,20260615_growme_EN_9x16_FX-Learning_ZT-practive_RS-P1X1R3C3_wxx,not_delivering,,,,260630_ABO_AEO-Purchase_ios_vid_Growme_WW_0615_joy,4396,6.59,1.569609,0.41176471,7.0,0.941429,,,,,,20.473157,28.0,12,,
2025-12-01,2026-08-31,20260615_GrowMe_EN_9x16_FX-SelfImprovement_ZT-better_RS-P3X1R1C3_gy_jql,not_delivering,,,,260630_ABO_AEO-Purchase_ios_vid_Growme_WW_0615_joy,3,0.0,0.0,,,,,,,,,,,1,,
2025-12-01,2026-08-31,20260615_GrowMe_EN_9x16_FX-LifeLessons_ZT-zhencheng_RS-P3X1R1C3_gy,not_delivering,,,,260630_ABO_AEO-Purchase_ios_vid_Growme_WW_0615_joy,2,0.0,0.0,,,,,,,,,50.0,,27,,
2025-12-01,2026-08-31,20260615_growme_EN_9x16_FX-test_ZT-niupizhi_LV1-rain_RS-P1X1R3C1_fj,not_delivering,,,,260630_ABO_AEO-Purchase_ios_vid_Growme_WW_0615_joy,702,1.05,0.712251,0.0,,,,,,,,13.247863,1.0,4,,
2025-12-01,2026-08-31,20260615_GrowMe_EN_9x16_FX-LifeLessons_ZT-peaple_RS-P3X1R1C3_gy_jql,not_delivering,,,,260630_ABO_AEO-Purchase_ios_vid_Growme_WW_0615_joy,24,0.02,8.333333,,,,,,,,,37.5,,14,,
2025-12-01,2026-08-31,20260615_growme_EN_9x16_FX-LifeLessons_ZT-changelife_RS-P1X1R3C3_wxx,not_delivering,,,,260630_ABO_AEO-Purchase_ios_vid_Growme_WW_0615_joy,2,0.0,0.0,,,,,,,,,,,1,,
2025-12-01,2026-08-31,20260615_GrowMe_EN_9x16_FX-Learning_ZT-English_RS-P3X1R1C3_gy,not_delivering,,,,260630_ABO_AEO-Purchase_ios_vid_Growme_WW_0615_joy,130,0.21,0.0,,,,,,,,,20.769231,2.0,11,,
2025-12-01,2026-08-31,20260615_growme_EN_9x16_FX-LifeLessons_ZT-positive_RS-P1X1R3C3_wxx,not_delivering,,,,260630_ABO_AEO-Purchase_ios_vid_Growme_WW_0615_joy,23,0.01,0.0,,,,,,,,,13.043478,,11,,
2025-12-01,2026-08-31,20260615_GrowMe_EN_9x16_FX-Creative_ZT-11things_LV1-scape_RS-P3X1R1C3_fj,not_delivering,,,,260630_ABO_AEO-Purchase_ios_vid_Growme_WW_0615_joy,86,0.25,1.162791,0.0,,,,,,,,26.744186,2.0,8,,
2025-12-01,2026-08-31,20260615_GrowMe_EN_9x16_FX-Successful_ZT-communicate_RS-P3X1R1C3_fj,not_delivering,,,,260630_ABO_AEO-Purchase_ios_vid_Growme_WW_0615_joy,3,0.0,33.333333,,,,,,,,,66.666667,1.0,46,,
2025-12-01,2026-08-31,20260615_GrowMe_EN_9x16_FX-LifeLessons_ZT-dream_RS-P3X1R1C3_gy,not_delivering,,,,260630_ABO_AEO-Purchase_ios_vid_Growme_WW_0615_joy,1,0.0,0.0,,,,,,,,,,,1,,
2025-12-01,2026-08-31,20260615_GrowMe_EN_9x16_FX-LifeLessons_ZT-future_RS-P3X1R1C3_gy_jql,not_delivering,,,,260630_ABO_AEO-Purchase_ios_vid_Growme_WW_0615_joy,2,0.0,0.0,,,,,,,,,,,1,,
2025-12-01,2026-08-31,20260615_GrowMe_EN_9x16_FX-Financet_ZT-rich_RS-P3X1R1C3_gy_jql,not_delivering,,,,260630_ABO_AEO-Purchase_ios_vid_Growme_WW_0615_joy,1,0.0,0.0,,,,,,,,,100.0,,24,,
2025-12-01,2026-08-31,20260618_GrowMe_EN_9x16_FX-Learning_ZT-pace_RS-P3X1R1C3_gy_jql - Copy,inactive,,,,growmme_260702_WW_AAA_purchase_top_sie,10247,17.26,1.824924,0.3,21.0,0.821905,2.0,8.63,,,,24.397385,86.0,10,,
2025-12-01,2026-08-31,20260615_growme_EN_9x16_FX-test_ZT-niupizhi_LV1-rain_RS-P1X1R3C1_fj - Copy,inactive,,,,growmme_260702_WW_AAA_purchase_top_sie,11310,10.88,1.184792,0.37735849,20.0,0.544,,,,,,21.847922,87.0,8,,
2025-12-01,2026-08-31,20260616_GrowMe_EN_9x16_FX-LifeLessons_ZT-water_RS-P3X1R1C3_gy_jql - Copy,not_delivering,48.0,actions:app_custom_event.fb_mobile_purchase,28.06020833,growmme_260702_WW_AAA_purchase_top_sie,1678683,1346.89,1.80308,0.26877968,2773.0,0.485716,84.0,16.034405,48.0,28.060208,0.736422,18.392931,11492.0,8,,
2025-12-01,2026-08-31,20260615_growme_EN_9x16_FX-test_ZT-niupizhi_LV1-rain_RS-P1X1R3C1_fj - Copy,archived,,,,growmme_260703_AS_AAA_purchase_top_sie（ex:india/indonesia/turkey),11303,10.91,1.442095,0.21212121,14.0,0.779286,2.0,5.455,,,,21.357162,97.0,8,,
2025-12-01,2026-08-31,20260618_GrowMe_EN_9x16_FX-Learning_ZT-pace_RS-P3X1R1C3_gy_jql - Copy,archived,,,,growmme_260703_AS_AAA_purchase_top_sie（ex:india/indonesia/turkey),10575,15.98,1.484634,0.46875,30.0,0.532667,4.0,3.995,,,,24.671395,86.0,10,,
2025-12-01,2026-08-31,20260616_GrowMe_EN_9x16_FX-LifeLessons_ZT-water_RS-P3X1R1C3_gy_jql - Copy,archived,,,,growmme_260703_AS_AAA_purchase_top_sie（ex:india/indonesia/turkey),11015,10.39,1.942805,0.45454545,35.0,0.296857,,,,,,21.534271,71.0,10,,
2025-12-01,2026-08-31,20260616_GrowMe_EN_9x16_FX-LifeLessons_ZT-water_RS-P3X1R1C3_gy_jql - Copy,inactive,,,,growmme_260702_EU/NA/OC_AAA_purchase_top_sie,3246,10.46,1.571165,0.19047619,4.0,2.615,,,,,,15.988909,23.0,6,,
2025-12-01,2026-08-31,20260618_GrowMe_EN_9x16_FX-Learning_ZT-pace_RS-P3X1R1C3_gy_jql - Copy,not_delivering,,,,growmme_260702_EU/NA/OC_AAA_purchase_top_sie,1768,9.67,1.753394,0.35714286,5.0,1.934,,,,,,20.531674,12.0,8,,
2025-12-01,2026-08-31,20260615_growme_EN_9x16_FX-test_ZT-niupizhi_LV1-rain_RS-P1X1R3C1_fj - Copy,inactive,,,,growmme_260702_EU/NA/OC_AAA_purchase_top_sie,3592,11.44,1.252784,0.31034483,9.0,1.271111,2.0,5.72,,,,17.483296,21.0,5,,
2025-12-01,2026-08-31,20260618_GrowMe_EN_9x16_FX-Learning_ZT-pace_RS-P3X1R1C3_gy_jql - Copy,inactive,2.0,actions:app_custom_event.fb_mobile_purchase,19.435,growmme_260706_WW_AAA_purchase_7day_top_sie(ex: Indonesia),22234,38.87,1.461725,0.13924051,22.0,1.766818,2.0,19.435,2.0,19.435,0.342423,22.627507,172.0,9,,
2025-12-01,2026-08-31,20260615_growme_EN_9x16_FX-test_ZT-niupizhi_LV1-rain_RS-P1X1R3C1_fj - Copy,inactive,1.0,actions:app_custom_event.fb_mobile_purchase,28.35,growmme_260706_WW_AAA_purchase_7day_top_sie(ex: Indonesia),38795,28.35,0.793917,0.30714286,43.0,0.659302,1.0,28.35,1.0,28.35,0.409524,17.241913,202.0,6,,
2025-12-01,2026-08-31,20260616_GrowMe_EN_9x16_FX-LifeLessons_ZT-water_RS-P3X1R1C3_gy_jql - Copy,inactive,,,,growmme_260706_WW_AAA_purchase_7day_top_sie(ex: Indonesia),11566,10.0,2.109632,0.4939759,41.0,0.243902,,,,,,18.753242,91.0,8,,
2025-12-01,2026-08-31,20260618_GrowMe_EN_9x16_FX-Learning_ZT-pace_RS-P3X1R1C3_gy_jql - Copy,not_delivering,,,,growmme_260706_WW_AAA_purchase_1day_top_sie,5171,6.24,1.063624,0.46153846,12.0,0.52,,,,,,22.819571,34.0,9,,
2025-12-01,2026-08-31,20260615_growme_EN_9x16_FX-test_ZT-niupizhi_LV1-rain_RS-P1X1R3C1_fj - Copy,inactive,,,,growmme_260706_WW_AAA_purchase_1day_top_sie,11882,13.15,0.572294,0.275,11.0,1.195455,,,,,,15.510857,47.0,5,,
2025-12-01,2026-08-31,20260616_GrowMe_EN_9x16_FX-LifeLessons_ZT-water_RS-P3X1R1C3_gy_jql - Copy,inactive,,,,growmme_260706_WW_AAA_purchase_1day_top_sie,10009,8.5,1.498651,0.6,27.0,0.314815,,,,,,17.853931,62.0,6,,
2025-12-01,2026-08-31,20260616_GrowMe_EN_9x16_FX-LifeLessons_ZT-water_RS-P3X1R1C3_gy_jql - Copy,inactive,,,,growmme_260706_EU_AAA_purchase_top_sie,3318,9.88,1.356239,0.2,3.0,3.293333,,,,,,13.71308,14.0,5,,
2025-12-01,2026-08-31,20260615_growme_EN_9x16_FX-test_ZT-niupizhi_LV1-rain_RS-P1X1R3C1_fj - Copy,inactive,28.0,actions:app_custom_event.fb_mobile_purchase,35.76071429,growmme_260706_EU_AAA_purchase_top_sie,377966,1001.3,0.900875,0.32620614,595.0,1.682857,50.0,20.026,28.0,35.760714,0.597733,13.792775,1770.0,4,,
2025-12-01,2026-08-31,20260618_GrowMe_EN_9x16_FX-Learning_ZT-pace_RS-P3X1R1C3_gy_jql - Copy,not_delivering,,,,growmme_260706_EU_AAA_purchase_top_sie,65,0.33,0.0,,,,,,,,,23.076923,,11,,
2025-12-01,2026-08-31,20260616_GrowMe_EN_9x16_FX-Learning_ZT-readAI_RS-P3X1R1C3_gy_jql,not_delivering,,,,260706_ABO_AEO-Purchase_ios_vid_Growme_WW_06150622back设计师回滚_joy,1233,2.61,0.567721,0.5,2.0,1.305,,,,,,11.030008,6.0,3,,
2025-12-01,2026-08-31,20260615_growme_EN_9x16_FX-test_ZT-niupizhi_LV1-rain_RS-P1X1R3C1_fj,archived,3.0,actions:app_custom_event.fb_mobile_purchase,30.77666667,260706_ABO_AEO-Purchase_ios_vid_Growme_WW_五六月top总_joy,74421,92.33,0.515983,0.26388889,57.0,1.619825,5.0,18.466,3.0,30.776667,0.665547,11.347604,216.0,4,,
2025-12-01,2026-08-31,20260615_GrowMe_EN_9x16_FX-Challenge_ZT-Follow along_RS-P3X1R1C3_fj,archived,,,,260706_ABO_AEO-Purchase_ios_vid_Growme_WW_五六月top总_joy,284,0.75,1.408451,0.0,,,,,,,,17.957746,1.0,5,,
2025-12-01,2026-08-31,20260615_growme_EN_9x16_FX-LifeLessons_ZT-positive_RS-P1X1R3C3_wxx,archived,,,,260706_ABO_AEO-Purchase_ios_vid_Growme_WW_五六月top总_joy,17,0.04,0.0,,,,,,,,,23.529412,,8,,
2025-12-01,2026-08-31,20260617_GrowMe_EN_9x16_FX-Communication_ZT-powerCommunication_RS-P3X1R1C3_fj,archived,,,,260706_ABO_AEO-Purchase_ios_vid_Growme_WW_五六月top总_joy,2,0.0,0.0,,,,,,,,,,,1,,
2025-12-01,2026-08-31,20260615_GrowMe_EN_9x16_FX-Challenge_ZT-Follow along_RS-P3X1R1C3_fj,archived,,,,260706_ABO_AEO-Purchase_ios_vid_Growme_T2头部_五六月top总_joy,50,0.1,2.0,1.0,1.0,0.1,,,,,,8.0,,2,,
2025-12-01,2026-08-31,20260615_growme_EN_9x16_FX-test_ZT-niupizhi_LV1-rain_RS-P1X1R3C1_fj,archived,,,,260706_ABO_AEO-Purchase_ios_vid_Growme_T2头部_五六月top总_joy,1985,3.41,0.503778,0.0,,,,,,,,14.710327,5.0,5,,
2025-12-01,2026-08-31,20260618_GrowMe_EN_9x16_FX-Learning_ZT-pace_RS-P3X1R1C3_gy_jql,inactive,5.0,actions:app_custom_event.fb_mobile_purchase,50.986,260706_ABO_AEO-Purchase_ios_vid_Growme_WW_五六月回滚素材总_joy,65971,254.93,1.11261,0.15693431,43.0,5.928605,7.0,36.418571,5.0,50.986,0.456282,18.888603,347.0,8,,
2025-12-01,2026-08-31,20260617_GrowMe_EN_9x16_FX-Communication_ZT-powerCommunication_RS-P3X1R1C3_fj,not_delivering,,,,260629_ABO_AEO-Purchase_ios_vid_Growme_WW_0615top_joy,1,0.0,0.0,,,,,,,,,,,0,,
2025-12-01,2026-08-31,20260616_growme_EN_9x16_FX-Learning_ZT-readextensive_RS-P1X1R3C3_wxx,not_delivering,,,,260629_ABO_AEO-Purchase_ios_vid_Growme_WW_0615top_joy,4,0.0,0.0,,,,,,,,,25.0,,3,,
2025-12-01,2026-08-31,20260615_growme_EN_9x16_FX-LifeLessons_ZT-positive_RS-P1X1R3C3_wxx,not_delivering,,,,260629_ABO_AEO-Purchase_ios_vid_Growme_WW_0615top_joy,22,0.01,4.545455,0.0,,,,,,,,18.181818,,9,,
2025-12-01,2026-08-31,20260618_GrowMe_EN_9x16_FX-Learning_ZT-pace_RS-P3X1R1C3_gy_jql,not_delivering,,,,260629_ABO_AEO-Purchase_ios_vid_Growme_WW_0615top_joy,28,0.0,0.0,,,,,,,,,10.714286,,2,,
2025-12-01,2026-08-31,20260616_GrowMe_EN_9x16_FX-LifeLessons_ZT-water_RS-P3X1R1C3_gy_jql,not_delivering,1.0,actions:app_custom_event.fb_mobile_purchase,51.44,260629_ABO_AEO-Purchase_ios_vid_Growme_WW_0615top_joy,22615,51.44,1.322131,0.31192661,34.0,1.512941,1.0,51.44,1.0,51.44,0.220062,13.203626,108.0,7,,
2025-12-01,2026-08-31,20260615_growme_EN_9x16_FX-test_ZT-niupizhi_LV1-rain_RS-P1X1R3C1_fj,not_delivering,,,,260629_ABO_AEO-Purchase_ios_vid_Growme_WW_0615top_joy,13092,15.62,0.48121,0.19444444,7.0,2.231429,,,,,,11.037275,32.0,3,,
2025-12-01,2026-08-31,20260616_GrowMe_EN_9x16_FX-LifeLessons_ZT-water_RS-P3X1R1C3_gy_jql - Copy,inactive,,,,growmme_260706_SA/CA/CAR/AF_AAA_purchase_7day_top_sie,10088,8.57,2.3295,0.27472527,25.0,0.3428,,,,,,18.457573,114.0,9,,
2025-12-01,2026-08-31,20260618_GrowMe_EN_9x16_FX-Learning_ZT-pace_RS-P3X1R1C3_gy_jql - Copy,inactive,,,,growmme_260706_SA/CA/CAR/AF_AAA_purchase_7day_top_sie,24000,36.84,1.033333,0.17557252,23.0,1.601739,2.0,18.42,,,,18.945833,189.0,7,,
2025-12-01,2026-08-31,20260615_growme_EN_9x16_FX-test_ZT-niupizhi_LV1-rain_RS-P1X1R3C1_fj - Copy,inactive,2.0,actions:app_custom_event.fb_mobile_purchase,43.46,growmme_260706_SA/CA/CAR/AF_AAA_purchase_7day_top_sie,52063,86.92,0.758696,0.35087719,80.0,1.0865,5.0,17.384,2.0,43.46,0.455706,13.679581,329.0,5,,
2025-12-01,2026-08-31,20260615_growme_EN_9x16_FX-test_ZT-niupizhi_LV1-rain_RS-P1X1R3C1_fj,not_delivering,4.0,actions:app_custom_event.fb_mobile_purchase,45.64,260706_ABO_AEO-Purchase_ios_vid_Growme_US/UK_五六月top总_卡0.4_joy,23370,182.56,0.808729,0.34126984,43.0,4.245581,10.0,18.256,4.0,45.64,0.393679,14.471545,112.0,4,,
2025-12-01,2026-08-31,20260615_GrowMe_EN_9x16_FX-Challenge_ZT-Follow along_RS-P3X1R1C3_fj,not_delivering,,,,260706_ABO_AEO-Purchase_ios_vid_Growme_US/UK_五六月top总_卡0.4_joy,26,0.32,0.0,,,,,,,,,30.769231,1.0,17,,
2025-12-01,2026-08-31,20260615_growme_EN_9x16_FX-LifeLessons_ZT-positive_RS-P1X1R3C3_wxx,not_delivering,,,,260706_ABO_AEO-Purchase_ios_vid_Growme_US/UK_五六月top总_卡0.4_joy,3,0.01,0.0,,,,,,,,,,,1,,
2025-12-01,2026-08-31,20260616_growme_EN_9x16_FX-Learning_ZT-readextensive_RS-P1X1R3C3_wxx,not_delivering,,,,260706_ABO_AEO-Purchase_ios_vid_Growme_中日马泰_五六月top总_joy,9,0.0,11.111111,0.0,,,,,,,,33.333333,,18,,
2025-12-01,2026-08-31,20260615_GrowMe_EN_9x16_FX-Challenge_ZT-Follow along_RS-P3X1R1C3_fj,not_delivering,,,,260706_ABO_AEO-Purchase_ios_vid_Growme_中日马泰_五六月top总_joy,94,0.27,0.0,,,,,,,,,14.893617,3.0,10,,
2025-12-01,2026-08-31,20260615_growme_EN_9x16_FX-LifeLessons_ZT-positive_RS-P1X1R3C3_wxx,not_delivering,,,,260706_ABO_AEO-Purchase_ios_vid_Growme_中日马泰_五六月top总_joy,18,0.16,11.111111,0.0,,,,,,,,22.222222,,17,,
2025-12-01,2026-08-31,20260617_GrowMe_EN_9x16_FX-Communication_ZT-powerCommunication_RS-P3X1R1C3_fj,not_delivering,,,,260706_ABO_AEO-Purchase_ios_vid_Growme_中日马泰_五六月top总_joy,1,0.02,0.0,,,,,,,,,100.0,,6,,
2025-12-01,2026-08-31,20260615_growme_EN_9x16_FX-test_ZT-niupizhi_LV1-rain_RS-P1X1R3C1_fj,not_delivering,1.0,actions:app_custom_event.fb_mobile_purchase,45.77,260706_ABO_AEO-Purchase_ios_vid_Growme_中日马泰_五六月top总_joy,15881,45.77,0.805995,0.36842105,21.0,2.179524,1.0,45.77,1.0,45.77,0.197072,16.327687,46.0,6,,
2025-12-01,2026-08-31,20260615_GrowMe_EN_9x16_FX-Challenge_ZT-Follow along_RS-P3X1R1C3_fj,archived,,,,260706_ABO_AEO-Purchase_ios_vid_Growme_EU_五六月top总_joy,19,0.06,0.0,,,,,,,,,21.052632,,13,,
2025-12-01,2026-08-31,20260615_growme_EN_9x16_FX-test_ZT-niupizhi_LV1-rain_RS-P1X1R3C1_fj,archived,,,,260706_ABO_AEO-Purchase_ios_vid_Growme_EU_五六月top总_joy,17876,55.37,0.816738,0.30681818,27.0,2.050741,,,,,,15.613113,81.0,5,,
2025-12-01,2026-08-31,20260615_growme_EN_9x16_FX-LifeLessons_ZT-positive_RS-P1X1R3C3_wxx,archived,,,,260706_ABO_AEO-Purchase_ios_vid_Growme_EU_五六月top总_joy,1,0.01,0.0,,,,,,,,,,,1,,
2025-12-01,2026-08-31,20260616_growme_EN_9x16_FX-aitalk_ZT-niceleader_RS-P1X1R3C3_wxx,not_delivering,,,,260707_ABO_AEO-Purchase_ios_vid_Growme_WW_设计师回滚0629周_joy,20,0.09,0.0,,,,,,,,,15.0,,2,,
2025-12-01,2026-08-31,20260618_GrowMe_EN_9x16_FX-Learning_ZT-pace_RS-P3X1R1C3_gy_jql - Copy,not_delivering,,,,growmme_260707_WW_AAA_purchase_1day_top_sie,343,0.57,1.457726,0.0,,,,,,,,25.072886,5.0,10,,
2025-12-01,2026-08-31,20260616_GrowMe_EN_9x16_FX-LifeLessons_ZT-water_RS-P3X1R1C3_gy_jql - Copy,not_delivering,,,,growmme_260707_WW_AAA_purchase_1day_top_sie,6562,5.47,1.508686,0.13636364,6.0,0.911667,,,,,,18.104237,56.0,8,,
2025-12-01,2026-08-31,20260617_GrowMe_EN_9x16_FX-Learning_ZT-10mins_RS-P3X1R1C3_gy - Copy,not_delivering,,,,growmme_260707_WW_AAA_purchase_1day_top_sie,166,0.1,2.409639,0.0,,,,,,,,24.698795,2.0,13,,
2025-12-01,2026-08-31,20260616_growme_EN_9x16_FX-Learning_ZT-readextensive_RS-P1X1R3C3_wxx,not_delivering,,,,260706_ABO_AEO-Purchase_ios_vid_Growme_US/UK_五六月top总_卡0.4_joy,2,0.0,0.0,,,,,,,,,50.0,,4,,
2025-12-01,2026-08-31,20260617_GrowMe_EN_9x16_FX-Communication_ZT-powerCommunication_RS-P3X1R1C3_fj,archived,,,,260706_ABO_AEO-Purchase_ios_vid_Growme_EU_五六月top总_joy,1,0.0,0.0,,,,,,,,,,,1,,
2025-12-01,2026-08-31,20260618_GrowMe_EN_9x16_FX-Learning_ZT-pace_RS-P3X1R1C3_gy_jql - Copy,inactive,,,,growmme_260708_AF_AAA_purchase_1day_top_sie,10341,21.18,1.953389,0.17910448,12.0,1.765,,,,,,23.866164,129.0,10,,
2025-12-01,2026-08-31,20260617_GrowMe_EN_9x16_FX-Learning_ZT-10mins_RS-P3X1R1C3_gy - Copy,not_delivering,,,,growmme_260708_AF_AAA_purchase_1day_top_sie,3275,2.11,1.832061,0.21052632,8.0,0.26375,,,,,,22.59542,56.0,10,,
2025-12-01,2026-08-31,20260616_GrowMe_EN_9x16_FX-LifeLessons_ZT-water_RS-P3X1R1C3_gy_jql - Copy,inactive,,,,growmme_260708_AF_AAA_purchase_1day_top_sie,10613,5.48,1.469895,0.18309859,13.0,0.421538,,,,,,17.016866,78.0,7,,
2025-12-01,2026-08-31,20260618_GrowMe_EN_9x16_FX-Learning_ZT-pace_RS-P3X1R1C3_gy_jql - Copy,not_delivering,,,,growmme_260708_Americas_AAA_purchase_1day_top_sie,99,0.54,1.010101,0.0,,,,,,,,25.252525,1.0,12,,
2025-12-01,2026-08-31,20260617_GrowMe_EN_9x16_FX-Learning_ZT-10mins_RS-P3X1R1C3_gy - Copy,not_delivering,,,,growmme_260708_Americas_AAA_purchase_1day_top_sie,12,0.02,0.0,,,,,,,,,25.0,2.0,21,,
2025-12-01,2026-08-31,20260616_GrowMe_EN_9x16_FX-LifeLessons_ZT-water_RS-P3X1R1C3_gy_jql - Copy,not_delivering,,,,growmme_260708_Americas_AAA_purchase_1day_top_sie,621,1.44,1.449275,0.0,,,,,,,,12.721417,6.0,6,,
2025-12-01,2026-08-31,20260618_GrowMe_EN_9x16_FX-Learning_ZT-pace_RS-P3X1R1C3_gy_jql,not_delivering,,,,260709_ABO_AEO-Purchase_ios_vid_Growme_WW_五六月回滚素材复跑_joy,1023,6.45,1.075269,1.0,1.0,6.45,,,,,,23.949169,8.0,10,,
2025-12-01,2026-08-31,20260616_GrowMe_EN_9x16_FX-LifeLessons_ZT-water_RS-P3X1R1C3_gy_jql,not_delivering,,,,260709_ABO_AEO-Purchase_ios_vid_Growme_WW_2026上半年top_joy,721,1.17,1.664355,0.0,,,,,,,,13.176144,11.0,7,,
2025-12-01,2026-08-31,20260616_GrowMe_EN_9x16_FX-LifeLessons_ZT-water_RS-P3X1R1C3_gy_jql,not_delivering,,,,260709_ABO_AEO-Purchase_ios_vid_Growme_US/UK_2026上半年top_joy,38,0.31,5.263158,0.0,,,,,,,,28.947368,2.0,16,,
2025-12-01,2026-08-31,20260616_GrowMe_EN_9x16_FX-LifeLessons_ZT-water_RS-P3X1R1C3_gy_jql,not_delivering,,,,260709_ABO_AEO-Purchase_ios_vid_Growme_中日马泰_2026上半年top_joy,389,2.84,2.313625,0.0,,,,,,,,19.023136,2.0,8,,
2025-12-01,2026-08-31,20260616_GrowMe_EN_9x16_FX-LifeLessons_ZT-water_RS-P3X1R1C3_gy_jql - Copy 2,not_delivering,2.0,actions:app_custom_event.fb_mobile_purchase,78.02,growmme_260710_WW_AAA_purchase_1day_high-conversion_sie,151572,156.04,2.015544,0.20291363,195.0,0.800205,14.0,11.145714,2.0,78.02,0.334978,18.102288,1376.0,9,,
2025-12-01,2026-08-31,20260615_growme_EN_9x16_FX-test_ZT-niupizhi_LV1-rain_RS-P1X1R3C1_fj - Copy 2,inactive,,,,growmme_260710_WW_AAA_purchase_1day_high-conversion_sie,15846,14.22,0.719424,0.42,21.0,0.677143,,,,,,14.584122,58.0,5,,
2025-12-01,2026-08-31,20260616_growme_EN_9x16_FX-Learning_ZT-readextensive_RS-P1X1R3C3_wxx,not_delivering,,,,260622_AAA_AEO-Purchase_ios_vid_Growme_T2_0615week_joy,103,0.12,7.76699,0.0,,,,,,,,37.864078,3.0,28,,
2025-12-01,2026-08-31,20260617_GrowMe_EN_9x16_FX-Learning_ZT-10mins_RS-P3X1R1C3_gy,not_delivering,,,,260622_AAA_AEO-Purchase_ios_vid_Growme_T2_0615week_joy,2708,4.26,2.658789,0.02666667,2.0,2.13,,,,,,24.704579,45.0,12,,
2025-12-01,2026-08-31,20260616_GrowMe_EN_9x16_FX-LifeLessons_ZT-water_RS-P3X1R1C3_gy_jql,not_delivering,1.0,actions:app_custom_event.fb_mobile_purchase,132.13,260622_AAA_AEO-Purchase_ios_vid_Growme_T2_0615week_joy,84943,132.13,1.345608,0.18466354,118.0,1.119746,11.0,12.011818,1.0,132.13,0.100961,13.484337,673.0,6,,
2025-12-01,2026-08-31,20260618_GrowMe_EN_9x16_FX-Learning_ZT-listen_RS-P3X1R1C3_gy_jql,not_delivering,,,,260622_AAA_AEO-Purchase_ios_vid_Growme_T2_0615week_joy,72,0.07,5.555556,0.0,,,,,,,,36.111111,,24,,
2025-12-01,2026-08-31,20260618_GrowMe_EN_9x16_FX-Learning_ZT-pace_RS-P3X1R1C3_gy_jql,not_delivering,,,,260622_AAA_AEO-Purchase_ios_vid_Growme_T2_0615week_joy,8749,10.79,1.142988,0.05660377,3.0,3.596667,,,,,,21.213853,46.0,9,,
2025-12-01,2026-08-31,20260615_growme_EN_9x16_FX-LifeLessons_ZT-positive_RS-P1X1R3C3_wxx,not_delivering,,,,260622_AAA_AEO-Purchase_ios_vid_Growme_T2_0615week_joy,678,1.37,2.359882,0.0,,,,,,,,25.221239,14.0,15,,
2025-12-01,2026-08-31,20260617_GrowMe_EN_9x16_FX-Mindset_ZT-gentle1_RS-P3X1R1C3_gy_jql,not_delivering,,,,260622_AAA_AEO-Purchase_ios_vid_Growme_T2_0615week_joy,62,0.05,1.612903,0.0,,,,,,,,38.709677,3.0,25,,
2025-12-01,2026-08-31,20260617_GrowMe_EN_9x16_FX-Learning_ZT-language_RS-P3X1R1C3_gy_jql,not_delivering,,,,260622_AAA_AEO-Purchase_ios_vid_Growme_T2_0615week_joy,109,0.12,6.422018,0.0,,,,,,,,33.027523,1.0,12,,
2025-12-01,2026-08-31,20260617_GrowMe_EN_9x16_FX-Communication_ZT-powerCommunication_RS-P3X1R1C3_fj,not_delivering,,,,260629_ABO_AEO-Purchase_ios_vid_Growme_WW_0615top_joy,1,0.0,0.0,,,,,,,,,,,0,,
2025-12-01,2026-08-31,20260618_GrowMe_EN_9x16_FX-Learning_ZT-pace_RS-P3X1R1C3_gy_jql,not_delivering,,,,260629_ABO_AEO-Purchase_ios_vid_Growme_WW_0615top_joy,123,0.07,2.439024,0.0,,,,,,,,19.512195,,10,,
2025-12-01,2026-08-31,20260615_growme_EN_9x16_FX-test_ZT-niupizhi_LV1-rain_RS-P1X1R3C1_fj,not_delivering,,,,260629_ABO_AEO-Purchase_ios_vid_Growme_WW_0615top_joy,6827,5.64,0.410136,0.28571429,6.0,0.94,,,,,,11.454519,17.0,4,,
2025-12-01,2026-08-31,20260615_growme_EN_9x16_FX-LifeLessons_ZT-positive_RS-P1X1R3C3_wxx,not_delivering,,,,260629_ABO_AEO-Purchase_ios_vid_Growme_WW_0615top_joy,9,0.0,0.0,,,,,,,,,22.222222,,13,,
2025-12-01,2026-08-31,20260616_GrowMe_EN_9x16_FX-LifeLessons_ZT-water_RS-P3X1R1C3_gy_jql,not_delivering,,,,260629_ABO_AEO-Purchase_ios_vid_Growme_WW_0615top_joy,3352,3.77,1.044153,0.08333333,1.0,3.77,,,,,,14.140811,27.0,7,,
2025-12-01,2026-08-31,20260616_growme_EN_9x16_FX-Learning_ZT-readextensive_RS-P1X1R3C3_wxx,not_delivering,,,,260629_ABO_AEO-Purchase_ios_vid_Growme_WW_0615top_joy,12,0.0,0.0,,,,,,,,,41.666667,,42,,
2025-12-01,2026-08-31,20260615_growme_EN_9x16_FX-test_ZT-niupizhi_LV1-rain_RS-P1X1R3C1_fj - Copy,archived,,,,growmme_260713_WW_AAA_purchase_7day_top_sie(ex: Indonesia),3309,3.58,0.815956,0.4375,7.0,0.511429,,,,,,12.118465,7.0,4,,
2025-12-01,2026-08-31,20260615_growme_EN_9x16_FX-test_ZT-niupizhi_LV1-rain_RS-P1X1R3C1_fj - Copy,archived,,,,growmme_260713_WW_AAA_purchase_7day_top_sie(ex: Indonesia),12961,11.7,0.540082,0.37142857,13.0,0.9,,,,,,11.550035,41.0,4,,
2025-12-01,2026-08-31,20260615_GrowMe_EN_9x16_FX-Challenge_ZT-Follow along_RS-P3X1R1C3_fj - Copy,archived,,,,growmme_260713_WW_AAA_purchase_7day_top_sie(ex: Indonesia),205,0.37,0.97561,0.0,,,,,,,,19.02439,3.0,7,,
2025-12-01,2026-08-31,20260617_GrowMe_EN_9x16_FX-Learning_ZT-10mins_RS-P3X1R1C3_gy - Copy,archived,,,,growmme_260713_WW_AAA_purchase_7day_top_sie(ex: Indonesia),244,0.16,2.459016,0.0,,,,,,,,24.180328,5.0,14,,
2025-12-01,2026-08-31,20260615_growme_EN_9x16_FX-test_ZT-niupizhi_LV1-rain_RS-P1X1R3C1_fj - Copy 2,archived,,,,growmme_260713_WW_AAA_purchase_7day_top_sie(ex: Indonesia),3848,4.17,0.857588,0.05263158,1.0,4.17,,,,,,13.227651,13.0,4,,
2025-12-01,2026-08-31,20260616_GrowMe_EN_9x16_FX-LifeLessons_ZT-water_RS-P3X1R1C3_gy_jql - Copy 2,archived,2.0,actions:app_custom_event.fb_mobile_purchase,9.395,growmme_260713_WW_AAA_purchase_7day_top_sie(ex: Indonesia),10478,18.79,1.946936,0.34065934,31.0,0.606129,2.0,9.395,2.0,9.395,2.143693,15.499141,100.0,7,,
2025-12-01,2026-08-31,20260616_GrowMe_EN_9x16_FX-LifeLessons_ZT-water_RS-P3X1R1C3_gy_jql - Copy,archived,,,,growmme_260713_WW_AAA_purchase_7day_top_sie(ex: Indonesia),6731,8.5,1.485663,0.25,9.0,0.944444,,,,,,14.693211,52.0,7,,
2025-12-01,2026-08-31,20260618_GrowMe_EN_9x16_FX-Learning_ZT-pace_RS-P3X1R1C3_gy_jql - Copy,archived,,,,growmme_260713_WW_AAA_purchase_7day_top_sie(ex: Indonesia),1394,1.95,0.932568,0.0,,,,,,,,22.66858,9.0,8,,
2025-12-01,2026-08-31,20260615_growme_EN_9x16_FX-test_ZT-niupizhi_LV1-rain_RS-P1X1R3C1_fj - Copy,inactive,,,,growmme_260713_EU/AF/OC/_AAA_purchase_7day_top_sie,5558,10.11,0.647715,0.40909091,9.0,1.123333,,,,,,11.442965,20.0,3,,
2025-12-01,2026-08-31,20260616_GrowMe_EN_9x16_FX-LifeLessons_ZT-water_RS-P3X1R1C3_gy_jql - Copy,inactive,,,,growmme_260713_EU/AF/OC/_AAA_purchase_7day_top_sie,5314,3.95,2.220549,0.19148936,9.0,0.438889,,,,,,17.500941,51.0,7,,
2025-12-01,2026-08-31,20260618_GrowMe_EN_9x16_FX-Learning_ZT-pace_RS-P3X1R1C3_gy_jql - Copy,not_delivering,,,,growmme_260713_EU/AF/OC/_AAA_purchase_7day_top_sie,521,0.96,3.262956,0.33333333,3.0,0.32,1.0,0.96,,,,28.790787,8.0,14,,
2025-12-01,2026-08-31,20260616_GrowMe_EN_9x16_FX-LifeLessons_ZT-water_RS-P3X1R1C3_gy_jql,archived,,,,260713_AAA_AEO-Purchase_ios_vid_Growme_T2头部_0615week_joy,25320,53.04,1.761453,0.13068182,23.0,2.306087,,,,,,14.399684,270.0,7,,
2025-12-01,2026-08-31,20260617_GrowMe_EN_9x16_FX-Learning_ZT-language_RS-P3X1R1C3_gy_jql,archived,,,,260713_AAA_AEO-Purchase_ios_vid_Growme_T2头部_0615week_joy,1,0.0,0.0,,,,,,,,,,,0,,
2025-12-01,2026-08-31,20260618_GrowMe_EN_9x16_FX-Learning_ZT-pace_RS-P3X1R1C3_gy_jql,archived,,,,260713_AAA_AEO-Purchase_ios_vid_Growme_T2头部_0615week_joy,188,0.46,0.531915,,,,,,,,,22.87234,1.0,9,,
2025-12-01,2026-08-31,20260617_GrowMe_EN_9x16_FX-Learning_ZT-10mins_RS-P3X1R1C3_gy,archived,,,,260713_AAA_AEO-Purchase_ios_vid_Growme_T2头部_0615week_joy,29,0.02,0.0,,,,,,,,,20.689655,1.0,16,,
2025-12-01,2026-08-31,20260616_growme_EN_9x16_FX-Learning_ZT-readextensive_RS-P1X1R3C3_wxx,archived,,,,260713_AAA_AEO-Purchase_ios_vid_Growme_T2头部_0615week_joy,1,0.0,0.0,,,,,,,,,,,0,,
2025-12-01,2026-08-31,20260615_growme_EN_9x16_FX-LifeLessons_ZT-positive_RS-P1X1R3C3_wxx,archived,,,,260713_AAA_AEO-Purchase_ios_vid_Growme_T2头部_0615week_joy,9,0.0,0.0,,,,,,,,,33.333333,,12,,
2025-12-01,2026-08-31,20260618_GrowMe_EN_9x16_FX-Learning_ZT-listen_RS-P3X1R1C3_gy_jql,archived,,,,260713_AAA_AEO-Purchase_ios_vid_Growme_T2头部_0615week_joy,1,0.0,0.0,,,,,,,,,,,1,,
2025-12-01,2026-08-31,20260618_GrowMe_EN_9x16_FX-Learning_ZT-pace_RS-P3X1R1C3_gy_jql - Copy,inactive,,,,growmme_260714_WW_AAA_purchase_260706W_sie,10506,13.01,0.942319,0.19148936,9.0,1.445556,,,,,,20.711974,65.0,9,,
2025-12-01,2026-08-31,20260618_GrowMe_EN_9x16_FX-Learning_ZT-pace_RS-P3X1R1C3_gy_jql,not_delivering,,,,260714_AAA_AEO-Purchase_ios_vid_Growme_USUK_0615week_joy,109,1.39,0.917431,0.0,,,,,,,,20.183486,3.0,10,,
2025-12-01,2026-08-31,20260616_GrowMe_EN_9x16_FX-LifeLessons_ZT-water_RS-P3X1R1C3_gy_jql,not_delivering,,,,260714_AAA_AEO-Purchase_ios_vid_Growme_USUK_0615week_joy,2084,17.98,2.015355,0.27777778,5.0,3.596,1.0,17.98,,,,17.802303,27.0,7,,
2025-12-01,2026-08-31,20260615_growme_EN_9x16_FX-LifeLessons_ZT-positive_RS-P1X1R3C3_wxx,not_delivering,,,,260714_AAA_AEO-Purchase_ios_vid_Growme_USUK_0615week_joy,1,0.0,0.0,,,,,,,,,,,1,,
2025-12-01,2026-08-31,20260618_GrowMe_EN_9x16_FX-Learning_ZT-pace_RS-P3X1R1C3_gy_jql - Copy,inactive,,,,growmme_260715_SA/CA/CAR/AF_AAA_purchase_7day_top_sie,10745,19.08,1.982317,0.30232558,26.0,0.733846,1.0,19.08,,,,24.830154,135.0,11,,
2025-12-01,2026-08-31,20260615_growme_EN_9x16_FX-test_ZT-niupizhi_LV1-rain_RS-P1X1R3C1_fj - Copy,inactive,,,,growmme_260715_SA/CA/CAR/AF_AAA_purchase_7day_top_sie,10446,10.69,0.698832,0.2195122,9.0,1.187778,,,,,,13.201225,47.0,5,,
2025-12-01,2026-08-31,20260616_GrowMe_EN_9x16_FX-LifeLessons_ZT-water_RS-P3X1R1C3_gy_jql - Copy,inactive,5.0,actions:app_custom_event.fb_mobile_purchase,36.664,growmme_260715_SA/CA/CAR/AF_AAA_purchase_7day_top_sie,196615,183.32,1.712992,0.22372465,364.0,0.503626,6.0,30.553333,5.0,36.664,0.467489,15.543066,2098.0,7,,
2025-12-01,2026-08-31,20260616_growme_EN_9x16_FX-Learning_ZT-readextensive_RS-P1X1R3C3_wxx,not_delivering,,,,260714_AAA_AEO-Purchase_ios_vid_Growme_USUK_0615week_joy,1,0.0,0.0,,,,,,,,,,,1,,
2025-12-01,2026-08-31,20260615_growme_EN_9x16_FX-LifeLessons_ZT-positive_RS-P1X1R3C3_wxx,not_delivering,,,,260716_ABO_AEO-Purchase_ios_vid_Growme_WW_五六月top总_joy,1,0.0,0.0,,,,,,,,,,,2,,
2025-12-01,2026-08-31,20260615_growme_EN_9x16_FX-test_ZT-niupizhi_LV1-rain_RS-P1X1R3C1_fj,not_delivering,,,,260716_ABO_AEO-Purchase_ios_vid_Growme_WW_五六月top总_joy,11849,9.17,0.565449,0.18918919,7.0,1.31,,,,,,11.368048,38.0,4,,
2025-12-01,2026-08-31,20260615_GrowMe_EN_9x16_FX-Challenge_ZT-Follow along_RS-P3X1R1C3_fj,not_delivering,,,,260716_ABO_AEO-Purchase_ios_vid_Growme_WW_五六月top总_joy,24,0.0,0.0,,,,,,,,,12.5,,3,,
2025-12-01,2026-08-31,20260616_growme_EN_9x16_FX-Learning_ZT-readextensive_RS-P1X1R3C3_wxx,not_delivering,,,,260716_ABO_AEO-Purchase_ios_vid_Growme_WW_五六月top总_joy,2,0.0,0.0,,,,,,,,,,,0,,
2025-12-01,2026-08-31,20260617_GrowMe_EN_9x16_FX-Communication_ZT-powerCommunication_RS-P3X1R1C3_fj,not_delivering,,,,260716_ABO_AEO-Purchase_ios_vid_Growme_WW_五六月top总_joy,3,0.0,0.0,,,,,,,,,,,1,,
2025-12-01,2026-08-31,20260615_growme_EN_9x16_FX-test_ZT-niupizhi_LV1-rain_RS-P1X1R3C1_fj - Copy,inactive,,,,growmme_260716_WW_AAA_purchase_7day_top_sie(ex: Indonesia),10538,9.34,0.759157,0.375,15.0,0.622667,,,,,,13.095464,42.0,4,,
2025-12-01,2026-08-31,20260616_GrowMe_EN_9x16_FX-LifeLessons_ZT-water_RS-P3X1R1C3_gy_jql - Copy,inactive,,,,growmme_260716_WW_AAA_purchase_7day_top_sie(ex: Indonesia),10155,13.28,1.506647,0.1875,18.0,0.737778,,,,,,14.140817,127.0,7,,
2025-12-01,2026-08-31,20260618_GrowMe_EN_9x16_FX-Learning_ZT-pace_RS-P3X1R1C3_gy_jql - Copy,not_delivering,,,,growmme_260716_WW_AAA_purchase_7day_top_sie(ex: Indonesia),616,0.71,0.811688,0.0,,,,,,,,21.266234,2.0,9,,
2025-12-01,2026-08-31,20260618_GrowMe_EN_9x16_FX-Learning_ZT-pace_RS-P3X1R1C3_gy_jql - Copy,not_delivering,,,,growmme_260716_WW_AAA_purchase_1day_top_sie,1107,0.96,1.174345,0.0,,,,,,,,21.95122,3.0,8,,
2025-12-01,2026-08-31,20260615_growme_EN_9x16_FX-test_ZT-niupizhi_LV1-rain_RS-P1X1R3C1_fj - Copy,not_delivering,5.0,actions:app_custom_event.fb_mobile_purchase,36.574,growmme_260716_WW_AAA_purchase_1day_top_sie,203650,182.87,0.645225,0.28051948,216.0,0.84662,22.0,8.312273,5.0,36.574,0.528025,13.39946,816.0,5,,
2025-12-01,2026-08-31,20260616_GrowMe_EN_9x16_FX-LifeLessons_ZT-water_RS-P3X1R1C3_gy_jql - Copy,inactive,,,,growmme_260716_WW_AAA_purchase_1day_top_sie,10541,9.3,1.593777,0.14492754,10.0,0.93,,,,,,15.729058,72.0,7,,
2025-12-01,2026-08-31,20260615_GrowMe_EN_9x16_FX-Challenge_ZT-Follow along_RS-P3X1R1C3_fj,not_delivering,,,,260716_ABO_AEO-Purchase_ios_vid_Growme_EU_五六月top总_joy,4,0.0,0.0,,,,,,,,,,,2,,
2025-12-01,2026-08-31,20260615_growme_EN_9x16_FX-test_ZT-niupizhi_LV1-rain_RS-P1X1R3C1_fj,not_delivering,2.0,actions:app_custom_event.fb_mobile_purchase,44.885,260716_ABO_AEO-Purchase_ios_vid_Growme_EU_五六月top总_joy,32756,89.77,1.099035,0.32258065,60.0,1.496167,5.0,17.954,2.0,44.885,0.519327,16.799976,157.0,5,,
2025-12-01,2026-08-31,20260615_GrowMe_EN_9x16_FX-Challenge_ZT-Follow along_RS-P3X1R1C3_fj,not_delivering,,,,260717_ABO_AEO-Purchase_ios_vid_Growme_WW_消耗小于500roi大于0.7_joy,55,0.08,3.636364,0.0,,,,,,,,18.181818,,4,,
2025-12-01,2026-08-31,20260618_GrowMe_EN_9x16_FX-Learning_ZT-pace_RS-P3X1R1C3_gy_jql,not_delivering,,,,260717_ABO_AEO-Purchase_ios_vid_Growme_WW_消耗小于500roi大于0.7_joy,68,0.05,0.0,,,,,,,,,13.235294,,6,,
2025-12-01,2026-08-31,20260615_growme_EN_9x16_FX-test_ZT-niupizhi_LV1-rain_RS-P1X1R3C1_fj - Copy,inactive,,,,growmme_260717_WW_AAA_purchase_7day_top_sie(ex: Indonesia),11049,13.37,0.515884,0.45454545,10.0,1.337,,,,,,12.109693,36.0,4,,
2025-12-01,2026-08-31,20260616_GrowMe_EN_9x16_FX-LifeLessons_ZT-water_RS-P3X1R1C3_gy_jql - Copy,not_delivering,21.0,actions:app_custom_event.fb_mobile_purchase,28.30285714,growmme_260717_WW_AAA_purchase_7day_top_sie(ex: Indonesia),372059,594.36,1.434719,0.24555687,829.0,0.71696,32.0,18.57375,21.0,28.302857,1.07302,14.150981,3998.0,7,,
2025-12-01,2026-08-31,20260618_GrowMe_EN_9x16_FX-Learning_ZT-pace_RS-P3X1R1C3_gy_jql - Copy,inactive,,,,growmme_260717_WW_AAA_purchase_7day_top_sie(ex: Indonesia),10054,14.93,1.412373,0.15533981,16.0,0.933125,,,,,,22.239905,72.0,9,,
2025-12-01,2026-08-31,20260615_growme_EN_9x16_FX-test_ZT-niupizhi_LV1-rain_RS-P1X1R3C1_fj,not_delivering,,,,260717_ABO_AEO-Purchase_ios_vid_Growme_WW_消耗大于500_joy,10002,9.09,0.54989,0.24137931,7.0,1.298571,,,,,,10.367926,29.0,3,,
2025-12-01,2026-08-31,20260616_GrowMe_EN_9x16_FX-LifeLessons_ZT-water_RS-P3X1R1C3_gy_jql,not_delivering,,,,260717_ABO_AEO-Purchase_ios_vid_Growme_WW_消耗大于500_joy,2331,2.09,0.815101,0.28571429,2.0,1.045,,,,,,11.068211,13.0,5,,
2025-12-01,2026-08-31,20260615_growme_EN_9x16_FX-LifeLessons_ZT-positive_RS-P1X1R3C3_wxx,not_delivering,,,,260706_ABO_AEO-Purchase_ios_vid_Growme_US/UK_五六月top总_卡0.4_joy,4,0.06,0.0,,,,,,,,,25.0,,24,,
2025-12-01,2026-08-31,20260615_GrowMe_EN_9x16_FX-Challenge_ZT-Follow along_RS-P3X1R1C3_fj,not_delivering,,,,260706_ABO_AEO-Purchase_ios_vid_Growme_US/UK_五六月top总_卡0.4_joy,3,0.04,0.0,,,,,,,,,,,0,,
2025-12-01,2026-08-31,20260616_growme_EN_9x16_FX-Learning_ZT-readextensive_RS-P1X1R3C3_wxx,not_delivering,,,,260706_ABO_AEO-Purchase_ios_vid_Growme_US/UK_五六月top总_卡0.4_joy,1,0.01,0.0,,,,,,,,,,,00:00:00,,
2025-12-01,2026-08-31,20260615_growme_EN_9x16_FX-test_ZT-niupizhi_LV1-rain_RS-P1X1R3C1_fj,not_delivering,,,,260706_ABO_AEO-Purchase_ios_vid_Growme_US/UK_五六月top总_卡0.4_joy,381,3.15,0.524934,0.0,,,,,,,,14.173228,3.0,4,,
2025-12-01,2026-08-31,20260616_growme_EN_9x16_FX-Learning_ZT-readextensive_RS-P1X1R3C3_wxx,not_delivering,,,,260718_ABO_AEO-Purchase_ios_vid_Growme_中日马泰尼_五六月top总_joy,8,0.0,0.0,,,,,,,,,37.5,,40,,
2025-12-01,2026-08-31,20260615_growme_EN_9x16_FX-test_ZT-niupizhi_LV1-rain_RS-P1X1R3C1_fj,not_delivering,1.0,actions:app_custom_event.fb_mobile_purchase,11.34,260718_ABO_AEO-Purchase_ios_vid_Growme_中日马泰尼_五六月top总_joy,14112,11.34,0.538549,0.47826087,11.0,1.030909,2.0,5.67,1.0,11.34,3.758377,12.655896,57.0,4,,
2025-12-01,2026-08-31,20260615_GrowMe_EN_9x16_FX-Challenge_ZT-Follow along_RS-P3X1R1C3_fj,not_delivering,,,,260718_ABO_AEO-Purchase_ios_vid_Growme_中日马泰尼_五六月top总_joy,7,0.0,0.0,,,,,,,,,28.571429,,14,,
2025-12-01,2026-08-31,20260615_growme_EN_9x16_FX-LifeLessons_ZT-positive_RS-P1X1R3C3_wxx,not_delivering,,,,260718_ABO_AEO-Purchase_ios_vid_Growme_中日马泰尼_五六月top总_joy,19,0.0,0.0,,,,,,,,,15.789474,,15,,
2025-12-01,2026-08-31,20260615_growme_EN_9x16_FX-test_ZT-niupizhi_LV1-rain_RS-P1X1R3C1_fj,not_delivering,,,,260719_ABO_AEO-Purchase_ios_vid_Growme_WW_top_1day_joy,5212,4.74,0.38373,0.0,,,,,,,,9.132771,6.0,3,,
2025-12-01,2026-08-31,20260615_growme_EN_9x16_FX-test_ZT-niupizhi_LV1-rain_RS-P1X1R3C1_fj,archived,,,,260719_ABO_AEO-Purchase_ios_vid_Growme_WW_top_7day_joy,1195,1.34,0.920502,0.16666667,1.0,1.34,1.0,1.34,,,,9.372385,4.0,3,,
2025-12-01,2026-08-31,20260615_growme_EN_9x16_FX-test_ZT-niupizhi_LV1-rain_RS-P1X1R3C1_fj,not_delivering,1.0,actions:app_custom_event.fb_mobile_purchase,33.29,260719_ABO_AEO-Purchase_ios_vid_Growme_T2_关top1_1day_joy,31256,33.29,0.559893,0.14606742,13.0,2.560769,2.0,16.645,1.0,33.29,1.361069,13.629383,120.0,5,,
2025-12-01,2026-08-31,20260615_growme_EN_9x16_FX-test_ZT-niupizhi_LV1-rain_RS-P1X1R3C1_fj,not_delivering,,,,260719_ABO_AEO-Purchase_ios_vid_Growme_中日马泰尼_top_1day_joy,1190,0.83,0.336134,0.0,,,,,,,,10.0,2.0,3,,
2025-12-01,2026-08-31,20260616_GrowMe_EN_9x16_FX-LifeLessons_ZT-water_RS-P3X1R1C3_gy_jql,not_delivering,,,,260719_ABO_AEO-Purchase_ios_vid_Growme_T2_排top_joy,1053,2.15,1.424501,0.11111111,1.0,2.15,,,,,,13.865147,6.0,6,,
2025-12-01,2026-08-31,20260618_GrowMe_EN_9x16_FX-Learning_ZT-pace_RS-P3X1R1C3_gy_jql - Copy,not_delivering,,,,growmme_260720_WW_AAA_purchase_7day_tested_sie(ex: Indonesia),1406,3.47,0.711238,0.6,3.0,1.156667,,,,,,19.061166,4.0,6,,
2025-12-01,2026-08-31,20260615_growme_EN_9x16_FX-test_ZT-niupizhi_LV1-rain_RS-P1X1R3C1_fj - Copy,not_delivering,,,,growmme_260720_VO_AAA_VO_1day_top_sie,33,0.09,0.0,,,,,,,,,15.151515,,3,,
2025-12-01,2026-08-31,20260616_GrowMe_EN_9x16_FX-LifeLessons_ZT-water_RS-P3X1R1C3_gy_jql - Copy,not_delivering,,,,growmme_260720_VO_AAA_VO_1day_top_sie,2,0.01,0.0,,,,,,,,,,,1,,
2025-12-01,2026-08-31,20260618_GrowMe_EN_9x16_FX-Learning_ZT-pace_RS-P3X1R1C3_gy_jql - Copy,not_delivering,,,,growmme_260720_VO_AAA_VO_1day_top_sie,1,0.0,0.0,,,,,,,,,,,1,,
2025-12-01,2026-08-31,20260615_growme_EN_9x16_FX-test_ZT-niupizhi_LV1-rain_RS-P1X1R3C1_fj,not_delivering,2.0,actions:app_custom_event.fb_mobile_purchase,37.25,260720_ABO_AEO-Purchase_ios_vid_Growme_USUK_五六月top_joy,11996,74.5,0.766922,0.35087719,20.0,3.725,6.0,12.416667,2.0,37.25,0.397987,15.796932,50.0,5,,
2025-12-01,2026-08-31,20260615_GrowMe_EN_9x16_FX-Challenge_ZT-Follow along_RS-P3X1R1C3_fj,not_delivering,,,,260720_ABO_AEO-Purchase_ios_vid_Growme_USUK_五六月top_joy,5,0.04,0.0,,,,,,,,,,,1,,
2025-12-01,2026-08-31,20260615_growme_EN_9x16_FX-LifeLessons_ZT-positive_RS-P1X1R3C3_wxx,not_delivering,,,,260720_ABO_AEO-Purchase_ios_vid_Growme_USUK_五六月top_joy,1,0.01,0.0,,,,,,,,,,,1,,
2025-12-01,2026-08-31,20260616_GrowMe_EN_9x16_FX-LifeLessons_ZT-water_RS-P3X1R1C3_gy_jql,not_delivering,,,,260720_ABO_AEO-Purchase_ios_vid_Growme_WW_56extop_joy,682,0.75,0.439883,0.0,,,,,,,,12.316716,1.0,6,,
2025-12-01,2026-08-31,20260615_growme_EN_9x16_FX-test_ZT-niupizhi_LV1-rain_RS-P1X1R3C1_fj,not_delivering,,,,260720_ABO_AEO-Purchase_ios_vid_Growme_WW_56extop_joy,9175,13.16,0.632153,0.33333333,11.0,1.196364,,,,,,14.038147,26.0,5,,
2025-12-01,2026-08-31,20260615_growme_EN_9x16_FX-test_ZT-niupizhi_LV1-rain_RS-P1X1R3C1_fj,not_delivering,,,,260720_ABO_AEO-Purchase_ios_vid_Growme_T2_56extop_joy,6221,6.57,0.514387,0.36363636,8.0,0.82125,,,,,,13.711622,28.0,5,,
2025-12-01,2026-08-31,20260616_GrowMe_EN_9x16_FX-LifeLessons_ZT-water_RS-P3X1R1C3_gy_jql,not_delivering,,,,260720_ABO_AEO-Purchase_ios_vid_Growme_T2_56extop_joy,4417,7.58,1.08671,0.08695652,2.0,3.79,,,,,,13.402762,26.0,8,,
2025-12-01,2026-08-31,20260615_growme_EN_9x16_FX-test_ZT-niupizhi_LV1-rain_RS-P1X1R3C1_fj,not_delivering,,,,260719_ABO_AEO-Purchase_ios_vid_Growme_T2_关top1_7day_joy,7181,9.01,0.557025,0.23529412,4.0,2.2525,,,,,,13.034396,24.0,5,,
2025-12-01,2026-08-31,20260615_growme_EN_9x16_FX-test_ZT-niupizhi_LV1-rain_RS-P1X1R3C1_fj,not_delivering,,,,260720_ABO_VO-Purchase_ios_vid_Growme_US_五六月top_joy,2318,16.15,0.776531,0.0,,,,,,,,16.566005,9.0,4,,
2025-12-01,2026-08-31,20260615_growme_EN_9x16_FX-test_ZT-niupizhi_LV1-rain_RS-P1X1R3C1_fj,not_delivering,,,,260721_AAA_AEO-Purchase_ios_vid_Growme_USUK_黑色字幕top6_joy,4514,31.55,0.708906,0.5,12.0,2.629167,1.0,31.55,,,,15.241471,21.0,4,,
2025-12-01,2026-08-31,20260616_GrowMe_EN_9x16_FX-LifeLessons_ZT-water_RS-P3X1R1C3_gy_jql,not_delivering,,,,260721_AAA_AEO-Purchase_ios_vid_Growme_USUK_黑色字幕top6_joy,465,9.85,0.645161,0.0,,,,,,,,12.258065,4.0,5,,
2025-12-01,2026-08-31,20260616_GrowMe_EN_9x16_FX-LifeLessons_ZT-water_RS-P3X1R1C3_gy_jql,not_delivering,,,,260721_AAA_AEO-Purchase_ios_vid_Growme_T2排印尼_黑色字幕top6_joy,2714,12.2,1.031688,0.05882353,1.0,12.2,,,,,,11.901253,29.0,5,,
2025-12-01,2026-08-31,20260615_growme_EN_9x16_FX-test_ZT-niupizhi_LV1-rain_RS-P1X1R3C1_fj,not_delivering,,,,260721_AAA_AEO-Purchase_ios_vid_Growme_T2排印尼_黑色字幕top6_joy,13930,18.59,0.480976,0.23076923,12.0,1.549167,,,,,,12.921752,65.0,4,,
2025-12-01,2026-08-31,20260615_growme_EN_9x16_FX-test_ZT-niupizhi_LV1-rain_RS-P1X1R3C1_fj,inactive,,,,260722_ABO_AEO-Purchase_ios_vid_Growme_T2_top5_joy,30644,41.93,0.600444,0.14545455,16.0,2.620625,,,,,,15.014358,139.0,5,,
2025-12-01,2026-08-31,20260615_growme_EN_9x16_FX-test_ZT-niupizhi_LV1-rain_RS-P1X1R3C1_fj,not_delivering,3.0,actions:app_custom_event.fb_mobile_purchase,116.75666667,260722_ABO_VO-Purchase_ios_vid_Growme_US_五六月top_1d_joy,46267,350.27,0.871031,0.30633803,87.0,4.026092,12.0,29.189167,3.0,116.756667,0.143375,18.700153,247.0,5,,
2025-12-01,2026-08-31,20260618_GrowMe_EN_9x16_FX-Learning_ZT-pace_RS-P3X1R1C3_gy_jql - Copy,not_delivering,,,,growmme_260723_US_AAA_purchase_7day_top_sie,73,0.79,0.0,,,,,,,,,34.246575,,11,,
2025-12-01,2026-08-31,20260615_growme_EN_9x16_FX-test_ZT-niupizhi_LV1-rain_RS-P1X1R3C1_fj - Copy,not_delivering,,,,growmme_260723_US_AAA_purchase_7day_top_sie,1504,11.03,1.06383,0.09090909,1.0,11.03,,,,,,15.957447,8.0,5,,
2025-12-01,2026-08-31,20260616_GrowMe_EN_9x16_FX-LifeLessons_ZT-water_RS-P3X1R1C3_gy_jql - Copy,inactive,,,,growmme_260723_US_AAA_purchase_7day_top_sie,3130,25.69,3.41853,0.27777778,10.0,2.569,,,,,,23.226837,26.0,8,,
2025-12-01,2026-08-31,20260615_growme_EN_9x16_FX-test_ZT-niupizhi_LV1-rain_RS-P1X1R3C1_fj,not_delivering,,,,260720_ABO_VO-Purchase_ios_vid_Growme_USUK_五六月top_joy,1285,7.64,0.856031,0.0,,,,,,,,19.22179,8.0,5,,
2025-12-01,2026-08-31,20260615_growme_EN_9x16_FX-test_ZT-niupizhi_LV1-rain_RS-P1X1R3C1_fj,not_delivering,,,,260724_ABO_AEO-Purchase_ios_vid_Growme_T2_TOP3_joy,3496,4.15,0.457666,0.0,,,,,,,,14.416476,16.0,5,,
2025-12-01,2026-08-31,20260615_growme_EN_9x16_FX-test_ZT-niupizhi_LV1-rain_RS-P1X1R3C1_fj,not_delivering,,,,260727_AAA_AEO-Purchase_ios_vid_Growme_USUK_4567_1d_joy,3218,19.37,0.528278,0.2,2.0,9.685,,,,,,15.972654,11.0,4,,
2025-12-01,2026-08-31,20260615_growme_EN_9x16_FX-test_ZT-niupizhi_LV1-rain_RS-P1X1R3C1_fj,not_delivering,43.0,actions:app_custom_event.fb_mobile_purchase,56.38604651,260727_AAA_AEO-Purchase_ios_vid_Growme_USUK_4567_7d_joy,322190,2424.6,0.918402,0.31344008,646.0,3.753251,132.0,18.368182,43.0,56.386047,0.296041,17.455539,2235.0,5,,
2025-12-01,2026-08-31,20260615_growme_EN_9x16_FX-test_ZT-niupizhi_LV1-rain_RS-P1X1R3C1_fj,not_delivering,,,,260727_AAA_AEO-Purchase_ios_vid_Growme_USUK_4567_7d_roas0.2_joy,2255,15.94,1.197339,0.26315789,5.0,3.188,2.0,7.97,,,,18.580931,8.0,5,,
2025-12-01,2026-08-31,20260615_growme_EN_9x16_FX-test_ZT-niupizhi_LV1-rain_RS-P1X1R3C1_fj - Copy,inactive,,,,growmme_260729_SA_AAA_purchase_1day_top_sie,10130,13.07,0.631787,0.41304348,19.0,0.687895,,,,,,12.823297,62.0,6,,
2025-12-01,2026-08-31,20260618_GrowMe_EN_9x16_FX-Learning_ZT-pace_RS-P3X1R1C3_gy_jql - Copy,not_delivering,,,,growmme_260729_NA_AAA_purchase_7day_top_sie,1,0.0,0.0,,,,,,,,,,,1,,
2025-12-01,2026-08-31,20260615_growme_EN_9x16_FX-test_ZT-niupizhi_LV1-rain_RS-P1X1R3C1_fj - Copy,inactive,,,,growmme_260729_NA_AAA_purchase_7day_top_sie,80044,42.69,0.428514,0.00879765,3.0,14.23,,,,,,6.240318,67.0,1,,
2025-12-01,2026-08-31,20260615_growme_EN_9x16_FX-test_ZT-niupizhi_LV1-rain_RS-P1X1R3C1_fj - Copy,inactive,,,,growmme_260729_EU_AAA_purchase_7day_top_sie,13900,30.12,0.985612,0.52439024,43.0,0.700465,2.0,15.06,,,,13.359712,59.0,4,,
2025-12-01,2026-08-31,20260618_GrowMe_EN_9x16_FX-Learning_ZT-pace_RS-P3X1R1C3_gy_jql - Copy,not_delivering,,,,growmme_260729_OC_AAA_purchase_7day_top_sie,9,0.0,0.0,,,,,,,,,22.222222,,3,,
2025-12-01,2026-08-31,20260616_GrowMe_EN_9x16_FX-LifeLessons_ZT-water_RS-P3X1R1C3_gy_jql - Copy,inactive,,,,growmme_260729_ME_AAA_purchase_top_sie,10799,6.68,1.259376,0.58208955,39.0,0.171282,,,,,,18.853598,85.0,7,,
2025-12-01,2026-08-31,20260615_growme_EN_9x16_FX-test_ZT-niupizhi_LV1-rain_RS-P1X1R3C1_fj - Copy,inactive,,,,growmme_260729_ME_AAA_purchase_top_sie,10768,11.4,0.780089,0.38461538,20.0,0.57,,,,,,14.19948,42.0,4,,
2025-12-01,2026-08-31,20260616_GrowMe_EN_9x16_FX-LifeLessons_ZT-water_RS-P3X1R1C3_gy_jql - Copy,inactive,,,,growmme_260729_SA_AAA_purchase_1day_top_sie,10171,15.32,1.111002,0.05128205,4.0,3.83,,,,,,15.072264,107.0,6,,
2025-12-01,2026-08-31,20260616_GrowMe_EN_9x16_FX-LifeLessons_ZT-water_RS-P3X1R1C3_gy_jql - Copy,not_delivering,,,,growmme_260729_EU_AAA_purchase_7day_top_sie,1164,3.64,1.202749,0.5,4.0,0.91,,,,,,17.268041,14.0,7,,
2025-12-01,2026-08-31,20260616_GrowMe_EN_9x16_FX-LifeLessons_ZT-water_RS-P3X1R1C3_gy_jql - Copy,not_delivering,,,,growmme_260729_NA_AAA_purchase_7day_top_sie,706,1.13,0.849858,0.0,,,,,,,,12.889518,5.0,5,,
2025-12-01,2026-08-31,20260616_GrowMe_EN_9x16_FX-LifeLessons_ZT-water_RS-P3X1R1C3_gy_jql - Copy,not_delivering,,,,growmme_260729_OC_AAA_purchase_7day_top_sie,107,0.13,0.0,,,,,,,,,16.82243,,7,,
2025-12-01,2026-08-31,20260615_growme_EN_9x16_FX-test_ZT-niupizhi_LV1-rain_RS-P1X1R3C1_fj - Copy,not_delivering,,,,growmme_260729_OC_AAA_purchase_7day_top_sie,247,0.26,1.214575,0.0,,,,,,,,15.384615,,5,,
2025-12-01,2026-08-31,20260618_GrowMe_EN_9x16_FX-Learning_ZT-pace_RS-P3X1R1C3_gy_jql - Copy,not_delivering,,,,growmme_260729_ME_AAA_purchase_top_sie,8832,5.61,1.585145,0.04032258,5.0,1.122,,,,,,24.615036,12.0,7,,
2025-12-01,2026-08-31,20260616_GrowMe_EN_9x16_FX-LifeLessons_ZT-water_RS-P3X1R1C3_gy_jql - Copy,inactive,,,,growmme_260729_BR_AAA_VO_1day_top_sie,10205,18.16,1.910828,0.28813559,34.0,0.534118,2.0,9.08,,,,16.384125,158.0,8,,
2025-12-01,2026-08-31,20260615_growme_EN_9x16_FX-test_ZT-niupizhi_LV1-rain_RS-P1X1R3C1_fj - Copy,inactive,,,,growmme_260729_BR_AAA_VO_1day_top_sie,10153,13.97,1.014478,0.54,27.0,0.517407,,,,,,13.798877,76.0,5,,
2025-12-01,2026-08-31,20260615_growme_EN_9x16_FX-test_ZT-niupizhi_LV1-rain_RS-P1X1R3C1_fj - Copy,not_delivering,1.0,actions:app_custom_event.fb_mobile_purchase,18.46,growmme_260729_GCC+ Yemen_AAA_VO_7day_top_sie,8365,18.46,1.004184,0.35555556,16.0,1.15375,1.0,18.46,1.0,18.46,1.359697,13.185894,43.0,5,,
2025-12-01,2026-08-31,20260616_GrowMe_EN_9x16_FX-LifeLessons_ZT-water_RS-P3X1R1C3_gy_jql - Copy,inactive,,,,growmme_260729_Levant_AAA_VO_7day_top_sie,10231,7.17,2.326263,0.19685039,25.0,0.2868,,,,,,15.404164,125.0,10,,
2025-12-01,2026-08-31,20260618_GrowMe_EN_9x16_FX-Learning_ZT-pace_RS-P3X1R1C3_gy_jql - Copy,not_delivering,,,,growmme_260729_Levant_AAA_VO_7day_top_sie,6,0.0,0.0,,,,,,,,,16.666667,,1,,
2025-12-01,2026-08-31,20260615_growme_EN_9x16_FX-test_ZT-niupizhi_LV1-rain_RS-P1X1R3C1_fj - Copy,inactive,,,,growmme_260729_Levant_AAA_VO_7day_top_sie,10094,7.58,0.970874,0.475,19.0,0.398947,,,,,,14.216366,47.0,6,,
2025-12-01,2026-08-31,20260616_GrowMe_EN_9x16_FX-LifeLessons_ZT-water_RS-P3X1R1C3_gy_jql - Copy,not_delivering,,,,growmme_260729_Caucasus_AAA_VO_7day_top_sie,3755,5.56,0.825566,0.25,4.0,1.39,,,,,,11.850866,20.0,5,,
2025-12-01,2026-08-31,20260616_GrowMe_EN_9x16_FX-LifeLessons_ZT-water_RS-P3X1R1C3_gy_jql - Copy,not_delivering,,,,growmme_260729_GCC+ Yemen_AAA_VO_7day_top_sie,2419,6.58,1.322861,0.41666667,5.0,1.316,,,,,,13.68334,27.0,6,,
2025-12-01,2026-08-31,20260615_growme_EN_9x16_FX-test_ZT-niupizhi_LV1-rain_RS-P1X1R3C1_fj - Copy,inactive,,,,growmme_260729_Caucasus_AAA_VO_7day_top_sie,10152,11.99,0.669819,0.48484848,16.0,0.749375,2.0,5.995,,,,11.505122,33.0,3,,
2025-12-01,2026-08-31,20260616_GrowMe_EN_9x16_FX-LifeLessons_ZT-water_RS-P3X1R1C3_gy_jql - Copy,not_delivering,8.0,actions:app_custom_event.fb_mobile_purchase,30.31125,growmme_260729_TH_AAA_VO_1day_top_sie,191526,242.49,1.364828,0.24052206,387.0,0.626589,14.0,17.320714,8.0,30.31125,0.891831,16.921984,2981.0,9,,
2025-12-01,2026-08-31,20260615_growme_EN_9x16_FX-test_ZT-niupizhi_LV1-rain_RS-P1X1R3C1_fj - Copy,inactive,,,,growmme_260729_TH_AAA_VO_1day_top_sie,10202,10.03,0.774358,0.45,18.0,0.557222,,,,,,19.574593,124.0,7,,
2025-12-01,2026-08-31,20260618_GrowMe_EN_9x16_FX-Learning_ZT-pace_RS-P3X1R1C3_gy_jql - Copy,not_delivering,,,,growmme_260729_SA_AAA_purchase_1day_top_sie,165,0.23,2.424242,0.0,,,,,,,,27.878788,1.0,5,,
2025-12-01,2026-08-31,20260618_GrowMe_EN_9x16_FX-Learning_ZT-pace_RS-P3X1R1C3_gy_jql - Copy,not_delivering,,,,growmme_260729_BR_AAA_VO_1day_top_sie,4,0.0,0.0,,,,,,,,,,,0,,
2025-12-01,2026-08-31,20260618_GrowMe_EN_9x16_FX-Learning_ZT-pace_RS-P3X1R1C3_gy_jql - Copy,not_delivering,,,,growmme_260729_TH_AAA_VO_1day_top_sie,8,0.0,25.0,0.0,,,,,,,,50.0,,31,,
2025-12-01,2026-08-31,20260615_growme_EN_9x16_FX-test_ZT-niupizhi_LV1-rain_RS-P1X1R3C1_fj,not_delivering,,,,260727_AAA_VO-Purchase_ios_vid_Growme_USUK_4567_7d_joy,4038,27.23,0.792472,0.38888889,7.0,3.89,,,,,,17.013373,19.0,5,,
2025-12-01,2026-08-31,20260615_growme_EN_9x16_FX-test_ZT-niupizhi_LV1-rain_RS-P1X1R3C1_fj,not_delivering,,,,260727_AAA_VO-Purchase_ios_vid_Growme_USUK_4567_1d_joy,1848,14.11,1.082251,0.14285714,2.0,7.055,2.0,7.055,,,,19.209957,8.0,5,,
2025-12-01,2026-08-31,20260618_GrowMe_EN_9x16_FX-Learning_ZT-pace_RS-P3X1R1C3_gy_jql - Copy,not_delivering,,,,growmme_260729_Caucasus_AAA_VO_7day_top_sie,8,0.0,0.0,,,,,,,,,,,1,,
2025-12-01,2026-08-31,20260618_GrowMe_EN_9x16_FX-Learning_ZT-pace_RS-P3X1R1C3_gy_jql - Copy,inactive,,,,growmme_260702_EU/NA/OC_AAA_purchase_top_sie,10367,15.01,1.147873,0.03738318,4.0,3.7525,,,,,,23.034629,54.0,6,,
2025-12-01,2026-08-31,20260618_GrowMe_EN_9x16_FX-Learning_ZT-pace_RS-P3X1R1C3_gy_jql - Copy,not_delivering,,,,growmme_260706_EU_AAA_purchase_top_sie,5044,21.75,1.090404,0.35,7.0,3.107143,,,,,,20.182395,26.0,7,,
2025-12-01,2026-08-31,20260618_GrowMe_EN_9x16_FX-Learning_ZT-pace_RS-P3X1R1C3_gy_jql - Copy,inactive,,,,growmme_260731_FR/DE_AAA_purchase_top_sie,11512,72.6,0.894719,0.34146341,14.0,5.185714,,,,,,21.455872,66.0,7,,
2025-12-01,2026-08-31,20260615_growme_EN_9x16_FX-LifeLessons_ZT-positive_RS-P1X1R3C3_wxx,not_delivering,,,,260722_ABO_VO-Purchase_ios_vid_Growme_US_五六月top_1d_joy,2,0.02,0.0,,,,,,,,,50.0,,4,,
2025-12-01,2026-08-31,20260615_GrowMe_EN_9x16_FX-Challenge_ZT-Follow along_RS-P3X1R1C3_fj,not_delivering,,,,260803_ABO_VO-Purchase_ios_vid_Growme_US_五六月top_7d_joy,1,0.0,0.0,,,,,,,,,,,1,,
2025-12-01,2026-08-31,20260615_growme_EN_9x16_FX-test_ZT-niupizhi_LV1-rain_RS-P1X1R3C1_fj,not_delivering,,,,260803_ABO_VO-Purchase_ios_vid_Growme_US_五六月top_7d_joy,3127,26.62,0.70355,0.21428571,3.0,8.873333,,,,,,20.115126,26.0,5,,
2025-12-01,2026-08-31,20260615_growme_EN_9x16_FX-test_ZT-niupizhi_LV1-rain_RS-P1X1R3C1_fj,not_delivering,,,,growmme_WW_260804_1_purchase_TOP_sie,68096,58.71,0.597686,0.30316742,67.0,0.876269,7.0,8.387143,,,,13.199013,240.0,4,,
2025-12-01,2026-08-31,20260616_GrowMe_EN_9x16_FX-LifeLessons_ZT-water_RS-P3X1R1C3_gy_jql,not_delivering,1.0,actions:app_custom_event.fb_mobile_purchase,41.37,growmme_WW_260804_1_purchase_TOP_sie,33915,41.37,1.353383,0.25249169,76.0,0.544342,2.0,20.685,1.0,41.37,0.168963,15.633201,296.0,8,,
2025-12-01,2026-08-31,20260616_growme_EN_9x16_FX-Learning_ZT-readextensive_RS-P1X1R3C3_wxx,not_delivering,,,,260722_ABO_VO-Purchase_ios_vid_Growme_US_五六月top_1d_joy,1,0.0,0.0,,,,,,,,,100.0,,72,,
2025-12-01,2026-08-31,20260618_GrowMe_EN_9x16_FX-Learning_ZT-pace_RS-P3X1R1C3_gy_jql,not_delivering,,,,260805_ABO_AEO-Purchase_ios_vid_Growme_T2_消耗小于500roi大于0.7_joy,1,0.0,0.0,,,,,,,,,100.0,,6,,
2025-12-01,2026-08-31,20260615_GrowMe_EN_9x16_FX-Challenge_ZT-Follow along_RS-P3X1R1C3_fj,not_delivering,,,,260805_ABO_AEO-Purchase_ios_vid_Growme_T2_消耗小于500roi大于0.7_joy,1,0.0,0.0,,,,,,,,,,,1,,
2025-12-01,2026-08-31,20260616_GrowMe_EN_9x16_FX-LifeLessons_ZT-water_RS-P3X1R1C3_gy_jql,not_delivering,,,,growmme_US/UK_260805_1_purchase_TOP_sie,133,1.06,0.75188,0.0,,,,,,,,9.774436,3.0,4,,
2025-12-01,2026-08-31,20260615_growme_EN_9x16_FX-test_ZT-niupizhi_LV1-rain_RS-P1X1R3C1_fj,not_delivering,2.0,actions:app_custom_event.fb_mobile_purchase,8.375,growmme_US/UK_260805_1_purchase_TOP_sie,2488,16.75,0.844051,0.42857143,6.0,2.791667,3.0,5.583333,2.0,8.375,1.745075,18.207396,13.0,5,,
2025-12-01,2026-08-31,20260615_growme_EN_9x16_FX-test_ZT-niupizhi_LV1-rain_RS-P1X1R3C1_fj,not_delivering,5.0,actions:app_custom_event.fb_mobile_purchase,25.474,260806_AAA_AEO-Purchase_ios_vid_Growme_USUK_extop_7d_joy,18397,127.37,1.021906,0.352,44.0,2.894773,5.0,25.474,5.0,25.474,0.229881,20.905582,119.0,7,,
2025-12-01,2026-08-31,20260615_growme_EN_9x16_FX-test_ZT-niupizhi_LV1-rain_RS-P1X1R3C1_fj,not_delivering,,,,260804_ABO_VO-Purchase_ios_vid_Growme_USUK_五六月top_1d_joy,1354,9.02,0.738552,0.25,1.0,9.02,,,,,,22.156573,7.0,6,,
2025-12-01,2026-08-31,20260616_GrowMe_EN_9x16_FX-LifeLessons_ZT-water_RS-P3X1R1C3_gy_jql,not_delivering,,,,growmme_EU/NA/OC_26080_61_purchase_TOP_sie,548,1.08,1.277372,0.0,,,,,,,,16.058394,8.0,7,,
2025-12-01,2026-08-31,20260615_growme_EN_9x16_FX-test_ZT-niupizhi_LV1-rain_RS-P1X1R3C1_fj,not_delivering,,,,growmme_EU/NA/OC_26080_61_purchase_TOP_sie,30948,51.24,0.8175,0.40645161,63.0,0.813333,3.0,17.08,,,,15.109215,159.0,5,,
2025-12-01,2026-08-31,20260615_growme_EN_9x16_FX-test_ZT-niupizhi_LV1-rain_RS-P1X1R3C1_fj,not_delivering,,,,260807_AAA_AEO-Purchase_ios_vid_Growme_T2_1467_joy,32620,46.17,0.576334,0.24107143,27.0,1.71,2.0,23.085,,,,14.957082,179.0,5,,
2025-12-01,2026-08-31,20260615_growme_EN_9x16_FX-test_ZT-niupizhi_LV1-rain_RS-P1X1R3C1_fj,not_delivering,,,,260804_ABO_VO-Purchase_ios_vid_Growme_US_五六月top_1d_joy,37074,179.61,0.844257,0.30808081,61.0,2.944426,16.0,11.225625,,,,18.916222,190.0,5,,
2025-12-01,2026-08-31,20260617_GrowMe_EN_9x16_FX-Communication_ZT-powerCommunication_RS-P3X1R1C3_fj,not_delivering,,,,260804_ABO_VO-Purchase_ios_vid_Growme_US_五六月top_1d_joy,1,0.02,0.0,,,,,,,,,,,2,,
2025-12-01,2026-08-31,20260616_growme_EN_9x16_FX-Learning_ZT-readextensive_RS-P1X1R3C3_wxx,not_delivering,,,,260804_ABO_VO-Purchase_ios_vid_Growme_US_五六月top_1d_joy,5,0.01,0.0,,,,,,,,,40.0,1.0,36,,
2025-12-01,2026-08-31,20260615_growme_EN_9x16_FX-test_ZT-niupizhi_LV1-rain_RS-P1X1R3C1_fj,not_delivering,,,,260727_AAA_AEO-Purchase_ios_vid_Growme_USUK_4567_7d_joy,2043,13.74,0.83211,0.07692308,1.0,13.74,1.0,13.74,,,,19.57905,11.0,5,,
2025-12-01,2026-08-31,20260615_growme_EN_9x16_FX-test_ZT-niupizhi_LV1-rain_RS-P1X1R3C1_fj,not_delivering,,,,260806_AAA_AEO-Purchase_ios_vid_Growme_USUK_extop_7d_joy,2311,16.06,0.692341,0.42857143,3.0,5.353333,1.0,16.06,,,,21.073129,10.0,5,,
2025-12-01,2026-08-31,20260616_growme_EN_9x16_FX-Learning_ZT-readextensive_RS-P1X1R3C3_wxx,not_delivering,,,,260804_ABO_VO-Purchase_ios_vid_Growme_US_五六月top_1d_joy,1,0.0,0.0,,,,,,,,,100.0,,22,,
2025-12-01,2026-08-31,20260615_growme_EN_9x16_FX-test_ZT-niupizhi_LV1-rain_RS-P1X1R3C1_fj,not_delivering,,,,260804_ABO_VO-Purchase_ios_vid_Growme_US_五六月top_1d_joy,7877,56.69,1.155262,0.33870968,21.0,2.699524,2.0,28.345,,,,24.235115,45.0,6,,
2025-12-01,2026-08-31,20260615_growme_EN_9x16_FX-LifeLessons_ZT-positive_RS-P1X1R3C3_wxx,not_delivering,,,,260804_ABO_VO-Purchase_ios_vid_Growme_US_五六月top_1d_joy,2,0.02,0.0,,,,,,,,,50.0,,2,,
2025-12-01,2026-08-31,20260615_growme_EN_9x16_FX-test_ZT-niupizhi_LV1-rain_RS-P1X1R3C1_fj,not_delivering,,,,260804_ABO_VO-Purchase_ios_vid_Growme_US_五六月top_1d_joy,293,2.2,0.341297,,,,,,,,,24.573379,,6,,
2025-12-01,2026-08-31,20260615_growme_EN_9x16_FX-test_ZT-niupizhi_LV1-rain_RS-P1X1R3C1_fj,not_delivering,1.0,actions:app_custom_event.fb_mobile_purchase,16.09,260727_AAA_AEO-Purchase_ios_vid_Growme_US_4567_1d_joy,2203,16.09,1.089424,0.41666667,5.0,3.218,1.0,16.09,1.0,16.09,2.437539,21.243759,17.0,6,,
2025-12-01,2026-08-31,20260615_growme_EN_9x16_FX-test_ZT-niupizhi_LV1-rain_RS-P1X1R3C1_fj,not_delivering,,,,260727_AAA_AEO-Purchase_ios_vid_Growme_USUK_4567_7d_joy,1451,11.81,1.102688,0.0,,,,,,,,16.609235,14.0,5,,
2025-12-01,2026-08-31,20260615_growme_EN_9x16_FX-test_ZT-niupizhi_LV1-rain_RS-P1X1R3C1_fj,active,2.0,actions:app_custom_event.fb_mobile_purchase,1017.3,260813_AAA_VO-Purchase_ios_vid_Growme_US_cps10_1d_joy,248788,2034.6,0.900365,0.25735294,350.0,5.813143,71.0,28.656338,2.0,1017.3,0.024865,20.591829,1644.0,6,,
2025-12-01,2026-08-31,20260615_growme_EN_9x16_FX-test_ZT-niupizhi_LV1-rain_RS-P1X1R3C1_fj,not_delivering,,,,260817_AAA_AEO-Purchase_ios_vid_Growme_US_4567_7d_joy,23571,171.68,0.806075,0.26760563,38.0,4.517895,4.0,42.92,,,,16.499088,183.0,6,,
2025-12-01,2026-08-31,20260615_growme_EN_9x16_FX-test_ZT-niupizhi_LV1-rain_RS-P1X1R3C1_fj,not_delivering,,,,260817_AAA_AEO-Purchase_ios_vid_Growme_US_4567_7d_joy,4458,47.87,0.98699,0.31428571,11.0,4.351818,,,,,,16.105877,46.0,5,,
2025-12-01,2026-08-31,20260615_growme_EN_9x16_FX-test_ZT-niupizhi_LV1-rain_RS-P1X1R3C1_fj,active,6.0,actions:app_custom_event.fb_mobile_purchase,116.59833333,260813_AAA_AEO-Purchase_ios_vid_Growme_US_cps10_7d_joy,101150,699.59,1.015324,0.2286115,163.0,4.291963,25.0,27.9836,6.0,116.598333,0.090081,16.849234,800.0,6,,
2025-12-01,2026-08-31,20260615_growme_EN_9x16_FX-test_ZT-niupizhi_LV1-rain_RS-P1X1R3C1_fj,not_delivering,,,,260813_AAA_VO-Purchase_ios_vid_Growme_US_cps10_1d_joy,306,2.28,0.0,,,,,,,,,18.627451,1.0,5,,
2025-12-01,2026-08-31,20260616_GrowMe_EN_9x16_FX-Learning_ZT-think_RS-P3X1R1C3_gy,not_delivering,,,,260617_ABO_AEO-Purchase_ios_vid_Growme_WW_0616_joy,0,0.0,0.0,,,,,,,,,,,00:00:00,,
2025-12-01,2026-08-31,20260616_GrowMe_EN_9x16_FX-LifeLessons_ZT-water_RS-P3X1R1C3_gy_jql,not_delivering,,,,260617_ABO_AEO-Purchase_ios_vid_Growme_WW_0616_joy,0,0.0,0.0,,,,,,,,,,,00:00:00,,
2025-12-01,2026-08-31,20260617_GrowMe_EN_9x16_FX-Communication_ZT-powerCommunication_RS-P3X1R1C3_fj,not_delivering,,,,260706_ABO_AEO-Purchase_ios_vid_Growme_US/UK_五六月top总_卡0.4_joy,0,0.0,0.0,,,,,,,,,,,00:00:00,,
2025-12-01,2026-08-31,20260616_GrowMe_ZH_9x16_FX-LifeLessons_ZT-self_RS-P3X1R1C3_gy_fj,not_delivering,,,,260616_ABO_AEO-Purchase_ios_vid_Growme_WW_CHINA_joy,0,0.0,0.0,,,,,,,,,,,00:00:00,,
2025-12-01,2026-08-31,20260616_GrowMe_EN_9x16_FX-LifeLessons_ZT-youselfai_RS-P3X1R1C3_gy_jql,not_delivering,,,,260617_ABO_AEO-Purchase_ios_vid_Growme_WW_0616_joy,0,0.0,0.0,,,,,,,,,,,00:00:00,,
2025-12-01,2026-08-31,20260617_GrowMe_EN_9x16_FX-Learning_ZT-10mins_RS-P3X1R1C3_gy,not_delivering,,,,260714_AAA_AEO-Purchase_ios_vid_Growme_USUK_0615week_joy,0,0.0,0.0,,,,,,,,,,,00:00:00,,
2025-12-01,2026-08-31,20260617_GrowMe_EN_9x16_FX-Communication_ZT-powerCommunication_RS-P3X1R1C3_fj,not_delivering,,,,260720_ABO_AEO-Purchase_ios_vid_Growme_USUK_五六月top_joy,0,0.0,0.0,,,,,,,,,,,00:00:00,,
2025-12-01,2026-08-31,20260617_GrowMe_EN_9x16_FX-Communication_ZT-powerCommunication_RS-P3X1R1C3_fj,not_delivering,,,,260720_ABO_VO-Purchase_ios_vid_Growme_US_五六月top_joy,0,0.0,0.0,,,,,,,,,,,00:00:00,,
2025-12-01,2026-08-31,20260616_GrowMe_PT_9x16_FX-LifeLessons_ZT-self_RS-P3X1R1C3_gy_fj,not_delivering,,,,260616_ABO_AEO-Purchase_ios_vid_Growme_WW_USPT_joy,0,0.0,0.0,,,,,,,,,,,00:00:00,,
2025-12-01,2026-08-31,20260616_growme_EN_9x16_FX-Creative_ZT-Discipline_RS-P1X1R1C3_HJ_RMG-5219H,not_delivering,,,,260617_ABO_AEO-Purchase_ios_vid_Growme_WW_0616_joy,0,0.0,0.0,,,,,,,,,,,00:00:00,,
2025-12-01,2026-08-31,20260616_GrowMe_EN_9x16_FX-Communication_ZT-speak_RS-P3X1R1C3_gy,not_delivering,,,,260617_ABO_AEO-Purchase_ios_vid_Growme_WW_0616_joy,0,0.0,0.0,,,,,,,,,,,00:00:00,,
2025-12-01,2026-08-31,20260616_growme_EN_9x16_FX-Learning_ZT-readextensive_RS-P1X1R3C3_wxx,not_delivering,,,,260716_ABO_AEO-Purchase_ios_vid_Growme_EU_五六月top总_joy,0,0.0,0.0,,,,,,,,,,,00:00:00,,
2025-12-01,2026-08-31,20260616_growme_EN_9x16_FX-Learning_ZT-readextensive_RS-P1X1R3C3_wxx,not_delivering,,,,260720_ABO_VO-Purchase_ios_vid_Growme_US_五六月top_joy,0,0.0,0.0,,,,,,,,,,,00:00:00,,
2025-12-01,2026-08-31,20260615_growme_EN_9x16_FX-test_ZT-niupizhi_LV1-rain_RS-P1X1R3C1_fj - Copy,inactive,,,,growmme_260731_UK_AAA_purchase_top_sie,0,0.0,0.0,,,,,,,,,,,00:00:00,,
2025-12-01,2026-08-31,20260617_GrowMe_EN_9x16_FX-Communication_ZT-powerCommunication_RS-P3X1R1C3_fj,not_delivering,,,,260804_ABO_VO-Purchase_ios_vid_Growme_USUK_五六月top_1d_joy,0,0.0,0.0,,,,,,,,,,,00:00:00,,
2025-12-01,2026-08-31,20260616_growme_EN_9x16_FX-Learning_ZT-readextensive_RS-P1X1R3C3_wxx,not_delivering,,,,260617_ABO_AEO-Purchase_ios_vid_Growme_WW_0616_joy,0,0.0,0.0,,,,,,,,,,,00:00:00,,
2025-12-01,2026-08-31,20260615_growme_EN_9x16_FX-test_ZT-niupizhi_LV1-rain_RS-P1X1R3C1_fj - Copy,inactive,,,,growmme_260702_EU/NA/OC_AAA_purchase_top_sie,0,0.0,0.0,,,,,,,,,,,00:00:00,,
2025-12-01,2026-08-31,20260618_GrowMe_EN_9x16_FX-Learning_ZT-pace_RS-P3X1R1C3_gy_jql - Copy,inactive,,,,growmme_260731_UK_AAA_purchase_top_sie,0,0.0,0.0,,,,,,,,,,,00:00:00,,
2025-12-01,2026-08-31,20260616_GrowMe_EN_9x16_FX-LifeLessons_ZT-water_RS-P3X1R1C3_gy_jql - Copy,inactive,,,,growmme_260731_FR/DE_AAA_purchase_top_sie,0,0.0,0.0,,,,,,,,,,,00:00:00,,
2025-12-01,2026-08-31,20260615_GrowMe_EN_9x16_FX-Challenge_ZT-Follow along_RS-P3X1R1C3_fj,not_delivering,,,,260804_ABO_VO-Purchase_ios_vid_Growme_US_五六月top_1d_joy,0,0.0,0.0,,,,,,,,,,,00:00:00,,
2025-12-01,2026-08-31,20260616_growme_EN_9x16_FX-Creative_ZT-SocialMedia_RS-P1X1R1C3_HJ_RMG-5219E,not_delivering,,,,260617_ABO_AEO-Purchase_ios_vid_Growme_WW_0616_joy,0,0.0,0.0,,,,,,,,,,,00:00:00,,
2025-12-01,2026-08-31,20260615_GrowMe_EN_9x16_FX-Challenge_ZT-Follow along_RS-P3X1R1C3_fj,not_delivering,,,,260720_ABO_VO-Purchase_ios_vid_Growme_US_五六月top_joy,0,0.0,0.0,,,,,,,,,,,00:00:00,,
2025-12-01,2026-08-31,20260616_growme_ZH_9x16_FX-test_ZT-niupizhi_RS-P1X1R3C1_gy_fj,not_delivering,,,,260616_ABO_AEO-Purchase_ios_vid_Growme_WW_CHINA_joy,0,0.0,0.0,,,,,,,,,,,00:00:00,,
2025-12-01,2026-08-31,20260615_growme_EN_9x16_FX-test_ZT-niupizhi_LV1-rain_RS-P1X1R3C1_fj,not_delivering,,,,260724_ABO_AEO-Purchase_ios_vid_Growme_WW_T2_joy,0,0.0,0.0,,,,,,,,,,,00:00:00,,
2025-12-01,2026-08-31,20260616_GrowMe_EN_9x16_FX-LifeLessons_ZT-water_RS-P3X1R1C3_gy_jql - Copy,inactive,,,,growmme_260702_EU/NA/OC_AAA_purchase_top_sie,0,0.0,0.0,,,,,,,,,,,00:00:00,,
2025-12-01,2026-08-31,20260615_growme_EN_9x16_FX-LifeLessons_ZT-positive_RS-P1X1R3C3_wxx,not_delivering,,,,260803_ABO_VO-Purchase_ios_vid_Growme_US_五六月top_7d_joy,0,0.0,0.0,,,,,,,,,,,00:00:00,,
2025-12-01,2026-08-31,20260616_growme_EN_9x16_FX-aitalk_ZT-365book_LV1-jindutiao_RS-P1X1R3C1_wxx,not_delivering,,,,260617_ABO_AEO-Purchase_ios_vid_Growme_WW_0616_joy,0,0.0,0.0,,,,,,,,,,,00:00:00,,
2025-12-01,2026-08-31,20260616_growme_EN_9x16_FX-Learning_ZT-readextensive_RS-P1X1R3C3_wxx,not_delivering,,,,260720_ABO_VO-Purchase_ios_vid_Growme_USUK_五六月top_joy,0,0.0,0.0,,,,,,,,,,,00:00:00,,
2025-12-01,2026-08-31,20260616_growme_EN_9x16_FX-Learning_ZT-english_RS-P1X1R3C3_wxx,not_delivering,,,,260617_ABO_AEO-Purchase_ios_vid_Growme_WW_0616_joy,0,0.0,0.0,,,,,,,,,,,00:00:00,,
2025-12-01,2026-08-31,20260615_GrowMe_EN_9x16_FX-Habits_ZT-learn_RS-P3X1R1C3_gy_jql,not_delivering,,,,260630_ABO_AEO-Purchase_ios_vid_Growme_WW_0615_joy,0,0.0,0.0,,,,,,,,,,,00:00:00,,
2025-12-01,2026-08-31,20260616_growme_EN_9x16_FX-Learning_ZT-readextensive_RS-P1X1R3C3_wxx,not_delivering,,,,260804_ABO_VO-Purchase_ios_vid_Growme_US_五六月top_1d_joy,0,0.0,0.0,,,,,,,,,,,00:00:00,,
2025-12-01,2026-08-31,20260615_GrowMe_EN_9x16_FX-Mindset_ZT-optimism_RS-P3X1R1C3_gy_jql,not_delivering,,,,260630_ABO_AEO-Purchase_ios_vid_Growme_WW_0615_joy,0,0.0,0.0,,,,,,,,,,,00:00:00,,
2025-12-01,2026-08-31,20260617_GrowMe_EN_9x16_FX-Learning_ZT-language_RS-P3X1R1C3_gy_jql,not_delivering,,,,260714_AAA_AEO-Purchase_ios_vid_Growme_USUK_0615week_joy,0,0.0,0.0,,,,,,,,,,,00:00:00,,
2025-12-01,2026-08-31,20260617_GrowMe_EN_9x16_FX-Communication_ZT-powerCommunication_RS-P3X1R1C3_fj,not_delivering,,,,260803_ABO_VO-Purchase_ios_vid_Growme_US_五六月top_7d_joy,0,0.0,0.0,,,,,,,,,,,00:00:00,,
2025-12-01,2026-08-31,20260616_GrowMe_ZH_9x16_FX-Creative_ZT-journey_RS-P3X1R1C3_gy_fj,not_delivering,,,,260616_ABO_AEO-Purchase_ios_vid_Growme_WW_CHINA_joy,0,0.0,0.0,,,,,,,,,,,00:00:00,,
2025-12-01,2026-08-31,20260615_growme_EN_9x16_FX-LifeLessons_ZT-positive_RS-P1X1R3C3_wxx,not_delivering,,,,260804_ABO_VO-Purchase_ios_vid_Growme_USUK_五六月top_1d_joy,0,0.0,0.0,,,,,,,,,,,00:00:00,,
2025-12-01,2026-08-31,20260618_GrowMe_EN_9x16_FX-Learning_ZT-pace_RS-P3X1R1C3_gy_jql - Copy,not_delivering,,,,growmme_260729_EU_AAA_purchase_7day_top_sie,0,0.0,0.0,,,,,,,,,,,00:00:00,,
2025-12-01,2026-08-31,20260615_growme_EN_9x16_FX-test_ZT-niupizhi_LV1-rain_RS-P1X1R3C1_fj - Copy,inactive,,,,growmme_260731_FR/DE_AAA_purchase_top_sie,0,0.0,0.0,,,,,,,,,,,00:00:00,,
2025-12-01,2026-08-31,20260616_GrowMe_EN_9x16_FX-LifeLessons_ZT-friend_RS-P3X1R1C3_gy_jql,not_delivering,,,,260617_ABO_AEO-Purchase_ios_vid_Growme_WW_0616_joy,0,0.0,0.0,,,,,,,,,,,00:00:00,,
2025-12-01,2026-08-31,20260615_growme_EN_9x16_FX-Learning_ZT-practive_RS-P1X1R3C3_wxx,inactive,,,,260706_ABO_AEO-Purchase_ios_vid_Growme_WW_06150622back设计师回滚_joy,0,0.0,0.0,,,,,,,,,,,00:00:00,,
2025-12-01,2026-08-31,20260616_GrowMe_EN_9x16_FX-LifeLessons_ZT-clearai_RS-P3X1R1C3_gy_jql,not_delivering,,,,260617_ABO_AEO-Purchase_ios_vid_Growme_WW_0616_joy,0,0.0,0.0,,,,,,,,,,,00:00:00,,
2025-12-01,2026-08-31,20260615_GrowMe_EN_9x16_FX-Challenge_ZT-Follow along_RS-P3X1R1C3_fj,not_delivering,,,,260804_ABO_VO-Purchase_ios_vid_Growme_US_五六月top_1d_joy,0,0.0,0.0,,,,,,,,,,,00:00:00,,
2025-12-01,2026-08-31,20260615_growme_EN_9x16_FX-LifeLessons_ZT-positive_RS-P1X1R3C3_wxx,not_delivering,,,,260804_ABO_VO-Purchase_ios_vid_Growme_US_五六月top_1d_joy,0,0.0,0.0,,,,,,,,,,,00:00:00,,
2025-12-01,2026-08-31,20260616_GrowMe_0_PT_9x16_FX-Learning_ZT-speak_RS-P3X1R1C3_gy_fj,not_delivering,,,,260616_ABO_AEO-Purchase_ios_vid_Growme_WW_USPT_joy,0,0.0,0.0,,,,,,,,,,,00:00:00,,
2025-12-01,2026-08-31,20260616_GrowMe_PT_9x16_FX-Creative_ZT-journey_RS-P3X1R1C3_gy_fj,not_delivering,,,,260616_ABO_AEO-Purchase_ios_vid_Growme_WW_USPT_joy,0,0.0,0.0,,,,,,,,,,,00:00:00,,
2025-12-01,2026-08-31,20260616_GrowMe_EN_9x16_FX-Learning_ZT-readAI_RS-P3X1R1C3_gy_jql,not_delivering,,,,260617_ABO_AEO-Purchase_ios_vid_Growme_WW_0616_joy,0,0.0,0.0,,,,,,,,,,,00:00:00,,
2025-12-01,2026-08-31,20260618_GrowMe_EN_9x16_FX-Learning_ZT-listen_RS-P3X1R1C3_gy_jql,not_delivering,,,,260714_AAA_AEO-Purchase_ios_vid_Growme_USUK_0615week_joy,0,0.0,0.0,,,,,,,,,,,00:00:00,,
2025-12-01,2026-08-31,20260617_GrowMe_EN_9x16_FX-Communication_ZT-powerCommunication_RS-P3X1R1C3_fj,not_delivering,,,,260722_ABO_VO-Purchase_ios_vid_Growme_US_五六月top_1d_joy,0,0.0,0.0,,,,,,,,,,,00:00:00,,
2025-12-01,2026-08-31,20260616_GrowMe_PT_9x16_FX-Learning_ZT-habbit_RS-P3X1R1C3_gy_fj,not_delivering,,,,260616_ABO_AEO-Purchase_ios_vid_Growme_WW_USPT_joy,0,0.0,0.0,,,,,,,,,,,00:00:00,,
2025-12-01,2026-08-31,20260616_growme_EN_9x16_FX-Learning_ZT-english_RS-P1X1R3C3_wxx,inactive,,,,260706_ABO_AEO-Purchase_ios_vid_Growme_WW_06150622back设计师回滚_joy,0,0.0,0.0,,,,,,,,,,,00:00:00,,
2025-12-01,2026-08-31,20260615_GrowMe_EN_9x16_FX-Challenge_ZT-Follow along_RS-P3X1R1C3_fj,not_delivering,,,,260722_ABO_VO-Purchase_ios_vid_Growme_US_五六月top_1d_joy,1,0.0,0.0,,,,,,,,,,,1,,
2025-12-01,2026-08-31,20260617_GrowMe_EN_9x16_FX-Communication_ZT-powerCommunication_RS-P3X1R1C3_fj,not_delivering,,,,260804_ABO_VO-Purchase_ios_vid_Growme_US_五六月top_1d_joy,0,0.0,0.0,,,,,,,,,,,00:00:00,,
2025-12-01,2026-08-31,20260615_growme_EN_9x16_FX-test_ZT-niupizhi_LV1-rain_RS-P1X1R3C1_fj,not_delivering,,,,260806_AAA_AEO-Purchase_ios_vid_Growme_USUK_extop_7d_joy,0,0.0,0.0,,,,,,,,,,,00:00:00,,
2025-12-01,2026-08-31,20260615_GrowMe_EN_9x16_FX-LifeLessons_ZT-peaple_RS-P3X1R1C3_gy_jql,inactive,,,,260624_ABO_AEO-Purchase_ios_vid_Growme_WW_0615排最好_joy,0,0.0,0.0,,,,,,,,,,,00:00:00,,
2025-12-01,2026-08-31,20260615_growme_EN_9x16_FX-test_ZT-niupizhi_LV1-rain_RS-P1X1R3C1_fj - Copy,inactive,,,,growmme_260706_EU_AAA_purchase_top_sie,0,0.0,0.0,,,,,,,,,,,00:00:00,,
2025-12-01,2026-08-31,20260616_growme_EN_9x16_FX-Creative_ZT-Learnforlife_RS-P1X1R1C3_HJ_RMG-5219F,not_delivering,,,,260617_ABO_AEO-Purchase_ios_vid_Growme_WW_0616_joy,0,0.0,0.0,,,,,,,,,,,00:00:00,,
2025-12-01,2026-08-31,20260617_GrowMe_EN_9x16_FX-Communication_ZT-powerCommunication_RS-P3X1R1C3_fj,not_delivering,,,,260716_ABO_AEO-Purchase_ios_vid_Growme_EU_五六月top总_joy,0,0.0,0.0,,,,,,,,,,,00:00:00,,
2025-12-01,2026-08-31,20260617_GrowMe_EN_9x16_FX-Communication_ZT-powerCommunication_RS-P3X1R1C3_fj,not_delivering,,,,260720_ABO_VO-Purchase_ios_vid_Growme_USUK_五六月top_joy,0,0.0,0.0,,,,,,,,,,,00:00:00,,
2025-12-01,2026-08-31,20260615_GrowMe_EN_9x16_FX-Challenge_ZT-Follow along_RS-P3X1R1C3_fj,not_delivering,,,,260804_ABO_VO-Purchase_ios_vid_Growme_US_五六月top_1d_joy,0,0.0,0.0,,,,,,,,,,,00:00:00,,
2025-12-01,2026-08-31,20260616_GrowMe_ZH_9x16_FX-Learning_ZT-habbit_RS-P3X1R1C3_gy_fj,not_delivering,,,,260616_ABO_AEO-Purchase_ios_vid_Growme_WW_CHINA_joy,0,0.0,0.0,,,,,,,,,,,00:00:00,,
2025-12-01,2026-08-31,20260616_GrowMe_EN_9x16_FX-LifeLessons_ZT-endai_RS-P3X1R1C3_gy_jql,not_delivering,,,,260617_ABO_AEO-Purchase_ios_vid_Growme_WW_0616_joy,0,0.0,0.0,,,,,,,,,,,00:00:00,,
2025-12-01,2026-08-31,20260615_GrowMe_EN_9x16_FX-LifeLessons_ZT-try_RS-P3X1R1C3_gy_jql,not_delivering,,,,260630_ABO_AEO-Purchase_ios_vid_Growme_WW_0615_joy,0,0.0,0.0,,,,,,,,,,,00:00:00,,
2025-12-01,2026-08-31,20260615_GrowMe_EN_9x16_FX-Quetes_ZT-everything_RS-P3X1R1C3_gy_jql,not_delivering,,,,260630_ABO_AEO-Purchase_ios_vid_Growme_WW_0615_joy,0,0.0,0.0,,,,,,,,,,,00:00:00,,
2025-12-01,2026-08-31,20260615_growme_EN_9x16_FX-LifeLessons_ZT-positive_RS-P1X1R3C3_wxx,not_delivering,,,,260720_ABO_VO-Purchase_ios_vid_Growme_US_五六月top_joy,0,0.0,0.0,,,,,,,,,,,00:00:00,,
2025-12-01,2026-08-31,20260616_growme_PT_9x16_FX-test_ZT-read_RS-P1X1R3C1_gy_fj,not_delivering,,,,260616_ABO_AEO-Purchase_ios_vid_Growme_WW_USPT_joy,0,0.0,0.0,,,,,,,,,,,00:00:00,,
2025-12-01,2026-08-31,20260616_growme_PT_9x16_FX-test_ZT-niupizhi_RS-P1X1R3C1_gy_fj,not_delivering,,,,260616_ABO_AEO-Purchase_ios_vid_Growme_WW_USPT_joy,0,0.0,0.0,,,,,,,,,,,00:00:00,,
2025-12-01,2026-08-31,20260616_growme_EN_9x16_FX-LifeLessons_ZT-urgetopry_RS-P1X1R3C3_wxx,not_delivering,,,,260617_ABO_AEO-Purchase_ios_vid_Growme_WW_0616_joy,0,0.0,0.0,,,,,,,,,,,00:00:00,,
2025-12-01,2026-08-31,20260615_growme_EN_9x16_FX-LifeLessons_ZT-positive_RS-P1X1R3C3_wxx,not_delivering,,,,260720_ABO_VO-Purchase_ios_vid_Growme_USUK_五六月top_joy,0,0.0,0.0,,,,,,,,,,,00:00:00,,
2025-12-01,2026-08-31,20260616_GrowMe_EN_9x16_FX-LifeLessons_ZT-water_RS-P3X1R1C3_gy_jql - Copy,inactive,,,,growmme_260706_EU_AAA_purchase_top_sie,0,0.0,0.0,,,,,,,,,,,00:00:00,,
2025-12-01,2026-08-31,20260615_growme_EN_9x16_FX-LifeLessons_ZT-positive_RS-P1X1R3C3_wxx,not_delivering,,,,260804_ABO_VO-Purchase_ios_vid_Growme_US_五六月top_1d_joy,0,0.0,0.0,,,,,,,,,,,00:00:00,,
2025-12-01,2026-08-31,20260617_GrowMe_EN_9x16_FX-Communication_ZT-powerCommunication_RS-P3X1R1C3_fj,not_delivering,,,,260804_ABO_VO-Purchase_ios_vid_Growme_US_五六月top_1d_joy,0,0.0,0.0,,,,,,,,,,,00:00:00,,
2025-12-01,2026-08-31,20260616_GrowMe_EN_9x16_FX-Mindset_ZT-compare_RS-P3X1R1C3_gy,not_delivering,,,,260617_ABO_AEO-Purchase_ios_vid_Growme_WW_0616_joy,0,0.0,0.0,,,,,,,,,,,00:00:00,,
2025-12-01,2026-08-31,20260616_growme_EN_9x16_FX-Learning_ZT-readextensive_RS-P1X1R3C3_wxx,not_delivering,,,,260804_ABO_VO-Purchase_ios_vid_Growme_USUK_五六月top_1d_joy,0,0.0,0.0,,,,,,,,,,,00:00:00,,
2025-12-01,2026-08-31,20260616_GrowMe_0_ZH_9x16_FX-Learning_ZT-speak_RS-P3X1R1C3_gy_fj,not_delivering,,,,260616_ABO_AEO-Purchase_ios_vid_Growme_WW_CHINA_joy,0,0.0,0.0,,,,,,,,,,,00:00:00,,
2025-12-01,2026-08-31,20260617_GrowMe_EN_9x16_FX-Mindset_ZT-gentle1_RS-P3X1R1C3_gy_jql,not_delivering,,,,260714_AAA_AEO-Purchase_ios_vid_Growme_USUK_0615week_joy,0,0.0,0.0,,,,,,,,,,,00:00:00,,
2025-12-01,2026-08-31,20260615_growme_EN_9x16_FX-LifeLessons_ZT-positive_RS-P1X1R3C3_wxx,not_delivering,,,,260716_ABO_AEO-Purchase_ios_vid_Growme_EU_五六月top总_joy,0,0.0,0.0,,,,,,,,,,,00:00:00,,
2025-12-01,2026-08-31,20260616_GrowMe_EN_9x16_FX-LifeLessons_ZT-water_RS-P3X1R1C3_gy_jql - Copy,inactive,,,,growmme_260731_UK_AAA_purchase_top_sie,0,0.0,0.0,,,,,,,,,,,00:00:00,,
2025-12-01,2026-08-31,20260616_growme_ZH_9x16_FX-test_ZT-read_RS-P1X1R3C1_gy_fj,not_delivering,,,,260616_ABO_AEO-Purchase_ios_vid_Growme_WW_CHINA_joy,0,0.0,0.0,,,,,,,,,,,00:00:00,,
2025-12-01,2026-08-31,20260615_GrowMe_EN_9x16_FX-LifeLessons_ZT-explain_RS-P3X1R1C3_gy,not_delivering,,,,260630_ABO_AEO-Purchase_ios_vid_Growme_WW_0615_joy,0,0.0,0.0,,,,,,,,,,,00:00:00,,
2025-12-01,2026-08-31,20260616_GrowMe_EN_9x16_FX-Learning_ZT-learn_RS-P3X1R1C3_gy,not_delivering,,,,260617_ABO_AEO-Purchase_ios_vid_Growme_WW_0616_joy,0,0.0,0.0,,,,,,,,,,,00:00:00,,
2025-12-01,2026-08-31,20260616_GrowMe_EN_9x16_FX-Mindset_ZT-proofai_RS-P3X1R1C3_gy_jql,not_delivering,,,,260617_ABO_AEO-Purchase_ios_vid_Growme_WW_0616_joy,0,0.0,0.0,,,,,,,,,,,00:00:00,,
2025-12-01,2026-08-31,20260616_GrowMe_EN_9x16_FX-Mindset_ZT-world_RS-P3X1R1C3_gy_jql,not_delivering,,,,260617_ABO_AEO-Purchase_ios_vid_Growme_WW_0616_joy,0,0.0,0.0,,,,,,,,,,,00:00:00,,
2025-12-01,2026-08-31,20260615_GrowMe_EN_9x16_FX-LifeLessons_ZT-advice_RS-P3X1R1C3_gy_jql,not_delivering,,,,260630_ABO_AEO-Purchase_ios_vid_Growme_WW_0615_joy,0,0.0,0.0,,,,,,,,,,,00:00:00,,
2025-12-01,2026-08-31,20260617_GrowMe_EN_9x16_FX-Learning_ZT-bridge_RS-P3X1R1C3_fj,inactive,,,,260706_ABO_AEO-Purchase_ios_vid_Growme_WW_06150622back设计师回滚_joy,0,0.0,0.0,,,,,,,,,,,00:00:00,,
2025-12-01,2026-08-31,20260617_GrowMe_EN_9x16_FX-Communication_ZT-powerCommunication_RS-P3X1R1C3_fj,not_delivering,,,,260718_ABO_AEO-Purchase_ios_vid_Growme_中日马泰尼_五六月top总_joy,0,0.0,0.0,,,,,,,,,,,00:00:00,,
2025-12-01,2026-08-31,20260615_GrowMe_EN_9x16_FX-Challenge_ZT-Follow along_RS-P3X1R1C3_fj,not_delivering,,,,260804_ABO_VO-Purchase_ios_vid_Growme_USUK_五六月top_1d_joy,0,0.0,0.0,,,,,,,,,,,00:00:00,,
2025-12-01,2026-08-31,20260616_GrowMe_EN_9x16_FX-LifeLessons_ZT-family_RS-P3X1R1C3_gy,not_delivering,,,,260617_ABO_AEO-Purchase_ios_vid_Growme_WW_0616_joy,0,0.0,0.0,,,,,,,,,,,00:00:00,,
2025-12-01,2026-08-31,20260616_GrowMe_EN_9x16_FX-Mindset_ZT-motivatedai_RS-P3X1R1C3_gy_jql,not_delivering,,,,260617_ABO_AEO-Purchase_ios_vid_Growme_WW_0616_joy,0,0.0,0.0,,,,,,,,,,,00:00:00,,
2025-12-01,2026-08-31,20260616_GrowMe_EN_9x16_FX-LifeLessons_ZT-failureai_RS-P3X1R1C3_gy_jql,not_delivering,,,,260617_ABO_AEO-Purchase_ios_vid_Growme_WW_0616_joy,0,0.0,0.0,,,,,,,,,,,00:00:00,,
2025-12-01,2026-08-31,20260616_growme_EN_9x16_FX-Learning_ZT-readextensive_RS-P1X1R3C3_wxx,not_delivering,,,,260720_ABO_AEO-Purchase_ios_vid_Growme_USUK_五六月top_joy,0,0.0,0.0,,,,,,,,,,,00:00:00,,
2025-12-01,2026-08-31,20260616_growme_EN_9x16_FX-Creative_ZT-Publicspeaking_RS-P1X1R1C3_HJ_RMG-5219G,not_delivering,,,,260617_ABO_AEO-Purchase_ios_vid_Growme_WW_0616_joy,0,0.0,0.0,,,,,,,,,,,00:00:00,,
2025-12-01,2026-08-31,20260617_GrowMe_EN_9x16_FX-Communication_ZT-powerCommunication_RS-P3X1R1C3_fj,not_delivering,,,,260706_ABO_AEO-Purchase_ios_vid_Growme_US/UK_五六月top总_卡0.4_joy,0,0.0,0.0,,,,,,,,,,,00:00:00,,
2025-12-01,2026-08-31,20260615_GrowMe_EN_9x16_FX-Challenge_ZT-Follow along_RS-P3X1R1C3_fj,not_delivering,,,,260720_ABO_VO-Purchase_ios_vid_Growme_USUK_五六月top_joy,0,0.0,0.0,,,,,,,,,,,00:00:00,,
2025-12-01,2026-08-31,20260618_GrowMe_EN_9x16_FX-Learning_ZT-pace_RS-P3X1R1C3_gy_jql - Copy,not_delivering,,,,growmme_260729_GCC+ Yemen_AAA_VO_7day_top_sie,0,0.0,0.0,,,,,,,,,,,00:00:00,,
2025-12-01,2026-08-31,20260616_growme_EN_9x16_FX-Learning_ZT-readextensive_RS-P1X1R3C3_wxx,not_delivering,,,,260803_ABO_VO-Purchase_ios_vid_Growme_US_五六月top_7d_joy,0,0.0,0.0,,,,,,,,,,,00:00:00,,
