report_start,report_end,ad_name,广告投放,成效,成效指标,单次成效费用,account,impressions,spend,ctr,custom_derived_metrics:334261784830934,installs,单次应用安装费用 (USD),subscriptions,单次订阅费用 (USD),purchases,单次购物费用 (USD),roas,基于展示次数的 3 秒视频播放率,video_completions,视频平均播放时长,结果（初始）,成效（初始）指标
2025-12-01,2026-08-31,20260706_GrowMe_EN_9x16_FX-SelfGrowth_ZT-SocialSkills_RS-P1X1R3C3_czy,inactive,,,,growmme_WW_260706_1_purchase_7.6-test_sie,7981,16.06,0.801905,0.65517241,19.0,0.845263,,,,,,19.070292,12.0,8,,
2025-12-01,2026-08-31,20260706_GrowMe_EN_9x16_FX-Readers_ZT-BookReading_RS-P1X1R3C3_czy,inactive,,,,growmme_WW_260706_1_purchase_7.6-test_sie,10139,15.15,1.923267,0.0397351,6.0,2.525,,,,,,18.887464,47.0,12,,
2025-12-01,2026-08-31,20260706_GrowMe_EN_9x16_FX-SelfGrowth_ZT-Action_RS-P1X1R3C3_czy,inactive,,,,growmme_WW_260706_1_purchase_7.6-test_sie,10208,14.64,3.036834,0.05128205,12.0,1.22,,,,,,22.217868,20.0,16,,
2025-12-01,2026-08-31,20260706_GrowMe_EN_9x16_FX-Readers_ZT-BookReading-1_RS-P1X1R3C3_czy,inactive,,,,growmme_WW_260706_1_purchase_7.6-test_sie,10200,16.9,1.980392,0.07913669,11.0,1.536364,,,,,,22.598039,32.0,13,,
2025-12-01,2026-08-31,20260706_GrowMe_EN_9x16_FX-Introverts_ZT-Mindset_RS-P1X1R3C3_czy,inactive,22.0,actions:app_custom_event.fb_mobile_purchase,34.66909091,growmme_WW_260706_1_purchase_7.6-test_sie,500657,762.72,1.998374,0.06098643,481.0,1.585696,35.0,21.792,22.0,34.669091,0.562946,16.743,2082.0,10,,
2025-12-01,2026-08-31,20260706_GrowMe_EN_9x16_FX-EnglishLearners_ZT-Learning_RS-P1X1R3C3_czy,inactive,1.0,actions:app_custom_event.fb_mobile_purchase,39.53,growmme_WW_260706_1_purchase_7.6-test_sie,25864,39.53,2.002784,0.17263844,53.0,0.745849,1.0,39.53,1.0,39.53,0.35062,21.203217,50.0,11,,
2025-12-01,2026-08-31,20260706_GrowMe_EN_9x16_FX-Professionals_ZT-SocialSkills_RS-P1X1R3C3_czy,inactive,,,,growmme_WW_260706_1_purchase_7.6-test_sie,10295,12.95,0.757649,0.25,7.0,1.85,2.0,6.475,,,,19.951433,28.0,11,,
2025-12-01,2026-08-31,20260706_GrowMe_EN_9x16_FX-Overthinkers_ZT-Mindset_RS-P1X1R3C3_czy,inactive,,,,growmme_WW_260706_1_purchase_7.6-test_sie,10844,14.52,1.669126,0.23,23.0,0.631304,,,,,,21.597197,33.0,12,,
2025-12-01,2026-08-31,20260706_GrowMe_EN_9x16_FX-Students_ZT-Learning-1_RS-P1X1R3C3_czy,inactive,,,,growmme_WW_260706_1_purchase_7.6-test_sie,10552,14.65,2.340788,0.10526316,20.0,0.7325,,,,,,18.678923,47.0,12,,
2025-12-01,2026-08-31,20260706_GrowMe_EN_9x16_FX-Students_ZT-Learning_RS-P1X1R3C3_czy,inactive,,,,growmme_WW_260706_1_purchase_7.6-test_sie,10840,21.58,1.817343,0.49494949,49.0,0.440408,,,,,,22.509225,85.0,12,,
2025-12-01,2026-08-31,20260706_GrowMe_EN_9x16_FX-Men_ZT-SelfImprovement_RS-P1X1R3C3_czy,inactive,,,,growmme_WW_260706_1_purchase_7.6-test_sie,11100,18.36,1.801802,0.1,13.0,1.412308,,,,,,20.297297,48.0,11,,
2025-12-01,2026-08-31,20260706_GrowMe_EN_9x16_FX-Professionals_ZT-Finance_RS-P1X1R3C3_czy,inactive,,,,growmme_WW_260706_1_purchase_7.6-test_sie,11518,17.72,2.665393,0.07251908,19.0,0.932632,,,,,,18.01528,65.0,13,,
2025-12-01,2026-08-31,20260706_GrowMe_EN_9x16_FX-Readers_ZT-Habits_RS-P1X1R3C3_czy,inactive,,,,growmme_WW_260706_1_purchase_7.6-test_sie,10371,14.87,1.562048,0.24752475,25.0,0.5948,,,,,,21.184071,27.0,14,,
2025-12-01,2026-08-31,20260706_GrowMe_EN_9x16_FX-Professionals_ZT-SelfImprovement_RS-P1X1R3C3_czy,inactive,,,,growmme_WW_260706_1_purchase_7.6-test_sie,5957,10.99,1.561189,0.04081633,2.0,5.495,,,,,,21.302669,61.0,12,,
2025-12-01,2026-08-31,20260706_GrowMe_EN_9x16_FX-Professionals_ZT-Growth_RS-P1X1R3C3_czy,inactive,,,,growmme_WW_260706_1_purchase_7.6-test_sie,11087,19.23,1.758817,0.14782609,17.0,1.131176,,,,,,22.134031,45.0,13,,
2025-12-01,2026-08-31,20260706_GrowMe_EN_9x16_FX-SelfGrowth_ZT-Habits_RS-P1X1R3C3_czy,not_delivering,2.0,actions:app_custom_event.fb_mobile_purchase,35.795,growmme_WW_260706_1_purchase_7.6-test_sie,65904,71.59,1.647851,0.04872107,40.0,1.78975,6.0,11.931667,2.0,35.795,0.506914,19.504127,337.0,13,,
2025-12-01,2026-08-31,20260706_GrowMe_EN_9x16_FX-SelfGrowth_ZT-EmotionalHealth_RS-P1X1R3C3_czy,inactive,,,,growmme_WW_260706_1_purchase_7.6-test_sie,6150,11.03,2.081301,0.04651163,4.0,2.7575,,,,,,20.357724,26.0,12,,
2025-12-01,2026-08-31,20260706_GrowMe_EN_9x16_FX-Students_ZT-Learning-2_RS-P1X1R3C3_czy,inactive,,,,growmme_WW_260706_1_purchase_7.6-test_sie,10180,14.35,1.286837,0.25,17.0,0.844118,1.0,14.35,,,,22.760314,60.0,14,,
2025-12-01,2026-08-31,20260706_GrowMe_EN_9x16_FX-Professionals_ZT-Growth-1_RS-P1X1R3C3_czy,not_delivering,26.0,actions:app_custom_event.fb_mobile_purchase,29.80884615,growmme_WW_260706_1_purchase_7.6-test_sie,605024,775.03,1.260942,0.28149488,1401.0,0.553198,51.0,15.196667,26.0,29.808846,0.742113,19.115275,2314.0,10,,
2025-12-01,2026-08-31,20260706_GrowMe_EN_9x16_FX-SelfGrowth_ZT-Mindset_RS-P1X1R3C3_czy,inactive,,,,growmme_WW_260706_1_purchase_7.6-test_sie,7765,17.05,3.000644,0.09090909,17.0,1.002941,,,,,,20.141661,47.0,14,,
2025-12-01,2026-08-31,20260706_GrowMe_EN_9x16_FX-EnglishLearners_ZT-Learning-water_RS-P3X1R1C3_fj,inactive,,,,growmme_WW_260706_1_purchase_7.6-test_sie,10815,30.67,1.192788,0.20338983,12.0,2.555833,,,,,,16.745261,94.0,3,,
2025-12-01,2026-08-31,20260706_GrowMe_EN_9x16_FX-Professionals_ZT-SelfImprovement-responsibility_RS-P3X1R1C3_fj,not_delivering,,,,growmme_WW_260706_1_purchase_7.6-test_sie,74,0.1,0.0,,,,,,,,,20.27027,,3,,
2025-12-01,2026-08-31,20260706_GrowMe_EN_9x16_FX-EnglishLearners_ZT-Learning-BackonTrack_RS-P3X1R1C3_fj,inactive,2.0,actions:app_custom_event.fb_mobile_purchase,56.56,growmme_WW_260706_1_purchase_7.6-test_sie,50221,113.12,0.959758,0.24556213,83.0,1.362892,4.0,28.28,2.0,56.56,0.48117,10.149141,218.0,2,,
2025-12-01,2026-08-31,20260706_GrowMe_EN_9x16_FX-Women_ZT-healing-ToxicParents_RS-P1X1R3C3_wxx,not_delivering,,,,growmme_WW_260706_1_purchase_7.6-test_sie,2707,7.3,1.477651,0.03030303,1.0,7.3,,,,,,24.344293,14.0,3,,
2025-12-01,2026-08-31,20260706_GrowMe_EN_9x16_FX-SelfGrowth_ZT-aitalk-miscrolearn_RS-P1X1R3C3_wxx,inactive,,,,growmme_WW_260706_1_purchase_7.6-test_sie,10074,18.97,1.131626,0.45454545,40.0,0.47425,,,,,,14.512607,140.0,2,,
2025-12-01,2026-08-31,20260706_GrowMe_EN_9x16_FX-SelfGrowth_ZT-aitalk-365_RS-P1X1R3C3_wxx,inactive,,,,growmme_WW_260706_1_purchase_7.6-test_sie,13476,26.6,0.378451,0.34285714,12.0,2.216667,,,,,,15.761354,122.0,2,,
2025-12-01,2026-08-31,20260706_GrowMe_EN_9x16_FX-SelfGrowth_ZT-SocialSkills_RS-P1X1R3C3_czy,not_delivering,,,,260707_ABO_AEO-Purchase_ios_vid_Growme_WW_0706_文案老形式_joy,1044,3.26,1.05364,0.0,,,,,,,,20.114943,3.0,12,,
2025-12-01,2026-08-31,20260706_GrowMe_EN_9x16_FX-Readers_ZT-BookReading_RS-P1X1R3C3_czy,inactive,,,,260707_ABO_AEO-Purchase_ios_vid_Growme_WW_0706_文案老形式_joy,11869,13.61,0.893083,0.18032787,11.0,1.237273,2.0,6.805,,,,13.126632,28.0,8,,
2025-12-01,2026-08-31,20260706_GrowMe_EN_9x16_FX-SelfGrowth_ZT-Action_RS-P1X1R3C3_czy,inactive,2.0,actions:app_custom_event.fb_mobile_purchase,50.81,260707_ABO_AEO-Purchase_ios_vid_Growme_WW_0706_文案老形式_joy,40087,101.62,1.723751,0.10536779,53.0,1.917358,2.0,50.81,2.0,50.81,0.358492,17.017986,77.0,11,,
2025-12-01,2026-08-31,20260706_GrowMe_EN_9x16_FX-Readers_ZT-BookReading-1_RS-P1X1R3C3_czy,not_delivering,,,,260707_ABO_AEO-Purchase_ios_vid_Growme_WW_0706_文案老形式_joy,773,2.68,2.587322,0.0625,1.0,2.68,,,,,,19.534282,5.0,12,,
2025-12-01,2026-08-31,20260706_GrowMe_EN_9x16_FX-Introverts_ZT-Mindset_RS-P1X1R3C3_czy,inactive,5.0,actions:app_custom_event.fb_mobile_purchase,46.66,260707_ABO_AEO-Purchase_ios_vid_Growme_WW_0706_文案老形式_joy,61313,233.3,2.048505,0.06628788,70.0,3.332857,4.0,58.325,5.0,46.66,0.399529,14.452074,364.0,9,,
2025-12-01,2026-08-31,20260706_GrowMe_EN_9x16_FX-EnglishLearners_ZT-Learning_RS-P1X1R3C3_czy,inactive,,,,260707_ABO_AEO-Purchase_ios_vid_Growme_WW_0706_文案老形式_joy,12833,42.6,1.651991,0.16666667,26.0,1.638462,,,,,,13.488662,28.0,8,,
2025-12-01,2026-08-31,20260706_GrowMe_EN_9x16_FX-Professionals_ZT-SocialSkills_RS-P1X1R3C3_czy,not_delivering,,,,260707_ABO_AEO-Purchase_ios_vid_Growme_WW_0706_文案老形式_joy,713,1.33,1.12202,0.0,,,,,,,,20.196353,1.0,13,,
2025-12-01,2026-08-31,20260706_GrowMe_EN_9x16_FX-Overthinkers_ZT-Mindset_RS-P1X1R3C3_czy,inactive,,,,260707_ABO_AEO-Purchase_ios_vid_Growme_WW_0706_文案老形式_joy,11082,26.72,1.443783,0.16455696,13.0,2.055385,,,,,,18.678939,35.0,11,,
2025-12-01,2026-08-31,20260706_GrowMe_EN_9x16_FX-Students_ZT-Learning-1_RS-P1X1R3C3_czy,inactive,3.0,actions:app_custom_event.fb_mobile_purchase,29.83666667,260707_ABO_AEO-Purchase_ios_vid_Growme_WW_0706_文案老形式_joy,44060,89.51,1.243759,0.1452514,52.0,1.721346,5.0,17.902,3.0,29.836667,0.611775,14.977304,156.0,9,,
2025-12-01,2026-08-31,20260706_GrowMe_EN_9x16_FX-Students_ZT-Learning_RS-P1X1R3C3_czy,inactive,6.0,actions:app_custom_event.fb_mobile_purchase,58.51666667,260707_ABO_AEO-Purchase_ios_vid_Growme_WW_0706_文案老形式_joy,169928,351.1,1.156372,0.2120383,155.0,2.265161,10.0,35.11,6.0,58.516667,0.502848,15.325903,855.0,9,,
2025-12-01,2026-08-31,20260706_GrowMe_EN_9x16_FX-Men_ZT-SelfImprovement_RS-P1X1R3C3_czy,not_delivering,,,,260707_ABO_AEO-Purchase_ios_vid_Growme_WW_0706_文案老形式_joy,206,0.54,2.427184,0.0,,,,,,,,21.359223,1.0,13,,
2025-12-01,2026-08-31,20260706_GrowMe_EN_9x16_FX-Professionals_ZT-Finance_RS-P1X1R3C3_czy,not_delivering,1.0,actions:app_custom_event.fb_mobile_purchase,7.18,260707_ABO_AEO-Purchase_ios_vid_Growme_WW_0706_文案老形式_joy,2254,7.18,1.419698,0.03448276,1.0,7.18,1.0,7.18,1.0,7.18,4.828691,14.551908,10.0,9,,
2025-12-01,2026-08-31,20260706_GrowMe_EN_9x16_FX-Readers_ZT-Habits_RS-P1X1R3C3_czy,inactive,,,,260707_ABO_AEO-Purchase_ios_vid_Growme_WW_0706_文案老形式_joy,10567,30.77,1.637172,0.07874016,10.0,3.077,,,,,,16.201382,40.0,10,,
2025-12-01,2026-08-31,20260706_GrowMe_EN_9x16_FX-Professionals_ZT-SelfImprovement_RS-P1X1R3C3_czy,inactive,,,,260707_ABO_AEO-Purchase_ios_vid_Growme_WW_0706_文案老形式_joy,11120,26.11,1.555755,0.16853933,15.0,1.740667,,,,,,17.985612,96.0,11,,
2025-12-01,2026-08-31,20260706_GrowMe_EN_9x16_FX-Professionals_ZT-Growth_RS-P1X1R3C3_czy,not_delivering,,,,260707_ABO_AEO-Purchase_ios_vid_Growme_WW_0706_文案老形式_joy,2190,6.63,1.872146,0.1,2.0,3.315,,,,,,20.091324,10.0,13,,
2025-12-01,2026-08-31,20260706_GrowMe_EN_9x16_FX-SelfGrowth_ZT-Habits_RS-P1X1R3C3_czy,inactive,,,,260707_ABO_AEO-Purchase_ios_vid_Growme_WW_0706_文案老形式_joy,14906,31.63,1.40212,0.04697987,7.0,4.518571,,,,,,17.516436,65.0,12,,
2025-12-01,2026-08-31,20260706_GrowMe_EN_9x16_FX-SelfGrowth_ZT-EmotionalHealth_RS-P1X1R3C3_czy,not_delivering,1.0,actions:app_custom_event.fb_mobile_purchase,4.49,260707_ABO_AEO-Purchase_ios_vid_Growme_WW_0706_文案老形式_joy,1631,4.49,1.594114,0.04347826,1.0,4.49,1.0,4.49,1.0,4.49,2.03118,16.492949,10.0,9,,
2025-12-01,2026-08-31,20260706_GrowMe_EN_9x16_FX-Students_ZT-Learning-2_RS-P1X1R3C3_czy,not_delivering,1.0,actions:app_custom_event.fb_mobile_purchase,11.73,260707_ABO_AEO-Purchase_ios_vid_Growme_WW_0706_文案老形式_joy,6239,11.73,1.138003,0.07317073,3.0,3.91,1.0,11.73,1.0,11.73,0.777494,19.378105,30.0,13,,
2025-12-01,2026-08-31,20260706_GrowMe_EN_9x16_FX-Professionals_ZT-Growth-1_RS-P1X1R3C3_czy,inactive,,,,260707_ABO_AEO-Purchase_ios_vid_Growme_WW_0706_文案老形式_joy,17969,44.92,1.452502,0.22543353,39.0,1.151795,,,,,,17.87523,90.0,11,,
2025-12-01,2026-08-31,20260706_GrowMe_EN_9x16_FX-SelfGrowth_ZT-Mindset_RS-P1X1R3C3_czy,inactive,,,,260707_ABO_AEO-Purchase_ios_vid_Growme_WW_0706_文案老形式_joy,8499,36.53,1.964937,0.06015038,8.0,4.56625,2.0,18.265,,,,14.389928,51.0,9,,
2025-12-01,2026-08-31,20260706_0_growme_EN_9x16_FX-EnglishLearners_ZT-Learning-niupizhi_LV1-hook5_RS-P1X1R3C1_gy,inactive,,,,260707_ABO_AEO-Purchase_ios_vid_Growme_WW_0706_文案老形式_joy,11769,22.24,1.087603,0.32394366,23.0,0.966957,,,,,,17.69904,116.0,6,,
2025-12-01,2026-08-31,20260706_0_growme_EN_9x16_FX-EnglishLearners_ZT-Learning-niupizhi_LV1-hook10_RS-P1X1R3C1_gy,inactive,,,,260707_ABO_AEO-Purchase_ios_vid_Growme_WW_0706_文案老形式_joy,10491,18.2,1.067582,0.21568627,11.0,1.654545,1.0,18.2,,,,16.614241,50.0,6,,
2025-12-01,2026-08-31,20260706_0_growme_EN_9x16_FX-EnglishLearners_ZT-Learning-niupizhi_LV1-hook9_RS-P1X1R3C1_gy,inactive,,,,260707_ABO_AEO-Purchase_ios_vid_Growme_WW_0706_文案老形式_joy,10805,28.52,1.258677,0.21590909,19.0,1.501053,2.0,14.26,,,,19.379917,130.0,7,,
2025-12-01,2026-08-31,20260706_0_growme_EN_9x16_FX-EnglishLearners_ZT-Learning-niupizhi_LV1-hook4_RS-P1X1R3C1_gy,inactive,,,,260707_ABO_AEO-Purchase_ios_vid_Growme_WW_0706_文案老形式_joy,11588,22.96,1.113221,0.09278351,9.0,2.551111,,,,,,14.713497,83.0,5,,
2025-12-01,2026-08-31,20260706_0_growme_EN_9x16_FX-EnglishLearners_ZT-Learning-niupizhi_LV1-hook8_RS-P1X1R3C1_gy,inactive,,,,260707_ABO_AEO-Purchase_ios_vid_Growme_WW_0706_文案老形式_joy,10669,15.24,0.82482,0.13043478,6.0,2.54,,,,,,15.999625,85.0,6,,
2025-12-01,2026-08-31,20260706_0_growme_EN_9x16_FX-EnglishLearners_ZT-Learning-niupizhi_LV1-hook7_RS-P1X1R3C1_gy,inactive,,,,260707_ABO_AEO-Purchase_ios_vid_Growme_WW_0706_文案老形式_joy,10897,17.14,1.07369,0.17857143,10.0,1.714,,,,,,17.059741,68.0,6,,
2025-12-01,2026-08-31,20260706_0_growme_EN_9x16_FX-EnglishLearners_ZT-Learning-niupizhi_LV1-hook3_RS-P1X1R3C1_gy,inactive,1.0,actions:app_custom_event.fb_mobile_purchase,77.38,260707_ABO_AEO-Purchase_ios_vid_Growme_WW_0706_文案老形式_joy,58346,77.38,0.742125,0.23444976,49.0,1.579184,1.0,77.38,1.0,77.38,0.292711,11.186714,344.0,4,,
2025-12-01,2026-08-31,20260706_0_growme_EN_9x16_FX-EnglishLearners_ZT-Learning-niupizhi_LV1-hook6_RS-P1X1R3C1_gy,not_delivering,,,,260707_ABO_AEO-Purchase_ios_vid_Growme_WW_0706_文案老形式_joy,5283,6.02,0.813931,0.24,6.0,1.003333,,,,,,14.972553,48.0,5,,
2025-12-01,2026-08-31,20260706_0_growme_EN_9x16_FX-EnglishLearners_ZT-Learning-niupizhi_LV1-hook2_RS-P1X1R3C1_gy,inactive,,,,260707_ABO_AEO-Purchase_ios_vid_Growme_WW_0706_文案老形式_joy,23614,43.92,0.969764,0.30769231,32.0,1.3725,,,,,,16.113323,233.0,6,,
2025-12-01,2026-08-31,20260706_0_growme_EN_9x16_FX-EnglishLearners_ZT-Learning-niupizhi_LV1-hook1_RS-P1X1R3C1_gy,inactive,,,,260707_ABO_AEO-Purchase_ios_vid_Growme_WW_0706_文案老形式_joy,12153,27.03,1.341233,0.15384615,16.0,1.689375,,,,,,19.419073,148.0,7,,
2025-12-01,2026-08-31,20260707_GrowMe_EN_9x16_FX-EnglishLearners_ZT-Learning_RS-P3X1R1C3_fj,inactive,1.0,actions:app_custom_event.fb_mobile_purchase,52.71,260708_ABO_AEO-Purchase_ios_vid_Growme_WW_0706/0707_新形式_joy,19878,52.71,0.638897,0.22077922,17.0,3.100588,3.0,17.57,1.0,52.71,0.260861,15.640406,1118.0,2,,
2025-12-01,2026-08-31,20260706_GrowMe_EN_9x16_FX-EnglishLearners_ZT-Learning-water_RS-P3X1R1C3_fj,inactive,1.0,actions:app_custom_event.fb_mobile_purchase,155.58,260708_ABO_AEO-Purchase_ios_vid_Growme_WW_0706/0707_新形式_joy,46024,155.58,0.873457,0.1978022,36.0,4.321667,2.0,77.79,1.0,155.58,0.052513,13.72762,294.0,3,,
2025-12-01,2026-08-31,20260707_growme_EN_9x16_FX-Readers_ZT-Atomic-woman_RS-P1X1R3C3_gy,inactive,2.0,actions:app_custom_event.fb_mobile_purchase,74.88,260708_ABO_AEO-Purchase_ios_vid_Growme_WW_0706/0707_新形式_joy,38629,149.76,0.799917,0.16666667,16.0,9.36,3.0,49.92,2.0,74.88,0.292001,23.337389,133.0,4,,
2025-12-01,2026-08-31,20260707_growme_EN_9x16_FX-EnglishReaders_ZT-learning-woman_RS-P1X1R3C3_gy,inactive,1.0,actions:app_custom_event.fb_mobile_purchase,96.33,260708_ABO_AEO-Purchase_ios_vid_Growme_WW_0706/0707_新形式_joy,27672,96.33,0.993784,0.1627907,35.0,2.752286,3.0,32.11,1.0,96.33,0.38773,21.801821,470.0,3,,
2025-12-01,2026-08-31,20260707_GrowMe_EN_9x16_FX-Women_ZT-Women-Learning_RS-P1X1R3C3_wxx,inactive,,,,260708_ABO_AEO-Purchase_ios_vid_Growme_WW_0706/0707_新形式_joy,4482,16.74,2.008032,0.05617978,5.0,3.348,,,,,,24.252566,114.0,4,,
2025-12-01,2026-08-31,20260707_GrowMe_EN_9x16_FX-EnglishLearners_ZT-Learning-that girl_RS-P3X1R1C3_fj,inactive,1.0,actions:app_custom_event.fb_mobile_purchase,78.94,260708_ABO_AEO-Purchase_ios_vid_Growme_WW_0706/0707_新形式_joy,23859,78.94,0.532294,0.21428571,15.0,5.262667,1.0,78.94,1.0,78.94,0.378009,30.722159,1655.0,3,,
2025-12-01,2026-08-31,20260706_growme_EN_9x16_FX-EnglishReaders_ZT-learning-pink_RS-P1X1R3C3_gy,not_delivering,,,,260708_ABO_AEO-Purchase_ios_vid_Growme_WW_0706/0707_新形式_joy,95,0.37,3.157895,0.0,,,,,,,,17.894737,3.0,2,,
2025-12-01,2026-08-31,20260706_GrowMe_EN_9x16_FX-SelfGrowth_ZT-aitalk-365_RS-P1X1R3C3_wxx,inactive,,,,260708_ABO_AEO-Purchase_ios_vid_Growme_WW_0706/0707_新形式_joy,8017,23.82,0.523887,0.1,3.0,7.94,,,,,,12.847699,77.0,2,,
2025-12-01,2026-08-31,20260706_growme_EN_9x16_FX-EnglishReaders_ZT-learning-speak_RS-P1X1R3C3_gy,inactive,,,,260708_ABO_AEO-Purchase_ios_vid_Growme_WW_0706/0707_新形式_joy,6881,31.68,1.20622,0.07692308,5.0,6.336,,,,,,20.113356,74.0,3,,
2025-12-01,2026-08-31,20260706_growme_EN_9x16_FX-EnglishReaders_ZT-learning-read_RS-P1X1R3C3_gy,inactive,,,,260708_ABO_AEO-Purchase_ios_vid_Growme_WW_0706/0707_新形式_joy,4709,15.17,0.976853,0.12121212,4.0,3.7925,,,,,,17.009981,30.0,3,,
2025-12-01,2026-08-31,20260706_GrowMe_EN_9x16_FX-SelfGrowth_ZT-aitalk-miscrolearn_RS-P1X1R3C3_wxx,inactive,,,,260708_ABO_AEO-Purchase_ios_vid_Growme_WW_0706/0707_新形式_joy,13846,34.58,0.707786,0.18604651,16.0,2.16125,1.0,34.58,,,,12.624585,167.0,2,,
2025-12-01,2026-08-31,20260706_GrowMe_EN_9x16_FX-EnglishLearners_ZT-Learning-BackonTrack_RS-P3X1R1C3_fj,inactive,,,,260708_ABO_AEO-Purchase_ios_vid_Growme_WW_0706/0707_新形式_joy,13507,47.7,1.199378,0.15384615,18.0,2.65,2.0,23.85,,,,9.735693,70.0,2,,
2025-12-01,2026-08-31,20260707_GrowMe_EN_9x16_FX-Women_ZT-Learning-_RS-P3X1R1C3_fj,not_delivering,,,,260708_ABO_AEO-Purchase_ios_vid_Growme_WW_0706/0707_新形式_joy,27,0.13,0.0,,,,,,,,,7.407407,1.0,2,,
2025-12-01,2026-08-31,20260706_GrowMe_EN_9x16_FX-Women_ZT-healing-ToxicParents_RS-P1X1R3C3_wxx,inactive,,,,260708_ABO_AEO-Purchase_ios_vid_Growme_WW_0706/0707_新形式_joy,5094,32.7,2.748331,0.0,,,,,,,,26.796231,115.0,4,,
2025-12-01,2026-08-31,20260707_GrowMe_EN_9x16_FX-SelfGrowth_ZT-SelfAwareness-test_RS-P1X1R3C3_wxx,inactive,,,,260708_ABO_AEO-Purchase_ios_vid_Growme_WW_0706/0707_新形式_joy,11876,50.06,1.456719,0.13013699,19.0,2.634737,2.0,25.03,,,,26.077804,185.0,5,,
2025-12-01,2026-08-31,20260707_GrowMe_EN_9x16_FX-EnglishLearners_ZT-Learning-15mins_RS-P3X1R1C3_fj,inactive,,,,260708_ABO_AEO-Purchase_ios_vid_Growme_WW_0706/0707_新形式_joy,12148,38.58,0.526836,0.14285714,7.0,5.511429,,,,,,8.915048,169.0,1,,
2025-12-01,2026-08-31,20260706_GrowMe_EN_9x16_FX-Professionals_ZT-SelfImprovement-responsibility_RS-P3X1R1C3_fj,not_delivering,,,,260708_ABO_AEO-Purchase_ios_vid_Growme_WW_0706/0707_新形式_joy,3175,12.89,3.149606,0.0,,,,,,,,24.283465,61.0,5,,
2025-12-01,2026-08-31,20260707_GrowMe_EN_4x5_FX-Women_ZT-WomenEmpowerment_RS-P3X1R1C3_fj,inactive,,,,260708_ABO_AEO-Purchase_ios_vid_Growme_WW_0706/0707_新形式_joy,9128,36.66,1.533742,0.03947368,3.0,12.22,,,,,,22.151621,87.0,2,,
2025-12-01,2026-08-31,20260707_GrowMe_EN_9x16_FX-EnglishLearners_ZT-Learning_RS-P3X1R1C3_fj,inactive,,,,growmme_WW_260708_1_purchase_7.7-7.8-test_sie,3181,10.5,0.974536,0.23809524,5.0,2.1,,,,,,22.288588,303.0,3,,
2025-12-01,2026-08-31,20260707_GrowMe_EN_4x5_FX-Women_ZT-WomenEmpowerment_RS-P3X1R1C3_fj,inactive,,,,growmme_WW_260708_1_purchase_7.7-7.8-test_sie,10892,52.34,1.156812,0.13265306,13.0,4.026154,,,,,,24.458318,203.0,3,,
2025-12-01,2026-08-31,20260707_GrowMe_EN_9x16_FX-EnglishLearners_ZT-Learning-that girl_RS-P3X1R1C3_fj,inactive,3.0,actions:app_custom_event.fb_mobile_purchase,54.39,growmme_WW_260708_1_purchase_7.7-7.8-test_sie,39947,163.17,0.781035,0.10454545,23.0,7.094348,2.0,81.585,3.0,54.39,0.413802,28.693018,3283.0,3,,
2025-12-01,2026-08-31,20260707_GrowMe_EN_9x16_FX-EnglishLearners_ZT-Learning-15mins_RS-P3X1R1C3_fj,inactive,,,,growmme_WW_260708_1_purchase_7.7-7.8-test_sie,6497,24.95,0.769586,0.13888889,5.0,4.99,,,,,,13.714022,219.0,2,,
2025-12-01,2026-08-31,20260707_GrowMe_EN_9x16_FX-Women_ZT-Learning-_RS-P3X1R1C3_fj,not_delivering,,,,growmme_WW_260708_1_purchase_7.7-7.8-test_sie,786,2.84,3.562341,0.03333333,1.0,2.84,,,,,,29.643766,111.0,4,,
2025-12-01,2026-08-31,20260707_GrowMe_EN_9x16_FX-Women_ZT-Women-Learning_RS-P1X1R3C3_wxx,inactive,,,,growmme_WW_260708_1_purchase_7.7-7.8-test_sie,3104,13.61,1.707474,0.14545455,8.0,1.70125,,,,,,20.779639,118.0,4,,
2025-12-01,2026-08-31,20260707_GrowMe_EN_9x16_FX-SelfGrowth_ZT-SelfAwareness-test_RS-P1X1R3C3_wxx,inactive,,,,growmme_WW_260708_1_purchase_7.7-7.8-test_sie,3235,19.48,1.545595,0.15909091,7.0,2.782857,,,,,,28.438949,91.0,4,,
2025-12-01,2026-08-31,20260707_growme_EN_9x16_FX-EnglishReaders_ZT-learning-woman_RS-P1X1R3C3_gy,inactive,,,,growmme_WW_260708_1_purchase_7.7-7.8-test_sie,3730,17.01,1.233244,0.15789474,6.0,2.835,,,,,,24.772118,81.0,3,,
2025-12-01,2026-08-31,20260707_growme_EN_9x16_FX-Readers_ZT-Atomic-woman_RS-P1X1R3C3_gy,inactive,,,,growmme_WW_260708_1_purchase_7.7-7.8-test_sie,3290,19.87,1.458967,0.17647059,6.0,3.311667,,,,,,25.227964,26.0,5,,
2025-12-01,2026-08-31,20260708_GrowMe_EN_9x16_01_FX-EnglishLearners_ZT-Learning-slow2_RS-P1X1R3C3_wxx,inactive,1.0,actions:app_custom_event.fb_mobile_purchase,100.06,growmme_WW_260708_1_purchase_7.7-7.8-test_sie,17700,100.06,1.214689,0.18248175,25.0,4.0024,1.0,100.06,1.0,100.06,0.245553,15.468927,134.0,5,,
2025-12-01,2026-08-31,20260708_GrowMe_EN_9x16_01_FX-EnglishLearners_ZT-Learning-slow_RS-P1X1R3C1_wxx,inactive,,,,growmme_WW_260708_1_purchase_7.7-7.8-test_sie,5923,24.29,0.979234,0.33333333,16.0,1.518125,,,,,,16.596319,68.0,8,,
2025-12-01,2026-08-31,20260708_GrowMe_EN_9x16_01_FX-SelfGrowth_ZT-Learning-history_RS-P1X1R3C3_wxx,inactive,,,,growmme_WW_260708_1_purchase_7.7-7.8-test_sie,5205,27.45,1.037464,0.14893617,7.0,3.921429,,,,,,17.387128,69.0,2,,
2025-12-01,2026-08-31,20260706_0_growme_EN_9x16_FX-EnglishLearners_ZT-Learning-niupizhi_LV1-hook5_RS-P1X1R3C1_gy,inactive,,,,growmme_WW_260709_1_purchase_lou-test_sie,11458,26.7,0.733112,0.22641509,12.0,2.225,,,,,,14.941526,112.0,5,,
2025-12-01,2026-08-31,20260706_0_growme_EN_9x16_FX-EnglishLearners_ZT-Learning-niupizhi_LV1-hook10_RS-P1X1R3C1_gy,inactive,,,,growmme_WW_260709_1_purchase_lou-test_sie,10998,24.34,0.763775,0.24489796,12.0,2.028333,,,,,,13.629751,47.0,4,,
2025-12-01,2026-08-31,20260706_0_growme_EN_9x16_FX-EnglishLearners_ZT-Learning-niupizhi_LV1-hook9_RS-P1X1R3C1_gy,not_delivering,,,,growmme_WW_260709_1_purchase_lou-test_sie,968,3.4,0.516529,0.33333333,1.0,3.4,1.0,3.4,,,,15.599174,7.0,6,,
2025-12-01,2026-08-31,20260706_growme_EN_9x16_FX-EnglishReaders_ZT-learning-read_RS-P1X1R3C3_gy,not_delivering,,,,growmme_WW_260709_1_purchase_lou-test_sie,15,0.02,0.0,,,,,,,,,13.333333,,2,,
2025-12-01,2026-08-31,20260706_0_growme_EN_9x16_FX-EnglishLearners_ZT-Learning-niupizhi_LV1-hook4_RS-P1X1R3C1_gy,inactive,,,,growmme_WW_260709_1_purchase_lou-test_sie,14158,27.74,0.911146,0.1375,11.0,2.521818,,,,,,16.125159,127.0,5,,
2025-12-01,2026-08-31,20260706_0_growme_EN_9x16_FX-EnglishLearners_ZT-Learning-niupizhi_LV1-hook8_RS-P1X1R3C1_gy,inactive,,,,growmme_WW_260709_1_purchase_lou-test_sie,12751,23.6,0.799937,0.08108108,6.0,3.933333,,,,,,15.543879,90.0,5,,
2025-12-01,2026-08-31,20260706_0_growme_EN_9x16_FX-EnglishLearners_ZT-Learning-niupizhi_LV1-hook7_RS-P1X1R3C1_gy,inactive,,,,growmme_WW_260709_1_purchase_lou-test_sie,12085,21.11,0.959868,0.20987654,17.0,1.241765,,,,,,17.054199,92.0,5,,
2025-12-01,2026-08-31,20260706_0_growme_EN_9x16_FX-EnglishLearners_ZT-Learning-niupizhi_LV1-hook3_RS-P1X1R3C1_gy,inactive,15.0,actions:app_custom_event.fb_mobile_purchase,40.01066667,growmme_WW_260709_1_purchase_lou-test_sie,402604,600.16,1.098847,0.22713568,452.0,1.327788,25.0,24.0064,15.0,40.010667,0.527426,13.940497,3718.0,5,,
2025-12-01,2026-08-31,20260706_0_growme_EN_9x16_FX-EnglishLearners_ZT-Learning-niupizhi_LV1-hook6_RS-P1X1R3C1_gy,inactive,,,,growmme_WW_260709_1_purchase_lou-test_sie,11037,22.02,1.096312,0.140625,9.0,2.446667,,,,,,16.426565,133.0,5,,
2025-12-01,2026-08-31,20260706_0_growme_EN_9x16_FX-EnglishLearners_ZT-Learning-niupizhi_LV1-hook2_RS-P1X1R3C1_gy,inactive,,,,growmme_WW_260709_1_purchase_lou-test_sie,17696,32.77,0.830696,0.28571429,20.0,1.6385,1.0,32.77,,,,14.37613,179.0,5,,
2025-12-01,2026-08-31,20260706_0_growme_EN_9x16_FX-EnglishLearners_ZT-Learning-niupizhi_LV1-hook1_RS-P1X1R3C1_gy,inactive,,,,growmme_WW_260709_1_purchase_lou-test_sie,11381,13.87,1.186188,0.13,13.0,1.066923,2.0,6.935,,,,17.248045,118.0,6,,
2025-12-01,2026-08-31,20260708_GrowMe_EN_9x16_01_FX-EnglishLearners_ZT-Learning-slow2_RS-P1X1R3C3_wxx,inactive,2.0,actions:app_custom_event.fb_mobile_purchase,49.025,growmme_WW_260709_1_purchase_lou-test_sie,17815,98.05,1.212461,0.30833333,37.0,2.65,3.0,32.683333,2.0,49.025,0.375829,17.648049,115.0,5,,
2025-12-01,2026-08-31,20260708_GrowMe_EN_9x16_01_FX-EnglishLearners_ZT-Learning-slow_RS-P1X1R3C1_wxx,not_delivering,,,,growmme_WW_260709_1_purchase_lou-test_sie,2513,7.49,1.352965,0.12,3.0,2.496667,,,,,,18.384401,15.0,5,,
2025-12-01,2026-08-31,20260708_GrowMe_EN_9x16_01_FX-SelfGrowth_ZT-Learning-history_RS-P1X1R3C3_wxx,inactive,,,,growmme_WW_260709_1_purchase_lou-test_sie,10979,43.47,1.011021,0.13636364,9.0,4.83,,,,,,19.728573,173.0,2,,
2025-12-01,2026-08-31,20260709_growme_EN_9x16_FX-EnglishLearners_ZT-VP-english-3_RS-P1X1R3C3_wxx,not_delivering,,,,260710_ABO_AEO-Purchase_ios_vid_Growme_WW_0708/0709_新形式_joy,133,0.52,0.75188,0.0,,,,,,,,29.323308,,3,,
2025-12-01,2026-08-31,20260709_growme_EN_9x16_FX-EnglishLearners_ZT-VP-read-2_RS-P1X1R3C3_fj,not_delivering,,,,260710_ABO_AEO-Purchase_ios_vid_Growme_WW_0708/0709_新形式_joy,145,0.57,0.689655,0.0,,,,,,,,35.172414,1.0,3,,
2025-12-01,2026-08-31,20260709_growme_EN_9x16_FX-EnglishLearners_ZT-VP-read-1_RS-P1X1R3C3_fj,not_delivering,,,,260710_ABO_AEO-Purchase_ios_vid_Growme_WW_0708/0709_新形式_joy,168,1.01,1.190476,1.0,1.0,1.01,,,,,,33.928571,1.0,3,,
2025-12-01,2026-08-31,20260709_growme_EN_9x16_FX-EnglishLearners_ZT-VP-english-2_RS-P1X1R3C3_fj,not_delivering,,,,260710_ABO_AEO-Purchase_ios_vid_Growme_WW_0708/0709_新形式_joy,192,1.08,3.645833,0.0,,,,,,,,24.479167,2.0,4,,
2025-12-01,2026-08-31,20260709_growme_EN_9x16_FX-EnglishLearners_ZT-VP-english-2_RS-P1X1R3C3_wxx,inactive,2.0,actions:app_custom_event.fb_mobile_purchase,84.605,260710_ABO_AEO-Purchase_ios_vid_Growme_WW_0708/0709_新形式_joy,54912,169.21,0.901442,0.23819742,111.0,1.524414,4.0,42.3025,2.0,84.605,0.26866,20.753205,160.0,3,,
2025-12-01,2026-08-31,20260709_growme_EN_9x16_FX-EnglishLearners_ZT-VP-english-1_RS-P1X1R3C3_fj,not_delivering,,,,260710_ABO_AEO-Purchase_ios_vid_Growme_WW_0708/0709_新形式_joy,71,0.5,2.816901,0.0,,,,,,,,25.352113,2.0,3,,
2025-12-01,2026-08-31,20260709_growme_EN_9x16_FX-EnglishLearners_ZT-Learning_RS-P1X1R1C1_ZH_095KB_RMG-6283E,inactive,,,,260710_ABO_AEO-Purchase_ios_vid_Growme_WW_0708/0709_新形式_joy,10711,31.46,1.073663,0.12345679,10.0,3.146,,,,,,12.258426,81.0,3,,
2025-12-01,2026-08-31,20260709_growme_EN_9x16_FX-EnglishLearners_ZT-Learning_RS-P1X1R1C1_ZH_095KB_RMG-6283D,inactive,,,,260710_ABO_AEO-Purchase_ios_vid_Growme_WW_0708/0709_新形式_joy,13787,38.53,1.646479,0.19526627,33.0,1.167576,,,,,,15.362298,113.0,3,,
2025-12-01,2026-08-31,20260709_growme_EN_9x16_FX-EnglishLearners_ZT-VP-english-1_RS-P1X1R3C3_wxx,inactive,1.0,actions:app_custom_event.fb_mobile_purchase,151.65,260710_ABO_AEO-Purchase_ios_vid_Growme_WW_0708/0709_新形式_joy,46199,151.65,0.98487,0.27868852,119.0,1.27437,2.0,75.825,1.0,151.65,0.3061,20.071863,340.0,3,,
2025-12-01,2026-08-31,20260708_growme_EN_9x16_FX-SelfGrowth_ZT-LifeLessons_RS-P1X1R1C1_CN_095KB_RMG-6284,inactive,,,,260710_ABO_AEO-Purchase_ios_vid_Growme_WW_0708/0709_新形式_joy,6636,27.0,1.522001,0.10588235,9.0,3.0,2.0,13.5,,,,17.616034,62.0,4,,
2025-12-01,2026-08-31,20260709_GrowMe_EN_9x16_FX-EnglishLearners_ZT-Learning-train_RS-P3X1R1C3_fj,inactive,,,,260710_ABO_AEO-Purchase_ios_vid_Growme_WW_0708/0709_新形式_joy,21042,75.71,0.907708,0.23529412,32.0,2.365938,1.0,75.71,,,,9.400247,86.0,4,,
2025-12-01,2026-08-31,20260709_growme_EN_9x16_FX-EnglishLearners_ZT-VP-english-5_RS-P1X1R3C3_gy,not_delivering,,,,260710_ABO_AEO-Purchase_ios_vid_Growme_WW_0708/0709_新形式_joy,53,0.08,0.0,,,,,,,,,15.09434,,2,,
2025-12-01,2026-08-31,20260709_growme_EN_9x16_FX-EnglishReaders_ZT-learning-pink_RS-P1X1R3C3_gy,not_delivering,,,,260710_ABO_AEO-Purchase_ios_vid_Growme_WW_0708/0709_新形式_joy,87,0.37,3.448276,0.0,,,,,,,,21.83908,1.0,2,,
2025-12-01,2026-08-31,20260709_growme_EN_9x16_FX-EnglishLearners_ZT-VP-english-4_RS-P1X1R3C3_gy,not_delivering,,,,260710_ABO_AEO-Purchase_ios_vid_Growme_WW_0708/0709_新形式_joy,1091,4.42,1.099908,0.0,,,,,,,,26.3978,2.0,3,,
2025-12-01,2026-08-31,20260709_growme_EN_9x16_FX-EnglishLearners_ZT-VP-english-3_RS-P1X1R3C3_gy,not_delivering,,,,260710_ABO_AEO-Purchase_ios_vid_Growme_WW_0708/0709_新形式_joy,116,0.22,0.0,,,,,,,,,13.793103,,1,,
2025-12-01,2026-08-31,20260709_growme_EN_9x16_FX-EnglishLearners_ZT-Learning_RS-P1X1R1C1_ZH_095KB_RMG-6283C,inactive,,,,260710_ABO_AEO-Purchase_ios_vid_Growme_WW_0708/0709_新形式_joy,10377,32.56,1.811699,0.07228916,12.0,2.713333,,,,,,16.777489,128.0,4,,
2025-12-01,2026-08-31,20260709_growme_EN_9x16_FX-EnglishLearners_ZT-VP-english-1_RS-P1X1R3C3_gy,not_delivering,,,,260710_ABO_AEO-Purchase_ios_vid_Growme_WW_0708/0709_新形式_joy,109,0.21,0.917431,0.0,,,,,,,,22.93578,1.0,2,,
2025-12-01,2026-08-31,20260709_growme_EN_9x16_FX-EnglishLearners_ZT-VP-english-4_RS-P1X1R3C3_wxx,not_delivering,,,,260710_ABO_AEO-Purchase_ios_vid_Growme_WW_0708/0709_新形式_joy,1561,4.81,1.28123,0.125,2.0,2.405,,,,,,20.307495,5.0,3,,
2025-12-01,2026-08-31,20260709_growme_EN_9x16_FX-EnglishLearners_ZT-Learning-train_RS-P1X1R3C1_gy,not_delivering,,,,260710_ABO_AEO-Purchase_ios_vid_Growme_WW_0708/0709_新形式_joy,124,0.1,0.0,,,,,,,,,20.967742,,2,,
2025-12-01,2026-08-31,20260709_GrowMe_EN_9x16_01_FX-SelfGrowth_ZT-Learning-history_RS-P1X1R3C3_wxx,inactive,,,,260710_ABO_AEO-Purchase_ios_vid_Growme_WW_0708/0709_新形式_joy,18845,75.29,0.854338,0.18897638,24.0,3.137083,2.0,37.645,,,,16.290793,96.0,2,,
2025-12-01,2026-08-31,20260706_GrowMe_EN_9x16_FX-Introverts_ZT-Mindset_RS-P1X1R3C3_czy - Copy,inactive,,,,growmme_260710_EU_AAA_purchase_top_sie,3075,18.84,1.528455,0.16216216,6.0,3.14,,,,,,14.536585,14.0,6,,
2025-12-01,2026-08-31,20260706_GrowMe_EN_9x16_FX-Professionals_ZT-Growth-1_RS-P1X1R3C3_czy - Copy,inactive,6.0,actions:app_custom_event.fb_mobile_purchase,51.05,growmme_260710_EU_AAA_purchase_top_sie,79544,306.3,0.893845,0.37011494,161.0,1.902484,16.0,19.14375,6.0,51.05,0.474698,12.452228,200.0,5,,
2025-12-01,2026-08-31,20260706_GrowMe_EN_9x16_FX-Introverts_ZT-Mindset_RS-P1X1R3C3_czy - Copy,inactive,,,,growmme_260710_EU_AAA_purchase_top_sie,3303,15.56,1.362398,0.07692308,3.0,5.186667,,,,,,13.230397,11.0,6,,
2025-12-01,2026-08-31,20260706_GrowMe_EN_9x16_FX-Students_ZT-Learning_RS-P1X1R3C3_czy - Copy,inactive,,,,growmme_260710_EU_AAA_purchase_top_sie,3157,15.78,0.791891,0.61538462,8.0,1.9725,1.0,15.78,,,,11.878366,5.0,5,,
2025-12-01,2026-08-31,20260707_GrowMe_EN_9x16_FX-EnglishLearners_ZT-Learning-that girl_RS-P3X1R1C3_fj - Copy,not_delivering,,,,growmme_260710_EU_AAA_purchase_top_sie,1845,8.36,0.813008,0.14285714,1.0,8.36,,,,,,28.346883,104.0,3,,
2025-12-01,2026-08-31,20260706_GrowMe_EN_9x16_FX-Students_ZT-Learning-1_RS-P1X1R3C3_czy - Copy,inactive,,,,growmme_260710_EU_AAA_purchase_top_sie,3146,14.55,1.525747,0.06451613,2.0,7.275,,,,,,13.127781,7.0,6,,
2025-12-01,2026-08-31,20260706_GrowMe_EN_9x16_FX-EnglishLearners_ZT-Learning-BackonTrack_RS-P3X1R1C3_fj - Copy,inactive,,,,growmme_260710_EU_AAA_purchase_top_sie,3352,13.83,0.686158,0.22222222,4.0,3.4575,,,,,,6.593079,10.0,1,,
2025-12-01,2026-08-31,20260706_GrowMe_EN_9x16_FX-SelfGrowth_ZT-Action_RS-P1X1R3C3_czy - Copy,inactive,,,,growmme_260710_EU_AAA_purchase_top_sie,3115,12.9,1.733547,0.0,,,,,,,,12.969502,8.0,7,,
2025-12-01,2026-08-31,20260708_GrowMe_EN_9x16_01_FX-EnglishLearners_ZT-Learning-slow2_RS-P1X1R3C3_wxx - Copy,inactive,1.0,actions:app_custom_event.fb_mobile_purchase,47.19,growmme_260710_EU_AAA_purchase_top_sie,6617,47.19,1.465921,0.21052632,12.0,3.9325,2.0,23.595,1.0,47.19,0.264887,15.792655,49.0,5,,
2025-12-01,2026-08-31,20260706_GrowMe_EN_9x16_FX-SelfGrowth_ZT-EmotionalHealth_RS-P1X1R3C3_czy - Copy,not_delivering,,,,growmme_260710_EU_AAA_purchase_top_sie,847,3.78,1.180638,0.22222222,2.0,1.89,,,,,,16.528926,3.0,8,,
2025-12-01,2026-08-31,20260706_GrowMe_EN_9x16_FX-Students_ZT-Learning-2_RS-P1X1R3C3_czy - Copy,not_delivering,1.0,actions:app_custom_event.fb_mobile_purchase,17.15,growmme_260710_EU_AAA_purchase_top_sie,4076,17.15,1.07949,0.2,5.0,3.43,1.0,17.15,1.0,17.15,0.587755,15.77527,13.0,8,,
2025-12-01,2026-08-31,20260706_GrowMe_EN_9x16_FX-EnglishLearners_ZT-Learning-water_RS-P3X1R1C3_fj - Copy,inactive,,,,growmme_260710_EU_AAA_purchase_top_sie,3326,18.85,1.202646,0.57894737,11.0,1.713636,,,,,,16.957306,32.0,3,,
2025-12-01,2026-08-31,20260706_GrowMe_EN_9x16_FX-EnglishLearners_ZT-Learning_RS-P1X1R3C3_czy - Copy,inactive,,,,growmme_260710_EU_AAA_purchase_top_sie,3274,14.26,1.099572,0.08333333,2.0,7.13,,,,,,13.591936,,6,,
2025-12-01,2026-08-31,20260706_GrowMe_EN_9x16_FX-Professionals_ZT-Finance_RS-P1X1R3C3_czy - Copy,not_delivering,,,,growmme_260710_EU_AAA_purchase_top_sie,446,2.2,1.345291,0.0,,,,,,,,17.488789,2.0,11,,
2025-12-01,2026-08-31,20260706_GrowMe_EN_9x16_FX-EnglishLearners_ZT-Learning_RS-P1X1R3C3_czy - Copy,not_delivering,,,,growmme_260710_WW_AAA_purchase_1day_high-conversion_sie,1160,1.11,2.5,0.0,,,,,,,,29.224138,1.0,18,,
2025-12-01,2026-08-31,20260706_GrowMe_EN_9x16_FX-Introverts_ZT-Mindset_RS-P1X1R3C3_czy - Copy,not_delivering,,,,growmme_260710_WW_AAA_purchase_1day_high-conversion_sie,36,0.02,0.0,,,,,,,,,8.333333,,2,,
2025-12-01,2026-08-31,20260706_GrowMe_EN_9x16_FX-Introverts_ZT-Mindset_RS-P1X1R3C3_czy - Copy,not_delivering,,,,growmme_260710_WW_AAA_purchase_1day_high-conversion_sie,138,0.21,4.347826,0.0,,,,,,,,18.115942,,12,,
2025-12-01,2026-08-31,20260706_GrowMe_EN_9x16_FX-Professionals_ZT-Growth-1_RS-P1X1R3C3_czy - Copy,not_delivering,,,,growmme_260710_WW_AAA_purchase_1day_high-conversion_sie,978,0.9,0.920245,0.125,1.0,0.9,,,,,,29.652352,5.0,18,,
2025-12-01,2026-08-31,20260706_GrowMe_EN_9x16_FX-Students_ZT-Learning_RS-P1X1R3C3_czy - Copy,not_delivering,,,,growmme_260710_WW_AAA_purchase_1day_high-conversion_sie,8172,7.44,1.38277,0.14814815,8.0,0.93,2.0,3.72,,,,26.50514,46.0,16,,
2025-12-01,2026-08-31,20260707_GrowMe_EN_9x16_FX-EnglishLearners_ZT-Learning-that girl_RS-P3X1R1C3_fj - Copy,not_delivering,,,,growmme_260710_WW_AAA_purchase_1day_high-conversion_sie,553,0.79,1.084991,0.0,,,,,,,,37.432188,45.0,3,,
2025-12-01,2026-08-31,20260706_GrowMe_EN_9x16_FX-SelfGrowth_ZT-Action_RS-P1X1R3C3_czy - Copy,not_delivering,,,,growmme_260710_WW_AAA_purchase_1day_high-conversion_sie,181,0.14,3.867403,0.0,,,,,,,,32.596685,,29,,
2025-12-01,2026-08-31,20260706_GrowMe_EN_9x16_FX-Students_ZT-Learning-1_RS-P1X1R3C3_czy - Copy,not_delivering,,,,growmme_260710_WW_AAA_purchase_1day_high-conversion_sie,275,0.24,4.0,0.0,,,,,,,,27.636364,1.0,21,,
2025-12-01,2026-08-31,20260706_GrowMe_EN_9x16_FX-EnglishLearners_ZT-Learning-BackonTrack_RS-P3X1R1C3_fj - Copy,not_delivering,,,,growmme_260710_WW_AAA_purchase_1day_high-conversion_sie,4219,7.79,1.279924,0.33333333,10.0,0.779,,,,,,9.338706,16.0,2,,
2025-12-01,2026-08-31,20260706_GrowMe_EN_9x16_FX-EnglishLearners_ZT-Learning-water_RS-P3X1R1C3_fj - Copy,not_delivering,,,,growmme_260710_WW_AAA_purchase_1day_high-conversion_sie,1049,2.32,2.192564,0.0,,,,,,,,18.303146,8.0,3,,
2025-12-01,2026-08-31,20260706_GrowMe_EN_9x16_FX-Students_ZT-Learning-2_RS-P1X1R3C3_czy - Copy,not_delivering,,,,growmme_260710_WW_AAA_purchase_1day_high-conversion_sie,32,0.0,3.125,0.0,,,,,,,,31.25,1.0,21,,
2025-12-01,2026-08-31,20260708_GrowMe_EN_9x16_01_FX-EnglishLearners_ZT-Learning-slow2_RS-P1X1R3C3_wxx - Copy,not_delivering,,,,growmme_260710_WW_AAA_purchase_1day_high-conversion_sie,376,0.92,0.797872,0.0,,,,,,,,19.148936,,3,,
2025-12-01,2026-08-31,20260706_GrowMe_EN_9x16_FX-SelfGrowth_ZT-EmotionalHealth_RS-P1X1R3C3_czy - Copy,not_delivering,,,,growmme_260710_WW_AAA_purchase_1day_high-conversion_sie,64,0.02,3.125,0.0,,,,,,,,51.5625,1.0,37,,
2025-12-01,2026-08-31,20260706_GrowMe_EN_9x16_FX-Professionals_ZT-Finance_RS-P1X1R3C3_czy - Copy,not_delivering,,,,growmme_260710_WW_AAA_purchase_1day_high-conversion_sie,16,0.0,0.0,,,,,,,,,25.0,,23,,
2025-12-01,2026-08-31,20260706_GrowMe_EN_9x16_FX-Introverts_ZT-Mindset_RS-P1X1R3C3_czy - Copy,not_delivering,,,,growmme_260710_WW_AAA_purchase_1day_high-conversion_sie,251,0.34,5.577689,0.0,,,,,,,,20.717131,1.0,15,,
2025-12-01,2026-08-31,20260707_GrowMe_EN_9x16_FX-SelfGrowth_ZT-SelfImprovement-2_RS-P1X1R3C3_aitool_czy,not_delivering,,,,260710_ABO_AEO-Purchase_ios_vid_Growme_WW_0707/0708/0709_文案老形式_joy,93,0.19,1.075269,0.0,,,,,,,,13.978495,1.0,5,,
2025-12-01,2026-08-31,20260707_GrowMe_EN_9x16_FX-Overthinkers_ZT-EmotionalHealth_RS-P1X1R3C3_aitool_czy,inactive,,,,260710_ABO_AEO-Purchase_ios_vid_Growme_WW_0707/0708/0709_文案老形式_joy,10901,16.35,0.605449,0.0,,,,,,,,13.255665,43.0,6,,
2025-12-01,2026-08-31,20260707_GrowMe_EN_9x16_FX-FinanceSeekers_ZT-Growth_RS-P1X1R3C3_aitool_czy,inactive,,,,260710_ABO_AEO-Purchase_ios_vid_Growme_WW_0707/0708/0709_文案老形式_joy,10381,25.54,1.849533,0.05769231,9.0,2.837778,,,,,,15.008188,47.0,7,,
2025-12-01,2026-08-31,20260707_GrowMe_EN_9x16_FX-EnglishLearners_ZT-Learning_RS-P1X1R3C3_aitool_czy,inactive,,,,260710_ABO_AEO-Purchase_ios_vid_Growme_WW_0707/0708/0709_文案老形式_joy,21378,45.04,1.136683,0.10382514,19.0,2.370526,2.0,22.52,,,,14.112639,70.0,6,,
2025-12-01,2026-08-31,20260707_GrowMe_EN_9x16_FX-Readers_ZT-Habits_RS-P1X1R3C3_aitool_czy,inactive,,,,260710_ABO_AEO-Purchase_ios_vid_Growme_WW_0707/0708/0709_文案老形式_joy,8660,21.8,1.120092,0.11111111,6.0,3.633333,,,,,,17.009238,30.0,7,,
2025-12-01,2026-08-31,20260708_GrowMe_EN_9x16_FX-EnglishLearners_ZT-Learning_RS-P1X1R3C3_aitool_czy,inactive,,,,260710_ABO_AEO-Purchase_ios_vid_Growme_WW_0707/0708/0709_文案老形式_joy,10309,27.43,1.309535,0.06862745,7.0,3.918571,,,,,,13.483364,45.0,8,,
2025-12-01,2026-08-31,20260707_GrowMe_EN_9x16_FX-Professionals_ZT-Habits_RS-P1X1R3C3_aitool_czy,not_delivering,,,,260710_ABO_AEO-Purchase_ios_vid_Growme_WW_0707/0708/0709_文案老形式_joy,189,0.33,2.116402,0.0,,,,,,,,14.285714,1.0,11,,
2025-12-01,2026-08-31,20260707_GrowMe_EN_9x16_FX-Overthinkers_ZT-Mindset_RS-P1X1R3C3_aitool_czy,inactive,,,,260710_ABO_AEO-Purchase_ios_vid_Growme_WW_0707/0708/0709_文案老形式_joy,6054,25.51,1.816981,0.05,4.0,6.3775,,,,,,17.393459,38.0,10,,
2025-12-01,2026-08-31,20260707_GrowMe_EN_9x16_FX-SelfGrowth_ZT-Focus_RS-P1X1R3C3_aitool_czy,inactive,,,,260710_ABO_AEO-Purchase_ios_vid_Growme_WW_0707/0708/0709_文案老形式_joy,8425,16.3,0.700297,0.15625,5.0,3.26,,,,,,15.275964,38.0,6,,
2025-12-01,2026-08-31,20260707_GrowMe_EN_9x16_FX-Professionals_ZT-Growth_RS-P1X1R3C3_aitool_czy,inactive,,,,260710_ABO_AEO-Purchase_ios_vid_Growme_WW_0707/0708/0709_文案老形式_joy,12030,15.51,0.881131,0.32608696,15.0,1.034,1.0,15.51,,,,14.796342,50.0,6,,
2025-12-01,2026-08-31,20260707_GrowMe_EN_9x16_FX-Professionals_ZT-Communication_RS-P1X1R3C3_aitool_czy,inactive,,,,260710_ABO_AEO-Purchase_ios_vid_Growme_WW_0707/0708/0709_文案老形式_joy,16969,31.4,0.630562,0.28888889,13.0,2.415385,1.0,31.4,,,,12.811598,48.0,5,,
2025-12-01,2026-08-31,20260708_GrowMe_EN_9x16_FX-FinanceSeekers_ZT-Finance_RS-P1X1R3C3_aitool_czy,inactive,,,,260710_ABO_AEO-Purchase_ios_vid_Growme_WW_0707/0708/0709_文案老形式_joy,13243,17.82,0.664502,0.17948718,7.0,2.545714,,,,,,13.924337,67.0,7,,
2025-12-01,2026-08-31,20260707_GrowMe_EN_9x16_FX-Women_ZT-EmotionalHealth_RS-P1X1R3C3_aitool_czy,not_delivering,,,,260710_ABO_AEO-Purchase_ios_vid_Growme_WW_0707/0708/0709_文案老形式_joy,2412,3.18,0.331675,0.0,,,,,,,,13.349917,5.0,5,,
2025-12-01,2026-08-31,20260708_GrowMe_EN_9x16_FX-EnglishLearners_ZT-Learning-1_RS-P1X1R3C3_aitool_czy,inactive,,,,260710_ABO_AEO-Purchase_ios_vid_Growme_WW_0707/0708/0709_文案老形式_joy,13818,19.1,0.694746,0.32608696,15.0,1.273333,1.0,19.1,,,,15.436387,100.0,8,,
2025-12-01,2026-08-31,20260707_GrowMe_EN_9x16_FX-Readers_ZT-Learning_RS-P1X1R3C3_aitool_czy,not_delivering,,,,260710_ABO_AEO-Purchase_ios_vid_Growme_WW_0707/0708/0709_文案老形式_joy,353,0.75,0.0,,,,,,,,,18.413598,1.0,8,,
2025-12-01,2026-08-31,20260707_GrowMe_EN_9x16_FX-SelfGrowth_ZT-SelfImprovement-1_RS-P1X1R3C3_aitool_czy,not_delivering,,,,260710_ABO_AEO-Purchase_ios_vid_Growme_WW_0707/0708/0709_文案老形式_joy,139,0.41,1.438849,0.0,,,,,,,,17.266187,2.0,8,,
2025-12-01,2026-08-31,20260708_GrowMe_EN_9x16_FX-FinanceSeekers_ZT-Learning_RS-P1X1R3C3_aitool_czy,inactive,,,,260710_ABO_AEO-Purchase_ios_vid_Growme_WW_0707/0708/0709_文案老形式_joy,11633,29.12,1.057337,0.26923077,21.0,1.386667,,,,,,12.301212,46.0,6,,
2025-12-01,2026-08-31,20260707_GrowMe_EN_9x16_FX-Students_ZT-Learning-1_RS-P1X1R3C3_aitool_czy,not_delivering,,,,260710_ABO_AEO-Purchase_ios_vid_Growme_WW_0707/0708/0709_文案老形式_joy,4297,7.57,0.605073,0.18181818,2.0,3.785,,,,,,14.940656,13.0,7,,
2025-12-01,2026-08-31,20260707_GrowMe_EN_9x16_FX-Readers_ZT-BookReading_RS-P1X1R3C3_aitool_czy,not_delivering,,,,260710_ABO_AEO-Purchase_ios_vid_Growme_WW_0707/0708/0709_文案老形式_joy,110,0.23,0.0,,,,,,,,,17.272727,1.0,8,,
2025-12-01,2026-08-31,20260707_GrowMe_EN_9x16_FX-SelfGrowth_ZT-Focus-1_RS-P1X1R3C3_aitool_czy,not_delivering,,,,260710_ABO_AEO-Purchase_ios_vid_Growme_WW_0707/0708/0709_文案老形式_joy,5119,11.2,0.996288,0.06060606,2.0,5.6,,,,,,16.38992,32.0,8,,
2025-12-01,2026-08-31,20260707_GrowMe_EN_9x16_FX-Women_ZT-EmotionalHealth-1_RS-P1X1R3C3_aitool_czy,not_delivering,,,,260710_ABO_AEO-Purchase_ios_vid_Growme_WW_0707/0708/0709_文案老形式_joy,282,0.61,1.06383,0.0,,,,,,,,18.794326,3.0,10,,
2025-12-01,2026-08-31,20260707_GrowMe_EN_9x16_FX-SelfGrowth_ZT-Discipline_RS-P1X1R3C3_aitool_czy,inactive,,,,260710_ABO_AEO-Purchase_ios_vid_Growme_WW_0707/0708/0709_文案老形式_joy,6671,17.45,1.424074,0.0375,3.0,5.816667,,,,,,15.409984,26.0,7,,
2025-12-01,2026-08-31,20260708_GrowMe_EN_9x16_FX-EnglishLearners_ZT-Communication_RS-P1X1R3C3_aitool_czy,inactive,,,,260710_ABO_AEO-Purchase_ios_vid_Growme_WW_0707/0708/0709_文案老形式_joy,10285,27.33,1.448712,0.10280374,11.0,2.484545,,,,,,17.209528,76.0,9,,
2025-12-01,2026-08-31,20260709_growme_EN_9x16_FX-EnglishLearners_ZT-Learning_RS-P1X1R1C1_ZH_095KB_RMG-6283A,inactive,,,,260710_ABO_AEO-Purchase_ios_vid_Growme_WW_0707/0708/0709_文案老形式_joy,17515,23.52,0.56523,0.2037037,11.0,2.138182,,,,,,12.372252,568.0,4,,
2025-12-01,2026-08-31,20260709_growme_EN_9x16_FX-SelfGrowth_ZT-Lifelessons-confidence__RS-P1X1R3C1_gy,not_delivering,,,,260710_ABO_AEO-Purchase_ios_vid_Growme_WW_0707/0708/0709_文案老形式_joy,128,0.27,0.78125,,,,,,,,,13.28125,1.0,3,,
2025-12-01,2026-08-31,20260709_growme_EN_9x16_FX-EnglishLearners_ZT-Learning_RS-P1X1R1C1_ZH_095KB_RMG-6283B,inactive,,,,260710_ABO_AEO-Purchase_ios_vid_Growme_WW_0707/0708/0709_文案老形式_joy,12262,17.22,0.782907,0.2826087,13.0,1.324615,,,,,,15.274833,566.0,5,,
2025-12-01,2026-08-31,20260708_GrowMe_EN_9x16_FX-Women_ZT-EmotionalHealth_RS-P1X1R3C3_aitool_czy,inactive,,,,260710_ABO_AEO-Purchase_ios_vid_Growme_WW_0708/0709_文案老形式_joy,10415,25.02,0.912146,0.01666667,1.0,25.02,,,,,,13.768603,39.0,7,,
2025-12-01,2026-08-31,20260708_GrowMe_EN_9x16_FX-Overthinkers_ZT-Growth_RS-P1X1R3C3_aitool_czy,not_delivering,,,,260710_ABO_AEO-Purchase_ios_vid_Growme_WW_0708/0709_文案老形式_joy,133,0.6,0.0,,,,,,,,,9.774436,,5,,
2025-12-01,2026-08-31,20260708_GrowMe_EN_9x16_FX-Readers_ZT-BookReading_RS-P1X1R3C3_aitool_czy,inactive,,,,260710_ABO_AEO-Purchase_ios_vid_Growme_WW_0708/0709_文案老形式_joy,14234,18.76,0.562035,0.125,4.0,4.69,,,,,,14.2265,47.0,6,,
2025-12-01,2026-08-31,20260708_growme_EN_9x16_FX-EnglishLearners_ZT-Learning_RS-P1X1R1C1_CN_095KB_RMG-6284E,inactive,,,,260710_ABO_AEO-Purchase_ios_vid_Growme_WW_0707/0708/0709_文案老形式_joy,11583,19.27,0.854701,0.28571429,16.0,1.204375,,,,,,17.370284,70.0,6,,
2025-12-01,2026-08-31,20260708_growme_EN_9x16_FX-EnglishLearners_ZT-Learning_RS-P1X1R1C1_CN_095KB_RMG-6284C,not_delivering,,,,260710_ABO_AEO-Purchase_ios_vid_Growme_WW_0707/0708/0709_文案老形式_joy,593,0.74,0.337268,0.0,,,,,,,,15.851602,3.0,4,,
2025-12-01,2026-08-31,20260708_GrowMe_EN_9x16_01_FX-EnglishLearners_ZT-Learning-slow3_RS-P1X1R3C1_wxx,inactive,,,,260710_ABO_AEO-Purchase_ios_vid_Growme_WW_0707/0708/0709_文案老形式_joy,19937,38.0,1.068365,0.22033898,26.0,1.461538,,,,,,13.061143,122.0,6,,
2025-12-01,2026-08-31,20260707_GrowMe_EN_9x16_FX-SelfGrowth_ZT-SelfImprovement_RS-P1X1R3C3_aitool_czy,inactive,,,,260710_ABO_AEO-Purchase_ios_vid_Growme_WW_0707/0708/0709_文案老形式_joy,13561,30.0,1.356832,0.05839416,8.0,3.75,,,,,,12.491704,56.0,6,,
2025-12-01,2026-08-31,20260708_growme_EN_9x16_FX-EnglishLearners_ZT-Learning_RS-P1X1R1C1_CN_095KB_RMG-6284B,inactive,,,,260710_ABO_AEO-Purchase_ios_vid_Growme_WW_0707/0708/0709_文案老形式_joy,23327,52.9,0.934539,0.10810811,16.0,3.30625,,,,,,13.225018,186.0,4,,
2025-12-01,2026-08-31,20260710_growme_EN_9x16_FX-EnglishLearners_ZT-Learning-list_RS-P1X1R3C1_gy,inactive,,,,260710_ABO_AEO-Purchase_ios_vid_Growme_WW_0710新形式_joy,19344,37.06,0.739247,0.16814159,19.0,1.950526,2.0,18.53,,,,13.368486,160.0,2,,
2025-12-01,2026-08-31,20260710_growme_EN_9x16_FX-EnglishLearners_ZT-Learning-speaker_RS-P1X1R3C1_gy,inactive,,,,260710_ABO_AEO-Purchase_ios_vid_Growme_WW_0710新形式_joy,19780,41.56,1.193124,0.06951872,13.0,3.196923,,,,,,13.897877,188.0,3,,
2025-12-01,2026-08-31,20260710_growme_EN_9x16_FX-EnglishLearners_ZT-Learning-page_RS-P1X1R3C1_gy,inactive,5.0,actions:app_custom_event.fb_mobile_purchase,42.142,260710_ABO_AEO-Purchase_ios_vid_Growme_WW_0710新形式_joy,95088,210.71,0.880237,0.16376307,94.0,2.241596,11.0,19.155455,5.0,42.142,0.63267,11.394708,602.0,2,,
2025-12-01,2026-08-31,20260710_GrowMe_EN_9x16_FX-EnglishLearners_ZT-Learning-thatgirl_RS-P3X1R1C3_fj,not_delivering,,,,260710_ABO_AEO-Purchase_ios_vid_Growme_WW_0710新形式_joy,171,0.69,0.0,,,,,,,,,11.111111,2.0,1,,
2025-12-01,2026-08-31,20260710_GrowMe_EN_9x16_FX-EnglishLearners_ZT-Learning-love yourself_RS-P3X1R1C3_fj,inactive,,,,260710_ABO_AEO-Purchase_ios_vid_Growme_WW_0710新形式_joy,10917,30.48,0.659522,0.30188679,16.0,1.905,,,,,,8.225703,40.0,2,,
2025-12-01,2026-08-31,20260710_GrowMe_EN_9x16_FX-EnglishLearners_ZT-Learning-train_RS-P3X1R1C3_fj,inactive,2.0,actions:app_custom_event.fb_mobile_purchase,71.015,260710_ABO_AEO-Purchase_ios_vid_Growme_WW_0710新形式_joy,32103,142.03,0.953182,0.14438503,27.0,5.26037,2.0,71.015,2.0,71.015,0.230656,14.693331,175.0,5,,
2025-12-01,2026-08-31,20260710_growme_EN_9x16_FX-EnglishLearners_ZT-Learning-hua_RS-P1X1R3C1_gy,not_delivering,,,,260710_ABO_AEO-Purchase_ios_vid_Growme_WW_0710新形式_joy,1494,4.74,1.539491,0.0,,,,,,,,21.552878,27.0,5,,
2025-12-01,2026-08-31,20260710_GrowMe_EN_9x16_FX-EnglishLearners_ZT-Learning-that girl_RS-P3X1R1C3_LV1-background_fj,not_delivering,,,,260710_ABO_AEO-Purchase_ios_vid_Growme_WW_0710新形式_joy,1734,3.58,1.211073,0.05882353,1.0,3.58,,,,,,20.876586,80.0,4,,
2025-12-01,2026-08-31,20260710_growme_EN_9x16_FX-EnglishLearners_ZT-VP-english-1_RS-P1X1R3C3_wxx,not_delivering,,,,260710_ABO_AEO-Purchase_ios_vid_Growme_WW_0710新形式_joy,282,1.46,0.0,,,,,,,,,23.049645,2.0,4,,
2025-12-01,2026-08-31,20260710_GrowMe_EN_9x16_FX-Women_ZT-SelfGrowth-Learning_RS-P1X1R3C3_wxx,not_delivering,,,,260710_ABO_AEO-Purchase_ios_vid_Growme_WW_0710新形式_joy,189,0.44,0.0,,,,,,,,,26.455026,6.0,3,,
2025-12-01,2026-08-31,20260710_GrowMe_EN_9x16_01_FX-SelfGrowth_ZT-Learning-history_RS-P1X1R3C3_wxx,inactive,,,,260710_ABO_AEO-Purchase_ios_vid_Growme_WW_0710新形式_joy,14482,41.01,1.015053,0.15,12.0,3.4175,1.0,41.01,,,,15.550338,151.0,2,,
2025-12-01,2026-08-31,20260710_growme_EN_9x16_FX-EnglishLearners_ZT-VP-english-4_RS-P1X1R3C3_wxx,not_delivering,,,,260710_ABO_AEO-Purchase_ios_vid_Growme_WW_0710新形式_joy,23,0.04,0.0,,,,,,,,,21.73913,,4,,
2025-12-01,2026-08-31,20260706_growme_EN_9x16_FX-EnglishReaders_ZT-learning-pink_RS-P1X1R3C3_gy,not_delivering,,,,growmme_WW_260709_1_purchase_lou-test_sie,14,0.01,0.0,,,,,,,,,21.428571,,2,,
2025-12-01,2026-08-31,20260709_GrowMe_EN_9x16_FX-Professionals_ZT-Learning_RS-P1X1R3C3_aitool_czy,not_delivering,,,,260710_ABO_AEO-Purchase_ios_vid_Growme_WW_0708/0709_文案老形式_joy,178,0.72,0.561798,0.0,,,,,,,,10.674157,1.0,4,,
2025-12-01,2026-08-31,20260709_GrowMe_EN_9x16_FX-Students_ZT-Learning_RS-P1X1R3C3_aitool_czy,not_delivering,,,,260710_ABO_AEO-Purchase_ios_vid_Growme_WW_0708/0709_文案老形式_joy,144,0.31,0.0,,,,,,,,,17.361111,,9,,
2025-12-01,2026-08-31,20260708_GrowMe_EN_9x16_FX-SelfGrowth_ZT-Discipline_RS-P1X1R3C3_aitool_czy,not_delivering,,,,260710_ABO_AEO-Purchase_ios_vid_Growme_WW_0708/0709_文案老形式_joy,442,0.68,0.0,,,,,,,,,21.040724,2.0,10,,
2025-12-01,2026-08-31,20260709_GrowMe_EN_9x16_FX-Overthinkers_ZT-Mindset_RS-P1X1R3C3_aitool_czy,not_delivering,,,,260710_ABO_AEO-Purchase_ios_vid_Growme_WW_0708/0709_文案老形式_joy,293,0.59,1.023891,0.0,,,,,,,,16.723549,2.0,7,,
2025-12-01,2026-08-31,20260709_GrowMe_EN_9x16_FX-EnglishLearners_ZT-Learning-1_RS-P1X1R3C3_aitool_czy,inactive,,,,260710_ABO_AEO-Purchase_ios_vid_Growme_WW_0708/0709_文案老形式_joy,10948,21.17,0.520643,0.3,9.0,2.352222,,,,,,13.253562,40.0,6,,
2025-12-01,2026-08-31,20260708_GrowMe_EN_9x16_FX-Students_ZT-Learning_RS-P1X1R3C3_aitool_czy,inactive,,,,260710_ABO_AEO-Purchase_ios_vid_Growme_WW_0708/0709_文案老形式_joy,10744,25.11,1.182055,0.07368421,7.0,3.587143,,,,,,15.338794,53.0,8,,
2025-12-01,2026-08-31,20260708_GrowMe_EN_9x16_FX-Students_ZT-Learning_RS-P1X1R3C3_aitool_czy 2,inactive,,,,260710_ABO_AEO-Purchase_ios_vid_Growme_WW_0708/0709_文案老形式_joy,8199,17.23,1.024515,0.2037037,11.0,1.566364,,,,,,15.062813,56.0,8,,
2025-12-01,2026-08-31,20260709_GrowMe_EN_9x16_FX-FinanceSeekers_ZT-Finance_RS-P1X1R3C3_aitool_czy,not_delivering,,,,260710_ABO_AEO-Purchase_ios_vid_Growme_WW_0708/0709_文案老形式_joy,209,0.54,0.956938,0.0,,,,,,,,13.397129,,6,,
2025-12-01,2026-08-31,20260709_GrowMe_EN_9x16_FX-Women_ZT-SelfImprovement_RS-P1X1R3C3_aitool_czy,not_delivering,,,,260710_ABO_AEO-Purchase_ios_vid_Growme_WW_0708/0709_文案老形式_joy,227,0.47,0.881057,0.0,,,,,,,,15.859031,2.0,10,,
2025-12-01,2026-08-31,20260708_GrowMe_EN_9x16_FX-Professionals_ZT-Learning_RS-P1X1R3C3_aitool_czy,inactive,,,,260710_ABO_AEO-Purchase_ios_vid_Growme_WW_0708/0709_文案老形式_joy,12600,20.39,0.619048,0.25,7.0,2.912857,1.0,20.39,,,,14.134921,79.0,7,,
2025-12-01,2026-08-31,20260708_GrowMe_EN_9x16_FX-Overthinkers_ZT-EmotionalHealth-1_RS-P1X1R3C3_aitool_czy,inactive,,,,260710_ABO_AEO-Purchase_ios_vid_Growme_WW_0708/0709_文案老形式_joy,11645,20.59,0.678403,0.28125,9.0,2.287778,,,,,,14.7617,64.0,7,,
2025-12-01,2026-08-31,20260708_GrowMe_EN_9x16_FX-Overthinkers_ZT-Mindset-1_RS-P1X1R3C3_aitool_czy,inactive,,,,260710_ABO_AEO-Purchase_ios_vid_Growme_WW_0708/0709_文案老形式_joy,13616,39.12,1.050235,0.15789474,12.0,3.26,,,,,,15.43772,89.0,7,,
2025-12-01,2026-08-31,20260708_GrowMe_EN_9x16_FX-Professionals_ZT-Growth_RS-P1X1R3C3_aitool_czy,inactive,,,,260710_ABO_AEO-Purchase_ios_vid_Growme_WW_0708/0709_文案老形式_joy,10450,22.92,0.736842,0.06896552,2.0,11.46,,,,,,15.129187,56.0,7,,
2025-12-01,2026-08-31,20260708_GrowMe_EN_9x16_FX-Women_ZT-Communication_RS-P1X1R3C3_aitool_czy,not_delivering,,,,260710_ABO_AEO-Purchase_ios_vid_Growme_WW_0708/0709_文案老形式_joy,142,0.18,0.0,,,,,,,,,14.084507,1.0,8,,
2025-12-01,2026-08-31,20260708_GrowMe_EN_9x16_FX-Overthinkers_ZT-EmotionalHealth_RS-P1X1R3C3_aitool_czy,inactive,,,,260710_ABO_AEO-Purchase_ios_vid_Growme_WW_0708/0709_文案老形式_joy,10825,22.14,0.637413,0.19444444,7.0,3.162857,,,,,,14.558891,65.0,6,,
2025-12-01,2026-08-31,20260709_GrowMe_EN_9x16_FX-Readers_ZT-Habits_RS-P1X1R3C3_aitool_czy,inactive,,,,260710_ABO_AEO-Purchase_ios_vid_Growme_WW_0708/0709_文案老形式_joy,10924,17.36,0.732332,0.21052632,8.0,2.17,,,,,,16.504943,60.0,9,,
2025-12-01,2026-08-31,20260709_GrowMe_EN_9x16_FX-SelfGrowth_ZT-Discipline_RS-P1X1R3C3_aitool_czy,not_delivering,,,,260710_ABO_AEO-Purchase_ios_vid_Growme_WW_0708/0709_文案老形式_joy,5593,14.72,1.662793,0.05797101,4.0,3.68,,,,,,16.020025,36.0,9,,
2025-12-01,2026-08-31,20260708_GrowMe_EN_9x16_FX-SelfGrowth_ZT-SelfImprovement_RS-P1X1R3C3_aitool_czy,inactive,,,,260710_ABO_AEO-Purchase_ios_vid_Growme_WW_0708/0709_文案老形式_joy,11632,22.29,0.876891,0.47619048,20.0,1.1145,,,,,,14.709422,28.0,6,,
2025-12-01,2026-08-31,20260708_GrowMe_EN_9x16_FX-Readers_ZT-BookReading-3_RS-P1X1R3C3_aitool_czy,inactive,1.0,actions:app_custom_event.fb_mobile_purchase,57.78,260710_ABO_AEO-Purchase_ios_vid_Growme_WW_0708/0709_文案老形式_joy,37005,57.78,0.656668,0.21311475,26.0,2.222308,1.0,57.78,1.0,57.78,0.196089,15.605999,161.0,7,,
2025-12-01,2026-08-31,20260708_GrowMe_EN_9x16_FX-Professionals_ZT-Communication_RS-P1X1R3C3_aitool_czy,inactive,,,,260710_ABO_AEO-Purchase_ios_vid_Growme_WW_0708/0709_文案老形式_joy,9062,18.89,0.893842,0.16,8.0,2.36125,,,,,,14.169058,38.0,8,,
2025-12-01,2026-08-31,20260709_GrowMe_EN_9x16_FX-Students_ZT-Habits_RS-P1X1R3C3_aitool_czy,not_delivering,,,,260710_ABO_AEO-Purchase_ios_vid_Growme_WW_0708/0709_文案老形式_joy,435,0.56,0.0,,,,,,,,,23.678161,1.0,10,,
2025-12-01,2026-08-31,20260708_GrowMe_EN_9x16_FX-Professionals_ZT-Communication-1_RS-P1X1R3C3_aitool_czy,inactive,,,,260710_ABO_AEO-Purchase_ios_vid_Growme_WW_0708/0709_文案老形式_joy,6279,20.57,1.751871,0.02197802,2.0,10.285,2.0,10.285,,,,14.556458,39.0,8,,
2025-12-01,2026-08-31,20260709_GrowMe_EN_9x16_FX-EnglishLearners_ZT-Learning_RS-P1X1R3C3_aitool_czy,inactive,,,,260710_ABO_AEO-Purchase_ios_vid_Growme_WW_0708/0709_文案老形式_joy,15373,52.44,1.274963,0.17293233,23.0,2.28,1.0,52.44,,,,15.566253,84.0,7,,
2025-12-01,2026-08-31,20260708_GrowMe_EN_9x16_FX-Students_ZT-Discipline_RS-P1X1R3C3_aitool_czy,inactive,,,,260710_ABO_AEO-Purchase_ios_vid_Growme_WW_0708/0709_文案老形式_joy,11343,23.31,1.181345,0.06666667,6.0,3.885,,,,,,16.06277,18.0,9,,
2025-12-01,2026-08-31,20260709_GrowMe_EN_9x16_FX-Professionals_ZT-Communication_RS-P1X1R3C3_aitool_czy,inactive,,,,260710_ABO_AEO-Purchase_ios_vid_Growme_WW_0708/0709_文案老形式_joy,11492,28.53,0.687435,0.33333333,13.0,2.194615,2.0,14.265,,,,15.602158,53.0,7,,
2025-12-01,2026-08-31,20260708_GrowMe_EN_9x16_FX-Readers_ZT-Habits_RS-P1X1R3C3_aitool_czy,not_delivering,,,,260710_ABO_AEO-Purchase_ios_vid_Growme_WW_0708/0709_文案老形式_joy,1412,2.54,0.637394,0.0,,,,,,,,17.563739,3.0,9,,
2025-12-01,2026-08-31,20260709_GrowMe_EN_9x16_FX-SelfGrowth_ZT-Growth_RS-P1X1R3C3_aitool_czy,not_delivering,,,,260710_ABO_AEO-Purchase_ios_vid_Growme_WW_0708/0709_文案老形式_joy,83,0.11,0.0,,,,,,,,,24.096386,3.0,12,,
2025-12-01,2026-08-31,20260706_growme_EN_9x16_FX-EnglishReaders_ZT-learning-speak_RS-P1X1R3C3_gy,inactive,,,,growmme_WW_260709_1_purchase_lou-test_sie,10198,32.45,1.539518,0.05594406,8.0,4.05625,2.0,16.225,,,,22.798588,287.0,3,,
2025-12-01,2026-08-31,20260709_growme_EN_9x16_FX-EnglishLearners_ZT-VP-english-2_RS-P1X1R3C3_wxx - Copy,archived,,,,growmme_260713_WW_AAA_purchase_7day_top_sie(ex: Indonesia),433,1.01,2.078522,0.875,7.0,0.144286,,,,,,27.713626,2.0,4,,
2025-12-01,2026-08-31,20260706_GrowMe_EN_9x16_FX-Professionals_ZT-Growth-1_RS-P1X1R3C3_czy - Copy,archived,,,,growmme_260713_WW_AAA_purchase_7day_top_sie(ex: Indonesia),10411,11.62,1.325521,0.51219512,42.0,0.276667,,,,,,20.084526,41.0,11,,
2025-12-01,2026-08-31,20260710_growme_EN_9x16_FX-EnglishLearners_ZT-Learning-page_RS-P1X1R3C1_gy - Copy,archived,,,,growmme_260713_WW_AAA_purchase_7day_top_sie(ex: Indonesia),6530,7.46,1.669219,0.35820896,24.0,0.310833,,,,,,13.797856,58.0,3,,
2025-12-01,2026-08-31,20260706_GrowMe_EN_9x16_FX-Students_ZT-Learning_RS-P1X1R3C3_czy - Copy,archived,,,,growmme_260713_WW_AAA_purchase_7day_top_sie(ex: Indonesia),3476,4.51,1.438435,0.33333333,8.0,0.56375,,,,,,20.598389,15.0,11,,
2025-12-01,2026-08-31,20260706_GrowMe_EN_9x16_FX-Introverts_ZT-Mindset_RS-P1X1R3C3_czy - Copy,archived,,,,growmme_260713_WW_AAA_purchase_7day_top_sie(ex: Indonesia),139,0.17,4.316547,0.0,,,,,,,,17.985612,1.0,10,,
2025-12-01,2026-08-31,20260706_GrowMe_EN_9x16_FX-Introverts_ZT-Mindset_RS-P1X1R3C3_czy - Copy,not_delivering,,,,growmme_260713_EU/AF/OC/_AAA_purchase_7day_top_sie,23,0.06,8.695652,0.0,,,,,,,,21.73913,,10,,
2025-12-01,2026-08-31,20260706_GrowMe_EN_9x16_FX-Professionals_ZT-Growth-1_RS-P1X1R3C3_czy - Copy,inactive,,,,growmme_260713_EU/AF/OC/_AAA_purchase_7day_top_sie,5109,5.16,1.213545,0.32142857,9.0,0.573333,,,,,,18.829517,22.0,9,,
2025-12-01,2026-08-31,20260706_GrowMe_EN_9x16_FX-Students_ZT-Learning_RS-P1X1R3C3_czy - Copy,not_delivering,,,,growmme_260713_EU/AF/OC/_AAA_purchase_7day_top_sie,643,0.87,0.933126,0.0,,,,,,,,23.017107,3.0,13,,
2025-12-01,2026-08-31,20260706_GrowMe_EN_9x16_FX-Introverts_ZT-Mindset_RS-P1X1R3C3_czy - Copy,not_delivering,,,,growmme_260713_EU/AF/OC/_AAA_purchase_7day_top_sie,44,0.03,0.0,,,,,,,,,15.909091,,6,,
2025-12-01,2026-08-31,20260709_growme_EN_9x16_FX-EnglishLearners_ZT-VP-english-2_RS-P1X1R3C3_wxx - Copy,not_delivering,,,,growmme_260713_EU/AF/OC/_AAA_purchase_7day_top_sie,87,0.15,1.149425,0.0,,,,,,,,14.942529,1.0,3,,
2025-12-01,2026-08-31,20260707_GrowMe_EN_9x16_FX-EnglishLearners_ZT-Learning-that girl_RS-P3X1R1C3_fj - Copy,not_delivering,,,,growmme_260713_EU/AF/OC/_AAA_purchase_7day_top_sie,28,0.02,0.0,,,,,,,,,17.857143,1.0,2,,
2025-12-01,2026-08-31,20260706_GrowMe_EN_9x16_FX-Students_ZT-Learning-1_RS-P1X1R3C3_czy - Copy,not_delivering,,,,growmme_260713_EU/AF/OC/_AAA_purchase_7day_top_sie,124,0.09,0.0,,,,,,,,,17.741935,1.0,10,,
2025-12-01,2026-08-31,20260706_GrowMe_EN_9x16_FX-SelfGrowth_ZT-Action_RS-P1X1R3C3_czy - Copy,not_delivering,,,,growmme_260713_EU/AF/OC/_AAA_purchase_7day_top_sie,33,0.02,0.0,,,,,,,,,21.212121,,13,,
2025-12-01,2026-08-31,20260706_GrowMe_EN_9x16_FX-EnglishLearners_ZT-Learning-BackonTrack_RS-P3X1R1C3_fj - Copy,not_delivering,,,,growmme_260713_EU/AF/OC/_AAA_purchase_7day_top_sie,962,2.22,0.31185,0.0,,,,,,,,7.796258,2.0,1,,
2025-12-01,2026-08-31,20260707_growme_EN_9x16_FX-Readers_ZT-Atomic-woman_RS-P1X1R3C3_gy - Copy,not_delivering,,,,growmme_260713_EU/AF/OC/_AAA_purchase_7day_top_sie,825,3.27,1.333333,0.0,,,,,,,,27.272727,3.0,5,,
2025-12-01,2026-08-31,20260706_GrowMe_EN_9x16_FX-SelfGrowth_ZT-Habits_RS-P1X1R3C3_czy - Copy,not_delivering,,,,growmme_260713_EU/AF/OC/_AAA_purchase_7day_top_sie,132,0.09,0.757576,0.0,,,,,,,,15.909091,1.0,7,,
2025-12-01,2026-08-31,20260706_GrowMe_EN_9x16_FX-Professionals_ZT-Finance_RS-P1X1R3C3_czy - Copy,not_delivering,,,,growmme_260713_EU/AF/OC/_AAA_purchase_7day_top_sie,2,0.0,0.0,,,,,,,,,50.0,,69,,
2025-12-01,2026-08-31,20260707_GrowMe_EN_9x16_FX-EnglishLearners_ZT-Learning_RS-P3X1R1C3_fj - Copy,not_delivering,,,,growmme_260713_EU/AF/OC/_AAA_purchase_7day_top_sie,8,0.02,0.0,,,,,,,,,12.5,1.0,3,,
2025-12-01,2026-08-31,20260706_GrowMe_EN_9x16_FX-SelfGrowth_ZT-EmotionalHealth_RS-P1X1R3C3_czy - Copy,not_delivering,,,,growmme_260713_EU/AF/OC/_AAA_purchase_7day_top_sie,13,0.0,0.0,,,,,,,,,23.076923,,3,,
2025-12-01,2026-08-31,20260706_GrowMe_EN_9x16_FX-Students_ZT-Learning-2_RS-P1X1R3C3_czy - Copy,not_delivering,,,,growmme_260713_EU/AF/OC/_AAA_purchase_7day_top_sie,14,0.0,7.142857,0.0,,,,,,,,35.714286,,25,,
2025-12-01,2026-08-31,20260706_GrowMe_EN_9x16_FX-SelfGrowth_ZT-Action_RS-P1X1R3C3_czy,not_delivering,,,,260713_ABO_AEO-Purchase_ios_vid_Growme_WW_0706week_joy,473,0.83,2.959831,0.0,,,,,,,,19.450317,4.0,15,,
2025-12-01,2026-08-31,20260706_GrowMe_EN_9x16_FX-Introverts_ZT-Mindset_RS-P1X1R3C3_czy,not_delivering,,,,260713_ABO_AEO-Purchase_ios_vid_Growme_WW_0706week_joy,1041,2.07,1.344861,0.0,,,,,,,,15.177714,6.0,9,,
2025-12-01,2026-08-31,20260706_GrowMe_EN_9x16_FX-Students_ZT-Learning-1_RS-P1X1R3C3_czy,not_delivering,,,,260713_ABO_AEO-Purchase_ios_vid_Growme_WW_0706week_joy,2879,4.03,1.875651,0.05,2.0,2.015,,,,,,16.047239,9.0,9,,
2025-12-01,2026-08-31,20260706_GrowMe_EN_9x16_FX-Students_ZT-Learning_RS-P1X1R3C3_czy,not_delivering,,,,260713_ABO_AEO-Purchase_ios_vid_Growme_WW_0706week_joy,76256,112.82,0.743548,0.1954023,51.0,2.212157,5.0,22.564,,,,12.541964,231.0,7,,
2025-12-01,2026-08-31,20260709_growme_EN_9x16_FX-EnglishLearners_ZT-VP-english-1_RS-P1X1R3C3_wxx,not_delivering,,,,260713_ABO_AEO-Purchase_ios_vid_Growme_WW_0706week_joy,118,0.2,0.847458,0.0,,,,,,,,22.033898,1.0,3,,
2025-12-01,2026-08-31,20260709_growme_EN_9x16_FX-EnglishLearners_ZT-VP-english-2_RS-P1X1R3C3_wxx,not_delivering,,,,260713_ABO_AEO-Purchase_ios_vid_Growme_WW_0706week_joy,77,0.06,0.0,,,,,,,,,22.077922,,2,,
2025-12-01,2026-08-31,20260710_growme_EN_9x16_FX-EnglishLearners_ZT-Learning-page_RS-P1X1R3C1_gy,not_delivering,,,,260713_ABO_AEO-Purchase_ios_vid_Growme_WW_0706week_joy,20990,26.9,0.905193,0.16964286,19.0,1.415789,1.0,26.9,,,,10.400191,88.0,2,,
2025-12-01,2026-08-31,20260706_GrowMe_EN_9x16_FX-SelfGrowth_ZT-Action_RS-P1X1R3C3_czy,not_delivering,,,,260714_ABO_AEO-Purchase_ios_vid_Growme_USUK_0706week_joy,222,3.24,2.252252,0.0,,,,,,,,21.171171,1.0,14,,
2025-12-01,2026-08-31,20260710_growme_EN_9x16_FX-EnglishLearners_ZT-Learning-page_RS-P1X1R3C1_gy,not_delivering,,,,260714_ABO_AEO-Purchase_ios_vid_Growme_USUK_0706week_joy,2822,33.39,1.381999,0.30769231,8.0,4.17375,,,,,,13.253012,27.0,2,,
2025-12-01,2026-08-31,20260709_growme_EN_9x16_FX-EnglishLearners_ZT-VP-english-2_RS-P1X1R3C3_wxx,not_delivering,,,,260714_ABO_AEO-Purchase_ios_vid_Growme_USUK_0706week_joy,46,0.62,6.521739,0.0,,,,,,,,34.782609,3.0,7,,
2025-12-01,2026-08-31,20260706_GrowMe_EN_9x16_FX-Students_ZT-Learning-1_RS-P1X1R3C3_czy,not_delivering,,,,260714_ABO_AEO-Purchase_ios_vid_Growme_USUK_0706week_joy,160,2.04,1.25,0.0,,,,,,,,13.125,,5,,
2025-12-01,2026-08-31,20260706_GrowMe_EN_9x16_FX-Students_ZT-Learning_RS-P1X1R3C3_czy,not_delivering,1.0,actions:app_custom_event.fb_mobile_purchase,67.96,260714_ABO_AEO-Purchase_ios_vid_Growme_USUK_0706week_joy,4842,67.96,1.569599,0.42424242,14.0,4.854286,6.0,11.326667,1.0,67.96,0.180695,17.843866,22.0,8,,
2025-12-01,2026-08-31,20260706_GrowMe_EN_9x16_FX-Introverts_ZT-Mindset_RS-P1X1R3C3_czy,not_delivering,,,,260714_ABO_AEO-Purchase_ios_vid_Growme_USUK_0706week_joy,134,2.07,4.477612,0.0,,,,,,,,22.38806,1.0,9,,
2025-12-01,2026-08-31,20260709_growme_EN_9x16_FX-EnglishLearners_ZT-VP-english-1_RS-P1X1R3C3_wxx,not_delivering,,,,260714_ABO_AEO-Purchase_ios_vid_Growme_USUK_0706week_joy,76,0.79,0.0,,,,,,,,,25.0,,3,,
2025-12-01,2026-08-31,20260706_GrowMe_EN_9x16_FX-Professionals_ZT-Growth-1_RS-P1X1R3C3_czy - Copy,inactive,,,,growmme_260714_WW_AAA_purchase_260706W_sie,11728,11.23,0.989086,0.4556962,36.0,0.311944,,,,,,19.832879,50.0,11,,
2025-12-01,2026-08-31,20260706_GrowMe_EN_9x16_FX-SelfGrowth_ZT-EmotionalHealth_RS-P1X1R3C3_czy - Copy,not_delivering,,,,growmme_260714_WW_AAA_purchase_260706W_sie,125,0.13,3.2,0.0,,,,,,,,36.8,2.0,35,,
2025-12-01,2026-08-31,20260706_GrowMe_EN_9x16_FX-Professionals_ZT-Finance_RS-P1X1R3C3_czy - Copy,not_delivering,,,,growmme_260714_WW_AAA_purchase_260706W_sie,72,0.03,1.388889,0.0,,,,,,,,29.166667,1.0,22,,
2025-12-01,2026-08-31,20260706_GrowMe_EN_9x16_FX-EnglishLearners_ZT-Learning-BackonTrack_RS-P3X1R1C3_fj - Copy,inactive,,,,growmme_260714_WW_AAA_purchase_260706W_sie,10432,17.11,0.929831,0.29411765,15.0,1.140667,,,,,,7.879601,26.0,2,,
2025-12-01,2026-08-31,20260706_GrowMe_EN_9x16_FX-SelfGrowth_ZT-Habits_RS-P1X1R3C3_czy - Copy,not_delivering,,,,growmme_260714_WW_AAA_purchase_260706W_sie,1148,1.37,1.30662,0.0,,,,,,,,22.125436,4.0,14,,
2025-12-01,2026-08-31,20260706_GrowMe_EN_9x16_FX-Students_ZT-Learning-2_RS-P1X1R3C3_czy - Copy,not_delivering,,,,growmme_260714_WW_AAA_purchase_260706W_sie,121,0.11,1.652893,0.0,,,,,,,,27.272727,1.0,19,,
2025-12-01,2026-08-31,20260706_GrowMe_EN_9x16_FX-SelfGrowth_ZT-Action_RS-P1X1R3C3_czy - Copy,not_delivering,,,,growmme_260714_WW_AAA_purchase_260706W_sie,1091,1.5,2.933089,0.10714286,3.0,0.5,,,,,,27.956004,5.0,21,,
2025-12-01,2026-08-31,20260707_growme_EN_9x16_FX-Readers_ZT-Atomic-woman_RS-P1X1R3C3_gy - Copy,not_delivering,,,,growmme_260714_WW_AAA_purchase_260706W_sie,3218,9.32,0.83903,0.33333333,2.0,4.66,,,,,,22.094469,15.0,4,,
2025-12-01,2026-08-31,20260709_growme_EN_9x16_FX-EnglishLearners_ZT-VP-english-2_RS-P1X1R3C3_wxx - Copy,not_delivering,,,,growmme_260714_WW_AAA_purchase_260706W_sie,1067,3.54,1.686973,0.33333333,6.0,0.59,,,,,,26.710403,4.0,4,,
2025-12-01,2026-08-31,20260708_GrowMe_EN_9x16_01_FX-EnglishLearners_ZT-Learning-slow2_RS-P1X1R3C3_wxx - Copy,not_delivering,,,,growmme_260714_WW_AAA_purchase_260706W_sie,1891,6.01,0.846113,0.0,,,,,,,,18.455843,18.0,6,,
2025-12-01,2026-08-31,20260706_GrowMe_EN_9x16_FX-Introverts_ZT-Mindset_RS-P1X1R3C3_czy - Copy,not_delivering,,,,growmme_260714_WW_AAA_purchase_260706W_sie,466,0.64,2.360515,0.0,,,,,,,,22.746781,1.0,16,,
2025-12-01,2026-08-31,20260710_GrowMe_EN_9x16_FX-EnglishLearners_ZT-Learning-train_RS-P3X1R1C3_fj - Copy,not_delivering,,,,growmme_260714_WW_AAA_purchase_260706W_sie,1928,6.21,1.037344,0.44444444,8.0,0.77625,,,,,,17.894191,14.0,5,,
2025-12-01,2026-08-31,20260706_GrowMe_EN_9x16_FX-Students_ZT-Learning-1_RS-P1X1R3C3_czy - Copy,not_delivering,,,,growmme_260714_WW_AAA_purchase_260706W_sie,3245,3.77,2.187982,0.13207547,7.0,0.538571,4.0,0.9425,,,,23.020031,26.0,17,,
2025-12-01,2026-08-31,20260707_GrowMe_EN_9x16_FX-EnglishLearners_ZT-Learning-that girl_RS-P3X1R1C3_fj - Copy,not_delivering,,,,growmme_260714_WW_AAA_purchase_260706W_sie,3240,3.44,1.049383,0.54545455,12.0,0.286667,,,,,,31.882716,284.0,3,,
2025-12-01,2026-08-31,20260706_GrowMe_EN_9x16_FX-Introverts_ZT-Mindset_RS-P1X1R3C3_czy - Copy,not_delivering,,,,growmme_260714_WW_AAA_purchase_260706W_sie,251,0.49,2.788845,0.0,,,,,,,,21.912351,,15,,
2025-12-01,2026-08-31,20260706_0_growme_EN_9x16_FX-EnglishLearners_ZT-Learning-niupizhi_LV1-hook3_RS-P1X1R3C1_gy - Copy,inactive,,,,growmme_260714_WW_AAA_purchase_260706W_sie,11399,10.19,1.210633,0.31034483,18.0,0.566111,,,,,,16.659356,117.0,6,,
2025-12-01,2026-08-31,20260706_GrowMe_EN_9x16_FX-Students_ZT-Learning_RS-P1X1R3C3_czy - Copy,inactive,,,,growmme_260714_WW_AAA_purchase_260706W_sie,10279,10.33,1.109057,0.30232558,13.0,0.794615,,,,,,17.900574,48.0,10,,
2025-12-01,2026-08-31,20260710_growme_EN_9x16_FX-EnglishLearners_ZT-Learning-page_RS-P1X1R3C1_gy - Copy,inactive,,,,growmme_260714_WW_AAA_purchase_260706W_sie,10244,10.49,1.308083,0.35820896,24.0,0.437083,,,,,,12.182741,52.0,2,,
2025-12-01,2026-08-31,20260706_GrowMe_EN_9x16_FX-SelfGrowth_ZT-aitalk-miscrolearn_RS-P1X1R3C3_wxx,inactive,1.0,actions:app_custom_event.fb_mobile_purchase,84.07,260714_ABO_AEO-Purchase_ios_vid_Growme_WW_0706设计师back_joy,59129,84.07,0.63928,0.35526316,108.0,0.778426,4.0,21.0175,1.0,84.07,0.374688,12.47442,609.0,2,,
2025-12-01,2026-08-31,20260707_GrowMe_EN_9x16_FX-SelfGrowth_ZT-SelfAwareness-test_RS-P1X1R3C3_wxx,not_delivering,,,,260714_ABO_AEO-Purchase_ios_vid_Growme_WW_0706设计师back_joy,773,2.61,1.293661,0.0,,,,,,,,26.778784,21.0,3,,
2025-12-01,2026-08-31,20260707_growme_EN_9x16_FX-EnglishReaders_ZT-learning-woman_RS-P1X1R3C3_gy,not_delivering,,,,260714_ABO_AEO-Purchase_ios_vid_Growme_WW_0706设计师back_joy,5544,15.09,1.010101,0.2,8.0,1.88625,,,,,,25.324675,119.0,3,,
2025-12-01,2026-08-31,20260709_GrowMe_EN_9x16_01_FX-SelfGrowth_ZT-Learning-history_RS-P1X1R3C3_wxx,inactive,,,,260714_ABO_AEO-Purchase_ios_vid_Growme_WW_0706设计师back_joy,10546,18.19,0.768064,0.23636364,13.0,1.399231,,,,,,17.47582,47.0,2,,
2025-12-01,2026-08-31,20260710_GrowMe_EN_9x16_FX-EnglishLearners_ZT-Learning-love yourself_RS-P3X1R1C3_fj,inactive,,,,260714_ABO_AEO-Purchase_ios_vid_Growme_WW_0706设计师back_joy,18855,46.22,0.737205,0.2183908,19.0,2.432632,2.0,23.11,,,,8.225935,56.0,2,,
2025-12-01,2026-08-31,20260706_GrowMe_EN_9x16_FX-Professionals_ZT-Growth-1_RS-P1X1R3C3_czy - Copy,inactive,,,,growmme_260714_WW_AAA_purchase_260706W-TOP_sie,11670,14.21,0.899743,0.42253521,30.0,0.473667,2.0,7.105,,,,18.680377,33.0,10,,
2025-12-01,2026-08-31,20260706_GrowMe_EN_9x16_FX-Introverts_ZT-Mindset_RS-P1X1R3C3_czy - Copy,inactive,,,,growmme_260714_WW_AAA_purchase_260706W-TOP_sie,12287,24.59,1.456824,0.140625,18.0,1.366111,2.0,12.295,,,,18.613168,66.0,10,,
2025-12-01,2026-08-31,20260710_growme_EN_9x16_FX-EnglishLearners_ZT-Learning-page_RS-P1X1R3C1_gy - Copy,inactive,,,,growmme_260714_WW_AAA_purchase_260706W-TOP_sie,11540,12.14,1.221837,0.34065934,31.0,0.391613,,,,,,13.457539,76.0,2,,
2025-12-01,2026-08-31,20260706_GrowMe_EN_9x16_FX-Students_ZT-Learning_RS-P1X1R3C3_czy - Copy,inactive,,,,growmme_260714_WW_AAA_purchase_260706W-TOP_sie,13156,14.99,1.383399,0.28378378,21.0,0.71381,,,,,,20.044086,60.0,11,,
2025-12-01,2026-08-31,20260706_0_growme_EN_9x16_FX-EnglishLearners_ZT-Learning-niupizhi_LV1-hook3_RS-P1X1R3C1_gy - Copy,inactive,,,,growmme_260714_WW_AAA_purchase_260706W-TOP_sie,11732,11.12,1.099557,0.50847458,30.0,0.370667,,,,,,16.322878,105.0,6,,
2025-12-01,2026-08-31,20260706_GrowMe_EN_9x16_FX-Introverts_ZT-Mindset_RS-P1X1R3C3_czy - Copy,inactive,,,,growmme_260714_WW_AAA_purchase_260706W-TOP_sie,10843,18.53,2.130407,0.0755814,13.0,1.425385,,,,,,21.340957,68.0,14,,
2025-12-01,2026-08-31,20260706_GrowMe_EN_9x16_FX-Students_ZT-Learning-1_RS-P1X1R3C3_czy - Copy,inactive,,,,growmme_260714_WW_AAA_purchase_260706W-TOP_sie,11484,13.3,2.002786,0.11038961,17.0,0.782353,,,,,,21.830373,55.0,14,,
2025-12-01,2026-08-31,20260710_growme_EN_9x16_FX-EnglishLearners_ZT-Learning-speaker_RS-P1X1R3C1_gy,inactive,,,,260714_ABO_AEO-Purchase_ios_vid_Growme_WW_0706设计师back_joy,13599,33.82,1.522171,0.07821229,14.0,2.415714,,,,,,16.501213,211.0,4,,
2025-12-01,2026-08-31,20260710_GrowMe_EN_9x16_01_FX-SelfGrowth_ZT-Learning-history_RS-P1X1R3C3_wxx,inactive,,,,260714_ABO_AEO-Purchase_ios_vid_Growme_WW_0706设计师back_joy,9034,18.41,0.796989,0.31428571,11.0,1.673636,2.0,9.205,,,,15.508081,86.0,2,,
2025-12-01,2026-08-31,20260706_0_growme_EN_9x16_FX-EnglishLearners_ZT-Learning-niupizhi_LV1-hook6_RS-P1X1R3C1_gy,not_delivering,1.0,actions:app_custom_event.fb_mobile_purchase,4.65,260714_ABO_AEO-Purchase_ios_vid_Growme_T2头部_0706_joy,2574,4.65,1.437451,0.26086957,6.0,0.775,1.0,4.65,1.0,4.65,6.002151,18.648019,32.0,8,,
2025-12-01,2026-08-31,20260706_0_growme_EN_9x16_FX-EnglishLearners_ZT-Learning-niupizhi_LV1-hook1_RS-P1X1R3C1_gy,not_delivering,,,,260714_ABO_AEO-Purchase_ios_vid_Growme_T2头部_0706_joy,65,0.12,3.076923,0.0,,,,,,,,18.461538,,6,,
2025-12-01,2026-08-31,20260706_GrowMe_EN_9x16_FX-SelfGrowth_ZT-Habits_RS-P1X1R3C3_czy,not_delivering,,,,260714_ABO_AEO-Purchase_ios_vid_Growme_T2头部_0706_joy,340,0.82,2.941176,0.11111111,1.0,0.82,,,,,,17.647059,3.0,14,,
2025-12-01,2026-08-31,20260706_GrowMe_EN_9x16_FX-Students_ZT-Learning-1_RS-P1X1R3C3_czy,not_delivering,,,,260714_ABO_AEO-Purchase_ios_vid_Growme_T2头部_0706_joy,191,0.47,2.094241,0.0,,,,,,,,16.230366,1.0,14,,
2025-12-01,2026-08-31,20260706_GrowMe_EN_9x16_FX-Professionals_ZT-SelfImprovement_RS-P1X1R3C3_czy,not_delivering,,,,260714_ABO_AEO-Purchase_ios_vid_Growme_T2头部_0706_joy,226,0.56,2.654867,0.0,,,,,,,,30.088496,7.0,20,,
2025-12-01,2026-08-31,20260706_GrowMe_EN_9x16_FX-EnglishLearners_ZT-Learning_RS-P1X1R3C3_czy,not_delivering,,,,260714_ABO_AEO-Purchase_ios_vid_Growme_T2头部_0706_joy,2366,5.86,2.324598,0.05128205,2.0,2.93,,,,,,17.540152,4.0,10,,
2025-12-01,2026-08-31,20260706_0_growme_EN_9x16_FX-EnglishLearners_ZT-Learning-niupizhi_LV1-hook8_RS-P1X1R3C1_gy,not_delivering,,,,260714_ABO_AEO-Purchase_ios_vid_Growme_T2头部_0706_joy,15,0.0,0.0,,,,,,,,,6.666667,,1,,
2025-12-01,2026-08-31,20260706_GrowMe_EN_9x16_FX-Overthinkers_ZT-Mindset_RS-P1X1R3C3_czy,not_delivering,,,,260714_ABO_AEO-Purchase_ios_vid_Growme_T2头部_0706_joy,261,0.71,2.298851,0.0,,,,,,,,22.222222,1.0,18,,
2025-12-01,2026-08-31,20260706_GrowMe_EN_9x16_FX-SelfGrowth_ZT-EmotionalHealth_RS-P1X1R3C3_czy,not_delivering,,,,260714_ABO_AEO-Purchase_ios_vid_Growme_T2头部_0706_joy,14,0.04,0.0,,,,,,,,,21.428571,,4,,
2025-12-01,2026-08-31,20260706_0_growme_EN_9x16_FX-EnglishLearners_ZT-Learning-niupizhi_LV1-hook7_RS-P1X1R3C1_gy,not_delivering,,,,260714_ABO_AEO-Purchase_ios_vid_Growme_T2头部_0706_joy,130,0.31,2.307692,0.0,,,,,,,,25.384615,1.0,16,,
2025-12-01,2026-08-31,20260706_GrowMe_EN_9x16_FX-Men_ZT-SelfImprovement_RS-P1X1R3C3_czy,not_delivering,,,,260714_ABO_AEO-Purchase_ios_vid_Growme_T2头部_0706_joy,10,0.02,0.0,,,,,,,,,20.0,,6,,
2025-12-01,2026-08-31,20260706_GrowMe_EN_9x16_FX-Students_ZT-Learning_RS-P1X1R3C3_czy,not_delivering,,,,260714_ABO_AEO-Purchase_ios_vid_Growme_T2头部_0706_joy,5536,17.86,1.806358,0.04545455,2.0,8.93,,,,,,18.677746,48.0,12,,
2025-12-01,2026-08-31,20260706_0_growme_EN_9x16_FX-EnglishLearners_ZT-Learning-niupizhi_LV1-hook3_RS-P1X1R3C1_gy,not_delivering,1.0,actions:app_custom_event.fb_mobile_purchase,75.85,260714_ABO_AEO-Purchase_ios_vid_Growme_T2头部_0706_joy,48425,75.85,0.962313,0.33333333,74.0,1.025,4.0,18.9625,1.0,75.85,0.2,13.300981,417.0,5,,
2025-12-01,2026-08-31,20260706_GrowMe_EN_9x16_FX-Readers_ZT-Habits_RS-P1X1R3C3_czy,not_delivering,,,,260714_ABO_AEO-Purchase_ios_vid_Growme_T2头部_0706_joy,88,0.25,2.272727,,,,,,,,,14.772727,,9,,
2025-12-01,2026-08-31,20260706_GrowMe_EN_9x16_FX-Professionals_ZT-Growth-1_RS-P1X1R3C3_czy,not_delivering,22.0,actions:app_custom_event.fb_mobile_purchase,22.29227273,260714_ABO_AEO-Purchase_ios_vid_Growme_T2头部_0706_joy,238896,490.43,0.908764,0.2904795,418.0,1.173278,34.0,14.424412,22.0,22.292273,0.646677,17.240557,1001.0,9,,
2025-12-01,2026-08-31,20260706_0_growme_EN_9x16_FX-EnglishLearners_ZT-Learning-niupizhi_LV1-hook5_RS-P1X1R3C1_gy,not_delivering,,,,260714_ABO_AEO-Purchase_ios_vid_Growme_T2头部_0706_joy,7,0.0,0.0,,,,,,,,,14.285714,1.0,10,,
2025-12-01,2026-08-31,20260706_0_growme_EN_9x16_FX-EnglishLearners_ZT-Learning-niupizhi_LV1-hook4_RS-P1X1R3C1_gy,not_delivering,,,,260714_ABO_AEO-Purchase_ios_vid_Growme_T2头部_0706_joy,75,0.16,1.333333,,,,,,,,,24.0,,9,,
2025-12-01,2026-08-31,20260706_GrowMe_EN_9x16_FX-SelfGrowth_ZT-SocialSkills_RS-P1X1R3C3_czy,not_delivering,,,,260714_ABO_AEO-Purchase_ios_vid_Growme_T2头部_0706_joy,2,0.0,0.0,,,,,,,,,,,1,,
2025-12-01,2026-08-31,20260706_0_growme_EN_9x16_FX-EnglishLearners_ZT-Learning-niupizhi_LV1-hook2_RS-P1X1R3C1_gy,not_delivering,,,,260714_ABO_AEO-Purchase_ios_vid_Growme_T2头部_0706_joy,87,0.07,1.149425,,,,,,,,,26.436782,,9,,
2025-12-01,2026-08-31,20260706_GrowMe_EN_9x16_FX-Readers_ZT-BookReading-1_RS-P1X1R3C3_czy,not_delivering,,,,260714_ABO_AEO-Purchase_ios_vid_Growme_T2头部_0706_joy,24,0.03,0.0,,,,,,,,,20.833333,,26,,
2025-12-01,2026-08-31,20260706_GrowMe_EN_9x16_FX-Professionals_ZT-Finance_RS-P1X1R3C3_czy,not_delivering,,,,260714_ABO_AEO-Purchase_ios_vid_Growme_T2头部_0706_joy,3,0.0,0.0,,,,,,,,,33.333333,,2,,
2025-12-01,2026-08-31,20260706_0_growme_EN_9x16_FX-EnglishLearners_ZT-Learning-niupizhi_LV1-hook10_RS-P1X1R3C1_gy,not_delivering,,,,260714_ABO_AEO-Purchase_ios_vid_Growme_T2头部_0706_joy,883,2.41,2.151755,0.27272727,3.0,0.803333,,,,,,17.327293,11.0,6,,
2025-12-01,2026-08-31,20260706_GrowMe_EN_9x16_FX-SelfGrowth_ZT-Action_RS-P1X1R3C3_czy,not_delivering,,,,260714_ABO_AEO-Purchase_ios_vid_Growme_T2头部_0706_joy,142,0.26,4.225352,0.0,,,,,,,,22.535211,,14,,
2025-12-01,2026-08-31,20260706_GrowMe_EN_9x16_FX-Readers_ZT-BookReading_RS-P1X1R3C3_czy,not_delivering,,,,260714_ABO_AEO-Purchase_ios_vid_Growme_T2头部_0706_joy,54,0.08,0.0,,,,,,,,,16.666667,,18,,
2025-12-01,2026-08-31,20260706_GrowMe_EN_9x16_FX-Professionals_ZT-SocialSkills_RS-P1X1R3C3_czy,not_delivering,,,,260714_ABO_AEO-Purchase_ios_vid_Growme_T2头部_0706_joy,23,0.03,0.0,,,,,,,,,26.086957,,24,,
2025-12-01,2026-08-31,20260706_0_growme_EN_9x16_FX-EnglishLearners_ZT-Learning-niupizhi_LV1-hook9_RS-P1X1R3C1_gy,not_delivering,,,,260714_ABO_AEO-Purchase_ios_vid_Growme_T2头部_0706_joy,213,0.36,2.347418,0.0,,,,,,,,17.840376,1.0,8,,
2025-12-01,2026-08-31,20260706_GrowMe_EN_9x16_FX-SelfGrowth_ZT-Mindset_RS-P1X1R3C3_czy,not_delivering,,,,260714_ABO_AEO-Purchase_ios_vid_Growme_T2头部_0706_joy,5,0.0,0.0,,,,,,,,,80.0,,91,,
2025-12-01,2026-08-31,20260706_GrowMe_EN_9x16_FX-Students_ZT-Learning-2_RS-P1X1R3C3_czy,not_delivering,,,,260714_ABO_AEO-Purchase_ios_vid_Growme_T2头部_0706_joy,10,0.01,0.0,,,,,,,,,20.0,,16,,
2025-12-01,2026-08-31,20260706_GrowMe_EN_9x16_FX-Introverts_ZT-Mindset_RS-P1X1R3C3_czy,not_delivering,,,,260714_ABO_AEO-Purchase_ios_vid_Growme_T2头部_0706_joy,38,0.08,2.631579,,,,,,,,,18.421053,,12,,
2025-12-01,2026-08-31,20260706_GrowMe_EN_9x16_FX-Professionals_ZT-Growth_RS-P1X1R3C3_czy,not_delivering,,,,260714_ABO_AEO-Purchase_ios_vid_Growme_T2头部_0706_joy,7,0.0,14.285714,0.0,,,,,,,,14.285714,,2,,
2025-12-01,2026-08-31,20260706_0_growme_EN_9x16_FX-EnglishLearners_ZT-Learning-niupizhi_LV1-hook7_RS-P1X1R3C1_gy,not_delivering,,,,260714_ABO_AEO-Purchase_ios_vid_Growme_USUK_0706_joy,1,0.0,0.0,,,,,,,,,100.0,,31,,
2025-12-01,2026-08-31,20260706_GrowMe_EN_9x16_FX-Professionals_ZT-Growth-1_RS-P1X1R3C3_czy,not_delivering,,,,260714_ABO_AEO-Purchase_ios_vid_Growme_USUK_0706_joy,967,9.51,1.447777,0.07142857,1.0,9.51,,,,,,19.855222,9.0,11,,
2025-12-01,2026-08-31,20260706_0_growme_EN_9x16_FX-EnglishLearners_ZT-Learning-niupizhi_LV1-hook3_RS-P1X1R3C1_gy,not_delivering,,,,260714_ABO_AEO-Purchase_ios_vid_Growme_USUK_0706_joy,42,0.58,0.0,,,,,,,,,19.047619,,5,,
2025-12-01,2026-08-31,20260706_GrowMe_EN_9x16_FX-SelfGrowth_ZT-Mindset_RS-P1X1R3C3_czy,not_delivering,,,,260714_ABO_AEO-Purchase_ios_vid_Growme_USUK_0706_joy,1,0.0,0.0,,,,,,,,,,,0,,
2025-12-01,2026-08-31,20260706_0_growme_EN_9x16_FX-EnglishLearners_ZT-Learning-niupizhi_LV1-hook2_RS-P1X1R3C1_gy,not_delivering,,,,260714_ABO_AEO-Purchase_ios_vid_Growme_USUK_0706_joy,4,0.02,0.0,,,,,,,,,50.0,,17,,
2025-12-01,2026-08-31,20260706_GrowMe_EN_9x16_FX-Professionals_ZT-Finance_RS-P1X1R3C3_czy,not_delivering,,,,260714_ABO_AEO-Purchase_ios_vid_Growme_USUK_0706_joy,1,0.0,0.0,,,,,,,,,,,2,,
2025-12-01,2026-08-31,20260706_0_growme_EN_9x16_FX-EnglishLearners_ZT-Learning-niupizhi_LV1-hook6_RS-P1X1R3C1_gy,not_delivering,,,,260714_ABO_AEO-Purchase_ios_vid_Growme_USUK_0706_joy,3,0.01,0.0,,,,,,,,,,,0,,
2025-12-01,2026-08-31,20260706_GrowMe_EN_9x16_FX-Students_ZT-Learning-1_RS-P1X1R3C3_czy,not_delivering,,,,260714_ABO_AEO-Purchase_ios_vid_Growme_USUK_0706_joy,1,0.01,100.0,1.0,1.0,0.01,,,,,,100.0,,30,,
2025-12-01,2026-08-31,20260706_0_growme_EN_9x16_FX-EnglishLearners_ZT-Learning-niupizhi_LV1-hook10_RS-P1X1R3C1_gy,not_delivering,,,,260714_ABO_AEO-Purchase_ios_vid_Growme_USUK_0706_joy,1,0.0,0.0,,,,,,,,,,,1,,
2025-12-01,2026-08-31,20260706_GrowMe_EN_9x16_FX-Professionals_ZT-SelfImprovement-responsibility_RS-P3X1R1C3_fj,not_delivering,,,,260715_ABO_AEO-Purchase_ios_vid_Growme_WW_0706back50条_小于15美金_joy,36,0.13,2.777778,0.0,,,,,,,,13.888889,1.0,11,,
2025-12-01,2026-08-31,20260707_GrowMe_EN_9x16_FX-SelfGrowth_ZT-Focus-1_RS-P1X1R3C3_aitool_czy,not_delivering,,,,260715_ABO_AEO-Purchase_ios_vid_Growme_WW_0706back50条_小于15美金_joy,427,0.66,2.107728,0.0,,,,,,,,19.906323,5.0,10,,
2025-12-01,2026-08-31,20260708_GrowMe_EN_9x16_FX-Women_ZT-Communication_RS-P1X1R3C3_aitool_czy,not_delivering,,,,260715_ABO_AEO-Purchase_ios_vid_Growme_WW_0706back50条_小于15美金_joy,195,0.1,0.512821,0.0,,,,,,,,23.589744,2.0,13,,
2025-12-01,2026-08-31,20260709_GrowMe_EN_9x16_FX-SelfGrowth_ZT-Discipline_RS-P1X1R3C3_aitool_czy,inactive,,,,260715_ABO_AEO-Purchase_ios_vid_Growme_WW_0706back50条_小于15美金_joy,10258,15.58,1.735231,0.06122449,9.0,1.731111,,,,,,22.791967,83.0,13,,
2025-12-01,2026-08-31,20260706_0_growme_EN_9x16_FX-EnglishLearners_ZT-Learning-niupizhi_LV1-hook8_RS-P1X1R3C1_gy,not_delivering,,,,260714_ABO_AEO-Purchase_ios_vid_Growme_USUK_0706_joy,1,0.0,0.0,,,,,,,,,,,1,,
2025-12-01,2026-08-31,20260706_GrowMe_EN_9x16_FX-Students_ZT-Learning_RS-P1X1R3C3_czy,not_delivering,,,,260714_ABO_AEO-Purchase_ios_vid_Growme_USUK_0706_joy,1,0.01,0.0,,,,,,,,,,,0,,
2025-12-01,2026-08-31,20260706_GrowMe_EN_9x16_FX-SelfGrowth_ZT-Action_RS-P1X1R3C3_czy,not_delivering,,,,260714_ABO_AEO-Purchase_ios_vid_Growme_USUK_0706_joy,2,0.02,0.0,,,,,,,,,,,0,,
2025-12-01,2026-08-31,20260709_GrowMe_EN_9x16_FX-Overthinkers_ZT-Mindset_RS-P1X1R3C3_aitool_czy,not_delivering,,,,260715_ABO_AEO-Purchase_ios_vid_Growme_WW_0706back50条_小于15美金_joy,439,0.46,0.911162,0.0,,,,,,,,25.512528,2.0,13,,
2025-12-01,2026-08-31,20260709_GrowMe_EN_9x16_FX-FinanceSeekers_ZT-Finance_RS-P1X1R3C3_aitool_czy,inactive,2.0,actions:app_custom_event.fb_mobile_purchase,71.99,260715_ABO_AEO-Purchase_ios_vid_Growme_WW_0706back50条_小于15美金_joy,101977,143.98,1.703325,0.02485284,38.0,3.788947,3.0,47.993333,2.0,71.99,0.378803,15.596654,583.0,9,,
2025-12-01,2026-08-31,20260709_growme_EN_9x16_FX-EnglishLearners_ZT-VP-english-1_RS-P1X1R3C3_gy,not_delivering,,,,260715_ABO_AEO-Purchase_ios_vid_Growme_WW_0706back50条_小于15美金_joy,73,0.05,1.369863,0.0,,,,,,,,27.39726,,3,,
2025-12-01,2026-08-31,20260709_GrowMe_EN_9x16_FX-Women_ZT-SelfImprovement_RS-P1X1R3C3_aitool_czy,inactive,,,,260715_ABO_AEO-Purchase_ios_vid_Growme_WW_0706back50条_小于15美金_joy,11430,18.3,2.598425,0.02966102,7.0,2.614286,,,,,,19.317585,30.0,13,,
2025-12-01,2026-08-31,20260709_growme_EN_9x16_FX-EnglishReaders_ZT-learning-pink_RS-P1X1R3C3_gy,not_delivering,,,,260715_ABO_AEO-Purchase_ios_vid_Growme_WW_0706back50条_小于15美金_joy,24,0.04,0.0,,,,,,,,,8.333333,,1,,
2025-12-01,2026-08-31,20260709_growme_EN_9x16_FX-EnglishLearners_ZT-VP-english-4_RS-P1X1R3C3_wxx,not_delivering,,,,260715_ABO_AEO-Purchase_ios_vid_Growme_WW_0706back50条_小于15美金_joy,811,3.51,1.35635,0.0,,,,,,,,26.263872,6.0,4,,
2025-12-01,2026-08-31,20260709_growme_EN_9x16_FX-EnglishLearners_ZT-VP-read-1_RS-P1X1R3C3_fj,not_delivering,,,,260715_ABO_AEO-Purchase_ios_vid_Growme_WW_0706back50条_小于15美金_joy,26,0.01,0.0,,,,,,,,,34.615385,,4,,
2025-12-01,2026-08-31,20260709_growme_EN_9x16_FX-SelfGrowth_ZT-Lifelessons-confidence__RS-P1X1R3C1_gy,not_delivering,,,,260715_ABO_AEO-Purchase_ios_vid_Growme_WW_0706back50条_小于15美金_joy,1042,1.31,0.767754,0.0,,,,,,,,15.738964,15.0,4,,
2025-12-01,2026-08-31,20260709_growme_EN_9x16_FX-EnglishLearners_ZT-VP-english-2_RS-P1X1R3C3_fj,not_delivering,,,,260715_ABO_AEO-Purchase_ios_vid_Growme_WW_0706back50条_小于15美金_joy,28,0.07,3.571429,0.0,,,,,,,,17.857143,,3,,
2025-12-01,2026-08-31,20260707_GrowMe_EN_9x16_FX-Readers_ZT-BookReading_RS-P1X1R3C3_aitool_czy,not_delivering,,,,260715_ABO_AEO-Purchase_ios_vid_Growme_WW_0706back50条_小于15美金_joy,58,0.01,3.448276,,,,,,,,,27.586207,,11,,
2025-12-01,2026-08-31,20260706_growme_EN_9x16_FX-EnglishReaders_ZT-learning-pink_RS-P1X1R3C3_gy,not_delivering,,,,260715_ABO_AEO-Purchase_ios_vid_Growme_WW_0706back50条_小于15美金_joy,49,0.08,0.0,,,,,,,,,12.244898,,1,,
2025-12-01,2026-08-31,20260706_GrowMe_EN_9x16_FX-Professionals_ZT-Finance_RS-P1X1R3C3_czy,not_delivering,,,,260715_ABO_AEO-Purchase_ios_vid_Growme_WW_0706back50条_小于15美金_joy,130,0.1,3.076923,0.0,,,,,,,,30.769231,,13,,
2025-12-01,2026-08-31,20260706_GrowMe_EN_9x16_FX-Professionals_ZT-Growth_RS-P1X1R3C3_czy,not_delivering,,,,260715_ABO_AEO-Purchase_ios_vid_Growme_WW_0706back50条_小于15美金_joy,2403,2.9,1.331669,0.05263158,1.0,2.9,,,,,,22.347066,13.0,13,,
2025-12-01,2026-08-31,20260706_GrowMe_EN_9x16_FX-Readers_ZT-BookReading-1_RS-P1X1R3C3_czy,not_delivering,,,,260715_ABO_AEO-Purchase_ios_vid_Growme_WW_0706back50条_小于15美金_joy,5667,10.28,1.711664,0.01587302,1.0,10.28,,,,,,18.49303,23.0,11,,
2025-12-01,2026-08-31,20260706_GrowMe_EN_9x16_FX-Professionals_ZT-SocialSkills_RS-P1X1R3C3_czy,inactive,,,,260715_ABO_AEO-Purchase_ios_vid_Growme_WW_0706back50条_小于15美金_joy,10532,9.29,0.702621,0.06060606,2.0,4.645,2.0,4.645,,,,18.287125,16.0,10,,
2025-12-01,2026-08-31,20260706_GrowMe_EN_9x16_FX-SelfGrowth_ZT-SocialSkills_RS-P1X1R3C3_czy,not_delivering,,,,260715_ABO_AEO-Purchase_ios_vid_Growme_WW_0706back50条_小于15美金_joy,5069,6.83,0.710199,0.15789474,3.0,2.276667,,,,,,17.873348,16.0,11,,
2025-12-01,2026-08-31,20260706_GrowMe_EN_9x16_FX-Men_ZT-SelfImprovement_RS-P1X1R3C3_czy,inactive,6.0,actions:app_custom_event.fb_mobile_purchase,42.215,260715_ABO_AEO-Purchase_ios_vid_Growme_WW_0706back50条_小于15美金_joy,161315,253.29,1.560921,0.05247071,103.0,2.459126,10.0,25.329,6.0,42.215,0.502428,15.180857,721.0,8,,
2025-12-01,2026-08-31,20260706_GrowMe_EN_9x16_FX-Readers_ZT-BookReading_RS-P1X1R3C3_czy,inactive,,,,260715_ABO_AEO-Purchase_ios_vid_Growme_WW_0706back50条_小于15美金_joy,11475,14.6,0.958606,0.08823529,6.0,2.433333,1.0,14.6,,,,14.91939,46.0,9,,
2025-12-01,2026-08-31,20260710_GrowMe_EN_9x16_FX-Women_ZT-SelfGrowth-Learning_RS-P1X1R3C3_wxx,not_delivering,,,,260715_ABO_AEO-Purchase_ios_vid_Growme_WW_0706back50条_小于15美金_joy,33,0.01,0.0,,,,,,,,,21.212121,1.0,3,,
2025-12-01,2026-08-31,20260710_GrowMe_EN_9x16_FX-EnglishLearners_ZT-Learning-thatgirl_RS-P3X1R1C3_fj,not_delivering,,,,260715_ABO_AEO-Purchase_ios_vid_Growme_WW_0706back50条_小于15美金_joy,41,0.02,0.0,,,,,,,,,26.829268,3.0,3,,
2025-12-01,2026-08-31,20260710_GrowMe_EN_9x16_FX-EnglishLearners_ZT-Learning-that girl_RS-P3X1R1C3_LV1-background_fj,not_delivering,,,,260715_ABO_AEO-Purchase_ios_vid_Growme_WW_0706back50条_小于15美金_joy,159,0.15,0.0,,,,,,,,,20.754717,6.0,2,,
2025-12-01,2026-08-31,20260708_GrowMe_EN_9x16_FX-Overthinkers_ZT-Growth_RS-P1X1R3C3_aitool_czy,not_delivering,,,,260715_ABO_AEO-Purchase_ios_vid_Growme_WW_0706back50条_小于15美金_joy,168,0.22,4.166667,0.0,,,,,,,,26.190476,,21,,
2025-12-01,2026-08-31,20260707_GrowMe_EN_9x16_FX-Women_ZT-EmotionalHealth-1_RS-P1X1R3C3_aitool_czy,not_delivering,,,,260715_ABO_AEO-Purchase_ios_vid_Growme_WW_0706back50条_小于15美金_joy,6528,8.28,1.685049,0.0,,,,,,,,18.213848,30.0,10,,
2025-12-01,2026-08-31,20260709_growme_EN_9x16_FX-EnglishLearners_ZT-VP-english-3_RS-P1X1R3C3_gy,not_delivering,,,,260715_ABO_AEO-Purchase_ios_vid_Growme_WW_0706back50条_小于15美金_joy,2,0.0,0.0,,,,,,,,,,,1,,
2025-12-01,2026-08-31,20260709_growme_EN_9x16_FX-EnglishLearners_ZT-VP-read-2_RS-P1X1R3C3_fj,not_delivering,,,,260715_ABO_AEO-Purchase_ios_vid_Growme_WW_0706back50条_小于15美金_joy,23,0.12,0.0,,,,,,,,,39.130435,,5,,
2025-12-01,2026-08-31,20260709_growme_EN_9x16_FX-EnglishLearners_ZT-VP-english-3_RS-P1X1R3C3_wxx,not_delivering,,,,260715_ABO_AEO-Purchase_ios_vid_Growme_WW_0706back50条_小于15美金_joy,539,2.14,1.669759,0.0,,,,,,,,25.231911,5.0,3,,
2025-12-01,2026-08-31,20260709_growme_EN_9x16_FX-EnglishLearners_ZT-VP-english-1_RS-P1X1R3C3_fj,not_delivering,,,,260715_ABO_AEO-Purchase_ios_vid_Growme_WW_0706back50条_小于15美金_joy,27,0.11,0.0,,,,,,,,,25.925926,,3,,
2025-12-01,2026-08-31,20260708_growme_EN_9x16_FX-EnglishLearners_ZT-Learning_RS-P1X1R1C1_CN_095KB_RMG-6284C,not_delivering,,,,260715_ABO_AEO-Purchase_ios_vid_Growme_WW_0706back50条_小于15美金_joy,7505,10.24,1.439041,0.03896104,3.0,3.413333,,,,,,18.614257,63.0,5,,
2025-12-01,2026-08-31,20260707_GrowMe_EN_9x16_FX-Women_ZT-Learning-_RS-P3X1R1C3_fj,not_delivering,,,,260715_ABO_AEO-Purchase_ios_vid_Growme_WW_0706back50条_小于15美金_joy,21,0.03,0.0,,,,,,,,,42.857143,1.0,5,,
2025-12-01,2026-08-31,20260706_0_growme_EN_9x16_FX-EnglishLearners_ZT-Learning-niupizhi_LV1-hook6_RS-P1X1R3C1_gy,inactive,,,,260715_ABO_AEO-Purchase_ios_vid_Growme_WW_0706back50条_小于15美金_joy,20946,20.07,1.145803,0.17213115,21.0,0.955714,,,,,,19.746014,315.0,8,,
2025-12-01,2026-08-31,20260706_GrowMe_EN_9x16_FX-SelfGrowth_ZT-EmotionalHealth_RS-P1X1R3C3_czy,not_delivering,,,,260715_ABO_AEO-Purchase_ios_vid_Growme_WW_0706back50条_小于15美金_joy,1122,1.35,1.158645,0.0,,,,,,,,19.16221,4.0,11,,
2025-12-01,2026-08-31,20260706_GrowMe_EN_9x16_FX-Students_ZT-Learning-2_RS-P1X1R3C3_czy,inactive,3.0,actions:app_custom_event.fb_mobile_purchase,21.11666667,260715_ABO_AEO-Purchase_ios_vid_Growme_WW_0706back50条_小于15美金_joy,66851,63.35,0.715023,0.10756972,27.0,2.346296,3.0,21.116667,3.0,21.116667,0.317127,16.421594,218.0,9,,
2025-12-01,2026-08-31,20260710_growme_EN_9x16_FX-EnglishLearners_ZT-VP-english-1_RS-P1X1R3C3_wxx,not_delivering,,,,260715_ABO_AEO-Purchase_ios_vid_Growme_WW_0706back50条_小于15美金_joy,26,0.11,0.0,,,,,,,,,26.923077,,5,,
2025-12-01,2026-08-31,20260710_growme_EN_9x16_FX-EnglishLearners_ZT-Learning-hua_RS-P1X1R3C1_gy,not_delivering,,,,260715_ABO_AEO-Purchase_ios_vid_Growme_WW_0706back50条_小于15美金_joy,727,2.54,1.513067,0.0,,,,,,,,18.844567,7.0,4,,
2025-12-01,2026-08-31,20260709_growme_EN_9x16_FX-EnglishLearners_ZT-VP-english-4_RS-P1X1R3C3_gy,not_delivering,,,,260715_ABO_AEO-Purchase_ios_vid_Growme_WW_0706back50条_小于15美金_joy,51,0.08,0.0,,,,,,,,,23.529412,,3,,
2025-12-01,2026-08-31,20260707_GrowMe_EN_9x16_FX-SelfGrowth_ZT-SelfImprovement-1_RS-P1X1R3C3_aitool_czy,not_delivering,,,,260715_ABO_AEO-Purchase_ios_vid_Growme_WW_0706back50条_小于15美金_joy,141,0.23,2.836879,0.0,,,,,,,,15.602837,2.0,7,,
2025-12-01,2026-08-31,20260709_GrowMe_EN_9x16_FX-Professionals_ZT-Learning_RS-P1X1R3C3_aitool_czy,not_delivering,,,,260715_ABO_AEO-Purchase_ios_vid_Growme_WW_0706back50条_小于15美金_joy,49,0.04,0.0,,,,,,,,,18.367347,,9,,
2025-12-01,2026-08-31,20260707_GrowMe_EN_9x16_FX-Readers_ZT-Learning_RS-P1X1R3C3_aitool_czy,not_delivering,,,,260715_ABO_AEO-Purchase_ios_vid_Growme_WW_0706back50条_小于15美金_joy,65,0.03,0.0,,,,,,,,,15.384615,,12,,
2025-12-01,2026-08-31,20260707_GrowMe_EN_9x16_FX-Professionals_ZT-Habits_RS-P1X1R3C3_aitool_czy,not_delivering,,,,260715_ABO_AEO-Purchase_ios_vid_Growme_WW_0706back50条_小于15美金_joy,1022,1.19,1.761252,0.0,,,,,,,,21.037182,5.0,11,,
2025-12-01,2026-08-31,20260707_GrowMe_EN_9x16_FX-SelfGrowth_ZT-SelfImprovement-2_RS-P1X1R3C3_aitool_czy,not_delivering,,,,260715_ABO_AEO-Purchase_ios_vid_Growme_WW_0706back50条_小于15美金_joy,1379,1.52,1.740392,0.0,,,,,,,,20.014503,5.0,11,,
2025-12-01,2026-08-31,20260709_GrowMe_EN_9x16_FX-Students_ZT-Learning_RS-P1X1R3C3_aitool_czy,inactive,,,,260715_ABO_AEO-Purchase_ios_vid_Growme_WW_0706back50条_小于15美金_joy,10769,6.53,0.585013,0.15789474,3.0,2.176667,,,,,,20.076144,54.0,10,,
2025-12-01,2026-08-31,20260707_GrowMe_EN_9x16_FX-Women_ZT-EmotionalHealth_RS-P1X1R3C3_aitool_czy,not_delivering,,,,260715_ABO_AEO-Purchase_ios_vid_Growme_WW_0706back50条_小于15美金_joy,558,0.37,0.537634,0.0,,,,,,,,21.326165,4.0,8,,
2025-12-01,2026-08-31,20260709_GrowMe_EN_9x16_FX-Students_ZT-Habits_RS-P1X1R3C3_aitool_czy,not_delivering,,,,260715_ABO_AEO-Purchase_ios_vid_Growme_WW_0706back50条_小于15美金_joy,8596,9.5,0.977199,0.03636364,2.0,4.75,,,,,,21.649604,51.0,11,,
2025-12-01,2026-08-31,20260708_GrowMe_EN_9x16_FX-SelfGrowth_ZT-Discipline_RS-P1X1R3C3_aitool_czy,inactive,,,,260715_ABO_AEO-Purchase_ios_vid_Growme_WW_0706back50条_小于15美金_joy,11313,8.56,0.901618,0.22857143,8.0,1.07,,,,,,20.931672,57.0,11,,
2025-12-01,2026-08-31,20260708_GrowMe_EN_9x16_FX-Readers_ZT-Habits_RS-P1X1R3C3_aitool_czy,inactive,,,,260715_ABO_AEO-Purchase_ios_vid_Growme_WW_0706back50条_小于15美金_joy,10290,11.05,0.991254,0.07142857,5.0,2.21,,,,,,19.436346,40.0,10,,
2025-12-01,2026-08-31,20260707_GrowMe_EN_9x16_FX-Students_ZT-Learning-1_RS-P1X1R3C3_aitool_czy,not_delivering,,,,260715_ABO_AEO-Purchase_ios_vid_Growme_WW_0706back50条_小于15美金_joy,2380,3.05,0.756303,0.0,,,,,,,,16.806723,2.0,8,,
2025-12-01,2026-08-31,20260710_growme_EN_9x16_FX-EnglishLearners_ZT-Learning-page_RS-P1X1R3C1_gy,not_delivering,,,,260717_ABO_AEO-Purchase_ios_vid_Growme_WW_消耗小于500roi大于0.7_joy,1509,1.22,1.921803,0.25,4.0,0.305,,,,,,14.247846,11.0,2,,
2025-12-01,2026-08-31,20260706_GrowMe_EN_9x16_FX-Professionals_ZT-Growth-1_RS-P1X1R3C3_czy,not_delivering,,,,260717_ABO_AEO-Purchase_ios_vid_Growme_WW_消耗大于500_joy,2288,2.72,0.611888,0.09090909,1.0,2.72,,,,,,16.783217,10.0,10,,
2025-12-01,2026-08-31,20260706_GrowMe_EN_9x16_FX-Introverts_ZT-Mindset_RS-P1X1R3C3_czy,not_delivering,,,,260717_ABO_AEO-Purchase_ios_vid_Growme_WW_消耗大于500_joy,1,0.0,0.0,,,,,,,,,,,1,,
2025-12-01,2026-08-31,20260706_GrowMe_EN_9x16_FX-Professionals_ZT-Growth_RS-P1X1R3C3_czy,not_delivering,,,,260714_ABO_AEO-Purchase_ios_vid_Growme_T2头部_0706_joy,1,0.0,0.0,,,,,,,,,100.0,,106,,
2025-12-01,2026-08-31,20260706_0_growme_EN_9x16_FX-EnglishLearners_ZT-Learning-niupizhi_LV1-hook9_RS-P1X1R3C1_gy,not_delivering,,,,260714_ABO_AEO-Purchase_ios_vid_Growme_T2头部_0706_joy,11,0.02,0.0,,,,,,,,,27.272727,,6,,
2025-12-01,2026-08-31,20260706_GrowMe_EN_9x16_FX-Professionals_ZT-Growth-1_RS-P1X1R3C3_czy,not_delivering,1.0,actions:app_custom_event.fb_mobile_purchase,52.78,260714_ABO_AEO-Purchase_ios_vid_Growme_T2头部_0706_joy,25883,52.78,0.985203,0.28057554,39.0,1.353333,2.0,26.39,1.0,52.78,0.576355,17.903643,125.0,10,,
2025-12-01,2026-08-31,20260706_0_growme_EN_9x16_FX-EnglishLearners_ZT-Learning-niupizhi_LV1-hook8_RS-P1X1R3C1_gy,not_delivering,,,,260714_ABO_AEO-Purchase_ios_vid_Growme_T2头部_0706_joy,5,0.0,0.0,,,,,,,,,40.0,,13,,
2025-12-01,2026-08-31,20260706_GrowMe_EN_9x16_FX-Men_ZT-SelfImprovement_RS-P1X1R3C3_czy,not_delivering,,,,260714_ABO_AEO-Purchase_ios_vid_Growme_T2头部_0706_joy,41,0.0,4.878049,0.0,,,,,,,,14.634146,1.0,12,,
2025-12-01,2026-08-31,20260706_0_growme_EN_9x16_FX-EnglishLearners_ZT-Learning-niupizhi_LV1-hook7_RS-P1X1R3C1_gy,not_delivering,,,,260714_ABO_AEO-Purchase_ios_vid_Growme_T2头部_0706_joy,3,0.01,0.0,,,,,,,,,,,0,,
2025-12-01,2026-08-31,20260706_GrowMe_EN_9x16_FX-Students_ZT-Learning_RS-P1X1R3C3_czy,not_delivering,,,,260714_ABO_AEO-Purchase_ios_vid_Growme_T2头部_0706_joy,24,0.03,0.0,,,,,,,,,16.666667,,6,,
2025-12-01,2026-08-31,20260706_0_growme_EN_9x16_FX-EnglishLearners_ZT-Learning-niupizhi_LV1-hook3_RS-P1X1R3C1_gy,not_delivering,,,,260714_ABO_AEO-Purchase_ios_vid_Growme_T2头部_0706_joy,1643,3.55,1.27815,0.33333333,3.0,1.183333,,,,,,13.024954,26.0,5,,
2025-12-01,2026-08-31,20260706_GrowMe_EN_9x16_FX-Readers_ZT-Habits_RS-P1X1R3C3_czy,not_delivering,,,,260714_ABO_AEO-Purchase_ios_vid_Growme_T2头部_0706_joy,5,0.01,0.0,,,,,,,,,60.0,,67,,
2025-12-01,2026-08-31,20260706_GrowMe_EN_9x16_FX-SelfGrowth_ZT-Mindset_RS-P1X1R3C3_czy,not_delivering,,,,260714_ABO_AEO-Purchase_ios_vid_Growme_T2头部_0706_joy,1,0.0,100.0,,,,,,,,,100.0,,159,,
2025-12-01,2026-08-31,20260706_0_growme_EN_9x16_FX-EnglishLearners_ZT-Learning-niupizhi_LV1-hook5_RS-P1X1R3C1_gy,not_delivering,,,,260714_ABO_AEO-Purchase_ios_vid_Growme_T2头部_0706_joy,4,0.0,25.0,0.0,,,,,,,,25.0,,3,,
2025-12-01,2026-08-31,20260706_GrowMe_EN_9x16_FX-Students_ZT-Learning-2_RS-P1X1R3C3_czy,not_delivering,,,,260714_ABO_AEO-Purchase_ios_vid_Growme_T2头部_0706_joy,12,0.01,8.333333,0.0,,,,,,,,33.333333,,14,,
2025-12-01,2026-08-31,20260706_GrowMe_EN_9x16_FX-Overthinkers_ZT-Mindset_RS-P1X1R3C3_czy,not_delivering,,,,260714_ABO_AEO-Purchase_ios_vid_Growme_T2头部_0706_joy,2,0.0,0.0,,,,,,,,,50.0,,67,,
2025-12-01,2026-08-31,20260706_0_growme_EN_9x16_FX-EnglishLearners_ZT-Learning-niupizhi_LV1-hook2_RS-P1X1R3C1_gy,not_delivering,,,,260714_ABO_AEO-Purchase_ios_vid_Growme_T2头部_0706_joy,16,0.0,0.0,,,,,,,,,31.25,,6,,
2025-12-01,2026-08-31,20260706_GrowMe_EN_9x16_FX-Readers_ZT-BookReading-1_RS-P1X1R3C3_czy,not_delivering,,,,260714_ABO_AEO-Purchase_ios_vid_Growme_T2头部_0706_joy,3,0.0,0.0,,,,,,,,,33.333333,,3,,
2025-12-01,2026-08-31,20260706_GrowMe_EN_9x16_FX-Introverts_ZT-Mindset_RS-P1X1R3C3_czy,not_delivering,,,,260714_ABO_AEO-Purchase_ios_vid_Growme_T2头部_0706_joy,1,0.0,0.0,,,,,,,,,,,1,,
2025-12-01,2026-08-31,20260706_GrowMe_EN_9x16_FX-SelfGrowth_ZT-Action_RS-P1X1R3C3_czy,not_delivering,,,,260714_ABO_AEO-Purchase_ios_vid_Growme_T2头部_0706_joy,1,0.0,0.0,,,,,,,,,,,1,,
2025-12-01,2026-08-31,20260706_0_growme_EN_9x16_FX-EnglishLearners_ZT-Learning-niupizhi_LV1-hook10_RS-P1X1R3C1_gy,not_delivering,,,,260714_ABO_AEO-Purchase_ios_vid_Growme_T2头部_0706_joy,12,0.01,0.0,,,,,,,,,,,0,,
2025-12-01,2026-08-31,20260706_GrowMe_EN_9x16_FX-Readers_ZT-BookReading_RS-P1X1R3C3_czy,not_delivering,,,,260714_ABO_AEO-Purchase_ios_vid_Growme_T2头部_0706_joy,1,0.0,0.0,,,,,,,,,100.0,,6,,
2025-12-01,2026-08-31,20260706_GrowMe_EN_9x16_FX-Professionals_ZT-SocialSkills_RS-P1X1R3C3_czy,not_delivering,,,,260714_ABO_AEO-Purchase_ios_vid_Growme_T2头部_0706_joy,3,0.01,33.333333,,,,,,,,,33.333333,,49,,
2025-12-01,2026-08-31,20260706_0_growme_EN_9x16_FX-EnglishLearners_ZT-Learning-niupizhi_LV1-hook1_RS-P1X1R3C1_gy,not_delivering,,,,260714_ABO_AEO-Purchase_ios_vid_Growme_T2头部_0706_joy,4,0.0,0.0,,,,,,,,,25.0,,1,,
2025-12-01,2026-08-31,20260706_GrowMe_EN_9x16_FX-SelfGrowth_ZT-Habits_RS-P1X1R3C3_czy,not_delivering,,,,260714_ABO_AEO-Purchase_ios_vid_Growme_T2头部_0706_joy,1,0.0,0.0,,,,,,,,,,,1,,
2025-12-01,2026-08-31,20260706_0_growme_EN_9x16_FX-EnglishLearners_ZT-Learning-niupizhi_LV1-hook6_RS-P1X1R3C1_gy,not_delivering,,,,260714_ABO_AEO-Purchase_ios_vid_Growme_T2头部_0706_joy,58,0.07,3.448276,0.0,,,,,,,,20.689655,1.0,7,,
2025-12-01,2026-08-31,20260706_GrowMe_EN_9x16_FX-EnglishLearners_ZT-Learning_RS-P1X1R3C3_czy,not_delivering,,,,260714_ABO_AEO-Purchase_ios_vid_Growme_T2头部_0706_joy,28,0.02,3.571429,0.0,,,,,,,,17.857143,,5,,
2025-12-01,2026-08-31,20260706_GrowMe_EN_9x16_FX-Students_ZT-Learning-1_RS-P1X1R3C3_czy,not_delivering,,,,260714_ABO_AEO-Purchase_ios_vid_Growme_T2头部_0706_joy,4,0.0,0.0,,,,,,,,,50.0,,38,,
2025-12-01,2026-08-31,20260706_GrowMe_EN_9x16_FX-Professionals_ZT-SelfImprovement_RS-P1X1R3C3_czy,not_delivering,,,,260714_ABO_AEO-Purchase_ios_vid_Growme_T2头部_0706_joy,3,0.0,0.0,,,,,,,,,66.666667,,35,,
2025-12-01,2026-08-31,20260706_GrowMe_EN_9x16_FX-Professionals_ZT-Growth-1_RS-P1X1R3C3_czy,not_delivering,,,,260719_ABO_AEO-Purchase_ios_vid_Growme_WW_top_1day_joy,4478,4.43,0.781599,0.25,5.0,0.886,,,,,,17.664136,17.0,10,,
2025-12-01,2026-08-31,20260706_0_growme_EN_9x16_FX-EnglishLearners_ZT-Learning-niupizhi_LV1-hook6_RS-P1X1R3C1_gy,not_delivering,,,,260719_ABO_AEO-Purchase_ios_vid_Growme_WW_top_1day_joy,41,0.0,0.0,,,,,,,,,21.95122,1.0,8,,
2025-12-01,2026-08-31,20260706_0_growme_EN_9x16_FX-EnglishLearners_ZT-Learning-niupizhi_LV1-hook6_RS-P1X1R3C1_gy,archived,,,,260719_ABO_AEO-Purchase_ios_vid_Growme_WW_top_7day_joy,7,0.0,0.0,,,,,,,,,,,0,,
2025-12-01,2026-08-31,20260706_GrowMe_EN_9x16_FX-Professionals_ZT-Growth-1_RS-P1X1R3C3_czy,archived,,,,260719_ABO_AEO-Purchase_ios_vid_Growme_WW_top_7day_joy,1241,1.85,1.289283,0.08333333,1.0,1.85,,,,,,17.647059,4.0,9,,
2025-12-01,2026-08-31,20260706_0_growme_EN_9x16_FX-EnglishLearners_ZT-Learning-niupizhi_LV1-hook6_RS-P1X1R3C1_gy,not_delivering,,,,260719_ABO_AEO-Purchase_ios_vid_Growme_T2_关top1_1day_joy,1115,1.56,0.896861,0.0,,,,,,,,12.017937,6.0,4,,
2025-12-01,2026-08-31,20260706_GrowMe_EN_9x16_FX-Professionals_ZT-Growth-1_RS-P1X1R3C3_czy,not_delivering,,,,260719_ABO_AEO-Purchase_ios_vid_Growme_T2_关top1_1day_joy,35635,37.91,0.735232,0.21052632,32.0,1.184688,1.0,37.91,,,,17.715729,111.0,9,,
2025-12-01,2026-08-31,20260706_0_growme_EN_9x16_FX-EnglishLearners_ZT-Learning-niupizhi_LV1-hook6_RS-P1X1R3C1_gy,not_delivering,,,,260719_ABO_AEO-Purchase_ios_vid_Growme_中日马泰尼_top_1day_joy,6,0.0,0.0,,,,,,,,,,,1,,
2025-12-01,2026-08-31,20260706_GrowMe_EN_9x16_FX-Professionals_ZT-Growth-1_RS-P1X1R3C3_czy,not_delivering,,,,260719_ABO_AEO-Purchase_ios_vid_Growme_中日马泰尼_top_1day_joy,744,0.75,0.672043,,,,,,,,,16.666667,4.0,9,,
2025-12-01,2026-08-31,20260706_0_growme_EN_9x16_FX-EnglishLearners_ZT-Learning-niupizhi_LV1-hook6_RS-P1X1R3C1_gy,not_delivering,,,,260719_ABO_AEO-Purchase_ios_vid_Growme_T2_排top_joy,1,0.0,0.0,,,,,,,,,,,1,,
2025-12-01,2026-08-31,20260706_GrowMe_EN_9x16_FX-Professionals_ZT-Growth-1_RS-P1X1R3C3_czy,not_delivering,,,,260719_ABO_AEO-Purchase_ios_vid_Growme_T2_排top_joy,1273,1.89,0.706991,0.0,,,,,,,,15.082482,8.0,9,,
2025-12-01,2026-08-31,20260706_GrowMe_EN_9x16_FX-Men_ZT-SelfImprovement_RS-P1X1R3C3_czy,archived,,,,260719_ABO_AEO-Purchase_ios_vid_Growme_WW_7top_joy,82,0.0,0.0,,,,,,,,,14.634146,,3,,
2025-12-01,2026-08-31,20260706_GrowMe_EN_9x16_FX-Professionals_ZT-Growth-1_RS-P1X1R3C3_czy,archived,,,,260719_ABO_AEO-Purchase_ios_vid_Growme_WW_7top_joy,48041,43.23,0.516226,0.34615385,45.0,0.960667,4.0,10.8075,,,,12.170854,87.0,5,,
2025-12-01,2026-08-31,20260706_0_growme_EN_9x16_FX-EnglishLearners_ZT-Learning-niupizhi_LV1-hook6_RS-P1X1R3C1_gy,archived,,,,260719_ABO_AEO-Purchase_ios_vid_Growme_WW_7top_joy,102,0.0,0.0,,,,,,,,,14.705882,2.0,4,,
2025-12-01,2026-08-31,20260706_0_growme_EN_9x16_FX-EnglishLearners_ZT-Learning-niupizhi_LV1-hook6_RS-P1X1R3C1_gy,not_delivering,,,,260719_ABO_AEO-Purchase_ios_vid_Growme_T2排印尼_7top_joy,12440,31.41,0.635048,0.06976744,3.0,10.47,,,,,,12.307074,70.0,4,,
2025-12-01,2026-08-31,20260706_GrowMe_EN_9x16_FX-Professionals_ZT-Growth-1_RS-P1X1R3C3_czy,not_delivering,13.0,actions:app_custom_event.fb_mobile_purchase,43.34769231,260719_ABO_AEO-Purchase_ios_vid_Growme_T2排印尼_7top_joy,413449,563.52,0.803485,0.22328358,374.0,1.506738,17.0,33.148235,13.0,43.347692,0.455192,16.235376,1245.0,8,,
2025-12-01,2026-08-31,20260706_GrowMe_EN_9x16_FX-Men_ZT-SelfImprovement_RS-P1X1R3C3_czy,not_delivering,,,,260719_ABO_AEO-Purchase_ios_vid_Growme_T2排印尼_7top_joy,5707,7.87,0.367969,0.0,,,,,,,,6.167864,14.0,2,,
2025-12-01,2026-08-31,20260706_GrowMe_EN_9x16_FX-Professionals_ZT-Growth-1_RS-P1X1R3C3_czy - Copy,inactive,4.0,actions:app_custom_event.fb_mobile_purchase,5.12,growmme_260720_WW_AAA_purchase_7day_tested_sie(ex: Indonesia),11143,20.48,0.95127,0.3125,20.0,1.024,4.0,5.12,4.0,5.12,2.873047,17.822848,31.0,9,,
2025-12-01,2026-08-31,20260706_GrowMe_EN_9x16_FX-Introverts_ZT-Mindset_RS-P1X1R3C3_czy - Copy,not_delivering,,,,growmme_260720_WW_AAA_purchase_7day_tested_sie(ex: Indonesia),6,0.01,0.0,,,,,,,,,16.666667,,10,,
2025-12-01,2026-08-31,20260706_0_growme_EN_9x16_FX-EnglishLearners_ZT-Learning-niupizhi_LV1-hook3_RS-P1X1R3C1_gy - Copy,inactive,,,,growmme_260720_WW_AAA_purchase_7day_tested_sie(ex: Indonesia),10739,19.16,1.033616,0.69642857,39.0,0.491282,,,,,,16.258497,69.0,5,,
2025-12-01,2026-08-31,20260706_GrowMe_EN_9x16_FX-Professionals_ZT-Finance_RS-P1X1R3C3_czy - Copy,not_delivering,,,,growmme_260720_WW_AAA_purchase_7day_tested_sie(ex: Indonesia),6,0.0,16.666667,0.0,,,,,,,,33.333333,,19,,
2025-12-01,2026-08-31,20260706_GrowMe_EN_9x16_FX-Students_ZT-Learning-2_RS-P1X1R3C3_czy - Copy,not_delivering,,,,growmme_260720_WW_AAA_purchase_7day_tested_sie(ex: Indonesia),4,0.0,0.0,,,,,,,,,25.0,1.0,37,,
2025-12-01,2026-08-31,20260706_GrowMe_EN_9x16_FX-SelfGrowth_ZT-Habits_RS-P1X1R3C3_czy - Copy,not_delivering,,,,growmme_260720_WW_AAA_purchase_7day_tested_sie(ex: Indonesia),53,0.07,1.886792,0.0,,,,,,,,22.641509,1.0,16,,
2025-12-01,2026-08-31,20260706_GrowMe_EN_9x16_FX-EnglishLearners_ZT-Learning-BackonTrack_RS-P3X1R1C3_fj - Copy,not_delivering,,,,growmme_260720_WW_AAA_purchase_7day_tested_sie(ex: Indonesia),673,1.42,1.337296,0.25,1.0,1.42,,,,,,8.469539,1.0,1,,
2025-12-01,2026-08-31,20260706_GrowMe_EN_9x16_FX-SelfGrowth_ZT-Action_RS-P1X1R3C3_czy - Copy,not_delivering,,,,growmme_260720_WW_AAA_purchase_7day_tested_sie(ex: Indonesia),21,0.06,4.761905,0.0,,,,,,,,47.619048,,21,,
2025-12-01,2026-08-31,20260708_GrowMe_EN_9x16_01_FX-EnglishLearners_ZT-Learning-slow2_RS-P1X1R3C3_wxx - Copy,not_delivering,,,,growmme_260720_WW_AAA_purchase_7day_tested_sie(ex: Indonesia),74,0.29,4.054054,0.0,,,,,,,,31.081081,,10,,
2025-12-01,2026-08-31,20260707_growme_EN_9x16_FX-Readers_ZT-Atomic-woman_RS-P1X1R3C3_gy - Copy,not_delivering,,,,growmme_260720_WW_AAA_purchase_7day_tested_sie(ex: Indonesia),107,0.22,1.869159,,,,,,,,,25.233645,,5,,
2025-12-01,2026-08-31,20260709_growme_EN_9x16_FX-EnglishLearners_ZT-VP-english-2_RS-P1X1R3C3_wxx - Copy,not_delivering,,,,growmme_260720_WW_AAA_purchase_7day_tested_sie(ex: Indonesia),203,0.87,1.477833,0.0,,,,,,,,33.497537,2.0,5,,
2025-12-01,2026-08-31,20260710_GrowMe_EN_9x16_FX-EnglishLearners_ZT-Learning-train_RS-P3X1R1C3_fj - Copy,not_delivering,,,,growmme_260720_WW_AAA_purchase_7day_tested_sie(ex: Indonesia),52,0.14,1.923077,,,,,,,,,17.307692,,5,,
2025-12-01,2026-08-31,20260706_GrowMe_EN_9x16_FX-Men_ZT-SelfImprovement_RS-P1X1R3C3_czy - Copy,not_delivering,,,,growmme_260720_WW_AAA_purchase_7day_tested_sie(ex: Indonesia),100,0.27,0.0,,,,,,,,,14.0,,4,,
2025-12-01,2026-08-31,20260709_GrowMe_EN_9x16_FX-FinanceSeekers_ZT-Finance_RS-P1X1R3C3_aitool_czy - Copy,not_delivering,,,,growmme_260720_WW_AAA_purchase_7day_tested_sie(ex: Indonesia),13,0.01,23.076923,0.0,,,,,,,,23.076923,,10,,
2025-12-01,2026-08-31,20260706_GrowMe_EN_9x16_FX-Students_ZT-Learning-1_RS-P1X1R3C3_czy - Copy,not_delivering,,,,growmme_260720_WW_AAA_purchase_7day_tested_sie(ex: Indonesia),23,0.0,0.0,,,,,,,,,52.173913,,51,,
2025-12-01,2026-08-31,20260707_GrowMe_EN_9x16_FX-EnglishLearners_ZT-Learning-that girl_RS-P3X1R1C3_fj - Copy,not_delivering,,,,growmme_260720_WW_AAA_purchase_7day_tested_sie(ex: Indonesia),1898,2.43,1.106428,0.0,,,,,,,,37.355111,142.0,3,,
2025-12-01,2026-08-31,20260706_GrowMe_EN_9x16_FX-Students_ZT-Learning-2_RS-P1X1R3C3_czy - Copy,not_delivering,,,,growmme_260720_WW_AAA_purchase_7day_tested_sie(ex: Indonesia),925,1.6,1.189189,0.0,,,,,,,,17.621622,7.0,9,,
2025-12-01,2026-08-31,20260706_GrowMe_EN_9x16_FX-Introverts_ZT-Mindset_RS-P1X1R3C3_czy - Copy,not_delivering,,,,growmme_260720_WW_AAA_purchase_7day_tested_sie(ex: Indonesia),16,0.02,0.0,,,,,,,,,31.25,,28,,
2025-12-01,2026-08-31,20260706_GrowMe_EN_9x16_FX-Students_ZT-Learning_RS-P1X1R3C3_czy - Copy,not_delivering,,,,growmme_260720_WW_AAA_purchase_7day_tested_sie(ex: Indonesia),1015,1.6,1.576355,0.125,1.0,1.6,,,,,,17.536946,3.0,8,,
2025-12-01,2026-08-31,20260710_growme_EN_9x16_FX-EnglishLearners_ZT-Learning-page_RS-P1X1R3C1_gy - Copy,not_delivering,,,,growmme_260720_WW_AAA_purchase_7day_tested_sie(ex: Indonesia),8309,9.74,1.191479,0.33333333,21.0,0.46381,,,,,,11.349139,47.0,3,,
2025-12-01,2026-08-31,20260706_GrowMe_EN_9x16_FX-Men_ZT-SelfImprovement_RS-P1X1R3C3_czy,inactive,,,,growmme_260720_1_WW_purchase_7.15-19_sie,10915,21.61,1.429226,0.11290323,14.0,1.543571,,,,,,15.080165,53.0,8,,
2025-12-01,2026-08-31,20260706_GrowMe_EN_9x16_FX-Professionals_ZT-Finance_RS-P1X1R3C3_czy,inactive,,,,growmme_260720_1_WW_purchase_7.15-19_sie,19731,18.71,0.506817,0.0,,,,,,,,7.120774,29.0,3,,
2025-12-01,2026-08-31,20260706_GrowMe_EN_9x16_FX-SelfGrowth_ZT-EmotionalHealth_RS-P1X1R3C3_czy,inactive,,,,growmme_260720_1_WW_purchase_7.15-19_sie,28513,41.19,0.540105,0.04210526,4.0,10.2975,,,,,,8.92926,42.0,3,,
2025-12-01,2026-08-31,20260706_GrowMe_EN_9x16_FX-Students_ZT-Learning-2_RS-P1X1R3C3_czy,inactive,,,,growmme_260720_1_WW_purchase_7.15-19_sie,10862,21.73,0.81937,0.35185185,19.0,1.143684,,,,,,16.433438,46.0,9,,
2025-12-01,2026-08-31,20260709_GrowMe_EN_9x16_FX-FinanceSeekers_ZT-Finance_RS-P1X1R3C3_aitool_czy,inactive,,,,growmme_260720_1_WW_purchase_7.15-19_sie,11968,24.39,1.520722,0.01204819,2.0,12.195,,,,,,13.485963,66.0,5,,
2025-12-01,2026-08-31,20260706_GrowMe_EN_9x16_FX-Men_ZT-SelfImprovement_RS-P1X1R3C3_czy,not_delivering,,,,260720_ABO_AEO-Purchase_ios_vid_Growme_T2_0713_joy,61577,37.75,0.633353,0.00689655,2.0,18.875,,,,,,8.532407,135.0,3,,
2025-12-01,2026-08-31,20260706_GrowMe_EN_9x16_FX-Men_ZT-SelfImprovement_RS-P1X1R3C3_czy,not_delivering,,,,260720_AAA_AEO-Purchase_ios_vid_Growme_USUK_7月_joy,83,0.85,0.0,,,,,,,,,26.506024,,8,,
2025-12-01,2026-08-31,20260706_GrowMe_EN_9x16_FX-Professionals_ZT-Growth-1_RS-P1X1R3C3_czy,not_delivering,7.0,actions:app_custom_event.fb_mobile_purchase,66.77285714,260720_AAA_AEO-Purchase_ios_vid_Growme_USUK_7月_joy,58397,467.41,1.113071,0.35789474,136.0,3.436838,12.0,38.950833,7.0,66.772857,0.165765,18.958166,233.0,8,,
2025-12-01,2026-08-31,20260706_0_growme_EN_9x16_FX-EnglishLearners_ZT-Learning-niupizhi_LV1-hook6_RS-P1X1R3C1_gy,not_delivering,,,,260720_AAA_AEO-Purchase_ios_vid_Growme_USUK_7月_joy,90,0.74,0.0,,,,,,,,,21.111111,,5,,
2025-12-01,2026-08-31,20260706_GrowMe_EN_9x16_FX-Professionals_ZT-Growth-1_RS-P1X1R3C3_czy,not_delivering,,,,260719_ABO_AEO-Purchase_ios_vid_Growme_T2_关top1_7day_joy,1334,2.58,1.274363,0.22222222,2.0,1.29,,,,,,18.890555,3.0,10,,
2025-12-01,2026-08-31,20260706_0_growme_EN_9x16_FX-EnglishLearners_ZT-Learning-niupizhi_LV1-hook6_RS-P1X1R3C1_gy,not_delivering,,,,260719_ABO_AEO-Purchase_ios_vid_Growme_T2_关top1_7day_joy,58,0.06,5.172414,0.0,,,,,,,,20.689655,,9,,
2025-12-01,2026-08-31,20260706_GrowMe_EN_9x16_FX-Professionals_ZT-Growth-1_RS-P1X1R3C3_czy,not_delivering,11.0,actions:app_custom_event.fb_mobile_purchase,78.27545455,260720_AAA_VO-Purchase_ios_vid_Growme_US_7月_1d_joy,89216,861.03,1.074919,0.31020408,228.0,3.776447,28.0,30.751071,11.0,78.275455,0.262372,18.956241,565.0,9,,
2025-12-01,2026-08-31,20260706_GrowMe_EN_9x16_FX-Men_ZT-SelfImprovement_RS-P1X1R3C3_czy,not_delivering,,,,260720_AAA_VO-Purchase_ios_vid_Growme_US_7月_1d_joy,31,0.51,3.225806,0.0,,,,,,,,29.032258,1.0,18,,
2025-12-01,2026-08-31,20260706_0_growme_EN_9x16_FX-EnglishLearners_ZT-Learning-niupizhi_LV1-hook6_RS-P1X1R3C1_gy,not_delivering,,,,260720_AAA_VO-Purchase_ios_vid_Growme_US_7月_1d_joy,2519,29.89,1.230647,0.06666667,1.0,29.89,1.0,29.89,,,,19.452164,45.0,6,,
2025-12-01,2026-08-31,20260706_GrowMe_EN_9x16_FX-SelfGrowth_ZT-Action_RS-P1X1R3C3_czy,inactive,,,,growmme_260721_1_WW(T1)_purchase_7M>2_sie,21645,10.92,0.896281,0.03225806,2.0,5.46,,,,,,11.688612,20.0,4,,
2025-12-01,2026-08-31,20260706_GrowMe_EN_9x16_FX-Introverts_ZT-Mindset_RS-P1X1R3C3_czy,inactive,,,,growmme_260721_1_WW(T1)_purchase_7M>2_sie,13006,6.76,1.2994,0.03921569,4.0,1.69,,,,,,8.273105,38.0,3,,
2025-12-01,2026-08-31,20260706_GrowMe_EN_9x16_FX-Students_ZT-Learning-1_RS-P1X1R3C3_czy,inactive,,,,growmme_260721_1_WW(T1)_purchase_7M>2_sie,11316,9.84,1.599505,0.14285714,12.0,0.82,,,,,,14.996465,48.0,7,,
2025-12-01,2026-08-31,20260706_GrowMe_EN_9x16_FX-Students_ZT-Learning_RS-P1X1R3C3_czy,inactive,,,,growmme_260721_1_WW(T1)_purchase_7M>2_sie,10656,17.57,1.210586,0.24137931,14.0,1.255,,,,,,17.182808,56.0,9,,
2025-12-01,2026-08-31,20260706_GrowMe_EN_9x16_FX-Professionals_ZT-Finance_RS-P1X1R3C3_czy,inactive,,,,growmme_260721_1_WW(T1)_purchase_7M>2_sie,19231,9.54,0.603193,0.03389831,2.0,4.77,,,,,,8.585097,22.0,2,,
2025-12-01,2026-08-31,20260706_GrowMe_EN_9x16_FX-SelfGrowth_ZT-EmotionalHealth_RS-P1X1R3C3_czy,inactive,,,,growmme_260721_1_WW(T1)_purchase_7M>2_sie,11103,5.14,0.639467,0.0,,,,,,,,7.772674,14.0,2,,
2025-12-01,2026-08-31,20260706_GrowMe_EN_9x16_FX-Students_ZT-Learning-2_RS-P1X1R3C3_czy,inactive,,,,growmme_260721_1_WW(T1)_purchase_7M>2_sie,10426,16.63,0.892001,0.25641026,10.0,1.663,,,,,,18.856704,66.0,10,,
2025-12-01,2026-08-31,20260706_GrowMe_EN_9x16_FX-Professionals_ZT-Growth-1_RS-P1X1R3C3_czy,inactive,,,,growmme_260721_1_WW(T1)_purchase_7M>2_sie,5230,11.98,0.745698,0.4,10.0,1.198,,,,,,17.170172,17.0,8,,
2025-12-01,2026-08-31,20260706_0_growme_EN_9x16_FX-EnglishLearners_ZT-Learning-niupizhi_LV1-hook3_RS-P1X1R3C1_gy,inactive,,,,growmme_260721_1_WW(T1)_purchase_7M>2_sie,5696,11.8,0.561798,0.31578947,6.0,1.966667,,,,,,10.779494,42.0,4,,
2025-12-01,2026-08-31,20260707_GrowMe_EN_9x16_FX-EnglishLearners_ZT-Learning_RS-P3X1R1C3_fj,inactive,,,,growmme_260721_1_WW(T1)_purchase_7M>2_sie,10745,5.05,0.651466,0.0,,,,,,,,5.770126,179.0,1,,
2025-12-01,2026-08-31,20260707_GrowMe_EN_9x16_FX-EnglishLearners_ZT-Learning-that girl_RS-P3X1R1C3_fj,not_delivering,,,,growmme_260721_1_WW(T1)_purchase_7M>2_sie,4321,8.81,0.624855,0.14285714,3.0,2.936667,,,,,,25.225642,281.0,3,,
2025-12-01,2026-08-31,20260707_growme_EN_9x16_FX-Readers_ZT-Atomic-woman_RS-P1X1R3C3_gy,not_delivering,2.0,actions:app_custom_event.fb_mobile_purchase,21.005,growmme_260721_1_WW(T1)_purchase_7M>2_sie,17355,42.01,0.973783,0.08490566,9.0,4.667778,2.0,21.005,2.0,21.005,0.933111,14.23221,73.0,3,,
2025-12-01,2026-08-31,20260708_GrowMe_EN_9x16_01_FX-EnglishLearners_ZT-Learning-slow2_RS-P1X1R3C3_wxx,inactive,1.0,actions:app_custom_event.fb_mobile_purchase,73.61,growmme_260721_1_WW(T1)_purchase_7M>2_sie,33483,73.61,1.134904,0.24712644,43.0,1.71186,1.0,73.61,1.0,73.61,0.162614,13.568079,197.0,4,,
2025-12-01,2026-08-31,20260709_growme_EN_9x16_FX-EnglishLearners_ZT-VP-english-1_RS-P1X1R3C3_wxx,inactive,,,,growmme_260721_1_WW(T1)_purchase_7M>2_sie,11245,10.85,0.853713,0.0483871,3.0,3.616667,,,,,,10.29791,71.0,2,,
2025-12-01,2026-08-31,20260709_growme_EN_9x16_FX-EnglishLearners_ZT-VP-english-2_RS-P1X1R3C3_wxx,inactive,,,,growmme_260721_1_WW(T1)_purchase_7M>2_sie,15719,20.57,1.011515,0.23076923,27.0,0.761852,,,,,,17.004899,34.0,2,,
2025-12-01,2026-08-31,20260710_growme_EN_9x16_FX-EnglishLearners_ZT-Learning-page_RS-P1X1R3C1_gy,inactive,,,,growmme_260721_1_WW(T1)_purchase_7M>2_sie,5844,8.35,0.87269,0.26923077,7.0,1.192857,,,,,,12.867899,52.0,2,,
2025-12-01,2026-08-31,20260706_GrowMe_EN_9x16_FX-Professionals_ZT-Growth-1_RS-P1X1R3C3_czy,not_delivering,,,,260721_AAA_AEO-Purchase_ios_vid_Growme_USUK_黑色字幕top6_joy,181,3.99,0.552486,0.0,,,,,,,,21.546961,1.0,10,,
2025-12-01,2026-08-31,20260706_GrowMe_EN_9x16_FX-Professionals_ZT-Growth-1_RS-P1X1R3C3_czy,not_delivering,,,,260721_AAA_AEO-Purchase_ios_vid_Growme_T2排印尼_黑色字幕top6_joy,753,2.51,0.796813,0.0,,,,,,,,15.537849,1.0,7,,
2025-12-01,2026-08-31,20260706_GrowMe_EN_9x16_FX-Men_ZT-SelfImprovement_RS-P1X1R3C3_czy,inactive,,,,growmme_260722_1_EU/NA/OC_purchase_7.21_sie,16196,31.72,0.759447,0.01886792,2.0,15.86,,,,,,7.310447,30.0,3,,
2025-12-01,2026-08-31,20260706_GrowMe_EN_9x16_FX-Professionals_ZT-Finance_RS-P1X1R3C3_czy,inactive,,,,growmme_260722_1_EU/NA/OC_purchase_7.21_sie,10515,9.98,0.713267,0.0,,,,,,,,9.567285,12.0,3,,
2025-12-01,2026-08-31,20260706_GrowMe_EN_9x16_FX-SelfGrowth_ZT-EmotionalHealth_RS-P1X1R3C3_czy,not_delivering,,,,growmme_260722_1_EU/NA/OC_purchase_7.21_sie,3670,8.98,0.871935,0.11111111,3.0,2.993333,,,,,,11.743869,13.0,6,,
2025-12-01,2026-08-31,20260706_GrowMe_EN_9x16_FX-Students_ZT-Learning-2_RS-P1X1R3C3_czy,inactive,,,,growmme_260722_1_EU/NA/OC_purchase_7.21_sie,10716,39.61,0.662561,0.34090909,15.0,2.640667,2.0,19.805,,,,14.986935,52.0,8,,
2025-12-01,2026-08-31,20260709_GrowMe_EN_9x16_FX-FinanceSeekers_ZT-Finance_RS-P1X1R3C3_aitool_czy,inactive,,,,growmme_260722_1_EU/NA/OC_purchase_7.21_sie,12136,25.04,1.367831,0.02112676,3.0,8.346667,1.0,25.04,,,,10.514173,54.0,4,,
2025-12-01,2026-08-31,20260706_GrowMe_EN_9x16_FX-Professionals_ZT-Growth-1_RS-P1X1R3C3_czy,not_delivering,,,,260722_ABO_AEO-Purchase_ios_vid_Growme_T2_top5_joy,17000,31.32,1.223529,0.20535714,23.0,1.361739,,,,,,20.282353,72.0,10,,
2025-12-01,2026-08-31,20260706_GrowMe_EN_9x16_FX-Professionals_ZT-Growth-1_RS-P1X1R3C3_czy,not_delivering,2.0,actions:app_custom_event.fb_mobile_purchase,155.355,260723_AAA_VO-Purchase_ios_vid_Growme_USUK_7月_joy,36433,310.71,1.202207,0.29864253,66.0,4.707727,8.0,38.83875,2.0,155.355,0.079045,21.705597,128.0,9,,
2025-12-01,2026-08-31,20260706_0_growme_EN_9x16_FX-EnglishLearners_ZT-Learning-niupizhi_LV1-hook6_RS-P1X1R3C1_gy,not_delivering,,,,260723_AAA_VO-Purchase_ios_vid_Growme_USUK_7月_joy,714,7.51,0.980392,0.0,,,,,,,,19.887955,13.0,7,,
2025-12-01,2026-08-31,20260706_GrowMe_EN_9x16_FX-Professionals_ZT-Growth-1_RS-P1X1R3C3_czy,not_delivering,,,,260724_ABO_AEO-Purchase_ios_vid_Growme_T2_TOP3_joy,31996,47.71,0.684461,0.07692308,9.0,5.301111,1.0,47.71,,,,16.573947,83.0,7,,
2025-12-01,2026-08-31,20260706_GrowMe_EN_9x16_FX-SelfGrowth_ZT-Action_RS-P1X1R3C3_czy,not_delivering,,,,growmme_260724_1_US_purchase_tested_sie,69,0.46,0.0,,,,,,,,,17.391304,,3,,
2025-12-01,2026-08-31,20260706_GrowMe_EN_9x16_FX-Introverts_ZT-Mindset_RS-P1X1R3C3_czy,not_delivering,,,,growmme_260724_1_US_purchase_tested_sie,217,2.37,2.764977,0.0,,,,,,,,16.129032,,4,,
2025-12-01,2026-08-31,20260706_GrowMe_EN_9x16_FX-Students_ZT-Learning-1_RS-P1X1R3C3_czy,not_delivering,,,,growmme_260724_1_US_purchase_tested_sie,554,4.34,0.722022,0.0,,,,,,,,14.801444,1.0,4,,
2025-12-01,2026-08-31,20260706_GrowMe_EN_9x16_FX-Students_ZT-Learning_RS-P1X1R3C3_czy,inactive,,,,growmme_260724_1_US_purchase_tested_sie,3336,29.84,1.019185,0.03846154,1.0,29.84,,,,,,18.3753,8.0,6,,
2025-12-01,2026-08-31,20260706_GrowMe_EN_9x16_FX-Men_ZT-SelfImprovement_RS-P1X1R3C3_czy,not_delivering,,,,growmme_260724_1_US_purchase_tested_sie,1325,21.05,0.90566,0.0,,,,,,,,12.603774,2.0,7,,
2025-12-01,2026-08-31,20260706_GrowMe_EN_9x16_FX-Professionals_ZT-Finance_RS-P1X1R3C3_czy,not_delivering,,,,growmme_260724_1_US_purchase_tested_sie,68,0.46,1.470588,0.0,,,,,,,,19.117647,,3,,
2025-12-01,2026-08-31,20260706_GrowMe_EN_9x16_FX-Students_ZT-Learning-2_RS-P1X1R3C3_czy,not_delivering,,,,growmme_260724_1_US_purchase_tested_sie,256,1.68,1.5625,0.0,,,,,,,,19.921875,,7,,
2025-12-01,2026-08-31,20260707_GrowMe_EN_9x16_FX-EnglishLearners_ZT-Learning_RS-P3X1R1C3_fj,not_delivering,,,,growmme_260724_1_US_purchase_tested_sie,18,0.03,0.0,,,,,,,,,11.111111,1.0,2,,
2025-12-01,2026-08-31,20260707_growme_EN_9x16_FX-EnglishReaders_ZT-learning-woman_RS-P1X1R3C3_gy,not_delivering,,,,growmme_260724_1_US_purchase_tested_sie,10,0.09,0.0,,,,,,,,,30.0,,2,,
2025-12-01,2026-08-31,20260707_growme_EN_9x16_FX-Readers_ZT-Atomic-woman_RS-P1X1R3C3_gy,not_delivering,,,,growmme_260724_1_US_purchase_tested_sie,621,14.08,0.644122,0.0,,,,,,,,18.196457,1.0,3,,
2025-12-01,2026-08-31,20260709_growme_EN_9x16_FX-EnglishLearners_ZT-VP-english-2_RS-P1X1R3C3_wxx,not_delivering,,,,growmme_260724_1_US_purchase_tested_sie,139,1.92,2.158273,0.0,,,,,,,,30.935252,2.0,5,,
2025-12-01,2026-08-31,20260709_GrowMe_EN_9x16_FX-FinanceSeekers_ZT-Finance_RS-P1X1R3C3_aitool_czy,not_delivering,,,,growmme_260724_1_US_purchase_tested_sie,63,1.2,4.761905,0.0,,,,,,,,25.396825,,6,,
2025-12-01,2026-08-31,20260710_GrowMe_EN_9x16_FX-EnglishLearners_ZT-Learning-train_RS-P3X1R1C3_fj,not_delivering,,,,growmme_260724_1_US_purchase_tested_sie,186,2.37,0.537634,,,,,,,,,17.204301,2.0,4,,
2025-12-01,2026-08-31,20260710_growme_EN_9x16_FX-EnglishLearners_ZT-Learning-page_RS-P1X1R3C1_gy,not_delivering,,,,growmme_260724_1_US_purchase_tested_sie,7554,72.48,0.900185,0.25,14.0,5.177143,2.0,36.24,,,,16.957903,80.0,3,,
2025-12-01,2026-08-31,20260706_GrowMe_EN_9x16_FX-SelfGrowth_ZT-EmotionalHealth_RS-P1X1R3C3_czy,not_delivering,,,,growmme_260724_1_US_purchase_tested_sie,20,0.18,5.0,0.0,,,,,,,,10.0,,4,,
2025-12-01,2026-08-31,20260706_GrowMe_EN_9x16_FX-Professionals_ZT-Growth-1_RS-P1X1R3C3_czy,not_delivering,,,,260726_AAA_AEO-Purchase_ios_vid_Growme_US_7top_joy - Copy,5778,46.75,0.553825,0.51851852,14.0,3.339286,3.0,15.583333,,,,18.189685,17.0,8,,
2025-12-01,2026-08-31,20260706_GrowMe_EN_9x16_FX-SelfGrowth_ZT-Action_RS-P1X1R3C3_czy,not_delivering,,,,260727_AAA_AEO-Purchase_ios_vid_Growme_墨巴_7月出单_joy,14,0.01,0.0,,,,,,,,,28.571429,,4,,
2025-12-01,2026-08-31,20260706_GrowMe_EN_9x16_FX-Introverts_ZT-Mindset_RS-P1X1R3C3_czy,not_delivering,,,,260727_AAA_AEO-Purchase_ios_vid_Growme_墨巴_7月出单_joy,13,0.0,15.384615,0.0,,,,,,,,30.769231,,13,,
2025-12-01,2026-08-31,20260706_GrowMe_EN_9x16_FX-Students_ZT-Learning-1_RS-P1X1R3C3_czy,not_delivering,,,,260727_AAA_AEO-Purchase_ios_vid_Growme_墨巴_7月出单_joy,51,0.12,1.960784,0.0,,,,,,,,27.45098,,16,,
2025-12-01,2026-08-31,20260706_GrowMe_EN_9x16_FX-Students_ZT-Learning_RS-P1X1R3C3_czy,not_delivering,,,,260727_AAA_AEO-Purchase_ios_vid_Growme_墨巴_7月出单_joy,126,0.28,0.793651,0.0,,,,,,,,19.84127,1.0,10,,
2025-12-01,2026-08-31,20260706_GrowMe_EN_9x16_FX-Professionals_ZT-Finance_RS-P1X1R3C3_czy,not_delivering,,,,260727_AAA_AEO-Purchase_ios_vid_Growme_墨巴_7月出单_joy,4,0.0,0.0,,,,,,,,,,,0,,
2025-12-01,2026-08-31,20260706_GrowMe_EN_9x16_FX-Students_ZT-Learning-2_RS-P1X1R3C3_czy,not_delivering,,,,260727_AAA_AEO-Purchase_ios_vid_Growme_墨巴_7月出单_joy,61,0.12,4.918033,0.0,,,,,,,,19.672131,,9,,
2025-12-01,2026-08-31,20260706_GrowMe_EN_9x16_FX-Professionals_ZT-Growth-1_RS-P1X1R3C3_czy,not_delivering,1.0,actions:app_custom_event.fb_mobile_purchase,180.16,260727_AAA_AEO-Purchase_ios_vid_Growme_墨巴_7月出单_joy,110364,180.16,0.66326,0.21538462,112.0,1.608571,1.0,180.16,1.0,180.16,0.252775,15.78232,411.0,8,,
2025-12-01,2026-08-31,20260706_0_growme_EN_9x16_FX-EnglishLearners_ZT-Learning-niupizhi_LV1-hook3_RS-P1X1R3C1_gy,not_delivering,,,,260727_AAA_AEO-Purchase_ios_vid_Growme_墨巴_7月出单_joy,32292,64.27,0.625542,0.2815534,29.0,2.216207,,,,,,13.179735,261.0,5,,
2025-12-01,2026-08-31,20260707_GrowMe_EN_9x16_FX-EnglishLearners_ZT-Learning_RS-P3X1R1C3_fj,not_delivering,,,,260727_AAA_AEO-Purchase_ios_vid_Growme_墨巴_7月出单_joy,6,0.0,0.0,,,,,,,,,16.666667,,2,,
2025-12-01,2026-08-31,20260707_GrowMe_EN_9x16_FX-EnglishLearners_ZT-Learning-that girl_RS-P3X1R1C3_fj,not_delivering,,,,260727_AAA_AEO-Purchase_ios_vid_Growme_墨巴_7月出单_joy,33,0.03,0.0,,,,,,,,,30.30303,3.0,21,,
2025-12-01,2026-08-31,20260707_growme_EN_9x16_FX-Readers_ZT-Atomic-woman_RS-P1X1R3C3_gy,not_delivering,,,,260727_AAA_AEO-Purchase_ios_vid_Growme_墨巴_7月出单_joy,510,2.54,1.764706,0.0,,,,,,,,24.901961,6.0,6,,
2025-12-01,2026-08-31,20260708_GrowMe_EN_9x16_01_FX-EnglishLearners_ZT-Learning-slow2_RS-P1X1R3C3_wxx,not_delivering,,,,260727_AAA_AEO-Purchase_ios_vid_Growme_墨巴_7月出单_joy,348,2.69,1.149425,,,,,,,,,24.425287,6.0,8,,
2025-12-01,2026-08-31,20260709_growme_EN_9x16_FX-EnglishLearners_ZT-VP-english-1_RS-P1X1R3C3_wxx,not_delivering,,,,260727_AAA_AEO-Purchase_ios_vid_Growme_墨巴_7月出单_joy,5,0.04,0.0,,,,,,,,,20.0,,2,,
2025-12-01,2026-08-31,20260709_growme_EN_9x16_FX-EnglishLearners_ZT-VP-english-2_RS-P1X1R3C3_wxx,not_delivering,,,,260727_AAA_AEO-Purchase_ios_vid_Growme_墨巴_7月出单_joy,10,0.06,0.0,,,,,,,,,20.0,,4,,
2025-12-01,2026-08-31,20260710_growme_EN_9x16_FX-EnglishLearners_ZT-Learning-page_RS-P1X1R3C1_gy,not_delivering,,,,260727_AAA_AEO-Purchase_ios_vid_Growme_墨巴_7月出单_joy,1505,2.59,1.461794,0.0,,,,,,,,14.61794,15.0,2,,
2025-12-01,2026-08-31,20260706_GrowMe_EN_9x16_FX-Professionals_ZT-Growth-1_RS-P1X1R3C3_czy,not_delivering,,,,260727_AAA_AEO-Purchase_ios_vid_Growme_USUK_4567_1d_joy,606,5.44,0.990099,0.0,,,,,,,,21.947195,,9,,
2025-12-01,2026-08-31,20260706_GrowMe_EN_9x16_FX-Professionals_ZT-Growth-1_RS-P1X1R3C3_czy,not_delivering,3.0,actions:app_custom_event.fb_mobile_purchase,71.91333333,260727_AAA_AEO-Purchase_ios_vid_Growme_USUK_4567_7d_joy,23431,215.74,1.088302,0.36407767,75.0,2.876533,10.0,21.574,3.0,71.913333,0.59289,19.85404,164.0,11,,
2025-12-01,2026-08-31,20260706_GrowMe_EN_9x16_FX-Professionals_ZT-Growth-1_RS-P1X1R3C3_czy,not_delivering,,,,260727_AAA_AEO-Purchase_ios_vid_Growme_USUK_4567_7d_roas0.2_joy,890,6.32,1.797753,0.30769231,4.0,1.58,,,,,,21.685393,3.0,11,,
2025-12-01,2026-08-31,20260706_0_growme_EN_9x16_FX-EnglishLearners_ZT-Learning-niupizhi_LV1-hook9_RS-P1X1R3C1_gy,not_delivering,,,,260714_AAA_VO-Purchase_ios_vid_Growme_T2头部_0706week_joy,1812,1.46,0.883002,0.33333333,2.0,0.73,2.0,0.73,,,,20.750552,7.0,7,,
2025-12-01,2026-08-31,20260706_GrowMe_EN_9x16_FX-Professionals_ZT-Growth_RS-P1X1R3C3_czy,not_delivering,,,,260714_AAA_VO-Purchase_ios_vid_Growme_T2头部_0706week_joy,30,0.0,3.333333,0.0,,,,,,,,40.0,,34,,
2025-12-01,2026-08-31,20260706_GrowMe_EN_9x16_FX-Readers_ZT-BookReading_RS-P1X1R3C3_czy,not_delivering,,,,260714_AAA_VO-Purchase_ios_vid_Growme_T2头部_0706week_joy,98,0.02,2.040816,0.0,,,,,,,,16.326531,1.0,22,,
2025-12-01,2026-08-31,20260706_GrowMe_EN_9x16_FX-Professionals_ZT-SocialSkills_RS-P1X1R3C3_czy,not_delivering,,,,260714_AAA_VO-Purchase_ios_vid_Growme_T2头部_0706week_joy,194,0.12,1.030928,0.0,,,,,,,,17.525773,,8,,
2025-12-01,2026-08-31,20260706_GrowMe_EN_9x16_FX-SelfGrowth_ZT-Action_RS-P1X1R3C3_czy,not_delivering,,,,260714_AAA_VO-Purchase_ios_vid_Growme_T2头部_0706week_joy,17,0.01,5.882353,0.0,,,,,,,,35.294118,,27,,
2025-12-01,2026-08-31,20260706_GrowMe_EN_9x16_FX-SelfGrowth_ZT-SocialSkills_RS-P1X1R3C3_czy,not_delivering,,,,260714_AAA_VO-Purchase_ios_vid_Growme_T2头部_0706week_joy,88,0.02,2.272727,0.0,,,,,,,,17.045455,,11,,
2025-12-01,2026-08-31,20260706_GrowMe_EN_9x16_FX-Readers_ZT-BookReading-1_RS-P1X1R3C3_czy,not_delivering,,,,260714_AAA_VO-Purchase_ios_vid_Growme_T2头部_0706week_joy,8,0.0,12.5,,,,,,,,,37.5,,40,,
2025-12-01,2026-08-31,20260706_0_growme_EN_9x16_FX-EnglishLearners_ZT-Learning-niupizhi_LV1-hook10_RS-P1X1R3C1_gy,not_delivering,,,,260714_AAA_VO-Purchase_ios_vid_Growme_T2头部_0706week_joy,491,0.57,2.443992,0.125,1.0,0.57,,,,,,18.940937,1.0,5,,
2025-12-01,2026-08-31,20260706_GrowMe_EN_9x16_FX-Professionals_ZT-Finance_RS-P1X1R3C3_czy,not_delivering,,,,260714_AAA_VO-Purchase_ios_vid_Growme_T2头部_0706week_joy,20,0.01,0.0,,,,,,,,,20.0,,9,,
2025-12-01,2026-08-31,20260706_0_growme_EN_9x16_FX-EnglishLearners_ZT-Learning-niupizhi_LV1-hook2_RS-P1X1R3C1_gy,not_delivering,,,,260714_AAA_VO-Purchase_ios_vid_Growme_T2头部_0706week_joy,167,0.09,2.994012,0.0,,,,,,,,20.958084,4.0,9,,
2025-12-01,2026-08-31,20260706_GrowMe_EN_9x16_FX-EnglishLearners_ZT-Learning_RS-P1X1R3C3_czy,not_delivering,,,,260714_AAA_VO-Purchase_ios_vid_Growme_T2头部_0706week_joy,202,0.18,2.475248,0.0,,,,,,,,27.227723,1.0,18,,
2025-12-01,2026-08-31,20260706_0_growme_EN_9x16_FX-EnglishLearners_ZT-Learning-niupizhi_LV1-hook4_RS-P1X1R3C1_gy,not_delivering,,,,260714_AAA_VO-Purchase_ios_vid_Growme_T2头部_0706week_joy,264,0.19,1.893939,0.0,,,,,,,,27.272727,2.0,10,,
2025-12-01,2026-08-31,20260706_GrowMe_EN_9x16_FX-Students_ZT-Learning-2_RS-P1X1R3C3_czy,not_delivering,,,,260714_AAA_VO-Purchase_ios_vid_Growme_T2头部_0706week_joy,529,0.31,1.134216,0.0,,,,,,,,24.763705,7.0,18,,
2025-12-01,2026-08-31,20260706_0_growme_EN_9x16_FX-EnglishLearners_ZT-Learning-niupizhi_LV1-hook5_RS-P1X1R3C1_gy,not_delivering,,,,260714_AAA_VO-Purchase_ios_vid_Growme_T2头部_0706week_joy,190,0.11,1.578947,0.0,,,,,,,,19.473684,2.0,8,,
2025-12-01,2026-08-31,20260706_GrowMe_EN_9x16_FX-SelfGrowth_ZT-Mindset_RS-P1X1R3C3_czy,not_delivering,,,,260714_AAA_VO-Purchase_ios_vid_Growme_T2头部_0706week_joy,269,0.23,3.345725,0.0,,,,,,,,20.074349,1.0,16,,
2025-12-01,2026-08-31,20260706_GrowMe_EN_9x16_FX-Readers_ZT-Habits_RS-P1X1R3C3_czy,not_delivering,,,,260714_AAA_VO-Purchase_ios_vid_Growme_T2头部_0706week_joy,67,0.03,1.492537,0.0,,,,,,,,25.373134,,19,,
2025-12-01,2026-08-31,20260706_GrowMe_EN_9x16_FX-Professionals_ZT-Growth-1_RS-P1X1R3C3_czy,not_delivering,,,,260714_AAA_VO-Purchase_ios_vid_Growme_T2头部_0706week_joy,17658,17.52,0.8608,0.2183908,19.0,0.922105,,,,,,20.71016,63.0,10,,
2025-12-01,2026-08-31,20260706_0_growme_EN_9x16_FX-EnglishLearners_ZT-Learning-niupizhi_LV1-hook7_RS-P1X1R3C1_gy,not_delivering,,,,260714_AAA_VO-Purchase_ios_vid_Growme_T2头部_0706week_joy,84,0.03,1.190476,0.0,,,,,,,,33.333333,,9,,
2025-12-01,2026-08-31,20260706_0_growme_EN_9x16_FX-EnglishLearners_ZT-Learning-niupizhi_LV1-hook3_RS-P1X1R3C1_gy,not_delivering,,,,260714_AAA_VO-Purchase_ios_vid_Growme_T2头部_0706week_joy,31675,29.21,1.048145,0.41984733,55.0,0.531091,,,,,,15.769534,326.0,6,,
2025-12-01,2026-08-31,20260706_GrowMe_EN_9x16_FX-Men_ZT-SelfImprovement_RS-P1X1R3C3_czy,not_delivering,,,,260714_AAA_VO-Purchase_ios_vid_Growme_T2头部_0706week_joy,8,0.0,0.0,,,,,,,,,50.0,,37,,
2025-12-01,2026-08-31,20260706_GrowMe_EN_9x16_FX-Students_ZT-Learning_RS-P1X1R3C3_czy,not_delivering,,,,260714_AAA_VO-Purchase_ios_vid_Growme_T2头部_0706week_joy,87,0.05,0.0,,,,,,,,,31.034483,,16,,
2025-12-01,2026-08-31,20260706_GrowMe_EN_9x16_FX-Overthinkers_ZT-Mindset_RS-P1X1R3C3_czy,not_delivering,,,,260714_AAA_VO-Purchase_ios_vid_Growme_T2头部_0706week_joy,166,0.08,1.204819,0.0,,,,,,,,25.903614,,19,,
2025-12-01,2026-08-31,20260706_GrowMe_EN_9x16_FX-SelfGrowth_ZT-EmotionalHealth_RS-P1X1R3C3_czy,not_delivering,,,,260714_AAA_VO-Purchase_ios_vid_Growme_T2头部_0706week_joy,5,0.0,0.0,,,,,,,,,,,1,,
2025-12-01,2026-08-31,20260706_GrowMe_EN_9x16_FX-Professionals_ZT-SelfImprovement_RS-P1X1R3C3_czy,not_delivering,,,,260714_AAA_VO-Purchase_ios_vid_Growme_T2头部_0706week_joy,86,0.05,6.976744,0.0,,,,,,,,34.883721,1.0,33,,
2025-12-01,2026-08-31,20260706_GrowMe_EN_9x16_FX-Students_ZT-Learning-1_RS-P1X1R3C3_czy,not_delivering,,,,260714_AAA_VO-Purchase_ios_vid_Growme_T2头部_0706week_joy,75,0.03,1.333333,,,,,,,,,33.333333,,21,,
2025-12-01,2026-08-31,20260706_0_growme_EN_9x16_FX-EnglishLearners_ZT-Learning-niupizhi_LV1-hook8_RS-P1X1R3C1_gy,not_delivering,,,,260714_AAA_VO-Purchase_ios_vid_Growme_T2头部_0706week_joy,34,0.05,5.882353,0.0,,,,,,,,38.235294,3.0,19,,
2025-12-01,2026-08-31,20260706_GrowMe_EN_9x16_FX-Introverts_ZT-Mindset_RS-P1X1R3C3_czy,not_delivering,,,,260714_AAA_VO-Purchase_ios_vid_Growme_T2头部_0706week_joy,19,0.0,10.526316,0.0,,,,,,,,31.578947,,20,,
2025-12-01,2026-08-31,20260706_0_growme_EN_9x16_FX-EnglishLearners_ZT-Learning-niupizhi_LV1-hook1_RS-P1X1R3C1_gy,not_delivering,,,,260714_AAA_VO-Purchase_ios_vid_Growme_T2头部_0706week_joy,572,0.36,0.699301,0.0,,,,,,,,24.65035,6.0,9,,
2025-12-01,2026-08-31,20260706_0_growme_EN_9x16_FX-EnglishLearners_ZT-Learning-niupizhi_LV1-hook6_RS-P1X1R3C1_gy,not_delivering,,,,260714_AAA_VO-Purchase_ios_vid_Growme_T2头部_0706week_joy,5301,3.86,1.433692,0.125,5.0,0.772,,,,,,20.713073,64.0,8,,
2025-12-01,2026-08-31,20260706_GrowMe_EN_9x16_FX-SelfGrowth_ZT-Habits_RS-P1X1R3C3_czy,not_delivering,,,,260714_AAA_VO-Purchase_ios_vid_Growme_T2头部_0706week_joy,62,0.04,3.225806,0.0,,,,,,,,29.032258,,21,,
2025-12-01,2026-08-31,20260706_GrowMe_EN_9x16_FX-Students_ZT-Learning-2_RS-P1X1R3C3_czy,not_delivering,,,,260729_AAA_VO-Purchase_ios_vid_Growme_T2头部_7month_joy,58,0.13,5.172414,0.0,,,,,,,,27.586207,2.0,22,,
2025-12-01,2026-08-31,20260706_GrowMe_EN_9x16_FX-Men_ZT-SelfImprovement_RS-P1X1R3C3_czy,not_delivering,,,,260729_AAA_VO-Purchase_ios_vid_Growme_T2头部_7month_joy,2,0.0,0.0,,,,,,,,,,,1,,
2025-12-01,2026-08-31,20260706_GrowMe_EN_9x16_FX-Professionals_ZT-Growth-1_RS-P1X1R3C3_czy,not_delivering,,,,260727_AAA_VO-Purchase_ios_vid_Growme_USUK_4567_7d_joy,2333,18.56,0.814402,0.0625,1.0,18.56,,,,,,21.303043,8.0,9,,
2025-12-01,2026-08-31,20260706_GrowMe_EN_9x16_FX-Professionals_ZT-Growth-1_RS-P1X1R3C3_czy,not_delivering,,,,260727_AAA_VO-Purchase_ios_vid_Growme_USUK_4567_1d_joy,192,1.52,1.5625,0.0,,,,,,,,20.833333,1.0,13,,
2025-12-01,2026-08-31,20260707_GrowMe_EN_9x16_FX-EnglishLearners_ZT-Learning-that girl_RS-P3X1R1C3_fj - Copy,not_delivering,,,,growmme_260710_EU_AAA_purchase_top_sie,4099,15.32,0.51232,0.27272727,3.0,5.106667,1.0,15.32,,,,28.226397,184.0,3,,
2025-12-01,2026-08-31,20260706_GrowMe_EN_9x16_FX-SelfGrowth_ZT-EmotionalHealth_RS-P1X1R3C3_czy - Copy,not_delivering,,,,growmme_260710_EU_AAA_purchase_top_sie,635,3.57,1.732283,0.0,,,,,,,,22.362205,2.0,11,,
2025-12-01,2026-08-31,20260706_GrowMe_EN_9x16_FX-Professionals_ZT-Finance_RS-P1X1R3C3_czy - Copy,not_delivering,,,,growmme_260710_EU_AAA_purchase_top_sie,5679,28.55,1.179785,0.16216216,6.0,4.758333,,,,,,17.872865,19.0,8,,
2025-12-01,2026-08-31,20260706_GrowMe_EN_9x16_FX-Students_ZT-Learning-2_RS-P1X1R3C3_czy - Copy,inactive,,,,growmme_260710_EU_AAA_purchase_top_sie,10506,46.0,0.666286,0.53333333,16.0,2.875,,,,,,18.665524,28.0,8,,
2025-12-01,2026-08-31,20260707_GrowMe_EN_9x16_FX-EnglishLearners_ZT-Learning-that girl_RS-P3X1R1C3_fj - Copy,not_delivering,,,,growmme_260731_US_AAA_purchase_top_sie,1119,17.85,0.625559,0.33333333,2.0,8.925,2.0,8.925,,,,32.618409,68.0,3,,
2025-12-01,2026-08-31,20260706_GrowMe_EN_9x16_FX-SelfGrowth_ZT-EmotionalHealth_RS-P1X1R3C3_czy - Copy,not_delivering,,,,growmme_260731_US_AAA_purchase_top_sie,472,7.99,2.330508,0.09090909,1.0,7.99,2.0,3.995,,,,23.305085,6.0,14,,
2025-12-01,2026-08-31,20260706_GrowMe_EN_9x16_FX-Students_ZT-Learning-2_RS-P1X1R3C3_czy - Copy,inactive,,,,growmme_260731_US_AAA_purchase_top_sie,10213,119.48,0.871438,0.24528302,13.0,9.190769,3.0,39.826667,,,,21.012435,48.0,8,,
2025-12-01,2026-08-31,20260706_GrowMe_EN_9x16_FX-Professionals_ZT-Finance_RS-P1X1R3C3_czy - Copy,not_delivering,,,,growmme_260731_US_AAA_purchase_top_sie,5061,82.82,1.146019,0.2,8.0,10.3525,,,,,,19.936771,24.0,11,,
2025-12-01,2026-08-31,20260706_GrowMe_EN_9x16_FX-Professionals_ZT-Growth-1_RS-P1X1R3C3_czy,not_delivering,,,,260731_ABO_AEO-Purchase_ios_vid_Growme_WW_7all_joy,53483,46.82,0.850738,0.31456954,95.0,0.492842,1.0,46.82,,,,16.102313,122.0,7,,
2025-12-01,2026-08-31,20260706_GrowMe_EN_9x16_FX-Men_ZT-SelfImprovement_RS-P1X1R3C3_czy,not_delivering,,,,260731_ABO_AEO-Purchase_ios_vid_Growme_WW_7all_joy,134,0.08,0.746269,,,,,,,,,17.164179,1.0,10,,
2025-12-01,2026-08-31,20260706_GrowMe_EN_9x16_FX-Students_ZT-Learning-2_RS-P1X1R3C3_czy,not_delivering,,,,260731_ABO_AEO-Purchase_ios_vid_Growme_WW_7all_joy,653,0.74,1.378254,0.2,1.0,0.74,,,,,,20.061256,1.0,13,,
2025-12-01,2026-08-31,20260706_GrowMe_EN_9x16_FX-Professionals_ZT-Growth-1_RS-P1X1R3C3_czy,not_delivering,1.0,actions:app_custom_event.fb_mobile_purchase,79.57,260731_ABO_AEO-Purchase_ios_vid_Growme_T2_7all_joy,25668,79.57,1.067477,0.33939394,56.0,1.420893,5.0,15.914,1.0,79.57,0.49868,19.245753,104.0,9,,
2025-12-01,2026-08-31,20260706_GrowMe_EN_9x16_FX-Men_ZT-SelfImprovement_RS-P1X1R3C3_czy,not_delivering,,,,260731_ABO_AEO-Purchase_ios_vid_Growme_T2_7all_joy,12,0.23,8.333333,0.0,,,,,,,,25.0,,32,,
2025-12-01,2026-08-31,20260706_GrowMe_EN_9x16_FX-Students_ZT-Learning-2_RS-P1X1R3C3_czy,not_delivering,,,,260731_ABO_AEO-Purchase_ios_vid_Growme_T2_7all_joy,230,0.88,3.913043,0.33333333,1.0,0.88,,,,,,26.086957,3.0,17,,
2025-12-01,2026-08-31,20260706_GrowMe_EN_9x16_FX-Students_ZT-Learning-2_RS-P1X1R3C3_czy,not_delivering,,,,260731_ABO_VO-Purchase_ios_vid_Growme_T2头部_7all_joy,146,0.33,1.369863,0.0,,,,,,,,20.547945,2.0,16,,
2025-12-01,2026-08-31,20260706_GrowMe_EN_9x16_FX-Men_ZT-SelfImprovement_RS-P1X1R3C3_czy,not_delivering,,,,260731_ABO_VO-Purchase_ios_vid_Growme_T2头部_7all_joy,4,0.0,0.0,,,,,,,,,50.0,1.0,38,,
2025-12-01,2026-08-31,20260706_GrowMe_EN_9x16_FX-Professionals_ZT-Growth-1_RS-P1X1R3C3_czy,not_delivering,6.0,actions:app_custom_event.fb_mobile_purchase,45.31,260731_ABO_VO-Purchase_ios_vid_Growme_T2头部_7all_joy,146123,271.86,0.780849,0.29961588,234.0,1.161795,14.0,19.418571,6.0,45.31,0.580446,16.378667,475.0,8,,
2025-12-01,2026-08-31,20260706_GrowMe_EN_9x16_FX-Students_ZT-Learning-2_RS-P1X1R3C3_czy,not_delivering,,,,growmme_US/UK_260804_1_purchase_8.4-before_7d_sie,371,4.7,1.347709,0.0,,,,,,,,20.485175,,10,,
2025-12-01,2026-08-31,20260709_GrowMe_EN_9x16_FX-FinanceSeekers_ZT-Finance_RS-P1X1R3C3_aitool_czy,not_delivering,,,,growmme_US/UK_260804_1_purchase_8.4-before_7d_sie,66,1.0,6.060606,0.0,,,,,,,,28.787879,,14,,
2025-12-01,2026-08-31,20260706_GrowMe_EN_9x16_FX-Introverts_ZT-Mindset_RS-P1X1R3C3_czy,not_delivering,,,,growmme_WW_260804_1_purchase_TOP_sie,39,0.03,7.692308,0.0,,,,,,,,30.769231,,23,,
2025-12-01,2026-08-31,20260706_GrowMe_EN_9x16_FX-Professionals_ZT-Growth-1_RS-P1X1R3C3_czy,not_delivering,,,,growmme_WW_260804_1_purchase_TOP_sie,19634,17.79,1.054294,0.43220339,51.0,0.348824,,,,,,21.905878,90.0,14,,
2025-12-01,2026-08-31,20260706_0_growme_EN_9x16_FX-EnglishLearners_ZT-Learning-niupizhi_LV1-hook3_RS-P1X1R3C1_gy,not_delivering,,,,growmme_WW_260804_1_purchase_TOP_sie,8764,8.44,1.289366,0.35416667,17.0,0.496471,2.0,4.22,,,,18.918302,119.0,8,,
2025-12-01,2026-08-31,20260706_GrowMe_EN_9x16_FX-Readers_ZT-BookReading_RS-P1X1R3C3_czy,not_delivering,,,,260805_ABO_AEO-Purchase_ios_vid_Growme_T2头部_0706_joy,316,0.3,3.481013,0.0,,,,,,,,18.670886,1.0,10,,
2025-12-01,2026-08-31,20260706_GrowMe_EN_9x16_FX-Professionals_ZT-Growth_RS-P1X1R3C3_czy,not_delivering,,,,260805_ABO_AEO-Purchase_ios_vid_Growme_T2头部_0706_joy,3,0.0,0.0,,,,,,,,,66.666667,,42,,
2025-12-01,2026-08-31,20260706_0_growme_EN_9x16_FX-EnglishLearners_ZT-Learning-niupizhi_LV1-hook9_RS-P1X1R3C1_gy,not_delivering,,,,260805_ABO_AEO-Purchase_ios_vid_Growme_T2头部_0706_joy,359,0.38,1.392758,0.0,,,,,,,,20.334262,1.0,7,,
2025-12-01,2026-08-31,20260706_0_growme_EN_9x16_FX-EnglishLearners_ZT-Learning-niupizhi_LV1-hook10_RS-P1X1R3C1_gy,not_delivering,,,,260805_ABO_AEO-Purchase_ios_vid_Growme_T2头部_0706_joy,33,0.0,0.0,,,,,,,,,21.212121,,9,,
2025-12-01,2026-08-31,20260706_GrowMe_EN_9x16_FX-Professionals_ZT-SocialSkills_RS-P1X1R3C3_czy,not_delivering,,,,260805_ABO_AEO-Purchase_ios_vid_Growme_T2头部_0706_joy,118,0.17,4.237288,0.0,,,,,,,,22.033898,,12,,
2025-12-01,2026-08-31,20260706_GrowMe_EN_9x16_FX-SelfGrowth_ZT-Action_RS-P1X1R3C3_czy,not_delivering,,,,260805_ABO_AEO-Purchase_ios_vid_Growme_T2头部_0706_joy,74,0.08,5.405405,0.0,,,,,,,,25.675676,,13,,
2025-12-01,2026-08-31,20260706_GrowMe_EN_9x16_FX-Professionals_ZT-Finance_RS-P1X1R3C3_czy,not_delivering,,,,260805_ABO_AEO-Purchase_ios_vid_Growme_T2头部_0706_joy,3,0.0,0.0,,,,,,,,,,,2,,
2025-12-01,2026-08-31,20260706_GrowMe_EN_9x16_FX-Readers_ZT-BookReading-1_RS-P1X1R3C3_czy,not_delivering,,,,260805_ABO_AEO-Purchase_ios_vid_Growme_T2头部_0706_joy,2,0.0,50.0,0.0,,,,,,,,50.0,,64,,
2025-12-01,2026-08-31,20260706_0_growme_EN_9x16_FX-EnglishLearners_ZT-Learning-niupizhi_LV1-hook5_RS-P1X1R3C1_gy,not_delivering,,,,260805_ABO_AEO-Purchase_ios_vid_Growme_T2头部_0706_joy,3,0.0,0.0,,,,,,,,,33.333333,,4,,
2025-12-01,2026-08-31,20260706_0_growme_EN_9x16_FX-EnglishLearners_ZT-Learning-niupizhi_LV1-hook8_RS-P1X1R3C1_gy,not_delivering,,,,260805_ABO_AEO-Purchase_ios_vid_Growme_T2头部_0706_joy,4,0.0,50.0,0.0,,,,,,,,50.0,,6,,
2025-12-01,2026-08-31,20260706_GrowMe_EN_9x16_FX-EnglishLearners_ZT-Learning_RS-P1X1R3C3_czy,not_delivering,,,,260805_ABO_AEO-Purchase_ios_vid_Growme_T2头部_0706_joy,584,0.82,1.883562,0.0,,,,,,,,20.034247,3.0,12,,
2025-12-01,2026-08-31,20260706_0_growme_EN_9x16_FX-EnglishLearners_ZT-Learning-niupizhi_LV1-hook7_RS-P1X1R3C1_gy,not_delivering,,,,260805_ABO_AEO-Purchase_ios_vid_Growme_T2头部_0706_joy,2,0.0,0.0,,,,,,,,,,,1,,
2025-12-01,2026-08-31,20260706_GrowMe_EN_9x16_FX-Men_ZT-SelfImprovement_RS-P1X1R3C3_czy,not_delivering,,,,260805_ABO_AEO-Purchase_ios_vid_Growme_T2头部_0706_joy,7,0.0,14.285714,0.0,,,,,,,,14.285714,,17,,
2025-12-01,2026-08-31,20260706_GrowMe_EN_9x16_FX-Overthinkers_ZT-Mindset_RS-P1X1R3C3_czy,not_delivering,,,,260805_ABO_AEO-Purchase_ios_vid_Growme_T2头部_0706_joy,310,0.33,2.580645,0.0,,,,,,,,23.225806,3.0,17,,
2025-12-01,2026-08-31,20260706_GrowMe_EN_9x16_FX-Students_ZT-Learning_RS-P1X1R3C3_czy,not_delivering,,,,260805_ABO_AEO-Purchase_ios_vid_Growme_T2头部_0706_joy,3356,4.33,0.953516,0.0,,,,,,,,18.772348,13.0,11,,
2025-12-01,2026-08-31,20260706_0_growme_EN_9x16_FX-EnglishLearners_ZT-Learning-niupizhi_LV1-hook3_RS-P1X1R3C1_gy,not_delivering,,,,260805_ABO_AEO-Purchase_ios_vid_Growme_T2头部_0706_joy,19469,18.15,0.708819,0.11666667,7.0,2.592857,,,,,,14.98793,143.0,6,,
2025-12-01,2026-08-31,20260706_GrowMe_EN_9x16_FX-Professionals_ZT-SelfImprovement_RS-P1X1R3C3_czy,not_delivering,,,,260805_ABO_AEO-Purchase_ios_vid_Growme_T2头部_0706_joy,32,0.01,0.0,,,,,,,,,21.875,,22,,
2025-12-01,2026-08-31,20260706_GrowMe_EN_9x16_FX-Professionals_ZT-Growth-1_RS-P1X1R3C3_czy,not_delivering,,,,260805_ABO_AEO-Purchase_ios_vid_Growme_T2头部_0706_joy,13175,13.61,0.751423,0.13207547,7.0,1.944286,,,,,,18.322581,41.0,9,,
2025-12-01,2026-08-31,20260706_GrowMe_EN_9x16_FX-SelfGrowth_ZT-Mindset_RS-P1X1R3C3_czy,not_delivering,,,,260805_ABO_AEO-Purchase_ios_vid_Growme_T2头部_0706_joy,3,0.01,0.0,,,,,,,,,33.333333,,61,,
2025-12-01,2026-08-31,20260706_GrowMe_EN_9x16_FX-SelfGrowth_ZT-SocialSkills_RS-P1X1R3C3_czy,not_delivering,,,,260805_ABO_AEO-Purchase_ios_vid_Growme_T2头部_0706_joy,1,0.0,0.0,,,,,,,,,100.0,1.0,1582,,
2025-12-01,2026-08-31,20260706_GrowMe_EN_9x16_FX-Readers_ZT-Habits_RS-P1X1R3C3_czy,not_delivering,,,,260805_ABO_AEO-Purchase_ios_vid_Growme_T2头部_0706_joy,12,0.0,0.0,,,,,,,,,66.666667,,70,,
2025-12-01,2026-08-31,20260706_GrowMe_EN_9x16_FX-Introverts_ZT-Mindset_RS-P1X1R3C3_czy,not_delivering,,,,260805_ABO_AEO-Purchase_ios_vid_Growme_T2头部_0706_joy,6,0.0,0.0,,,,,,,,,,,0,,
2025-12-01,2026-08-31,20260706_GrowMe_EN_9x16_FX-Students_ZT-Learning-2_RS-P1X1R3C3_czy,not_delivering,,,,260805_ABO_AEO-Purchase_ios_vid_Growme_T2头部_0706_joy,153,0.05,0.0,,,,,,,,,16.993464,1.0,11,,
2025-12-01,2026-08-31,20260706_0_growme_EN_9x16_FX-EnglishLearners_ZT-Learning-niupizhi_LV1-hook4_RS-P1X1R3C1_gy,not_delivering,,,,260805_ABO_AEO-Purchase_ios_vid_Growme_T2头部_0706_joy,58,0.05,1.724138,0.0,,,,,,,,31.034483,,11,,
2025-12-01,2026-08-31,20260706_0_growme_EN_9x16_FX-EnglishLearners_ZT-Learning-niupizhi_LV1-hook2_RS-P1X1R3C1_gy,not_delivering,,,,260805_ABO_AEO-Purchase_ios_vid_Growme_T2头部_0706_joy,2600,2.57,0.923077,0.16666667,2.0,1.285,,,,,,18.538462,34.0,7,,
2025-12-01,2026-08-31,20260706_0_growme_EN_9x16_FX-EnglishLearners_ZT-Learning-niupizhi_LV1-hook1_RS-P1X1R3C1_gy,not_delivering,,,,260805_ABO_AEO-Purchase_ios_vid_Growme_T2头部_0706_joy,3065,2.77,0.946166,0.1,1.0,2.77,,,,,,20.032626,39.0,8,,
2025-12-01,2026-08-31,20260706_GrowMe_EN_9x16_FX-SelfGrowth_ZT-Habits_RS-P1X1R3C3_czy,not_delivering,,,,260805_ABO_AEO-Purchase_ios_vid_Growme_T2头部_0706_joy,21,0.0,9.52381,0.0,,,,,,,,42.857143,,40,,
2025-12-01,2026-08-31,20260706_GrowMe_EN_9x16_FX-Students_ZT-Learning-1_RS-P1X1R3C3_czy,not_delivering,,,,260805_ABO_AEO-Purchase_ios_vid_Growme_T2头部_0706_joy,31,0.0,9.677419,0.0,,,,,,,,16.129032,,15,,
2025-12-01,2026-08-31,20260706_0_growme_EN_9x16_FX-EnglishLearners_ZT-Learning-niupizhi_LV1-hook6_RS-P1X1R3C1_gy,not_delivering,,,,260805_ABO_AEO-Purchase_ios_vid_Growme_T2头部_0706_joy,521,0.29,0.959693,,,,,,,,,20.537428,5.0,8,,
2025-12-01,2026-08-31,20260710_growme_EN_9x16_FX-EnglishLearners_ZT-Learning-page_RS-P1X1R3C1_gy,not_delivering,,,,260805_ABO_AEO-Purchase_ios_vid_Growme_T2_消耗小于500roi大于0.7_joy,22,0.0,0.0,,,,,,,,,13.636364,,1,,
2025-12-01,2026-08-31,20260706_0_growme_EN_9x16_FX-EnglishLearners_ZT-Learning-niupizhi_LV1-hook3_RS-P1X1R3C1_gy,not_delivering,,,,growmme_US/UK_260805_1_purchase_TOP_sie,72,0.57,0.0,,,,,,,,,12.5,1.0,5,,
2025-12-01,2026-08-31,20260706_GrowMe_EN_9x16_FX-Professionals_ZT-Growth-1_RS-P1X1R3C3_czy,not_delivering,,,,growmme_US/UK_260805_1_purchase_TOP_sie,300,2.13,1.333333,0.0,,,,,,,,23.666667,,12,,
2025-12-01,2026-08-31,20260706_GrowMe_EN_9x16_FX-Introverts_ZT-Mindset_RS-P1X1R3C3_czy,not_delivering,,,,growmme_US/UK_260805_1_purchase_TOP_sie,3,0.02,0.0,,,,,,,,,,,0,,
2025-12-01,2026-08-31,20260706_GrowMe_EN_9x16_FX-Students_ZT-Learning-2_RS-P1X1R3C3_czy,not_delivering,,,,growmme_WW_260805_1_purchase_tested_sie,2682,2.88,1.491424,0.10714286,3.0,0.96,,,,,,24.459359,12.0,16,,
2025-12-01,2026-08-31,20260709_GrowMe_EN_9x16_FX-FinanceSeekers_ZT-Finance_RS-P1X1R3C3_aitool_czy,not_delivering,,,,growmme_WW_260805_1_purchase_tested_sie,343,0.48,2.915452,0.0,,,,,,,,25.947522,4.0,17,,
2025-12-01,2026-08-31,20260706_GrowMe_EN_9x16_FX-Professionals_ZT-Growth-1_RS-P1X1R3C3_czy,not_delivering,,,,260805_ABO_AEO-Purchase_ios_vid_Growme_T2头部_0706_joy,31235,71.04,1.075716,0.29583333,71.0,1.000563,3.0,23.68,,,,17.534817,164.0,9,,
2025-12-01,2026-08-31,20260706_GrowMe_EN_9x16_FX-Professionals_ZT-Growth-1_RS-P1X1R3C3_czy,not_delivering,,,,260805_ABO_AEO-Purchase_ios_vid_Growme_WW_0706_joy,10450,12.66,0.899522,0.13432836,9.0,1.406667,,,,,,19.138756,66.0,10,,
2025-12-01,2026-08-31,20260706_GrowMe_EN_9x16_FX-Professionals_ZT-Growth-1_RS-P1X1R3C3_czy,not_delivering,,,,260806_AAA_AEO-Purchase_ios_vid_Growme_USUK_extop_7d_joy,4909,44.83,1.140762,0.40425532,19.0,2.359474,,,,,,20.16704,29.0,10,,
2025-12-01,2026-08-31,20260706_GrowMe_EN_9x16_FX-Professionals_ZT-Growth-1_RS-P1X1R3C3_czy,not_delivering,,,,growmme_EU/NA/OC_26080_61_purchase_TOP_sie,2015,4.29,1.042184,0.42857143,6.0,0.715,1.0,4.29,,,,17.468983,13.0,11,,
2025-12-01,2026-08-31,20260706_0_growme_EN_9x16_FX-EnglishLearners_ZT-Learning-niupizhi_LV1-hook3_RS-P1X1R3C1_gy,not_delivering,,,,growmme_EU/NA/OC_26080_61_purchase_TOP_sie,259,0.48,1.930502,0.0,,,,,,,,20.46332,6.0,7,,
2025-12-01,2026-08-31,20260706_GrowMe_EN_9x16_FX-Introverts_ZT-Mindset_RS-P1X1R3C3_czy,not_delivering,,,,growmme_EU/NA/OC_26080_61_purchase_TOP_sie,6,0.01,0.0,,,,,,,,,50.0,,25,,
2025-12-01,2026-08-31,20260706_GrowMe_EN_9x16_FX-Professionals_ZT-Growth-1_RS-P1X1R3C3_czy,not_delivering,,,,260805_ABO_AEO-Purchase_ios_vid_Growme_WW_0706_joy,5955,9.37,0.839631,0.28125,9.0,1.041111,,,,,,18.942065,31.0,11,,
2025-12-01,2026-08-31,20260706_GrowMe_EN_9x16_FX-Students_ZT-Learning-2_RS-P1X1R3C3_czy,not_delivering,,,,260731_ABO_AEO-Purchase_ios_vid_Growme_USUK_7all_7d_joy,6,0.01,0.0,,,,,,,,,66.666667,,7,,
2025-12-01,2026-08-31,20260706_GrowMe_EN_9x16_FX-Men_ZT-SelfImprovement_RS-P1X1R3C3_czy,not_delivering,,,,260731_ABO_AEO-Purchase_ios_vid_Growme_USUK_7all_7d_joy,2,0.02,0.0,,,,,,,,,100.0,,80,,
2025-12-01,2026-08-31,20260706_GrowMe_EN_9x16_FX-Professionals_ZT-Growth-1_RS-P1X1R3C3_czy,not_delivering,,,,260731_ABO_AEO-Purchase_ios_vid_Growme_USUK_7all_7d_joy,2233,17.68,0.940439,0.31578947,6.0,2.946667,1.0,17.68,,,,18.629646,5.0,9,,
2025-12-01,2026-08-31,20260706_GrowMe_EN_9x16_FX-Professionals_ZT-Growth-1_RS-P1X1R3C3_czy,not_delivering,,,,260807_AAA_AEO-Purchase_ios_vid_Growme_T2_1467_joy,2570,5.98,1.167315,0.13043478,3.0,1.993333,,,,,,19.805447,12.0,11,,
2025-12-01,2026-08-31,20260706_GrowMe_EN_9x16_FX-Men_ZT-SelfImprovement_RS-P1X1R3C3_czy,not_delivering,,,,260803_AAA_VO-Purchase_ios_vid_Growme_US_7all_1day_joy,1,0.0,0.0,,,,,,,,,,,0,,
2025-12-01,2026-08-31,20260706_GrowMe_EN_9x16_FX-Professionals_ZT-Growth-1_RS-P1X1R3C3_czy,not_delivering,,,,260803_AAA_VO-Purchase_ios_vid_Growme_US_7all_1day_joy,34436,233.49,0.836334,0.28703704,62.0,3.765968,12.0,19.4575,,,,18.994657,109.0,7,,
2025-12-01,2026-08-31,20260706_GrowMe_EN_9x16_FX-Students_ZT-Learning-2_RS-P1X1R3C3_czy,not_delivering,,,,260803_AAA_VO-Purchase_ios_vid_Growme_US_7all_1day_joy,27,0.15,0.0,,,,,,,,,18.518519,,9,,
2025-12-01,2026-08-31,20260706_GrowMe_EN_9x16_FX-Professionals_ZT-Growth-1_RS-P1X1R3C3_czy,not_delivering,,,,260727_AAA_AEO-Purchase_ios_vid_Growme_USUK_4567_7d_joy,24,0.16,0.0,,,,,,,,,16.666667,1.0,14,,
2025-12-01,2026-08-31,20260706_GrowMe_EN_9x16_FX-Professionals_ZT-Growth-1_RS-P1X1R3C3_czy,not_delivering,,,,260806_AAA_AEO-Purchase_ios_vid_Growme_USUK_extop_7d_joy,178,1.13,0.561798,,,,,,,,,14.606742,,8,,
2025-12-01,2026-08-31,20260706_GrowMe_EN_9x16_FX-Professionals_ZT-Growth-1_RS-P1X1R3C3_czy,not_delivering,,,,260731_ABO_AEO-Purchase_ios_vid_Growme_USUK_7all_7d_joy,540,3.95,1.481481,0.33333333,2.0,1.975,,,,,,17.407407,3.0,9,,
2025-12-01,2026-08-31,20260706_GrowMe_EN_9x16_FX-Men_ZT-SelfImprovement_RS-P1X1R3C3_czy,not_delivering,,,,260731_ABO_AEO-Purchase_ios_vid_Growme_USUK_7all_7d_joy,6,0.03,0.0,,,,,,,,,,,1,,
2025-12-01,2026-08-31,20260706_GrowMe_EN_9x16_FX-Students_ZT-Learning-2_RS-P1X1R3C3_czy,not_delivering,,,,260731_ABO_AEO-Purchase_ios_vid_Growme_USUK_7all_7d_joy,2,0.01,0.0,,,,,,,,,,,0,,
2025-12-01,2026-08-31,20260706_GrowMe_EN_9x16_FX-Men_ZT-SelfImprovement_RS-P1X1R3C3_czy,not_delivering,,,,260803_AAA_VO-Purchase_ios_vid_Growme_US_7all_1day_joy,2,0.0,0.0,,,,,,,,,,,1,,
2025-12-01,2026-08-31,20260706_GrowMe_EN_9x16_FX-Professionals_ZT-Growth-1_RS-P1X1R3C3_czy,not_delivering,,,,260803_AAA_VO-Purchase_ios_vid_Growme_US_7all_1day_joy,700,5.96,1.142857,0.8,4.0,1.49,,,,,,19.714286,1.0,6,,
2025-12-01,2026-08-31,20260706_GrowMe_EN_9x16_FX-Students_ZT-Learning-2_RS-P1X1R3C3_czy,not_delivering,,,,260803_AAA_VO-Purchase_ios_vid_Growme_US_7all_1day_joy,11,0.07,0.0,,,,,,,,,36.363636,,19,,
2025-12-01,2026-08-31,20260706_GrowMe_EN_9x16_FX-Students_ZT-Learning-2_RS-P1X1R3C3_czy,not_delivering,,,,260803_AAA_VO-Purchase_ios_vid_Growme_US_7all_1day_joy,13,0.16,0.0,,,,,,,,,15.384615,,4,,
2025-12-01,2026-08-31,20260706_GrowMe_EN_9x16_FX-Professionals_ZT-Growth-1_RS-P1X1R3C3_czy,not_delivering,,,,260803_AAA_VO-Purchase_ios_vid_Growme_US_7all_1day_joy,2312,23.14,0.865052,0.33333333,4.0,5.785,1.0,23.14,,,,18.3391,9.0,7,,
2025-12-01,2026-08-31,20260706_GrowMe_EN_9x16_FX-Professionals_ZT-Growth-1_RS-P1X1R3C3_czy,not_delivering,,,,260727_AAA_AEO-Purchase_ios_vid_Growme_US_4567_1d_joy,596,4.8,1.342282,0.0,,,,,,,,21.47651,3.0,8,,
2025-12-01,2026-08-31,20260706_GrowMe_EN_9x16_FX-Professionals_ZT-Growth-1_RS-P1X1R3C3_czy,not_delivering,,,,260727_AAA_AEO-Purchase_ios_vid_Growme_USUK_4567_7d_joy,760,8.09,0.657895,0.0,,,,,,,,18.157895,5.0,10,,
2025-12-01,2026-08-31,20260706_GrowMe_EN_9x16_FX-Professionals_ZT-Growth-1_RS-P1X1R3C3_czy,active,2.0,actions:app_custom_event.fb_mobile_purchase,382.075,260813_AAA_VO-Purchase_ios_vid_Growme_US_cps10_1d_joy,80054,764.15,1.064282,0.25931677,167.0,4.575749,28.0,27.291071,2.0,382.075,0.077969,19.257002,444.0,9,,
2025-12-01,2026-08-31,20260706_GrowMe_EN_9x16_FX-Professionals_ZT-Growth-1_RS-P1X1R3C3_czy,not_delivering,1.0,actions:app_custom_event.fb_mobile_purchase,50.53,260817_AAA_AEO-Purchase_ios_vid_Growme_US_7all_7d_joy,5635,50.53,0.727595,0.20588235,7.0,7.218571,,,1.0,50.53,0.191174,16.574978,31.0,7,,
2025-12-01,2026-08-31,20260706_GrowMe_EN_9x16_FX-Men_ZT-SelfImprovement_RS-P1X1R3C3_czy,not_delivering,,,,260817_AAA_AEO-Purchase_ios_vid_Growme_US_7all_7d_joy,15,0.19,0.0,,,,,,,,,20.0,,7,,
2025-12-01,2026-08-31,20260706_GrowMe_EN_9x16_FX-Students_ZT-Learning-2_RS-P1X1R3C3_czy,not_delivering,,,,260817_AAA_AEO-Purchase_ios_vid_Growme_US_7all_7d_joy,53,0.44,1.886792,0.0,,,,,,,,20.754717,,7,,
2025-12-01,2026-08-31,20260706_GrowMe_EN_9x16_FX-Professionals_ZT-Growth-1_RS-P1X1R3C3_czy,not_delivering,,,,260817_AAA_AEO-Purchase_ios_vid_Growme_US_4567_7d_joy,211,2.1,0.473934,0.0,,,,,,,,21.327014,3.0,11,,
2025-12-01,2026-08-31,20260706_GrowMe_EN_9x16_FX-Students_ZT-Learning-2_RS-P1X1R3C3_czy,not_delivering,,,,260817_AAA_AEO-Purchase_ios_vid_Growme_US_7all_7d_joy,341,3.54,0.0,,,,,,,,,17.888563,1.0,7,,
2025-12-01,2026-08-31,20260706_GrowMe_EN_9x16_FX-Men_ZT-SelfImprovement_RS-P1X1R3C3_czy,not_delivering,,,,260817_AAA_AEO-Purchase_ios_vid_Growme_US_7all_7d_joy,130,1.97,0.769231,0.0,,,,,,,,14.615385,,7,,
2025-12-01,2026-08-31,20260706_GrowMe_EN_9x16_FX-Professionals_ZT-Growth-1_RS-P1X1R3C3_czy,not_delivering,,,,260817_AAA_AEO-Purchase_ios_vid_Growme_US_7all_7d_joy,202,2.82,0.49505,0.0,,,,,,,,27.722772,2.0,11,,
2025-12-01,2026-08-31,20260706_GrowMe_EN_9x16_FX-Professionals_ZT-Growth-1_RS-P1X1R3C3_czy,not_delivering,,,,260817_AAA_AEO-Purchase_ios_vid_Growme_US_4567_7d_joy,435,5.49,2.068966,0.0,,,,,,,,21.37931,5.0,11,,
2025-12-01,2026-08-31,20260706_GrowMe_EN_9x16_FX-Professionals_ZT-Growth-1_RS-P1X1R3C3_czy,active,,,,260813_AAA_AEO-Purchase_ios_vid_Growme_US_cps10_7d_joy,9554,87.33,1.318819,0.2244898,22.0,3.969545,2.0,43.665,,,,19.740423,84.0,11,,
2025-12-01,2026-08-31,20260706_GrowMe_EN_9x16_FX-Professionals_ZT-Growth-1_RS-P1X1R3C3_czy,not_delivering,,,,260813_AAA_VO-Purchase_ios_vid_Growme_US_cps10_1d_joy,92,0.72,1.086957,,,,,,,,,15.217391,,5,,
2025-12-01,2026-08-31,20260706_GrowMe_EN_9x16_FX-Professionals_ZT-Finance_RS-P1X1R3C3_czy,not_delivering,,,,260714_ABO_AEO-Purchase_ios_vid_Growme_T2头部_0706_joy,0,0.0,0.0,,,,,,,,,,,00:00:00,,
2025-12-01,2026-08-31,20260706_GrowMe_EN_9x16_FX-Professionals_ZT-Growth_RS-P1X1R3C3_czy,not_delivering,,,,260714_ABO_AEO-Purchase_ios_vid_Growme_USUK_0706_joy,0,0.0,0.0,,,,,,,,,,,00:00:00,,
2025-12-01,2026-08-31,20260710_GrowMe_EN_9x16_01_FX-SelfGrowth_ZT-Learning-history_RS-P1X1R3C3_wxx,not_delivering,,,,260710_ABO_AEO-Purchase_ios_vid_Growme_WW_0706测试组2_joy,0,0.0,0.0,,,,,,,,,,,00:00:00,,
2025-12-01,2026-08-31,20260706_GrowMe_EN_9x16_FX-Students_ZT-Learning_RS-P1X1R3C3_czy - Copy,inactive,,,,growmme_260731_US_AAA_purchase_top_sie,0,0.0,0.0,,,,,,,,,,,00:00:00,,
2025-12-01,2026-08-31,20260706_GrowMe_EN_9x16_FX-Students_ZT-Learning-2_RS-P1X1R3C3_czy,not_delivering,,,,260731_ABO_AEO-Purchase_ios_vid_Growme_USUK_7all_7d_joy,0,0.0,0.0,,,,,,,,,,,00:00:00,,
2025-12-01,2026-08-31,20260706_GrowMe_EN_9x16_FX-EnglishLearners_ZT-Learning_RS-P1X1R3C3_czy,not_delivering,,,,260714_ABO_AEO-Purchase_ios_vid_Growme_USUK_0706_joy,0,0.0,0.0,,,,,,,,,,,00:00:00,,
2025-12-01,2026-08-31,20260706_GrowMe_EN_9x16_FX-EnglishLearners_ZT-Learning-water_RS-P3X1R1C3_fj - Copy,inactive,,,,growmme_260710_EU_AAA_purchase_top_sie,0,0.0,0.0,,,,,,,,,,,00:00:00,,
2025-12-01,2026-08-31,20260706_GrowMe_EN_9x16_FX-Men_ZT-SelfImprovement_RS-P1X1R3C3_czy,not_delivering,,,,260803_AAA_VO-Purchase_ios_vid_Growme_US_7all_1day_joy,0,0.0,0.0,,,,,,,,,,,00:00:00,,
2025-12-01,2026-08-31,20260706_GrowMe_EN_9x16_FX-SelfGrowth_ZT-EmotionalHealth_RS-P1X1R3C3_czy,not_delivering,,,,260714_ABO_AEO-Purchase_ios_vid_Growme_USUK_0706_joy,0,0.0,0.0,,,,,,,,,,,00:00:00,,
2025-12-01,2026-08-31,20260706_GrowMe_EN_9x16_FX-SelfGrowth_ZT-Habits_RS-P1X1R3C3_czy,not_delivering,,,,260714_ABO_AEO-Purchase_ios_vid_Growme_USUK_0706_joy,0,0.0,0.0,,,,,,,,,,,00:00:00,,
2025-12-01,2026-08-31,20260706_0_growme_EN_9x16_FX-EnglishLearners_ZT-Learning-niupizhi_LV1-hook4_RS-P1X1R3C1_gy,not_delivering,,,,260714_ABO_AEO-Purchase_ios_vid_Growme_T2头部_0706_joy,0,0.0,0.0,,,,,,,,,,,00:00:00,,
2025-12-01,2026-08-31,20260706_GrowMe_EN_9x16_FX-Professionals_ZT-Growth-1_RS-P1X1R3C3_czy - Copy,inactive,,,,growmme_260710_EU_AAA_purchase_top_sie,0,0.0,0.0,,,,,,,,,,,00:00:00,,
2025-12-01,2026-08-31,20260706_GrowMe_EN_9x16_FX-Introverts_ZT-Mindset_RS-P1X1R3C3_czy,not_delivering,,,,260714_ABO_AEO-Purchase_ios_vid_Growme_USUK_0706_joy,0,0.0,0.0,,,,,,,,,,,00:00:00,,
2025-12-01,2026-08-31,20260706_GrowMe_EN_9x16_FX-SelfGrowth_ZT-SocialSkills_RS-P1X1R3C3_czy,not_delivering,,,,260714_ABO_AEO-Purchase_ios_vid_Growme_USUK_0706_joy,0,0.0,0.0,,,,,,,,,,,00:00:00,,
2025-12-01,2026-08-31,20260708_GrowMe_EN_9x16_01_FX-EnglishLearners_ZT-Learning-slow2_RS-P1X1R3C3_wxx - Copy,inactive,,,,growmme_260731_US_AAA_purchase_top_sie,0,0.0,0.0,,,,,,,,,,,00:00:00,,
2025-12-01,2026-08-31,20260706_GrowMe_EN_9x16_FX-Students_ZT-Learning-1_RS-P1X1R3C3_czy - Copy,inactive,,,,growmme_260710_EU_AAA_purchase_top_sie,0,0.0,0.0,,,,,,,,,,,00:00:00,,
2025-12-01,2026-08-31,20260706_GrowMe_EN_9x16_FX-EnglishLearners_ZT-Learning-BackonTrack_RS-P3X1R1C3_fj - Copy,inactive,,,,growmme_260731_US_AAA_purchase_top_sie,0,0.0,0.0,,,,,,,,,,,00:00:00,,
2025-12-01,2026-08-31,20260706_GrowMe_EN_9x16_FX-SelfGrowth_ZT-Action_RS-P1X1R3C3_czy - Copy,inactive,,,,growmme_260731_US_AAA_purchase_top_sie,0,0.0,0.0,,,,,,,,,,,00:00:00,,
2025-12-01,2026-08-31,20260706_GrowMe_EN_9x16_FX-SelfGrowth_ZT-SocialSkills_RS-P1X1R3C3_czy,not_delivering,,,,260714_ABO_AEO-Purchase_ios_vid_Growme_T2头部_0706_joy,0,0.0,0.0,,,,,,,,,,,00:00:00,,
2025-12-01,2026-08-31,20260706_GrowMe_EN_9x16_FX-SelfGrowth_ZT-EmotionalHealth_RS-P1X1R3C3_czy,not_delivering,,,,260805_ABO_AEO-Purchase_ios_vid_Growme_T2头部_0706_joy,0,0.0,0.0,,,,,,,,,,,00:00:00,,
2025-12-01,2026-08-31,20260706_0_growme_EN_9x16_FX-EnglishLearners_ZT-Learning-niupizhi_LV1-hook9_RS-P1X1R3C1_gy,not_delivering,,,,260714_ABO_AEO-Purchase_ios_vid_Growme_USUK_0706_joy,0,0.0,0.0,,,,,,,,,,,00:00:00,,
2025-12-01,2026-08-31,20260710_GrowMe_EN_9x16_FX-EnglishLearners_ZT-Learning-love yourself_RS-P3X1R1C3_fj,not_delivering,,,,260710_ABO_AEO-Purchase_ios_vid_Growme_WW_0706测试组2_joy,0,0.0,0.0,,,,,,,,,,,00:00:00,,
2025-12-01,2026-08-31,20260710_growme_EN_9x16_FX-EnglishLearners_ZT-VP-english-1_RS-P1X1R3C3_wxx,not_delivering,,,,260710_ABO_AEO-Purchase_ios_vid_Growme_WW_0706测试组2_joy,0,0.0,0.0,,,,,,,,,,,00:00:00,,
2025-12-01,2026-08-31,20260706_GrowMe_EN_9x16_FX-Men_ZT-SelfImprovement_RS-P1X1R3C3_czy,not_delivering,,,,260714_ABO_AEO-Purchase_ios_vid_Growme_USUK_0706_joy,0,0.0,0.0,,,,,,,,,,,00:00:00,,
2025-12-01,2026-08-31,20260706_GrowMe_EN_9x16_FX-Professionals_ZT-Growth-1_RS-P1X1R3C3_czy,not_delivering,,,,260731_ABO_AEO-Purchase_ios_vid_Growme_USUK_7all_7d_joy,0,0.0,0.0,,,,,,,,,,,00:00:00,,
2025-12-01,2026-08-31,20260706_0_growme_EN_9x16_FX-EnglishLearners_ZT-Learning-niupizhi_LV1-hook5_RS-P1X1R3C1_gy,not_delivering,,,,260714_ABO_AEO-Purchase_ios_vid_Growme_USUK_0706_joy,0,0.0,0.0,,,,,,,,,,,00:00:00,,
2025-12-01,2026-08-31,20260706_GrowMe_EN_9x16_FX-Readers_ZT-Habits_RS-P1X1R3C3_czy,not_delivering,,,,260714_ABO_AEO-Purchase_ios_vid_Growme_USUK_0706_joy,0,0.0,0.0,,,,,,,,,,,00:00:00,,
2025-12-01,2026-08-31,20260706_GrowMe_EN_9x16_FX-Professionals_ZT-SelfImprovement_RS-P1X1R3C3_czy,not_delivering,,,,260714_ABO_AEO-Purchase_ios_vid_Growme_USUK_0706_joy,0,0.0,0.0,,,,,,,,,,,00:00:00,,
2025-12-01,2026-08-31,20260706_GrowMe_EN_9x16_FX-Students_ZT-Learning-2_RS-P1X1R3C3_czy,not_delivering,,,,260714_ABO_AEO-Purchase_ios_vid_Growme_USUK_0706_joy,0,0.0,0.0,,,,,,,,,,,00:00:00,,
2025-12-01,2026-08-31,20260706_GrowMe_EN_9x16_FX-EnglishLearners_ZT-Learning_RS-P1X1R3C3_czy - Copy,inactive,,,,growmme_260710_EU_AAA_purchase_top_sie,0,0.0,0.0,,,,,,,,,,,00:00:00,,
2025-12-01,2026-08-31,20260706_GrowMe_EN_9x16_FX-Overthinkers_ZT-Mindset_RS-P1X1R3C3_czy,not_delivering,,,,260714_ABO_AEO-Purchase_ios_vid_Growme_USUK_0706_joy,0,0.0,0.0,,,,,,,,,,,00:00:00,,
2025-12-01,2026-08-31,20260706_GrowMe_EN_9x16_FX-Introverts_ZT-Mindset_RS-P1X1R3C3_czy - Copy,inactive,,,,growmme_260731_US_AAA_purchase_top_sie,0,0.0,0.0,,,,,,,,,,,00:00:00,,
2025-12-01,2026-08-31,20260706_GrowMe_EN_9x16_FX-SelfGrowth_ZT-Action_RS-P1X1R3C3_czy - Copy,inactive,,,,growmme_260710_EU_AAA_purchase_top_sie,0,0.0,0.0,,,,,,,,,,,00:00:00,,
2025-12-01,2026-08-31,20260706_GrowMe_EN_9x16_FX-Professionals_ZT-SocialSkills_RS-P1X1R3C3_czy,not_delivering,,,,260714_ABO_AEO-Purchase_ios_vid_Growme_USUK_0706_joy,0,0.0,0.0,,,,,,,,,,,00:00:00,,
2025-12-01,2026-08-31,20260706_GrowMe_EN_9x16_FX-Readers_ZT-BookReading_RS-P1X1R3C3_czy,not_delivering,,,,260714_ABO_AEO-Purchase_ios_vid_Growme_USUK_0706_joy,0,0.0,0.0,,,,,,,,,,,00:00:00,,
2025-12-01,2026-08-31,20260706_GrowMe_EN_9x16_FX-Students_ZT-Learning-1_RS-P1X1R3C3_czy - Copy,inactive,,,,growmme_260731_US_AAA_purchase_top_sie,0,0.0,0.0,,,,,,,,,,,00:00:00,,
2025-12-01,2026-08-31,20260706_GrowMe_EN_9x16_FX-Introverts_ZT-Mindset_RS-P1X1R3C3_czy - Copy,inactive,,,,growmme_260731_US_AAA_purchase_top_sie,0,0.0,0.0,,,,,,,,,,,00:00:00,,
2025-12-01,2026-08-31,20260706_GrowMe_EN_9x16_FX-Men_ZT-SelfImprovement_RS-P1X1R3C3_czy,not_delivering,,,,260729_AAA_VO-Purchase_ios_vid_Growme_T2头部_7month_joy,0,0.0,0.0,,,,,,,,,,,00:00:00,,
2025-12-01,2026-08-31,20260710_growme_EN_9x16_FX-EnglishLearners_ZT-VP-english-4_RS-P1X1R3C3_wxx,not_delivering,,,,260710_ABO_AEO-Purchase_ios_vid_Growme_WW_0706测试组2_joy,0,0.0,0.0,,,,,,,,,,,00:00:00,,
2025-12-01,2026-08-31,20260708_GrowMe_EN_9x16_01_FX-EnglishLearners_ZT-Learning-slow2_RS-P1X1R3C3_wxx - Copy,inactive,,,,growmme_260710_EU_AAA_purchase_top_sie,0,0.0,0.0,,,,,,,,,,,00:00:00,,
2025-12-01,2026-08-31,20260706_GrowMe_EN_9x16_FX-Professionals_ZT-Growth-1_RS-P1X1R3C3_czy - Copy,inactive,,,,growmme_260731_US_AAA_purchase_top_sie,0,0.0,0.0,,,,,,,,,,,00:00:00,,
2025-12-01,2026-08-31,20260706_0_growme_EN_9x16_FX-EnglishLearners_ZT-Learning-niupizhi_LV1-hook1_RS-P1X1R3C1_gy,not_delivering,,,,260714_ABO_AEO-Purchase_ios_vid_Growme_USUK_0706_joy,0,0.0,0.0,,,,,,,,,,,00:00:00,,
2025-12-01,2026-08-31,20260706_GrowMe_EN_9x16_FX-EnglishLearners_ZT-Learning-water_RS-P3X1R1C3_fj - Copy,inactive,,,,growmme_260731_US_AAA_purchase_top_sie,0,0.0,0.0,,,,,,,,,,,00:00:00,,
2025-12-01,2026-08-31,20260710_GrowMe_EN_9x16_FX-Women_ZT-SelfGrowth-Learning_RS-P1X1R3C3_wxx,not_delivering,,,,260710_ABO_AEO-Purchase_ios_vid_Growme_WW_0706测试组2_joy,0,0.0,0.0,,,,,,,,,,,00:00:00,,
2025-12-01,2026-08-31,20260706_0_growme_EN_9x16_FX-EnglishLearners_ZT-Learning-niupizhi_LV1-hook4_RS-P1X1R3C1_gy,not_delivering,,,,260714_ABO_AEO-Purchase_ios_vid_Growme_USUK_0706_joy,0,0.0,0.0,,,,,,,,,,,00:00:00,,
2025-12-01,2026-08-31,20260706_GrowMe_EN_9x16_FX-SelfGrowth_ZT-EmotionalHealth_RS-P1X1R3C3_czy - Copy,not_delivering,,,,growmme_260720_WW_AAA_purchase_7day_tested_sie(ex: Indonesia),0,0.0,0.0,,,,,,,,,,,00:00:00,,
2025-12-01,2026-08-31,20260706_GrowMe_EN_9x16_FX-EnglishLearners_ZT-Learning-BackonTrack_RS-P3X1R1C3_fj - Copy,inactive,,,,growmme_260710_EU_AAA_purchase_top_sie,0,0.0,0.0,,,,,,,,,,,00:00:00,,
2025-12-01,2026-08-31,20260706_GrowMe_EN_9x16_FX-Professionals_ZT-Growth-1_RS-P1X1R3C3_czy,not_delivering,,,,260806_AAA_AEO-Purchase_ios_vid_Growme_USUK_extop_7d_joy,0,0.0,0.0,,,,,,,,,,,00:00:00,,
2025-12-01,2026-08-31,20260706_GrowMe_EN_9x16_FX-Introverts_ZT-Mindset_RS-P1X1R3C3_czy - Copy,inactive,,,,growmme_260710_EU_AAA_purchase_top_sie,0,0.0,0.0,,,,,,,,,,,00:00:00,,
2025-12-01,2026-08-31,20260706_GrowMe_EN_9x16_FX-Students_ZT-Learning_RS-P1X1R3C3_czy - Copy,inactive,,,,growmme_260710_EU_AAA_purchase_top_sie,0,0.0,0.0,,,,,,,,,,,00:00:00,,
2025-12-01,2026-08-31,20260706_GrowMe_EN_9x16_FX-Students_ZT-Learning-2_RS-P1X1R3C3_czy,not_delivering,,,,260729_AAA_VO-Purchase_ios_vid_Growme_T2头部_7month_joy,0,0.0,0.0,,,,,,,,,,,00:00:00,,
2025-12-01,2026-08-31,20260706_GrowMe_EN_9x16_FX-Readers_ZT-BookReading-1_RS-P1X1R3C3_czy,not_delivering,,,,260714_ABO_AEO-Purchase_ios_vid_Growme_USUK_0706_joy,0,0.0,0.0,,,,,,,,,,,00:00:00,,
2025-12-01,2026-08-31,20260706_GrowMe_EN_9x16_FX-Men_ZT-SelfImprovement_RS-P1X1R3C3_czy,not_delivering,,,,260723_AAA_VO-Purchase_ios_vid_Growme_USUK_7月_joy,0,0.0,0.0,,,,,,,,,,,00:00:00,,
2025-12-01,2026-08-31,20260706_GrowMe_EN_9x16_FX-SelfGrowth_ZT-EmotionalHealth_RS-P1X1R3C3_czy,not_delivering,,,,260727_AAA_AEO-Purchase_ios_vid_Growme_墨巴_7月出单_joy,0,0.0,0.0,,,,,,,,,,,00:00:00,,
2025-12-01,2026-08-31,20260710_GrowMe_EN_9x16_FX-EnglishLearners_ZT-Learning-thatgirl_RS-P3X1R1C3_fj,not_delivering,,,,260710_ABO_AEO-Purchase_ios_vid_Growme_WW_0706测试组2_joy,0,0.0,0.0,,,,,,,,,,,00:00:00,,
2025-12-01,2026-08-31,20260706_GrowMe_EN_9x16_FX-SelfGrowth_ZT-EmotionalHealth_RS-P1X1R3C3_czy,not_delivering,,,,260714_ABO_AEO-Purchase_ios_vid_Growme_T2头部_0706_joy,0,0.0,0.0,,,,,,,,,,,00:00:00,,
2025-12-01,2026-08-31,20260706_GrowMe_EN_9x16_FX-Professionals_ZT-Growth-1_RS-P1X1R3C3_czy,not_delivering,,,,260724_ABO_AEO-Purchase_ios_vid_Growme_WW_T2_joy,0,0.0,0.0,,,,,,,,,,,00:00:00,,
2025-12-01,2026-08-31,20260706_GrowMe_EN_9x16_FX-EnglishLearners_ZT-Learning_RS-P1X1R3C3_czy - Copy,inactive,,,,growmme_260731_US_AAA_purchase_top_sie,0,0.0,0.0,,,,,,,,,,,00:00:00,,
2025-12-01,2026-08-31,20260706_GrowMe_EN_9x16_FX-Introverts_ZT-Mindset_RS-P1X1R3C3_czy - Copy,inactive,,,,growmme_260710_EU_AAA_purchase_top_sie,0,0.0,0.0,,,,,,,,,,,00:00:00,,
2025-12-01,2026-08-31,20260710_GrowMe_EN_9x16_FX-EnglishLearners_ZT-Learning-that girl_RS-P3X1R1C3_LV1-background_fj,not_delivering,,,,260710_ABO_AEO-Purchase_ios_vid_Growme_WW_0706测试组2_joy,0,0.0,0.0,,,,,,,,,,,00:00:00,,
2025-12-01,2026-08-31,20260710_GrowMe_EN_9x16_FX-EnglishLearners_ZT-Learning-train_RS-P3X1R1C3_fj,not_delivering,,,,260710_ABO_AEO-Purchase_ios_vid_Growme_WW_0706测试组2_joy,0,0.0,0.0,,,,,,,,,,,00:00:00,,
2025-12-01,2026-08-31,20260706_GrowMe_EN_9x16_FX-Men_ZT-SelfImprovement_RS-P1X1R3C3_czy,not_delivering,,,,260731_ABO_AEO-Purchase_ios_vid_Growme_USUK_7all_7d_joy,0,0.0,0.0,,,,,,,,,,,00:00:00,,
