报告开始日期,报告结束日期,广告名称,广告投放,成效,成效指标,单次成效费用,广告组名称,展示次数,"CPM（千次展示费用） (USD)","已花费金额 (USD)",应用安装量,"单次应用安装费用 (USD)",订阅次数,"单次订阅费用 (USD)",购物次数,"单次购物费用 (USD)","广告花费回报 (ROAS) - 购物",点击率（全部）,custom_derived_metrics:334261784830934,"单次展示的播放视频达 3 秒率","视频播放进度达 100% 的次数",结果（初始）,成效（初始）指标
2026-06-01,2026-06-29,20251226_growme_EN_9x16_FX-test_ZT-forgive_RS-P1X1R3C1_gy,not_delivering,,,,260413_AAA_AEO-Purchase_ios_vid_Growme_WW_1222week_字幕式_joy,0,0,0,,,,,,,,0,,,,,
2026-06-01,2026-06-29,20251223_growme_EN_9x16_FX-book_ZT-speak_RS-P1X1R3C3_wxx,not_delivering,,,,260413_AAA_AEO-Purchase_ios_vid_Growme_WW_1222week_字幕式_joy,6866,1.203029,8.26,13,0.635385,2,4.13,,,,1.645791,0.22413793,19.560151,191,,
2026-06-01,2026-06-29,20251226_growme_EN_9x16_FX-test_ZT-read_RS-P1X1R3C1_gy,not_delivering,10,actions:app_custom_event.fb_mobile_purchase,34.112,260413_AAA_AEO-Purchase_ios_vid_Growme_WW_1222week_字幕式_joy,278811,1.223481,341.12,512,0.66625,26,13.12,10,34.112,0.55567,1.469454,0.33974784,16.840082,5825,,
2026-06-01,2026-06-29,20251226_growme_EN_9x16_FX-test_ZT-read_RS-P1X1R3C1_gy,not_delivering,,,,260416_AAA_AEO-Purchase_ios_vid_Growme_taiwan_黑色英语字幕激励_joy,0,0,0,,,,,,,,0,,,,,
2026-06-01,2026-06-29,20251226_growme_EN_9x16_FX-test_ZT-read_RS-P1X1R3C1_gy,not_delivering,30,actions:app_custom_event.fb_mobile_purchase,27.59566667,260416_AAA_AEO-Purchase_ios_vid_Growme_malaphl_黑色英语字幕激励_joy,888464,0.931799,827.87,815,1.015791,50,16.5574,30,27.595667,0.639907,0.905158,0.18645619,17.261363,16665,,
2026-06-01,2026-06-29,20260415_growme_VI_9x16_FX-test_ZT-passage_RS-P1X1R3C3_wxx,inactive,,,,260422_AAA_AEO-Purchase_ios_vid_Growme_vietnam_0413week_joy,0,0,0,,,,,,,,0,,,,,
2026-06-01,2026-06-29,20260415_growme_VI_9x16_FX-test_ZT-learn_RS-P1X1R3C1_gy,inactive,,,,260422_AAA_AEO-Purchase_ios_vid_Growme_vietnam_0413week_joy,0,0,0,,,,,,,,0,,,,,
2026-06-01,2026-06-29,"20260415_GrowMe_VI_9x16_FX-test_ZT- d1_RS-P3X1R1C3_fj",inactive,,,,260422_AAA_AEO-Purchase_ios_vid_Growme_vietnam_0413week_joy,0,0,0,,,,,,,,0,,,,,
2026-06-01,2026-06-29,20260416_growme_VI_9x16_FX-test_ZT-jitang_RS-P1X1R3C3_wxx,inactive,,,,260422_AAA_AEO-Purchase_ios_vid_Growme_vietnam_0413week_joy,0,0,0,,,,,,,,0,,,,,
2026-06-01,2026-06-29,20260416_growme_VI_9x16_FX-test_ZT-read_RS-P1X1R3C1_gy,inactive,,,,260422_AAA_AEO-Purchase_ios_vid_Growme_vietnam_0413week_joy,0,0,0,,,,,,,,0,,,,,
2026-06-01,2026-06-29,20260417_growme_VI_9x16_FX-test_ZT-read1_RS-P1X1R3C1_gy,inactive,,,,260422_AAA_AEO-Purchase_ios_vid_Growme_vietnam_0413week_joy,0,0,0,,,,,,,,0,,,,,
2026-06-01,2026-06-29,20260417_growme_VI_9x16_FX-study-3_ZT-study_RS-P1X1R3C1_ST_RMG-3075,inactive,,,,260422_AAA_AEO-Purchase_ios_vid_Growme_vietnam_0413week_joy,0,0,0,,,,,,,,0,,,,,
2026-06-01,2026-06-29,20251226_growme_EN_9x16_FX-test_ZT-read_RS-P1X1R3C1_gy,not_delivering,,,,260423_AAA_AEO-Purchase_ios_vid_Growme_mexicobrazil_黑色英语字幕激励_joy,0,0,0,,,,,,,,0,,,,,
2026-06-01,2026-06-29,20251226_growme_EN_9x16_FX-test_ZT-read_RS-P1X1R3C1_gy,not_delivering,,,,260423_AAA_AEO-Purchase_ios_vid_Growme_malaphl_黑色英语字幕激励_joy,0,0,0,,,,,,,,0,,,,,
2026-06-01,2026-06-29,20251226_growme_EN_9x16_FX-test_ZT-read_RS-P1X1R3C1_gy,not_delivering,,,,260423_AAA_AEO-Purchase_ios_vid_Growme_taiwan_黑色英语字幕激励_joy,0,0,0,,,,,,,,0,,,,,
2026-06-01,2026-06-29,20251226_growme_EN_9x16_FX-test_ZT-read_RS-P1X1R3C1_gy,not_delivering,,,,260423_AAA_AEO-Purchase_ios_vid_Growme_thai_黑色英语字幕激励_joy,0,0,0,,,,,,,,0,,,,,
2026-06-01,2026-06-29,20260402_growme_TR_9x16_FX-test_ZT-read2_RS-P1X1R3C1_gy,not_delivering,,,,260413_AAA_AEO-Purchase_ios_vid_Growme_turkey_0330week1_joy,0,0,0,,,,,,,,0,,,,,
2026-06-01,2026-06-29,20260414_growme_TR_9x16_FX-test_ZT-read_RS-P1X1R3C1_gy,not_delivering,,,,260422_AAA_AEO-Purchase_ios_vid_Growme_turkey_0413week_joy,0,0,0,,,,,,,,0,,,,,
2026-06-01,2026-06-29,20260402_growme_TR_9x16_FX-test_ZT-read_RS-P1X1R3C1_gy,inactive,,,,260413_AAA_AEO-Purchase_ios_vid_Growme_turkey_0330week1_joy,0,0,0,,,,,,,,0,,,,,
2026-06-01,2026-06-29,20260402_growme_TR_9x16_FX-test_ZT-speak_RS-P1X1R3C3_wxx,not_delivering,,,,260413_AAA_AEO-Purchase_ios_vid_Growme_turkey_0330week1_joy,0,0,0,,,,,,,,0,,,,,
2026-06-01,2026-06-29,20260402_growme_TR_9x16_FX-test_ZT-change_RS-P1X1R3C1_gy.video,not_delivering,,,,260413_AAA_AEO-Purchase_ios_vid_Growme_turkey_0330week1_joy,0,0,0,,,,,,,,0,,,,,
2026-06-01,2026-06-29,20260402_growme_TR_9x16_FX-test_ZT-life_RS-P1X1R3C3_wxx,not_delivering,,,,260413_AAA_AEO-Purchase_ios_vid_Growme_turkey_0330week1_joy,0,0,0,,,,,,,,0,,,,,
2026-06-01,2026-06-29,"20260402_GrowMe_TR_9x16_FX-test_ZT- pride_RS-P3X1R1C3_fj",not_delivering,,,,260413_AAA_AEO-Purchase_ios_vid_Growme_turkey_0330week1_joy,0,0,0,,,,,,,,0,,,,,
2026-06-01,2026-06-29,"20260413_GrowMe_TR_9x16_FX-test_ZT- travel_RS-P3X1R1C3_fj",inactive,,,,260422_AAA_AEO-Purchase_ios_vid_Growme_turkey_0413week_joy,0,0,0,,,,,,,,0,,,,,
2026-06-01,2026-06-29,"20260414_GrowMe_TR_9x16_FX-test_ZT- listening_RS-P3X1R1C3_fj",inactive,,,,260422_AAA_AEO-Purchase_ios_vid_Growme_turkey_0413week_joy,0,0,0,,,,,,,,0,,,,,
2026-06-01,2026-06-29,20260331_growme_TR_9x16_FX-test_ZT-AI_RS-P1X1R3C3_wxx,inactive,,,,260331_AAA_AEO-Purchase_ios_vid_Growme_turkey_0330week2_joy,0,0,0,,,,,,,,0,,,,,
2026-06-01,2026-06-29,20260330_growme_TR_9x16_FX-test_ZT-pencil_RS-P1X1R3C3_wxx,not_delivering,,,,260331_AAA_AEO-Purchase_ios_vid_Growme_turkey_0330week2_joy,0,0,0,,,,,,,,0,,,,,
2026-06-01,2026-06-29,20260325_growme_TR_9x16_FX-test_ZT-english1_RS-P1X1R3C3_wxx,not_delivering,,,,260413_AAA_AEO-Purchase_ios_vid_Growme_turkey_0323week_joy,0,0,0,,,,,,,,0,,,,,
2026-06-01,2026-06-29,"20260407_growme_VI _9x16_FX-test_ZT-read2_RS-P1X1R3C1_gy",not_delivering,24,actions:app_custom_event.fb_mobile_purchase,25.13541667,260421_AAA_AEO-Purchase_ios_vid_Growme_vietnam_0406week_joy,469257,1.285543,603.25,907,0.665105,45,13.405556,24,25.135417,0.597464,1.035254,0.23061276,15.910045,5431,,
2026-06-01,2026-06-29,20260415_growme_VI_9x16_FX-test_ZT-learn_RS-P1X1R3C1_gy,not_delivering,,,,260422_AAA_AEO-Purchase_ios_vid_Growme_vietnam_0413week_joy,153,1.568627,0.24,,,,,,,,4.575163,0,26.797386,2,,
2026-06-01,2026-06-29,20260410_growme_VI_9x16_FX-test_ZT-challenge_RS-P1X1R3C1_gy,not_delivering,,,,260421_AAA_AEO-Purchase_ios_vid_Growme_vietnam_0406week_joy,1125,1.751111,1.97,2,0.985,,,,,,2.666667,0.0625,22.133333,19,,
2026-06-01,2026-06-29,20260410_growme_VI_9x16_FX-test_ZT-challenge_RS-P1X1R3C1_gy,not_delivering,,,,260423_AAA_AEO-Purchase_ios_vid_Growme_越南素材打包_joy,4554,1.343874,6.12,2,3.06,,,,,,0.768555,0.1,15.283267,19,,
2026-06-01,2026-06-29,20260408_growme_VI_9x16_FX-test_ZT-jili_RS-P1X1R3C3_wxx,not_delivering,,,,260421_AAA_AEO-Purchase_ios_vid_Growme_vietnam_0406week_joy,94,2.87234,0.27,,,,,,,,3.191489,0,22.340426,4,,
2026-06-01,2026-06-29,"20260415_GrowMe_VI_9x16_FX-test_ZT- d1_RS-P3X1R1C3_fj",not_delivering,8,actions:app_custom_event.fb_mobile_purchase,26.1875,260422_AAA_AEO-Purchase_ios_vid_Growme_vietnam_0413week_joy,139475,1.502061,209.5,243,0.86214,14,14.964286,8,26.1875,0.668258,1.564438,0.12211055,21.642588,2055,,
2026-06-01,2026-06-29,20260415_growme_VI_9x16_FX-test_ZT-passage_RS-P1X1R3C3_wxx,not_delivering,,,,260422_AAA_AEO-Purchase_ios_vid_Growme_vietnam_0413week_joy,315,1.777778,0.56,,,,,,,,1.269841,0,26.349206,5,,
2026-06-01,2026-06-29,20260417_growme_VI_9x16_FX-study-3_ZT-study_RS-P1X1R3C1_ST_RMG-3075,not_delivering,,,,260422_AAA_AEO-Purchase_ios_vid_Growme_vietnam_0413week_joy,1219,2.083675,2.54,,,,,,,,0.574241,0,17.145201,9,,
2026-06-01,2026-06-29,20260416_growme_VI_9x16_FX-test_ZT-jingpin_RS-P1X1R3C3_wxx,not_delivering,,,,260422_AAA_AEO-Purchase_ios_vid_Growme_vietnam_0413week_joy,167,1.317365,0.22,,,,,,,,7.784431,0,28.742515,2,,
2026-06-01,2026-06-29,20260401_growme_VI_9x16_FX-test_ZT-create_RS-P1X1R3C3_wxx,not_delivering,,,,260423_AAA_AEO-Purchase_ios_vid_Growme_越南素材打包_joy,58,1.37931,0.08,,,,,,,,1.724138,0,6.896552,,,
2026-06-01,2026-06-29,"20260407_growme_VI _9x16_FX-test_ZT-read2_RS-P1X1R3C1_gy",not_delivering,,,,260423_AAA_AEO-Purchase_ios_vid_Growme_越南素材打包_joy,67,1.19403,0.08,,,,,,,,2.985075,0,8.955224,,,
2026-06-01,2026-06-29,20260429_growme_VI_9x16_FX-test_ZT-view_RS-P1X1R3C1_gy,not_delivering,,,,260429_AAA_AEO-Purchase_ios_vid_Growme_vietnam_joy,0,0,0,,,,,,,,0,,,,,
2026-06-01,2026-06-29,20260429_growme_VI_9x16_FX-test_ZT-slowenglish_RS-P1X1R3C3_wxx,not_delivering,,,,260429_AAA_AEO-Purchase_ios_vid_Growme_vietnam_joy,0,0,0,,,,,,,,0,,,,,
2026-06-01,2026-06-29,20260427_growme_VI_9x16_FX-test_ZT-slow-english_RS-P1X1R3C3_wxx,not_delivering,,,,260429_AAA_AEO-Purchase_ios_vid_Growme_vietnam_joy,0,0,0,,,,,,,,0,,,,,
2026-06-01,2026-06-29,20260429_growme_VI_9x16_FX-test_ZT-read_RS-P1X1R3C1_gy,not_delivering,,,,260429_AAA_AEO-Purchase_ios_vid_Growme_vietnam_joy,0,0,0,,,,,,,,0,,,,,
2026-06-01,2026-06-29,20260429_GrowMe_VI_9x16_FX-test_ZT-fly_RS-P3X1R1C3_fj,not_delivering,,,,260429_AAA_AEO-Purchase_ios_vid_Growme_vietnam_joy,0,0,0,,,,,,,,0,,,,,
2026-06-01,2026-06-29,20260429_GrowMe_VI_9x16_FX-test_ZT-present_RS-P3X1R1C3_fj,not_delivering,,,,260429_AAA_AEO-Purchase_ios_vid_Growme_vietnam_joy,0,0,0,,,,,,,,0,,,,,
2026-06-01,2026-06-29,20260429_GrowMe_FIL_9x16_FX-test_ZT-present_RS-P3X1R1C3_fj,not_delivering,,,,260429_AAA_AEO-Purchase_ios_vid_Growme_fil_joy,0,0,0,,,,,,,,0,,,,,
2026-06-01,2026-06-29,20260429_growme_FIL_9x16_FX-test_ZT-slowenglish_RS-P1X1R3C3_wxx,not_delivering,,,,260429_AAA_AEO-Purchase_ios_vid_Growme_fil_joy,0,0,0,,,,,,,,0,,,,,
2026-06-01,2026-06-29,20260429_GrowMe_Fil_9x16_FX-test_ZT-fly_RS-P3X1R1C3_fj,not_delivering,,,,260429_AAA_AEO-Purchase_ios_vid_Growme_fil_joy,0,0,0,,,,,,,,0,,,,,
2026-06-01,2026-06-29,20260429_growme_Fil_9x16_FX-test_ZT-book_RS-P1X1R3C1_gy,not_delivering,,,,260429_AAA_AEO-Purchase_ios_vid_Growme_fil_joy,0,0,0,,,,,,,,0,,,,,
2026-06-01,2026-06-29,20260429_growme_Fil_9x16_FX-test_ZT-read_RS-P1X1R3C1_gy,not_delivering,,,,260429_AAA_AEO-Purchase_ios_vid_Growme_fil_joy,0,0,0,,,,,,,,0,,,,,
2026-06-01,2026-06-29,20260427_growme_FIL_9x16_FX-test_ZT-slow-english_RS-P1X1R3C3_wxx,not_delivering,,,,260429_AAA_AEO-Purchase_ios_vid_Growme_fil_joy,0,0,0,,,,,,,,0,,,,,
2026-06-01,2026-06-29,20260429_GrowMe_EN_9x16_FX-test_ZT-freetime_RS-P3X1R1C3_fj,not_delivering,,,,260429_AAA_AEO-Purchase_ios_vid_Growme_WW_0427week_joy,0,0,0,,,,,,,,0,,,,,
2026-06-01,2026-06-29,20260428_growme_EN_9x16_FX-test_ZT-listen_RS-P1X1R3C3_wxx,not_delivering,,,,260429_AAA_AEO-Purchase_ios_vid_Growme_WW_0427week_joy,0,0,0,,,,,,,,0,,,,,
2026-06-01,2026-06-29,20260429_growme_EN_9x16_01_FX-test_ZT-slowenglish_RS-P1X1R3C3_wxx,not_delivering,,,,260429_AAA_AEO-Purchase_ios_vid_Growme_WW_0427week_joy,0,0,0,,,,,,,,0,,,,,
2026-06-01,2026-06-29,20260429_GrowMe_EN_9x16_FX-test_ZT-present_RS-P3X1R1C3_fj,not_delivering,,,,260429_AAA_AEO-Purchase_ios_vid_Growme_WW_0427week_joy,0,0,0,,,,,,,,0,,,,,
2026-06-01,2026-06-29,20260427_growme_EN_9x16_FX-test_ZT-listen_RS-P1X1R3C3_wxx,not_delivering,,,,260429_AAA_AEO-Purchase_ios_vid_Growme_WW_0427week_joy,0,0,0,,,,,,,,0,,,,,
2026-06-01,2026-06-29,20260429_GrowMe_EN_9x16_FX-test_ZT-fly_RS-P3X1R1C3_fj,not_delivering,,,,260429_AAA_AEO-Purchase_ios_vid_Growme_WW_0427week_joy,0,0,0,,,,,,,,0,,,,,
2026-06-01,2026-06-29,20260428_growme_EN_9x16_FX-test_ZT-okay_RS-P1X1R3C1_gy,not_delivering,,,,260429_AAA_AEO-Purchase_ios_vid_Growme_WW_0427week_joy,0,0,0,,,,,,,,0,,,,,
2026-06-01,2026-06-29,20260427_GrowMe_EN_9x16_FX-test_ZT-easyenglish_RS-P3X1R1C3_fj,not_delivering,,,,260429_AAA_AEO-Purchase_ios_vid_Growme_WW_0427week_joy,0,0,0,,,,,,,,0,,,,,
2026-06-01,2026-06-29,20260427_growme_EN_9x16_FX-test_ZT-read_RS-P1X1R3C1_gy,not_delivering,,,,260429_AAA_AEO-Purchase_ios_vid_Growme_WW_0427week_joy,0,0,0,,,,,,,,0,,,,,
2026-06-01,2026-06-29,20260416_growme_VI_9x16_FX-test_ZT-jingpin_RS-P1X1R3C3_wxx,inactive,,,,260422_AAA_AEO-Purchase_ios_vid_Growme_vietnam_0413week_joy,0,0,0,,,,,,,,0,,,,,
2026-06-01,2026-06-29,"20260402_GrowMe_TR_9x16_FX-test_ZT- voice_RS-P3X1R1C3_fj",not_delivering,,,,260413_AAA_AEO-Purchase_ios_vid_Growme_turkey_0330week1_joy,0,0,0,,,,,,,,0,,,,,
2026-06-01,2026-06-29,"20260403_GrowMe_TR_9x16_FX-test_ZT- today_RS-P3X1R1C3_fj",inactive,,,,260413_AAA_AEO-Purchase_ios_vid_Growme_turkey_0330week1_joy,0,0,0,,,,,,,,0,,,,,
2026-06-01,2026-06-29,20260402_growme_TR_9x16_FX-test_ZT-women2_RS-P1X1R3C3_wxx,not_delivering,,,,260413_AAA_AEO-Purchase_ios_vid_Growme_turkey_0330week1_joy,0,0,0,,,,,,,,0,,,,,
2026-06-01,2026-06-29,20260414_growme_TR_9x16_FX-test_ZT-slowenglish_RS-P1X1R3C3_wxx,not_delivering,,,,260422_AAA_AEO-Purchase_ios_vid_Growme_turkey_0413week_joy,0,0,0,,,,,,,,0,,,,,
2026-06-01,2026-06-29,20260402_growme_TR_9x16_FX-test_ZT-women_RS-P1X1R3C3_wxx,not_delivering,,,,260413_AAA_AEO-Purchase_ios_vid_Growme_turkey_0330week1_joy,0,0,0,,,,,,,,0,,,,,
2026-06-01,2026-06-29,20260414_growme_TR_9x16_FX-test_ZT-red_RS-P1X1R3C3_wxx,inactive,,,,260422_AAA_AEO-Purchase_ios_vid_Growme_turkey_0413week_joy,0,0,0,,,,,,,,0,,,,,
2026-06-01,2026-06-29,20260325_growme_TR_9x16_FX-test_ZT-english2_RS-P1X1R3C3_wxx,not_delivering,,,,260413_AAA_AEO-Purchase_ios_vid_Growme_turkey_0323week_joy,0,0,0,,,,,,,,0,,,,,
2026-06-01,2026-06-29,20260417_growme_VI_9x16_FX-test_ZT-read1_RS-P1X1R3C1_gy,not_delivering,,,,260422_AAA_AEO-Purchase_ios_vid_Growme_vietnam_0413week_joy,68,2.5,0.17,,,,,,,,8.823529,0,39.705882,4,,
2026-06-01,2026-06-29,20260427_GrowMe_EN_9x16_FX-test_ZT-Novel-asmr_RS-P3X1R1C3_fj,not_delivering,,,,260429_AAA_AEO-Purchase_ios_vid_Growme_WW_0427week_joy,0,0,0,,,,,,,,0,,,,,
2026-06-01,2026-06-29,20260429_growme_EN_9x16_FX-test_ZT-read_RS-P1X1R3C1_gy,not_delivering,,,,260429_AAA_AEO-Purchase_ios_vid_Growme_WW_0427week_joy,0,0,0,,,,,,,,0,,,,,
2026-06-01,2026-06-29,20260429_growme_EN_9x16_01_FX-test_ZT-english_RS-P1X1R3C3_wxx,not_delivering,,,,260429_AAA_AEO-Purchase_ios_vid_Growme_WW_0427week_joy,0,0,0,,,,,,,,0,,,,,
2026-06-01,2026-06-29,20260331_growme_TR_9x16_FX-test_ZT-AIlunbo_RS-P1X1R3C3_wxx,not_delivering,,,,260413_AAA_AEO-Purchase_ios_vid_Growme_turkey_0330week1_joy,0,0,0,,,,,,,,0,,,,,
2026-06-01,2026-06-29,20260403_growme_TR_9x16_FX-test_ZT-read2_RS-P1X1R3C1_gy,not_delivering,,,,260413_AAA_AEO-Purchase_ios_vid_Growme_turkey_0330week1_joy,0,0,0,,,,,,,,0,,,,,
2026-06-01,2026-06-29,20260331_growme_TR_9x16_FX-test_ZT-girl_RS-P1X1R3C3_wxx,not_delivering,,,,260413_AAA_AEO-Purchase_ios_vid_Growme_turkey_0330week1_joy,0,0,0,,,,,,,,0,,,,,
2026-06-01,2026-06-29,20260416_growme_VI_9x16_FX-test_ZT-read_RS-P1X1R3C1_gy,not_delivering,,,,260422_AAA_AEO-Purchase_ios_vid_Growme_vietnam_0413week_joy,4,2.5,0.01,,,,,,,,0,,,,,
2026-06-01,2026-06-29,20260416_growme_VI_9x16_FX-test_ZT-jitang_RS-P1X1R3C3_wxx,not_delivering,,,,260422_AAA_AEO-Purchase_ios_vid_Growme_vietnam_0413week_joy,26,4.230769,0.11,,,,,,,,0,,7.692308,1,,
2026-06-01,2026-06-29,20260407_growme_VI_9x16_FX-test_ZT-purple_RS-P1X1R3C3_wxx,not_delivering,,,,260421_AAA_AEO-Purchase_ios_vid_Growme_vietnam_0406week_joy,140,1.5,0.21,,,,,,,,5,0,32.857143,8,,
2026-06-01,2026-06-29,20260408_growme_VI_9x16_FX-test_ZT-singsong_RS-P1X1R3C3_wxx,not_delivering,,,,260421_AAA_AEO-Purchase_ios_vid_Growme_vietnam_0406week_joy,7,2.857143,0.02,,,,,,,,14.285714,0,28.571429,,,
2026-06-01,2026-06-29,20260407_GrowMe_VI_01_9x16_FX-test_ZT-d1_RS-P3X1R1C3_fj,not_delivering,,,,260421_AAA_AEO-Purchase_ios_vid_Growme_vietnam_0406week_joy,132,1.969697,0.26,,,,,,,,4.545455,0,21.212121,3,,
2026-06-01,2026-06-29,20260415_growme_VI_9x16_FX-test_ZT-learn_RS-P1X1R3C1_gy,not_delivering,,,,260423_AAA_AEO-Purchase_ios_vid_Growme_越南素材打包_joy,24,1.666667,0.04,,,,,,,,8.333333,0,20.833333,,,
2026-06-01,2026-06-29,20260427_growme_VI_9x16_FX-test_ZT-read_RS-P1X1R3C1_gy,not_delivering,,,,260429_AAA_AEO-Purchase_ios_vid_Growme_vietnam_joy,0,0,0,,,,,,,,0,,,,,
2026-06-01,2026-06-29,20260429_growme_VI_9x16_FX-test_ZT-book_RS-P1X1R3C1_gy,not_delivering,,,,260429_AAA_AEO-Purchase_ios_vid_Growme_vietnam_joy,0,0,0,,,,,,,,0,,,,,
2026-06-01,2026-06-29,20260429_growme_EN_9x16_FX-test_ZT-view_RS-P1X1R3C1_gy,not_delivering,,,,260429_AAA_AEO-Purchase_ios_vid_Growme_WW_0427week_joy,0,0,0,,,,,,,,0,,,,,
2026-06-01,2026-06-29,20260401_growme_TR_9x16_FX-test_ZT-listen_RS-P1X1R3C3_wxx,not_delivering,,,,260413_AAA_AEO-Purchase_ios_vid_Growme_turkey_0330week1_joy,0,0,0,,,,,,,,0,,,,,
2026-06-01,2026-06-29,20260417_growme_VI_9x16_FX-test_ZT-read1_RS-P1X1R3C1_gy,not_delivering,,,,260423_AAA_AEO-Purchase_ios_vid_Growme_越南素材打包_joy,3,10,0.03,,,,,,,,0,,,,,
2026-06-01,2026-06-29,20260401_growme_VI_9x16_FX-test_ZT-pencil_RS-P1X1R3C3_wxx,not_delivering,,,,260423_AAA_AEO-Purchase_ios_vid_Growme_越南素材打包_joy,1,20,0.02,,,,,,,,0,,100,,,
2026-06-01,2026-06-29,20260409_growme_VI_9x16_FX-test_ZT-english_RS-P1X1R3C3_wxx,not_delivering,,,,260421_AAA_AEO-Purchase_ios_vid_Growme_vietnam_0406week_joy,2473,2.001617,4.95,4,1.2375,,,,,,1.334412,0.12121212,18.034776,63,,
2026-06-01,2026-06-29,20260422_growme_EN_9x16_FX-test_ZT-B1_RS-P1X1R3C3_wxx,not_delivering,,,,260507_AAA_AEO-Purchase_ios_vid_Growme_T1_0420week_joy,0,0,0,,,,,,,,0,,,,,
2026-06-01,2026-06-29,20251223_growme_EN_9x16_FX-book_ZT-speak_RS-P1X1R3C3_wxx,not_delivering,,,,260507_AAA_AEO-Purchase_ios_vid_Growme_t1_1222week_字幕式_joy,0,0,0,,,,,,,,0,,,,,
2026-06-01,2026-06-29,20260420_growme_EN_9x16_FX-test_ZT-slow-english_RS-P1X1R3C3_wxx,not_delivering,,,,260507_AAA_AEO-Purchase_ios_vid_Growme_T1_0420week_joy,0,0,0,,,,,,,,0,,,,,
2026-06-01,2026-06-29,20251226_growme_EN_9x16_FX-test_ZT-read_RS-P1X1R3C1_gy,not_delivering,,,,260507_AAA_AEO-Purchase_ios_vid_Growme_t1_1222week_字幕式_joy,0,0,0,,,,,,,,0,,,,,
2026-06-01,2026-06-29,"20260421_growme_EN_9x16_FX-test_ZT- B1_RS-P1X1R3C3_wxx",not_delivering,,,,260507_AAA_AEO-Purchase_ios_vid_Growme_T1_0420week_joy,0,0,0,,,,,,,,0,,,,,
2026-06-01,2026-06-29,20260422_growme_EN_9x16_FX-test_ZT-read_RS-P1X1R3C1_gy,not_delivering,,,,260507_AAA_AEO-Purchase_ios_vid_Growme_T1_0420week_joy,0,0,0,,,,,,,,0,,,,,
2026-06-01,2026-06-29,20260420_growme_EN_9x16_FX-test_ZT-book2_RS-P1X1R3C1_gy,not_delivering,,,,260507_AAA_AEO-Purchase_ios_vid_Growme_T1_0420week_joy,0,0,0,,,,,,,,0,,,,,
2026-06-01,2026-06-29,20260420_GrowMe_EN_9x16_FX-test_ZT-book_RS-P3X1R1C3_fj,not_delivering,,,,260507_AAA_AEO-Purchase_ios_vid_Growme_T1_0420week_joy,0,0,0,,,,,,,,0,,,,,
2026-06-01,2026-06-29,20260420_growme_EN_9x16_FX-test_ZT-slow_RS-P1X1R3C3_wxx,not_delivering,,,,260507_AAA_AEO-Purchase_ios_vid_Growme_T1_0420week_joy,0,0,0,,,,,,,,0,,,,,
2026-06-01,2026-06-29,20260420_growme_EN_9x16_FX-test_ZT-slowenglish_RS-P1X1R3C3_wxx,not_delivering,,,,260507_AAA_AEO-Purchase_ios_vid_Growme_T1_0420week_joy,0,0,0,,,,,,,,0,,,,,
2026-06-01,2026-06-29,20260422_growme_EN_9x16_FX-test_ZT-driving_RS-P1X1R3C3_wxx,not_delivering,,,,260507_AAA_AEO-Purchase_ios_vid_Growme_T1_0420week_joy,0,0,0,,,,,,,,0,,,,,
2026-06-01,2026-06-29,"20260422_growme_EN_9x16_FX-test_ZT- challenge_RS-P1X1R3C3_wxx",not_delivering,,,,260507_AAA_AEO-Purchase_ios_vid_Growme_T1_0420week_joy,0,0,0,,,,,,,,0,,,,,
2026-06-01,2026-06-29,20260506_growme_EN_9x16_FX-test_ZT-vlog_RS-P1X1R3C1_gy,archived,,,,260509_AAA_AEO-Purchase_ios_vid_Growme_WW_0504week1_自律读书_joy,0,0,0,,,,,,,,0,,,,,
2026-06-01,2026-06-29,"20260509_GrowMe_EN_9x16_FX-test_ZT- slow-clean_RS-P3X1R1C3_fj",archived,,,,260509_AAA_AEO-Purchase_ios_vid_Growme_WW_0504week1_自律读书_joy,0,0,0,,,,,,,,0,,,,,
2026-06-01,2026-06-29,"20260509_GrowMe_EN_9x16_FX-test_ZT- subway-read_RS-P3X1R1C3_fj",archived,,,,260509_AAA_AEO-Purchase_ios_vid_Growme_WW_0504week1_自律读书_joy,0,0,0,,,,,,,,0,,,,,
2026-06-01,2026-06-29,20260509_growme_EN_9x16_FX-test_ZT-study_RS-P1X1R3C3_wxx,archived,,,,260509_AAA_AEO-Purchase_ios_vid_Growme_WW_0504week1_自律读书_joy,0,0,0,,,,,,,,0,,,,,
2026-06-01,2026-06-29,20260509_growme_EN_9x16_FX-test_ZT-ADHD_RS-P1X1R3C3_wxx,archived,,,,260509_AAA_AEO-Purchase_ios_vid_Growme_WW_0504week1_自律读书_joy,0,0,0,,,,,,,,0,,,,,
2026-06-01,2026-06-29,20260509_growme_EN_9x16_FX-test_ZT-routine2_RS-P1X1R3C3_wxx,archived,,,,260509_AAA_AEO-Purchase_ios_vid_Growme_WW_0504week1_自律读书_joy,0,0,0,,,,,,,,0,,,,,
2026-06-01,2026-06-29,20260509_growme_EN_9x16_FX-test_ZT-routine1_RS-P1X1R3C3_wxx,archived,,,,260509_AAA_AEO-Purchase_ios_vid_Growme_WW_0504week1_自律读书_joy,0,0,0,,,,,,,,0,,,,,
2026-06-01,2026-06-29,20260509_growme_EN_9x16_FX-test_ZT-jiaoben_RS-P1X1R3C1_gy,archived,,,,260509_AAA_AEO-Purchase_ios_vid_Growme_WW_0504week1_自律读书_joy,0,0,0,,,,,,,,0,,,,,
2026-06-01,2026-06-29,20260509_growme_EN_9x16_FX-test_ZT-routine_RS-P1X1R3C1_gy,archived,,,,260509_AAA_AEO-Purchase_ios_vid_Growme_WW_0504week1_自律读书_joy,0,0,0,,,,,,,,0,,,,,
2026-06-01,2026-06-29,"20260508_GrowMe_EN_9x16_FX-test_ZT- read_RS-P3X1R1C3_fj",inactive,,,,260509_AAA_AEO-Purchase_ios_vid_Growme_WW_0504week2_英语学习_joy,0,0,0,,,,,,,,0,,,,,
2026-06-01,2026-06-29,20260508_growme_EN_9x16_FX-test_ZT-listen_RS-P1X1R3C3_wxx,not_delivering,206,actions:app_custom_event.fb_mobile_purchase,41.67208738,260509_AAA_AEO-Purchase_ios_vid_Growme_WW_0504week2_英语学习_joy,1657026,5.180637,8584.45,7711,1.113273,304,28.238322,206,41.672087,0.516501,2.368038,0.29527092,30.615512,37463,,
2026-06-01,2026-06-29,20260506_growme_EN_9x16_FX-test_JB-010901_ZT-learn_RS-P2X1R1C1_095KB-HJ_RMG-3530A,inactive,,,,260509_AAA_AEO-Purchase_ios_vid_Growme_WW_0504week2_英语学习_joy,0,0,0,,,,,,,,0,,,,,
2026-06-01,2026-06-29,20260506_GrowMe_EN_9x16_FX-test_ZT-easyenglish_RS-P3X1R1C3_fj,not_delivering,,,,260509_AAA_AEO-Purchase_ios_vid_Growme_WW_0504week2_英语学习_joy,446,2.309417,1.03,,,,,,,,2.914798,0,17.713004,4,,
2026-06-01,2026-06-29,"20260507_GrowMe_EN_9x16_FX-test_ZT- begin_RS-P3X1R1C3_fj",inactive,,,,260509_AAA_AEO-Purchase_ios_vid_Growme_WW_0504week2_英语学习_joy,0,0,0,,,,,,,,0,,,,,
2026-06-01,2026-06-29,20260506_growme_EN_9x16_FX-test_ZT-acceptance_RS-P1X1R3C1_095KB-JR_RMG-3527,inactive,,,,260509_AAA_AEO-Purchase_ios_vid_Growme_WW_0504week2_英语学习_joy,0,0,0,,,,,,,,0,,,,,
2026-06-01,2026-06-29,"20260507_GrowMe_EN_9x16_FX-test_ZT-try new_RS-P3X1R1C3_fj",not_delivering,6,actions:app_custom_event.fb_mobile_purchase,9.18333333,260509_AAA_AEO-Purchase_ios_vid_Growme_WW_0504week2_英语学习_joy,38746,1.422082,55.1,85,0.648235,7,7.871429,6,9.183333,1.690744,1.551128,0.31135531,15.45966,338,,
2026-06-01,2026-06-29,20260507_growme_EN_9x16_FX-test_ZT-view_RS-P1X1R3C1_gy,inactive,,,,260509_AAA_AEO-Purchase_ios_vid_Growme_WW_0504week2_英语学习_joy,0,0,0,,,,,,,,0,,,,,
2026-06-01,2026-06-29,20260508_growme_EN_9x16_FX-test_ZT-love_RS-P1X1R3C1_gy,inactive,,,,260509_AAA_AEO-Purchase_ios_vid_Growme_WW_0504week2_英语学习_joy,0,0,0,,,,,,,,0,,,,,
2026-06-01,2026-06-29,20260507_growme_EN_9x16_FX-test_ZT-education_RS-P1X1R3C1_gy,inactive,,,,260509_AAA_AEO-Purchase_ios_vid_Growme_WW_0504week2_英语学习_joy,0,0,0,,,,,,,,0,,,,,
2026-06-01,2026-06-29,20260506_growme_EN_9x16_FX-test_ZT-teacher_RS-P1X1R3C3_wxx,inactive,,,,260509_AAA_AEO-Purchase_ios_vid_Growme_WW_0504week2_英语学习_joy,0,0,0,,,,,,,,0,,,,,
2026-06-01,2026-06-29,20260506_growme_EN_9x16_FX-test_ZT-patience_RS-P1X1R3C1_095KB-JR_RMG-3528,inactive,,,,260509_AAA_AEO-Purchase_ios_vid_Growme_WW_0504week2_英语学习_joy,0,0,0,,,,,,,,0,,,,,
2026-06-01,2026-06-29,20260509_growme_EN_9x16_FX-test_ZT-routine_RS-P1X1R3C1_gy,not_delivering,,,,260510_AAA_AEO-Purchase_ios_vid_Growme_T1_0504week1_自律读书_joy,0,0,0,,,,,,,,0,,,,,
2026-06-01,2026-06-29,20260509_growme_EN_9x16_FX-test_ZT-jiaoben_RS-P1X1R3C1_gy,not_delivering,,,,260510_AAA_AEO-Purchase_ios_vid_Growme_T1_0504week1_自律读书_joy,0,0,0,,,,,,,,0,,,,,
2026-06-01,2026-06-29,20260509_growme_EN_9x16_FX-test_ZT-routine1_RS-P1X1R3C3_wxx,not_delivering,,,,260510_AAA_AEO-Purchase_ios_vid_Growme_T1_0504week1_自律读书_joy,0,0,0,,,,,,,,0,,,,,
2026-06-01,2026-06-29,20260509_growme_EN_9x16_FX-test_ZT-ADHD_RS-P1X1R3C3_wxx,not_delivering,,,,260510_AAA_AEO-Purchase_ios_vid_Growme_T1_0504week1_自律读书_joy,0,0,0,,,,,,,,0,,,,,
2026-06-01,2026-06-29,20260509_growme_EN_9x16_FX-test_ZT-study_RS-P1X1R3C3_wxx,not_delivering,,,,260510_AAA_AEO-Purchase_ios_vid_Growme_T1_0504week1_自律读书_joy,0,0,0,,,,,,,,0,,,,,
2026-06-01,2026-06-29,"20260509_GrowMe_EN_9x16_FX-test_ZT- slow-clean_RS-P3X1R1C3_fj",not_delivering,,,,260510_AAA_AEO-Purchase_ios_vid_Growme_T1_0504week1_自律读书_joy,0,0,0,,,,,,,,0,,,,,
2026-06-01,2026-06-29,20260506_growme_EN_9x16_FX-test_ZT-vlog_RS-P1X1R3C1_gy,not_delivering,,,,260510_AAA_AEO-Purchase_ios_vid_Growme_T1_0504week1_自律读书_joy,0,0,0,,,,,,,,0,,,,,
2026-06-01,2026-06-29,20260509_growme_EN_9x16_FX-test_ZT-routine2_RS-P1X1R3C3_wxx,not_delivering,,,,260510_AAA_AEO-Purchase_ios_vid_Growme_T1_0504week1_自律读书_joy,0,0,0,,,,,,,,0,,,,,
2026-06-01,2026-06-29,"20260509_GrowMe_EN_9x16_FX-test_ZT- subway-read_RS-P3X1R1C3_fj",not_delivering,,,,260510_AAA_AEO-Purchase_ios_vid_Growme_T1_0504week1_自律读书_joy,0,0,0,,,,,,,,0,,,,,
2026-06-01,2026-06-29,20260506_growme_EN_9x16_FX-test_ZT-teacher_RS-P1X1R3C3_wxx,not_delivering,,,,260510_AAA_AEO-Purchase_ios_vid_Growme_T1_0504week2_英语学习_joy,0,0,0,,,,,,,,0,,,,,
2026-06-01,2026-06-29,20260506_growme_EN_9x16_FX-test_ZT-patience_RS-P1X1R3C1_095KB-JR_RMG-3528,not_delivering,,,,260510_AAA_AEO-Purchase_ios_vid_Growme_T1_0504week2_英语学习_joy,0,0,0,,,,,,,,0,,,,,
2026-06-01,2026-06-29,20260410_growme_VI_9x16_FX-test_ZT-challenge_RS-P1X1R3C1_gy,inactive,,,,260421_AAA_AEO-Purchase_ios_vid_Growme_vietnam_0406week_joy,0,0,0,,,,,,,,0,,,,,
2026-06-01,2026-06-29,"20260407_growme_VI _9x16_FX-test_ZT-read2_RS-P1X1R3C1_gy",inactive,,,,260421_AAA_AEO-Purchase_ios_vid_Growme_vietnam_0406week_joy,0,0,0,,,,,,,,0,,,,,
2026-06-01,2026-06-29,20260401_growme_VI_9x16_FX-test_ZT-create_RS-P1X1R3C3_wxx,not_delivering,,,,260421_AAA_AEO-Purchase_ios_vid_Growme_vietnam_0323week_joy,0,0,0,,,,,,,,0,,,,,
2026-06-01,2026-06-29,20260507_growme_EN_9x16_FX-test_ZT-education_RS-P1X1R3C1_gy,not_delivering,,,,260510_AAA_AEO-Purchase_ios_vid_Growme_T1_0504week2_英语学习_joy,0,0,0,,,,,,,,0,,,,,
2026-06-01,2026-06-29,20260507_growme_EN_9x16_FX-test_ZT-view_RS-P1X1R3C1_gy,not_delivering,,,,260510_AAA_AEO-Purchase_ios_vid_Growme_T1_0504week2_英语学习_joy,0,0,0,,,,,,,,0,,,,,
2026-06-01,2026-06-29,20260508_growme_EN_9x16_FX-test_ZT-love_RS-P1X1R3C1_gy,not_delivering,,,,260510_AAA_AEO-Purchase_ios_vid_Growme_T1_0504week2_英语学习_joy,0,0,0,,,,,,,,0,,,,,
2026-06-01,2026-06-29,"20260507_GrowMe_EN_9x16_FX-test_ZT-try new_RS-P3X1R1C3_fj",not_delivering,,,,260510_AAA_AEO-Purchase_ios_vid_Growme_T1_0504week2_英语学习_joy,0,0,0,,,,,,,,0,,,,,
2026-06-01,2026-06-29,20260506_GrowMe_EN_9x16_FX-test_ZT-easyenglish_RS-P3X1R1C3_fj,not_delivering,,,,260510_AAA_AEO-Purchase_ios_vid_Growme_T1_0504week2_英语学习_joy,0,0,0,,,,,,,,0,,,,,
2026-06-01,2026-06-29,"20260507_GrowMe_EN_9x16_FX-test_ZT- begin_RS-P3X1R1C3_fj",not_delivering,,,,260510_AAA_AEO-Purchase_ios_vid_Growme_T1_0504week2_英语学习_joy,0,0,0,,,,,,,,0,,,,,
2026-06-01,2026-06-29,20260508_growme_EN_9x16_FX-test_ZT-listen_RS-P1X1R3C3_wxx,not_delivering,,,,260510_AAA_AEO-Purchase_ios_vid_Growme_T1_0504week2_英语学习_joy,0,0,0,,,,,,,,0,,,,,
2026-06-01,2026-06-29,"20260508_GrowMe_EN_9x16_FX-test_ZT- read_RS-P3X1R1C3_fj",not_delivering,,,,260510_AAA_AEO-Purchase_ios_vid_Growme_T1_0504week2_英语学习_joy,0,0,0,,,,,,,,0,,,,,
2026-06-01,2026-06-29,20260429_GrowMe_VI_9x16_FX-test_ZT-fly_RS-P3X1R1C3_fj,not_delivering,,,,260512_AAA_AEO-Purchase_ios_vid_Growme_vietnam_0427week_joy,22,2.727273,0.06,,,,,,,,0,,45.454545,1,,
2026-06-01,2026-06-29,20260429_growme_VI_9x16_FX-test_ZT-read_RS-P1X1R3C1_gy,not_delivering,,,,260512_AAA_AEO-Purchase_ios_vid_Growme_vietnam_0427week_joy,160,2.375,0.38,,,,,,,,0.625,0,19.375,3,,
2026-06-01,2026-06-29,20260429_GrowMe_VI_9x16_FX-test_ZT-present_RS-P3X1R1C3_fj,not_delivering,,,,260512_AAA_AEO-Purchase_ios_vid_Growme_vietnam_0427week_joy,12393,1.016703,12.6,21,0.6,,,,,,1.234568,0.36842105,19.511014,181,,
2026-06-01,2026-06-29,20260427_growme_VI_9x16_FX-test_ZT-slow-english_RS-P1X1R3C3_wxx,not_delivering,,,,260512_AAA_AEO-Purchase_ios_vid_Growme_vietnam_0427week_joy,204,3.039216,0.62,,,,,,,,4.901961,0,27.941176,5,,
2026-06-01,2026-06-29,20260429_growme_VI_9x16_FX-test_ZT-book_RS-P1X1R3C1_gy,not_delivering,,,,260512_AAA_AEO-Purchase_ios_vid_Growme_vietnam_0427week_joy,70,1.857143,0.13,,,,,,,,0,,11.428571,,,
2026-06-01,2026-06-29,20260429_growme_VI_9x16_FX-test_ZT-slowenglish_RS-P1X1R3C3_wxx,not_delivering,2,actions:app_custom_event.fb_mobile_purchase,100.68,260512_AAA_AEO-Purchase_ios_vid_Growme_vietnam_0427week_joy,102798,1.958793,201.36,221,0.911131,3,67.12,2,100.68,0.266488,1.060332,0.19802867,16.88457,1927,,
2026-06-01,2026-06-29,20260429_growme_VI_9x16_FX-test_ZT-view_RS-P1X1R3C1_gy,not_delivering,,,,260512_AAA_AEO-Purchase_ios_vid_Growme_vietnam_0427week_joy,272,2.132353,0.58,,,,,,,,2.941176,0,23.529412,5,,
2026-06-01,2026-06-29,20260427_growme_VI_9x16_FX-test_ZT-read_RS-P1X1R3C1_gy,not_delivering,2,actions:app_custom_event.fb_mobile_purchase,7.435,260512_AAA_AEO-Purchase_ios_vid_Growme_vietnam_0427week_joy,7587,1.959931,14.87,18,0.826111,4,3.7175,2,7.435,3.590451,1.19942,0.21686747,24.199288,187,,
2026-06-01,2026-06-29,20260429_GrowMe_VI_9x16_FX-test_ZT-present_RS-P3X1R1C3_fj,not_delivering,,,,260512_AAA_AEO-Purchase_ios_vid_Growme_vietnam_0427week_joy,0,0,0,,,,,,,,0,,,,,
2026-06-01,2026-06-29,20260427_growme_VI_9x16_FX-test_ZT-read_RS-P1X1R3C1_gy,inactive,,,,260512_AAA_AEO-Purchase_ios_vid_Growme_vietnam_0427week_joy,0,0,0,,,,,,,,0,,,,,
2026-06-01,2026-06-29,20260429_GrowMe_VI_9x16_FX-test_ZT-fly_RS-P3X1R1C3_fj,inactive,,,,260512_AAA_AEO-Purchase_ios_vid_Growme_vietnam_0427week_joy,0,0,0,,,,,,,,0,,,,,
2026-06-01,2026-06-29,20260429_growme_VI_9x16_FX-test_ZT-slowenglish_RS-P1X1R3C3_wxx,inactive,,,,260512_AAA_AEO-Purchase_ios_vid_Growme_vietnam_0427week_joy,0,0,0,,,,,,,,0,,,,,
2026-06-01,2026-06-29,20260429_growme_VI_9x16_FX-test_ZT-book_RS-P1X1R3C1_gy,not_delivering,,,,260512_AAA_AEO-Purchase_ios_vid_Growme_vietnam_0427week_joy,0,0,0,,,,,,,,0,,,,,
2026-06-01,2026-06-29,20260429_growme_VI_9x16_FX-test_ZT-view_RS-P1X1R3C1_gy,not_delivering,,,,260512_AAA_AEO-Purchase_ios_vid_Growme_vietnam_0427week_joy,0,0,0,,,,,,,,0,,,,,
2026-06-01,2026-06-29,20260429_growme_VI_9x16_FX-test_ZT-read_RS-P1X1R3C1_gy,not_delivering,,,,260512_AAA_AEO-Purchase_ios_vid_Growme_vietnam_0427week_joy,0,0,0,,,,,,,,0,,,,,
2026-06-01,2026-06-29,20260427_growme_VI_9x16_FX-test_ZT-slow-english_RS-P1X1R3C3_wxx,not_delivering,,,,260512_AAA_AEO-Purchase_ios_vid_Growme_vietnam_0427week_joy,0,0,0,,,,,,,,0,,,,,
2026-06-01,2026-06-29,20260212_GrowMe_EN_9x16_FX-test_ZT-read_RS-P3X1R1C3_fj,not_delivering,,,,260512_AAA_AEO-Purchase_ios_vid_Growme_T2T3高roi_speakup_joy,0,0,0,,,,,,,,0,,,,,
2026-06-01,2026-06-29,20260212_growme_EN_9x16_FX-speak_ZT-zeren_RS-P1X1R3C3_wxx,not_delivering,,,,260512_AAA_AEO-Purchase_ios_vid_Growme_T2T3高roi_speakup_joy,0,0,0,,,,,,,,0,,,,,
2026-06-01,2026-06-29,20260209_growme_EN_9x16_01_FX-speak_ZT-richman_RS-P1X1R3C3_wxx,not_delivering,,,,260512_AAA_AEO-Purchase_ios_vid_Growme_T2T3高roi_speakup_joy,0,0,0,,,,,,,,0,,,,,
2026-06-01,2026-06-29,20260211_growme_EN_9x16_FX-speak_ZT-art_RS-P1X1R3C3_wxx,not_delivering,,,,260512_AAA_AEO-Purchase_ios_vid_Growme_T2T3高roi_speakup_joy,0,0,0,,,,,,,,0,,,,,
2026-06-01,2026-06-29,"20260209_GrowMe_EN_9x16_FX-test_ZT- read_RS-P3X1R1C3_fj",not_delivering,,,,260512_AAA_AEO-Purchase_ios_vid_Growme_T2T3高roi_speakup_joy,0,0,0,,,,,,,,0,,,,,
2026-06-01,2026-06-29,20260211_growme_EN_9x16_FX-speak_ZT-done_RS-P1X1R3C3_wxx,not_delivering,,,,260512_AAA_AEO-Purchase_ios_vid_Growme_T2T3高roi_speakup_joy,0,0,0,,,,,,,,0,,,,,
2026-06-01,2026-06-29,20260211_GrowMe_EN_9x16_FX-test_ZT-read_RS-P3X1R1C3_fj,not_delivering,,,,260512_AAA_AEO-Purchase_ios_vid_Growme_T2T3高roi_speakup_joy,0,0,0,,,,,,,,0,,,,,
2026-06-01,2026-06-29,20251216_growme_EN_9x16_FX-book_ZT-dazibao_RS-P1X1R3C3_wxx,not_delivering,,,,260512_AAA_AEO-Purchase_ios_vid_Growme_T2T3高roi_字幕类打包_joy,0,0,0,,,,,,,,0,,,,,
2026-06-01,2026-06-29,20251226_growme_EN_9x16_FX-test_ZT-read_RS-P1X1R3C1_gy,not_delivering,,,,260512_AAA_AEO-Purchase_ios_vid_Growme_T2T3高roi_字幕类打包_joy,0,0,0,,,,,,,,0,,,,,
2026-06-01,2026-06-29,20260407_GrowMe_VI_01_9x16_FX-test_ZT-d1_RS-P3X1R1C3_fj,not_delivering,,,,260421_AAA_AEO-Purchase_ios_vid_Growme_vietnam_0406week_joy,0,0,0,,,,,,,,0,,,,,
2026-06-01,2026-06-29,20260409_growme_VI_9x16_FX-test_ZT-english_RS-P1X1R3C3_wxx,inactive,,,,260421_AAA_AEO-Purchase_ios_vid_Growme_vietnam_0406week_joy,0,0,0,,,,,,,,0,,,,,
2026-06-01,2026-06-29,20260408_growme_VI_9x16_FX-test_ZT-singsong_RS-P1X1R3C3_wxx,not_delivering,,,,260421_AAA_AEO-Purchase_ios_vid_Growme_vietnam_0406week_joy,0,0,0,,,,,,,,0,,,,,
2026-06-01,2026-06-29,20260407_growme_VI_9x16_FX-test_ZT-purple_RS-P1X1R3C3_wxx,inactive,,,,260421_AAA_AEO-Purchase_ios_vid_Growme_vietnam_0406week_joy,0,0,0,,,,,,,,0,,,,,
2026-06-01,2026-06-29,20260408_growme_VI_9x16_FX-test_ZT-jili_RS-P1X1R3C3_wxx,inactive,,,,260421_AAA_AEO-Purchase_ios_vid_Growme_vietnam_0406week_joy,0,0,0,,,,,,,,0,,,,,
2026-06-01,2026-06-29,20260401_growme_VI_9x16_FX-test_ZT-pencil_RS-P1X1R3C3_wxx,not_delivering,,,,260421_AAA_AEO-Purchase_ios_vid_Growme_vietnam_0323week_joy,0,0,0,,,,,,,,0,,,,,
2026-06-01,2026-06-29,20260210_growme_EN_9x16_FX-test_ZT-challenge_RS-P1X1R3C1_gy,not_delivering,,,,260512_AAA_AEO-Purchase_ios_vid_Growme_T2T3高roi_speakup_joy,0,0,0,,,,,,,,0,,,,,
2026-06-01,2026-06-29,"20260106_GrowMe_EN_9x16_FX-test_ZT- night_RS-P3X1R1C3_fj",not_delivering,,,,260512_AAA_AEO-Purchase_ios_vid_Growme_T2T3高roi_字幕类打包_joy,0,0,0,,,,,,,,0,,,,,
2026-06-01,2026-06-29,20250105_growme_EN_9x16_FX-test_ZT-read_RS-P1X1R3C1_gy,not_delivering,,,,260512_AAA_AEO-Purchase_ios_vid_Growme_T2T3高roi_字幕类打包_joy,0,0,0,,,,,,,,0,,,,,
2026-06-01,2026-06-29,20260113_growme_EN_9x16_FX-test_ZT-speak_RS-P1X1R3C1_gy,not_delivering,,,,260512_AAA_AEO-Purchase_ios_vid_Growme_T2T3高roi_字幕类打包_joy,0,0,0,,,,,,,,0,,,,,
2026-06-01,2026-06-29,20251010_growme_EN_9x16_FX-book_ZT-scan2_RS-P1X1R3C3_FL_wxx,archived,,,,260513_AAA_AEO-Purchase_ios_vid_Growme_T1_scan_joy,0,0,0,,,,,,,,0,,,,,
2026-06-01,2026-06-29,20250926_GrowMe_EN_9x16_FX-test_ZT-driving_RS-P3X1R1C3_fj,archived,,,,260513_AAA_AEO-Purchase_ios_vid_Growme_T1_scan_joy,0,0,0,,,,,,,,0,,,,,
2026-06-01,2026-06-29,20250925_growme_EN_9x16_FX-test_ZT-book_RS-P1X1R3C1_gy,archived,,,,260513_AAA_AEO-Purchase_ios_vid_Growme_T1_scan_joy,0,0,0,,,,,,,,0,,,,,
2026-06-01,2026-06-29,20250926_growme_EN_9x16_FX-book_ZT-youtube_RS-P1X1R3C3_wxx,archived,,,,260513_AAA_AEO-Purchase_ios_vid_Growme_T1_scan_joy,0,0,0,,,,,,,,0,,,,,
2026-06-01,2026-06-29,20250925_growme_EN_9x16_FX-test_ZT-learning_RS-P1X1R3C1_gy,archived,,,,260513_AAA_AEO-Purchase_ios_vid_Growme_T1_scan_joy,0,0,0,,,,,,,,0,,,,,
2026-06-01,2026-06-29,20250105_growme_EN_9x16_FX-test_ZT-read_RS-P1X1R3C1_gy,archived,,,,260513_AAA_AEO-Purchase_ios_vid_Growme_T1_字幕打包_joy,0,0,0,,,,,,,,0,,,,,
2026-06-01,2026-06-29,20251226_growme_EN_9x16_FX-test_ZT-read_RS-P1X1R3C1_gy,archived,,,,260513_AAA_AEO-Purchase_ios_vid_Growme_T1_字幕打包_joy,0,0,0,,,,,,,,0,,,,,
2026-06-01,2026-06-29,20250925_growme_EN_9x16_FX-test_ZT-learning_RS-P1X1R3C1_gy,not_delivering,,,,260513_AAA_AEO-Purchase_ios_vid_Growme_T1_scan_joy,0,0,0,,,,,,,,0,,,,,
2026-06-01,2026-06-29,20251010_growme_EN_9x16_FX-book_ZT-scan2_RS-P1X1R3C3_FL_wxx,not_delivering,,,,260513_AAA_AEO-Purchase_ios_vid_Growme_T1_scan_joy,0,0,0,,,,,,,,0,,,,,
2026-06-01,2026-06-29,20251211_GrowMe_EN_4x5_FX-pic_ZT-test-7_RS-P3X1R1C3_gy,not_delivering,,,,260513_AAA_AEO-Purchase_ios_pic_Growme_T1_金钱心理学_joy,0,0,0,,,,,,,,0,,,,,
2026-06-01,2026-06-29,20250926_growme_EN_9x16_FX-test_ZT-20book_RS-P1X1R3C3_wxx,archived,,,,250513_AAA_AEO-Purchase_ios_pic_Growme_T1_15min_老粉丝页_joy,0,0,0,,,,,,,,0,,,,,
2026-06-01,2026-06-29,20251211_growme_EN_4x5_FX-book_ZT-money_RS-P1X1R3C3_wxx,not_delivering,,,,260513_AAA_AEO-Purchase_ios_pic_Growme_T1_金钱心理学_joy,0,0,0,,,,,,,,0,,,,,
2026-06-01,2026-06-29,20251226_growme_EN_9x16_FX-test_ZT-read_RS-P1X1R3C1_gy,not_delivering,,,,260513_AAA_AEO-Purchase_ios_vid_Growme_T1_1222week_字幕式_joy,0,0,0,,,,,,,,0,,,,,
2026-06-01,2026-06-29,20251223_growme_EN_9x16_FX-book_ZT-speak_RS-P1X1R3C3_wxx,not_delivering,,,,260513_AAA_AEO-Purchase_ios_vid_Growme_T1_1222week_字幕式_joy,0,0,0,,,,,,,,0,,,,,
2026-06-01,2026-06-29,20251226_growme_EN_9x16_FX-test_ZT-forgive_RS-P1X1R3C1_gy,not_delivering,,,,260513_AAA_AEO-Purchase_ios_vid_Growme_T1_1222week_字幕式_joy,0,0,0,,,,,,,,0,,,,,
2026-06-01,2026-06-29,20250926_growme_EN_9x16_FX-book_ZT-youtube_RS-P1X1R3C3_wxx,not_delivering,,,,260513_AAA_AEO-Purchase_ios_vid_Growme_T1_scan_joy,0,0,0,,,,,,,,0,,,,,
2026-06-01,2026-06-29,20250925_growme_EN_9x16_FX-test_ZT-book_RS-P1X1R3C1_gy,not_delivering,,,,260513_AAA_AEO-Purchase_ios_vid_Growme_T1_scan_joy,0,0,0,,,,,,,,0,,,,,
2026-06-01,2026-06-29,20250926_GrowMe_EN_9x16_FX-test_ZT-driving_RS-P3X1R1C3_fj,not_delivering,,,,260513_AAA_AEO-Purchase_ios_vid_Growme_T1_scan_joy,0,0,0,,,,,,,,0,,,,,
2026-06-01,2026-06-29,20250926_GrowMe_EN_9x16_FX-pic_ZT-test-6_RS-P3X1R1C3_fj,archived,,,,250513_AAA_AEO-Purchase_ios_pic_Growme_T1_15min_老粉丝页_joy,0,0,0,,,,,,,,0,,,,,
2026-06-01,2026-06-29,20260420_GrowMe_EN_9x16_FX-test_ZT-book_RS-P3X1R1C3_fj,not_delivering,,,,260515_AAA_AEO-Purchase_ios_vid_Growme_T1_0420week_joy,0,0,0,,,,,,,,0,,,,,
2026-06-01,2026-06-29,20260420_growme_EN_9x16_FX-test_ZT-slow-english_RS-P1X1R3C3_wxx,not_delivering,,,,260515_AAA_AEO-Purchase_ios_vid_Growme_T1_0420week_joy,0,0,0,,,,,,,,0,,,,,
2026-06-01,2026-06-29,20260420_growme_EN_9x16_FX-test_ZT-slowenglish_RS-P1X1R3C3_wxx,not_delivering,,,,260515_AAA_AEO-Purchase_ios_vid_Growme_T1_0420week_joy,0,0,0,,,,,,,,0,,,,,
2026-06-01,2026-06-29,20260422_growme_EN_9x16_FX-test_ZT-B1_RS-P1X1R3C3_wxx,not_delivering,,,,260515_AAA_AEO-Purchase_ios_vid_Growme_T1_0420week_joy,0,0,0,,,,,,,,0,,,,,
2026-06-01,2026-06-29,"20260422_growme_EN_9x16_FX-test_ZT- challenge_RS-P1X1R3C3_wxx",not_delivering,,,,260515_AAA_AEO-Purchase_ios_vid_Growme_T1_0420week_joy,0,0,0,,,,,,,,0,,,,,
2026-06-01,2026-06-29,20260420_growme_EN_9x16_FX-test_ZT-slow_RS-P1X1R3C3_wxx,not_delivering,,,,260515_AAA_AEO-Purchase_ios_vid_Growme_T1_0420week_joy,0,0,0,,,,,,,,0,,,,,
2026-06-01,2026-06-29,20260422_growme_EN_9x16_FX-test_ZT-read_RS-P1X1R3C1_gy,not_delivering,,,,260515_AAA_AEO-Purchase_ios_vid_Growme_T1_0420week_joy,0,0,0,,,,,,,,0,,,,,
2026-06-01,2026-06-29,20260417_growme_EN_9x16_FX-test_ZT-slowenglish_RS-P1X1R3C3_wxx,not_delivering,,,,260515_AAA_AEO-Purchase_ios_vid_Growme_泰土越菲_slowenglish_joy,2478,1.505246,3.73,1,3.73,,,,,,0.605327,0.08333333,15.577078,34,,
2026-06-01,2026-06-29,20260420_growme_EN_9x16_FX-test_ZT-slow_RS-P1X1R3C3_wxx,not_delivering,4,actions:app_custom_event.fb_mobile_purchase,16.6625,260515_AAA_AEO-Purchase_ios_vid_Growme_泰土越菲_slowenglish_joy,32311,2.062765,66.65,44,1.514773,4,16.6625,4,16.6625,0.886872,0.872768,0.34108527,14.221163,80,,
2026-06-01,2026-06-29,20260420_growme_EN_9x16_FX-test_ZT-slow-english_RS-P1X1R3C3_wxx,not_delivering,,,,260515_AAA_AEO-Purchase_ios_vid_Growme_泰土越菲_slowenglish_joy,2622,3.081617,8.08,,,1,8.08,,,,1.906941,0,22.768879,38,,
2026-06-01,2026-06-29,20260429_growme_EN_9x16_01_FX-test_ZT-slowenglish_RS-P1X1R3C3_wxx,not_delivering,,,,260515_AAA_AEO-Purchase_ios_vid_Growme_泰土越菲_slowenglish_joy,1862,1.664876,3.1,2,1.55,,,,,,1.396348,0.09090909,15.306122,22,,
2026-06-01,2026-06-29,20260508_growme_EN_9x16_FX-test_ZT-listen_RS-P1X1R3C3_wxx,not_delivering,26,actions:app_custom_event.fb_mobile_purchase,39.17615385,260515_AAA_AEO-Purchase_ios_vid_Growme_泰土越菲_slowenglish_joy,346652,2.938336,1018.58,909,1.12055,43,23.687907,26,39.176154,0.532663,1.819404,0.24304813,24.976922,5239,,
2026-06-01,2026-06-29,20260417_growme_EN_9x16_FX-test_ZT-slowenglish_RS-P1X1R3C3_wxx,not_delivering,,,,260515_AAA_AEO-Purchase_ios_vid_Growme_巴墨哥智_slowenglish_joy,195,3.384615,0.66,,,,,,,,1.025641,0,20.512821,6,,
2026-06-01,2026-06-29,20260508_growme_EN_9x16_FX-test_ZT-listen_RS-P1X1R3C3_wxx,not_delivering,31,actions:app_custom_event.fb_mobile_purchase,41.23290323,260515_AAA_AEO-Purchase_ios_vid_Growme_巴墨哥智_slowenglish_joy,235171,5.435279,1278.22,1245,1.026683,49,26.086122,31,41.232903,0.555476,2.812847,0.34449364,32.48955,5984,,
2026-06-01,2026-06-29,20260420_growme_EN_9x16_FX-test_ZT-slow_RS-P1X1R3C3_wxx,not_delivering,2,actions:app_custom_event.fb_mobile_purchase,85.5,260515_AAA_AEO-Purchase_ios_vid_Growme_巴墨哥智_slowenglish_joy,52892,3.233003,171,124,1.379032,4,42.75,2,85.5,0.246199,1.576798,0.28571429,22.171595,216,,
2026-06-01,2026-06-29,20260429_growme_EN_9x16_01_FX-test_ZT-slowenglish_RS-P1X1R3C3_wxx,not_delivering,,,,260515_AAA_AEO-Purchase_ios_vid_Growme_巴墨哥智_slowenglish_joy,56,2.142857,0.12,,,,,,,,3.571429,0,16.071429,2,,
2026-06-01,2026-06-29,20260420_growme_EN_9x16_FX-test_ZT-slow-english_RS-P1X1R3C3_wxx,not_delivering,,,,260515_AAA_AEO-Purchase_ios_vid_Growme_巴墨哥智_slowenglish_joy,476,6.533613,3.11,,,,,,,,2.731092,0,23.319328,14,,
2026-06-01,2026-06-29,20260506_growme_TR_9x16_FX-test_ZT-slow-english_RS-P1X1R3C3_wxx,not_delivering,,,,260515_AAA_AEO-Purchase_ios_vid_Growme_TUR_joy,0,0,0,,,,,,,,0,,,,,
2026-06-01,2026-06-29,20260507_growme_TR_9x16_FX-test_ZT-education_RS-P1X1R3C1_gy,not_delivering,,,,260515_AAA_AEO-Purchase_ios_vid_Growme_TUR_joy,0,0,0,,,,,,,,0,,,,,
2026-06-01,2026-06-29,"20260509_GrowMe_TR_9x16_FX-test_ZT- read_RS-P3X1R1C3_fj",not_delivering,,,,260515_AAA_AEO-Purchase_ios_vid_Growme_TUR_joy,0,0,0,,,,,,,,0,,,,,
2026-06-01,2026-06-29,20260507_growme_TR_9x16_FX-test_ZT-20book_RS-P1X1R3C3_wxx,not_delivering,,,,260515_AAA_AEO-Purchase_ios_vid_Growme_TUR_joy,0,0,0,,,,,,,,0,,,,,
2026-06-01,2026-06-29,20260511_growme_TR_9x16_FX-test_ZT-train_RS-P1X1R3C3_wxx,not_delivering,,,,260515_AAA_AEO-Purchase_ios_vid_Growme_TUR_joy,0,0,0,,,,,,,,0,,,,,
2026-06-01,2026-06-29,20260511_growme_TR_9x16_FX-test_ZT-heimu_RS-P1X1R3C3_FJ_wxx,not_delivering,,,,260515_AAA_AEO-Purchase_ios_vid_Growme_TUR_joy,0,0,0,,,,,,,,0,,,,,
2026-06-01,2026-06-29,20260512_growme_TR_9x16_FX-test_ZT-read_RS-P1X1R3C1_gy,not_delivering,,,,260515_AAA_AEO-Purchase_ios_vid_Growme_TUR_joy,0,0,0,,,,,,,,0,,,,,
2026-06-01,2026-06-29,20260514_GrowMe_TR_9x16_FX-test_ZT-energy_RS-P3X1R1C3_fj,not_delivering,,,,260515_AAA_AEO-Purchase_ios_vid_Growme_TUR_joy,0,0,0,,,,,,,,0,,,,,
2026-06-01,2026-06-29,20260514_growme_TR_9x16_FX-test_ZT-read_RS-P1X1R3C1_gy,not_delivering,,,,260515_AAA_AEO-Purchase_ios_vid_Growme_TUR_joy,0,0,0,,,,,,,,0,,,,,
2026-06-01,2026-06-29,20260514_growme_TR_9x16_FX-test_ZT-slowenglish_RS-P1X1R3C3_wxx,not_delivering,,,,260515_AAA_AEO-Purchase_ios_vid_Growme_TUR_joy,0,0,0,,,,,,,,0,,,,,
2026-06-01,2026-06-29,20260514_growme_VI_9x16_FX-test_ZT-read_RS-P1X1R3C1_gy,not_delivering,,,,260515_AAA_AEO-Purchase_ios_vid_Growme_VI_joy,0,0,0,,,,,,,,0,,,,,
2026-06-01,2026-06-29,20260514_GrowMe_VI_9x16_FX-test_ZT-energy_RS-P3X1R1C3_fj,not_delivering,,,,260515_AAA_AEO-Purchase_ios_vid_Growme_VI_joy,0,0,0,,,,,,,,0,,,,,
2026-06-01,2026-06-29,20260511_growme_VI_9x16_FX-test_ZT-heimu_RS-P1X1R3C3_FJ_wxx,not_delivering,,,,260515_AAA_AEO-Purchase_ios_vid_Growme_VI_joy,0,0,0,,,,,,,,0,,,,,
2026-06-01,2026-06-29,20260507_growme_VI_9x16_FX-test_ZT-20book_RS-P1X1R3C3_wxx,not_delivering,,,,260515_AAA_AEO-Purchase_ios_vid_Growme_VI_joy,0,0,0,,,,,,,,0,,,,,
2026-06-01,2026-06-29,20260512_growme_VI_9x16_FX-test_ZT-read_RS-P1X1R3C1_gy,not_delivering,,,,260515_AAA_AEO-Purchase_ios_vid_Growme_VI_joy,0,0,0,,,,,,,,0,,,,,
2026-06-01,2026-06-29,20260511_growme_VI_9x16_FX-test_ZT-train_RS-P1X1R3C3_wxx,not_delivering,,,,260515_AAA_AEO-Purchase_ios_vid_Growme_VI_joy,0,0,0,,,,,,,,0,,,,,
2026-06-01,2026-06-29,20260514_growme_VI_9x16_FX-test_ZT-slowenglish_RS-P1X1R3C3_wxx,not_delivering,,,,260515_AAA_AEO-Purchase_ios_vid_Growme_VI_joy,0,0,0,,,,,,,,0,,,,,
2026-06-01,2026-06-29,20260512_GrowMe_VI_9x16_FX-test_ZT-present_RS-P3X1R1C3_fj,not_delivering,,,,260515_AAA_AEO-Purchase_ios_vid_Growme_VI_joy,0,0,0,,,,,,,,0,,,,,
2026-06-01,2026-06-29,"20260509_GrowMe_VI_9x16_FX-test_ZT- read_RS-P3X1R1C3_fj",not_delivering,,,,260515_AAA_AEO-Purchase_ios_vid_Growme_VI_joy,0,0,0,,,,,,,,0,,,,,
2026-06-01,2026-06-29,20260506_growme_VI_9x16_FX-test_ZT-slow-english_RS-P1X1R3C3_wxx,not_delivering,,,,260515_AAA_AEO-Purchase_ios_vid_Growme_VI_joy,0,0,0,,,,,,,,0,,,,,
2026-06-01,2026-06-29,20260507_growme_VI_9x16_FX-test_ZT-education_RS-P1X1R3C1_gy,not_delivering,,,,260515_AAA_AEO-Purchase_ios_vid_Growme_VI_joy,0,0,0,,,,,,,,0,,,,,
2026-06-01,2026-06-29,20260511_growme_FIL_9x16_FX-test_ZT-heimu_RS-P1X1R3C3_FJ_wxx,not_delivering,,,,260515_AAA_AEO-Purchase_ios_vid_Growme_fil_joy,0,0,0,,,,,,,,0,,,,,
2026-06-01,2026-06-29,20260512_growme_Fil_9x16_FX-test_ZT-read_RS-P1X1R3C1_gy,not_delivering,,,,260515_AAA_AEO-Purchase_ios_vid_Growme_fil_joy,0,0,0,,,,,,,,0,,,,,
2026-06-01,2026-06-29,20260507_growme_FIL_9x16_FX-test_ZT-20book_RS-P1X1R3C3_wxx,not_delivering,,,,260515_AAA_AEO-Purchase_ios_vid_Growme_fil_joy,0,0,0,,,,,,,,0,,,,,
2026-06-01,2026-06-29,20260511_growme_FIL_9x16_FX-test_ZT-train_RS-P1X1R3C3_wxx,not_delivering,,,,260515_AAA_AEO-Purchase_ios_vid_Growme_fil_joy,0,0,0,,,,,,,,0,,,,,
2026-06-01,2026-06-29,20260506_growme_FIL_9x16_FX-test_ZT-slow-english_RS-P1X1R3C3_wxx,not_delivering,,,,260515_AAA_AEO-Purchase_ios_vid_Growme_fil_joy,0,0,0,,,,,,,,0,,,,,
2026-06-01,2026-06-29,20260513_GrowMe_EN_9x16_FX-test_ZT-jiaoben-2_RS-P3X1R1C3_fj,inactive,,,,260515_AAA_AEO-Purchase_ios_vid_Growme_0511week1_joy,0,0,0,,,,,,,,0,,,,,
2026-06-01,2026-06-29,20260514_growme_EN_9x16_FX-test_ZT-house_RS-P1X1R3C3_wxx,not_delivering,,,,260515_AAA_AEO-Purchase_ios_vid_Growme_0511week1_joy,49,5.306122,0.26,,,,,,,,0,,32.653061,3,,
2026-06-01,2026-06-29,20260513_GrowMe_EN_9x16_FX-test_ZT-jiaoben_RS-P3X1R1C3_fj,inactive,,,,260515_AAA_AEO-Purchase_ios_vid_Growme_0511week1_joy,0,0,0,,,,,,,,0,,,,,
2026-06-01,2026-06-29,20260515_growme_EN_9x16_FX-test_ZT-SPEAK_RS-P1X1R3C1_gy,inactive,,,,260515_AAA_AEO-Purchase_ios_vid_Growme_0511week1_joy,0,0,0,,,,,,,,0,,,,,
2026-06-01,2026-06-29,20260512_growme_EN_9x16_FX-test_ZT-read_RS-P1X1R3C1_gy,not_delivering,3,actions:app_custom_event.fb_mobile_purchase,119.72,260515_AAA_AEO-Purchase_ios_vid_Growme_0511week1_joy,197054,1.822648,359.16,173,2.076069,8,44.895,3,119.72,0.144699,1.130655,0.26697531,14.534595,4112,,
2026-06-01,2026-06-29,20260515_growme_EN_9x16_FX-test_ZT-therapist_RS-P1X1R3C3_wxx,inactive,,,,260515_AAA_AEO-Purchase_ios_vid_Growme_0511week1_joy,0,0,0,,,,,,,,0,,,,,
2026-06-01,2026-06-29,20260515_growme_EN_9x16_FX-test_ZT-qiantie_RS-P1X1R3C3_wxx,inactive,,,,260515_AAA_AEO-Purchase_ios_vid_Growme_0511week1_joy,0,0,0,,,,,,,,0,,,,,
2026-06-01,2026-06-29,20260514_growme_EN_9x16_FX-test_ZT-read_RS-P1X1R3C1_gy,not_delivering,,,,260515_AAA_AEO-Purchase_ios_vid_Growme_0511week1_joy,1,0,0,,,,,,,,0,,,,,
2026-06-01,2026-06-29,"20260514_GrowMe_EN_9x16_FX-test_ZT- fly_RS-P3X1R1C3_fj",inactive,,,,260515_AAA_AEO-Purchase_ios_vid_Growme_0511week1_joy,0,0,0,,,,,,,,0,,,,,
2026-06-01,2026-06-29,20260515_growme_EN_9x16_FX-test_ZT-app_RS-P1X1R3C3_wxx,inactive,,,,260515_AAA_AEO-Purchase_ios_vid_Growme_0511week1_joy,0,0,0,,,,,,,,0,,,,,
2026-06-01,2026-06-29,20260512_growme_EN_9x16_FX-test_ZT-read2_RS-P1X1R3C1_gy,inactive,,,,260515_AAA_AEO-Purchase_ios_vid_Growme_0511week1_joy,0,0,0,,,,,,,,0,,,,,
2026-06-01,2026-06-29,20260514_growme_EN_9x16_FX-test_ZT-slowenglish_RS-P1X1R3C3_wxx,inactive,,,,260515_AAA_AEO-Purchase_ios_vid_Growme_0511week1_joy,0,0,0,,,,,,,,0,,,,,
2026-06-01,2026-06-29,20260511_growme_EN_9x16_FX-test_ZT-heimu_RS-P1X1R3C3_FJ_wxx,not_delivering,,,,260515_AAA_AEO-Purchase_ios_vid_Growme_0511week2_joy,0,0,0,,,,,,,,0,,,,,
2026-06-01,2026-06-29,20260511_growme_EN_9x16_FX-test_ZT-speak_RS-P1X1R3C1_gy,inactive,,,,260515_AAA_AEO-Purchase_ios_vid_Growme_0511week2_joy,0,0,0,,,,,,,,0,,,,,
2026-06-01,2026-06-29,20260511_growme_EN_9x16_FX-test_ZT-asmr_RS-P1X1R3C1_gy,inactive,,,,260515_AAA_AEO-Purchase_ios_vid_Growme_0511week2_joy,0,0,0,,,,,,,,0,,,,,
2026-06-01,2026-06-29,20260508_GrowMe_EN_9x16_FX-test_ZT-slowenglish-1_RS-P3X1R1C3_fj,inactive,,,,260515_AAA_AEO-Purchase_ios_vid_Growme_0511week2_joy,0,0,0,,,,,,,,0,,,,,
2026-06-01,2026-06-29,"20260511_GrowMe_EN_9x16_FX-test_ZT- light_RS-P3X1R1C3_fj",inactive,,,,260515_AAA_AEO-Purchase_ios_vid_Growme_0511week2_joy,0,0,0,,,,,,,,0,,,,,
2026-06-01,2026-06-29,"20260511_GrowMe_EN_9x16_FX-test_ZT- speak-new_RS-P3X1R1C3_fj",inactive,,,,260515_AAA_AEO-Purchase_ios_vid_Growme_0511week2_joy,0,0,0,,,,,,,,0,,,,,
2026-06-01,2026-06-29,20260511_growme_EN_9x16_FX-test_ZT-brain_RS-P1X1R3C3_wxx,inactive,,,,260515_AAA_AEO-Purchase_ios_vid_Growme_0511week2_joy,0,0,0,,,,,,,,0,,,,,
2026-06-01,2026-06-29,20260512_GrowMe_EN_9x16_FX-test_ZT-slowread_RS-P3X1R1C3_fj,inactive,,,,260515_AAA_AEO-Purchase_ios_vid_Growme_0511week2_joy,0,0,0,,,,,,,,0,,,,,
2026-06-01,2026-06-29,20260512_GrowMe_EN_9x16_FX-test_ZT-NewsBroadcast_RS-P3X1R1C3_fj,inactive,,,,260515_AAA_AEO-Purchase_ios_vid_Growme_0511week2_joy,0,0,0,,,,,,,,0,,,,,
2026-06-01,2026-06-29,20260511_growme_EN_9x16_FX-test_ZT-CEO_RS-P1X1R3C3_wxx,inactive,,,,260515_AAA_AEO-Purchase_ios_vid_Growme_0511week2_joy,0,0,0,,,,,,,,0,,,,,
2026-06-01,2026-06-29,20260512_growme_EN_9x16_FX-test_ZT-grow_RS-P1X1R3C1_gy,inactive,,,,260515_AAA_AEO-Purchase_ios_vid_Growme_0511week2_joy,0,0,0,,,,,,,,0,,,,,
2026-06-01,2026-06-29,20260512_GrowMe_EN_9x16_FX-test_ZT-likeCEO_RS-P3X1R1C3_fj,inactive,,,,260515_AAA_AEO-Purchase_ios_vid_Growme_0511week2_joy,0,0,0,,,,,,,,0,,,,,
2026-06-01,2026-06-29,20260420_growme_EN_9x16_FX-test_ZT-book2_RS-P1X1R3C1_gy,not_delivering,,,,260515_AAA_AEO-Purchase_ios_vid_Growme_T1_0420week_joy,0,0,0,,,,,,,,0,,,,,
2026-06-01,2026-06-29,"20260507_GrowMe_EN_9x16_FX-test_ZT-try new_RS-P3X1R1C3_fj",inactive,,,,260518_install_ios_vid_Growme_T1_05040511week_joy,0,0,0,,,,,,,,0,,,,,
2026-06-01,2026-06-29,20260507_growme_EN_9x16_FX-test_ZT-view_RS-P1X1R3C1_gy,inactive,,,,260518_install_ios_vid_Growme_T1_05040511week_joy,0,0,0,,,,,,,,0,,,,,
2026-06-01,2026-06-29,20260507_growme_EN_9x16_FX-test_ZT-education_RS-P1X1R3C1_gy,inactive,,,,260518_install_ios_vid_Growme_T1_05040511week_joy,0,0,0,,,,,,,,0,,,,,
2026-06-01,2026-06-29,20260508_growme_EN_9x16_FX-test_ZT-love_RS-P1X1R3C1_gy,inactive,,,,260518_install_ios_vid_Growme_T1_05040511week_joy,0,0,0,,,,,,,,0,,,,,
2026-06-01,2026-06-29,20260506_growme_EN_9x16_FX-test_ZT-teacher_RS-P1X1R3C3_wxx,inactive,,,,260518_install_ios_vid_Growme_T1_05040511week_joy,0,0,0,,,,,,,,0,,,,,
2026-06-01,2026-06-29,"20260507_GrowMe_EN_9x16_FX-test_ZT- begin_RS-P3X1R1C3_fj",inactive,,,,260518_install_ios_vid_Growme_T1_05040511week_joy,0,0,0,,,,,,,,0,,,,,
2026-06-01,2026-06-29,"20260508_GrowMe_EN_9x16_FX-test_ZT- read_RS-P3X1R1C3_fj",inactive,,,,260518_install_ios_vid_Growme_T1_05040511week_joy,0,0,0,,,,,,,,0,,,,,
2026-06-01,2026-06-29,"20260509_GrowMe_EN_9x16_FX-test_ZT- subway-read_RS-P3X1R1C3_fj",inactive,,,,260518_install_ios_vid_Growme_T1_05040511week_joy,0,0,0,,,,,,,,0,,,,,
2026-06-01,2026-06-29,20260508_growme_EN_9x16_FX-test_ZT-listen_RS-P1X1R3C3_wxx,inactive,,,,260518_install_ios_vid_Growme_T1_05040511week_joy,0,0,0,,,,,,,,0,,,,,
2026-06-01,2026-06-29,"20260509_GrowMe_EN_9x16_FX-test_ZT- slow-clean_RS-P3X1R1C3_fj",not_delivering,,,,260518_install_ios_vid_Growme_T1_05040511week_joy,0,0,0,,,,,,,,0,,,,,
2026-06-01,2026-06-29,"20260511_GrowMe_EN_9x16_FX-test_ZT- light_RS-P3X1R1C3_fj",inactive,,,,260518_install_ios_vid_Growme_T1_05040511week_joy,0,0,0,,,,,,,,0,,,,,
2026-06-01,2026-06-29,20260509_growme_EN_9x16_FX-test_ZT-study_RS-P1X1R3C3_wxx,inactive,,,,260518_install_ios_vid_Growme_T1_05040511week_joy,0,0,0,,,,,,,,0,,,,,
2026-06-01,2026-06-29,20260509_growme_EN_9x16_FX-test_ZT-ADHD_RS-P1X1R3C3_wxx,inactive,,,,260518_install_ios_vid_Growme_T1_05040511week_joy,0,0,0,,,,,,,,0,,,,,
2026-06-01,2026-06-29,20260509_growme_EN_9x16_FX-test_ZT-routine1_RS-P1X1R3C3_wxx,inactive,,,,260518_install_ios_vid_Growme_T1_05040511week_joy,0,0,0,,,,,,,,0,,,,,
2026-06-01,2026-06-29,20260509_growme_EN_9x16_FX-test_ZT-routine_RS-P1X1R3C1_gy,inactive,,,,260518_install_ios_vid_Growme_T1_05040511week_joy,0,0,0,,,,,,,,0,,,,,
2026-06-01,2026-06-29,20260509_growme_EN_9x16_FX-test_ZT-routine2_RS-P1X1R3C3_wxx,not_delivering,,,,260518_install_ios_vid_Growme_T1_05040511week_joy,0,0,0,,,,,,,,0,,,,,
2026-06-01,2026-06-29,20260506_growme_EN_9x16_FX-test_ZT-vlog_RS-P1X1R3C1_gy,inactive,,,,260518_install_ios_vid_Growme_T1_05040511week_joy,0,0,0,,,,,,,,0,,,,,
2026-06-01,2026-06-29,20260509_growme_EN_9x16_FX-test_ZT-jiaoben_RS-P1X1R3C1_gy,not_delivering,,,,260518_install_ios_vid_Growme_T1_05040511week_joy,0,0,0,,,,,,,,0,,,,,
2026-06-01,2026-06-29,20260512_growme_EN_9x16_FX-test_ZT-grow_RS-P1X1R3C1_gy,inactive,,,,260518_install_ios_vid_Growme_T1_05040511week_joy,0,0,0,,,,,,,,0,,,,,
2026-06-01,2026-06-29,20260511_growme_EN_9x16_FX-test_ZT-speak_RS-P1X1R3C1_gy,inactive,,,,260518_install_ios_vid_Growme_T1_05040511week_joy,0,0,0,,,,,,,,0,,,,,
2026-06-01,2026-06-29,20260512_growme_EN_9x16_FX-test_ZT-read2_RS-P1X1R3C1_gy,inactive,,,,260518_install_ios_vid_Growme_T1_05040511week_joy,0,0,0,,,,,,,,0,,,,,
2026-06-01,2026-06-29,20260512_GrowMe_EN_9x16_FX-test_ZT-likeCEO_RS-P3X1R1C3_fj,inactive,,,,260518_install_ios_vid_Growme_T1_05040511week_joy,0,0,0,,,,,,,,0,,,,,
2026-06-01,2026-06-29,20260511_growme_EN_9x16_FX-test_ZT-heimu_RS-P1X1R3C3_FJ_wxx,inactive,,,,260518_install_ios_vid_Growme_T1_05040511week_joy,0,0,0,,,,,,,,0,,,,,
2026-06-01,2026-06-29,20260511_growme_EN_9x16_FX-test_ZT-brain_RS-P1X1R3C3_wxx,not_delivering,,,,260518_install_ios_vid_Growme_T1_05040511week_joy,0,0,0,,,,,,,,0,,,,,
2026-06-01,2026-06-29,20260512_GrowMe_EN_9x16_FX-test_ZT-NewsBroadcast_RS-P3X1R1C3_fj,inactive,,,,260518_install_ios_vid_Growme_T1_05040511week_joy,0,0,0,,,,,,,,0,,,,,
2026-06-01,2026-06-29,20260512_growme_EN_9x16_FX-test_ZT-read_RS-P1X1R3C1_gy,inactive,,,,260518_install_ios_vid_Growme_T1_05040511week_joy,0,0,0,,,,,,,,0,,,,,
2026-06-01,2026-06-29,20260506_growme_EN_9x16_FX-test_ZT-patience_RS-P1X1R3C1_095KB-JR_RMG-3528,inactive,,,,260518_install_ios_vid_Growme_T1_05040511week_joy,0,0,0,,,,,,,,0,,,,,
2026-06-01,2026-06-29,20260513_GrowMe_EN_9x16_FX-test_ZT-jiaoben-2_RS-P3X1R1C3_fj,inactive,,,,260518_install_ios_vid_Growme_T1_05040511week_joy,0,0,0,,,,,,,,0,,,,,
2026-06-01,2026-06-29,20260513_GrowMe_EN_9x16_FX-test_ZT-jiaoben_RS-P3X1R1C3_fj,inactive,,,,260518_install_ios_vid_Growme_T1_05040511week_joy,0,0,0,,,,,,,,0,,,,,
2026-06-01,2026-06-29,"20260514_GrowMe_EN_9x16_FX-test_ZT- fly_RS-P3X1R1C3_fj",inactive,,,,260518_install_ios_vid_Growme_T1_05040511week_joy,0,0,0,,,,,,,,0,,,,,
2026-06-01,2026-06-29,20260514_growme_EN_9x16_FX-test_ZT-read_RS-P1X1R3C1_gy,inactive,,,,260518_install_ios_vid_Growme_T1_05040511week_joy,0,0,0,,,,,,,,0,,,,,
2026-06-01,2026-06-29,20260515_growme_EN_9x16_FX-test_ZT-app_RS-P1X1R3C3_wxx,not_delivering,,,,260518_install_ios_vid_Growme_T1_05040511week_joy,0,0,0,,,,,,,,0,,,,,
2026-06-01,2026-06-29,20260514_growme_EN_9x16_FX-test_ZT-slowenglish_RS-P1X1R3C3_wxx,inactive,,,,260518_install_ios_vid_Growme_T1_05040511week_joy,0,0,0,,,,,,,,0,,,,,
2026-06-01,2026-06-29,20260506_growme_EN_9x16_FX-test_ZT-acceptance_RS-P1X1R3C1_095KB-JR_RMG-3527,not_delivering,,,,260518_install_ios_vid_Growme_T1_05040511week_joy,0,0,0,,,,,,,,0,,,,,
2026-06-01,2026-06-29,20260515_growme_EN_9x16_FX-test_ZT-therapist_RS-P1X1R3C3_wxx,inactive,,,,260518_install_ios_vid_Growme_T1_05040511week_joy,0,0,0,,,,,,,,0,,,,,
2026-06-01,2026-06-29,20260506_growme_EN_9x16_FX-test_JB-010901_ZT-learn_RS-P2X1R1C1_095KB-HJ_RMG-3530A,inactive,,,,260518_install_ios_vid_Growme_T1_05040511week_joy,0,0,0,,,,,,,,0,,,,,
2026-06-01,2026-06-29,"20260511_GrowMe_EN_9x16_FX-test_ZT- speak-new_RS-P3X1R1C3_fj",not_delivering,,,,260518_install_ios_vid_Growme_T1_05040511week_joy,0,0,0,,,,,,,,0,,,,,
2026-06-01,2026-06-29,20260508_GrowMe_EN_9x16_FX-test_ZT-slowenglish-1_RS-P3X1R1C3_fj,inactive,,,,260518_install_ios_vid_Growme_T1_05040511week_joy,0,0,0,,,,,,,,0,,,,,
2026-06-01,2026-06-29,20260511_growme_EN_9x16_FX-test_ZT-asmr_RS-P1X1R3C1_gy,inactive,,,,260518_install_ios_vid_Growme_T1_05040511week_joy,0,0,0,,,,,,,,0,,,,,
2026-06-01,2026-06-29,20260511_growme_EN_9x16_FX-test_ZT-CEO_RS-P1X1R3C3_wxx,not_delivering,,,,260518_install_ios_vid_Growme_T1_05040511week_joy,0,0,0,,,,,,,,0,,,,,
2026-06-01,2026-06-29,20260515_growme_EN_9x16_FX-test_ZT-qiantie_RS-P1X1R3C3_wxx,inactive,,,,260518_install_ios_vid_Growme_T1_05040511week_joy,0,0,0,,,,,,,,0,,,,,
2026-06-01,2026-06-29,20260515_growme_EN_9x16_FX-test_ZT-SPEAK_RS-P1X1R3C1_gy,inactive,,,,260518_install_ios_vid_Growme_T1_05040511week_joy,0,0,0,,,,,,,,0,,,,,
2026-06-01,2026-06-29,20260514_growme_EN_9x16_FX-test_ZT-house_RS-P1X1R3C3_wxx,inactive,,,,260518_install_ios_vid_Growme_T1_05040511week_joy,0,0,0,,,,,,,,0,,,,,
2026-06-01,2026-06-29,20260506_GrowMe_EN_9x16_FX-test_ZT-easyenglish_RS-P3X1R1C3_fj,inactive,,,,260518_install_ios_vid_Growme_T1_05040511week_joy,0,0,0,,,,,,,,0,,,,,
2026-06-01,2026-06-29,"20260518_GrowMe_EN_9x16_FX-test_ZT- qiantie-pride_RS-P3X1R1C3_fj",inactive,,,,260519_install_ios_vid_Growme_T1_0518week_joy,0,0,0,,,,,,,,0,,,,,
2026-06-01,2026-06-29,"20260518_GrowMe_EN_9x16_FX-test_ZT- read bored-pride_RS-P3X1R1C3_fj",inactive,,,,260519_install_ios_vid_Growme_T1_0518week_joy,0,0,0,,,,,,,,0,,,,,
2026-06-01,2026-06-29,20260518_growme_EN_9x16_FX-test_ZT-atomichabits2_RS-P1X1R3C3_wxx,not_delivering,,,,260519_install_ios_vid_Growme_T1_0518week_joy,0,0,0,,,,,,,,0,,,,,
2026-06-01,2026-06-29,20260422_growme_EN_9x16_FX-test_ZT-driving_RS-P1X1R3C3_wxx,not_delivering,,,,260515_AAA_AEO-Purchase_ios_vid_Growme_T1_0420week_joy,0,0,0,,,,,,,,0,,,,,
2026-06-01,2026-06-29,"20260421_growme_EN_9x16_FX-test_ZT- B1_RS-P1X1R3C3_wxx",not_delivering,,,,260515_AAA_AEO-Purchase_ios_vid_Growme_T1_0420week_joy,0,0,0,,,,,,,,0,,,,,
2026-06-01,2026-06-29,20260518_growme_EN_9x16_FX-test_ZT-atomichabits_RS-P1X1R3C3_wxx,not_delivering,,,,260519_install_ios_vid_Growme_T1_0518week_joy,0,0,0,,,,,,,,0,,,,,
2026-06-01,2026-06-29,20260518_growme_EN_9x16_FX-test_ZT-remember_RS-P1X1R3C3_wxx,not_delivering,,,,260519_install_ios_vid_Growme_T1_0518week_joy,0,0,0,,,,,,,,0,,,,,
2026-06-01,2026-06-29,20260518_growme_EN_9x16_FX-test_ZT-SPEAK_RS-P1X1R3C1_gy,inactive,,,,260519_install_ios_vid_Growme_T1_0518week_joy,0,0,0,,,,,,,,0,,,,,
2026-06-01,2026-06-29,20260518_growme_EN_9x16_FX-test_ZT-read1_RS-P1X1R3C1_gy,inactive,,,,260519_install_ios_vid_Growme_T1_0518week_joy,0,0,0,,,,,,,,0,,,,,
2026-06-01,2026-06-29,"20260519_GrowMe_EN_9x16_FX-test_ZT- 5am_RS-P3X1R1C3_fj",inactive,,,,260519_install_ios_vid_Growme_T1_0518week_joy,0,0,0,,,,,,,,0,,,,,
2026-06-01,2026-06-29,"20260519_GrowMe_EN_9x16_FX-test_ZT- authentic_RS-P3X1R1C3_fj",not_delivering,,,,260519_install_ios_vid_Growme_T1_0518week_joy,0,0,0,,,,,,,,0,,,,,
2026-06-01,2026-06-29,20260519_growme_EN_9x16_FX-test_ZT-slowenglish_RS-P1X1R3C3_wxx,inactive,,,,260519_install_ios_vid_Growme_T1_0518week_joy,0,0,0,,,,,,,,0,,,,,
2026-06-01,2026-06-29,20260519_growme_EN_9x16_FX-test_ZT-slow_RS-P1X1R3C3_wxx,inactive,,,,260519_install_ios_vid_Growme_T1_0518week_joy,0,0,0,,,,,,,,0,,,,,
2026-06-01,2026-06-29,20260519_growme_EN_9x16_FX-test_ZT-atomichabit_RS-P1X1R3C3_wxx,not_delivering,,,,260519_install_ios_vid_Growme_T1_0518week_joy,0,0,0,,,,,,,,0,,,,,
2026-06-01,2026-06-29,20260519_growme_EN_9x16_FX-test_ZT-bathroom_RS-P1X1R3C1_gy,inactive,,,,260519_install_ios_vid_Growme_T1_0518week_joy,0,0,0,,,,,,,,0,,,,,
2026-06-01,2026-06-29,20260512_GrowMe_EN_9x16_FX-test_ZT-slowread_RS-P3X1R1C3_fj,inactive,,,,260518_install_ios_vid_Growme_T1_05040511week_joy,0,0,0,,,,,,,,0,,,,,
2026-06-01,2026-06-29,20260519_growme_EN_9x16_FX-test_ZT-read_RS-P1X1R3C1_gy,inactive,,,,260519_install_ios_vid_Growme_T1_0518week_joy,0,0,0,,,,,,,,0,,,,,
2026-06-01,2026-06-29,20260519_growme_EN_9x16_FX-test_ZT-job1_RS-P1X1R3C1_gy,inactive,,,,260519_install_ios_vid_Growme_T1_0518week_joy,0,0,0,,,,,,,,0,,,,,
2026-06-01,2026-06-29,"20260520_GrowMe_EN_9x16_FX-test_ZT- m-authentic_RS-P3X1R1C3_fj",inactive,,,,260519_install_ios_vid_Growme_T1_0518week_joy,0,0,0,,,,,,,,0,,,,,
2026-06-01,2026-06-29,20260520_growme_EN_9x16_FX-test_ZT-slowenglish_RS-P1X1R3C3_wxx,inactive,,,,260519_install_ios_vid_Growme_T1_0518week_joy,0,0,0,,,,,,,,0,,,,,
2026-06-01,2026-06-29,20260520_growme_EN_9x16_FX-test_ZT-daily_RS-P1X1R3C3_wxx,inactive,,,,260519_install_ios_vid_Growme_T1_0518week_joy,0,0,0,,,,,,,,0,,,,,
2026-06-01,2026-06-29,20260520_growme_EN_9x16_FX-test_ZT-app_RS-P1X1R3C1_gy,not_delivering,,,,260519_install_ios_vid_Growme_T1_0518week_joy,0,0,0,,,,,,,,0,,,,,
2026-06-01,2026-06-29,20251226_growme_EN_9x16_FX-test_ZT-read_RS-P1X1R3C1_gy,not_delivering,,,,260512_AAA_AEO-Purchase_ios_vid_Growme_T2T3高roi_字幕类打包_joy,0,0,0,,,,,,,,0,,,,,
2026-06-01,2026-06-29,20251216_growme_EN_9x16_FX-book_ZT-dazibao_RS-P1X1R3C3_wxx,not_delivering,,,,260512_AAA_AEO-Purchase_ios_vid_Growme_T2T3高roi_字幕类打包_joy,0,0,0,,,,,,,,0,,,,,
2026-06-01,2026-06-29,20250105_growme_EN_9x16_FX-test_ZT-read_RS-P1X1R3C1_gy,not_delivering,,,,260512_AAA_AEO-Purchase_ios_vid_Growme_T2T3高roi_字幕类打包_joy,0,0,0,,,,,,,,0,,,,,
2026-06-01,2026-06-29,"20260106_GrowMe_EN_9x16_FX-test_ZT- night_RS-P3X1R1C3_fj",not_delivering,,,,260512_AAA_AEO-Purchase_ios_vid_Growme_T2T3高roi_字幕类打包_joy,0,0,0,,,,,,,,0,,,,,
2026-06-01,2026-06-29,20260113_growme_EN_9x16_FX-test_ZT-speak_RS-P1X1R3C1_gy,not_delivering,,,,260512_AAA_AEO-Purchase_ios_vid_Growme_T2T3高roi_字幕类打包_joy,0,0,0,,,,,,,,0,,,,,
2026-06-01,2026-06-29,20260507_growme_VI_9x16_FX-test_ZT-education_RS-P1X1R3C1_gy,archived,,,,260522_AAA_AEO-Purchase_ios_vid_Growme_VI_0511week_joy,0,0,0,,,,,,,,0,,,,,
2026-06-01,2026-06-29,"20260509_GrowMe_VI_9x16_FX-test_ZT- read_RS-P3X1R1C3_fj",archived,,,,260522_AAA_AEO-Purchase_ios_vid_Growme_VI_0511week_joy,0,0,0,,,,,,,,0,,,,,
2026-06-01,2026-06-29,20260514_growme_VI_9x16_FX-test_ZT-slowenglish_RS-P1X1R3C3_wxx,archived,,,,260522_AAA_AEO-Purchase_ios_vid_Growme_VI_0511week_joy,0,0,0,,,,,,,,0,,,,,
2026-06-01,2026-06-29,20260511_growme_VI_9x16_FX-test_ZT-train_RS-P1X1R3C3_wxx,archived,,,,260522_AAA_AEO-Purchase_ios_vid_Growme_VI_0511week_joy,0,0,0,,,,,,,,0,,,,,
2026-06-01,2026-06-29,20260512_growme_VI_9x16_FX-test_ZT-read_RS-P1X1R3C1_gy,archived,,,,260522_AAA_AEO-Purchase_ios_vid_Growme_VI_0511week_joy,0,0,0,,,,,,,,0,,,,,
2026-06-01,2026-06-29,20260506_growme_VI_9x16_FX-test_ZT-slow-english_RS-P1X1R3C3_wxx,archived,,,,260522_AAA_AEO-Purchase_ios_vid_Growme_VI_0511week_joy,0,0,0,,,,,,,,0,,,,,
2026-06-01,2026-06-29,20260512_GrowMe_VI_9x16_FX-test_ZT-present_RS-P3X1R1C3_fj,archived,,,,260522_AAA_AEO-Purchase_ios_vid_Growme_VI_0511week_joy,0,0,0,,,,,,,,0,,,,,
2026-06-01,2026-06-29,20260507_growme_VI_9x16_FX-test_ZT-20book_RS-P1X1R3C3_wxx,archived,,,,260522_AAA_AEO-Purchase_ios_vid_Growme_VI_0511week_joy,0,0,0,,,,,,,,0,,,,,
2026-06-01,2026-06-29,20260511_growme_VI_9x16_FX-test_ZT-heimu_RS-P1X1R3C3_FJ_wxx,archived,,,,260522_AAA_AEO-Purchase_ios_vid_Growme_VI_0511week_joy,0,0,0,,,,,,,,0,,,,,
2026-06-01,2026-06-29,20260514_GrowMe_VI_9x16_FX-test_ZT-energy_RS-P3X1R1C3_fj,archived,,,,260522_AAA_AEO-Purchase_ios_vid_Growme_VI_0511week_joy,0,0,0,,,,,,,,0,,,,,
2026-06-01,2026-06-29,20260514_growme_VI_9x16_FX-test_ZT-read_RS-P1X1R3C1_gy,archived,,,,260522_AAA_AEO-Purchase_ios_vid_Growme_VI_0511week_joy,0,0,0,,,,,,,,0,,,,,
2026-06-01,2026-06-29,"20260521_GrowMe_EN_9x16_FX-test_ZT- m- learn_RS-P3X1R1C3_fj",inactive,,,,260519_install_ios_vid_Growme_T1_0518week_joy,0,0,0,,,,,,,,0,,,,,
2026-06-01,2026-06-29,"20260521_GrowMe_EN_9x16_FX-test_ZT- m-friend_RS-P3X1R1C3_fj",inactive,,,,260519_install_ios_vid_Growme_T1_0518week_joy,0,0,0,,,,,,,,0,,,,,
2026-06-01,2026-06-29,20260521_growme_EN_9x16_FX-test_ZT-slowenglish_RS-P1X1R3C3_wxx,inactive,,,,260519_install_ios_vid_Growme_T1_0518week_joy,0,0,0,,,,,,,,0,,,,,
2026-06-01,2026-06-29,20260521_growme_EN_9x16_FX-test_ZT-B2_RS-P1X1R3C3_wxx,inactive,,,,260519_install_ios_vid_Growme_T1_0518week_joy,0,0,0,,,,,,,,0,,,,,
2026-06-01,2026-06-29,20260521_growme_EN_9x16_FX-test_ZT-train_RS-P1X1R3C3_wxx,inactive,,,,260519_install_ios_vid_Growme_T1_0518week_joy,0,0,0,,,,,,,,0,,,,,
2026-06-01,2026-06-29,20260521_growme_EN_9x16_FX-test_ZT-list_RS-P1X1R3C1_gy,inactive,,,,260519_install_ios_vid_Growme_T1_0518week_joy,0,0,0,,,,,,,,0,,,,,
2026-06-01,2026-06-29,20260521_growme_EN_9x16_FX-test_ZT-zixin_RS-P1X1R3C1_gy,inactive,,,,260519_install_ios_vid_Growme_T1_0518week_joy,0,0,0,,,,,,,,0,,,,,
2026-06-01,2026-06-29,20260522_GrowMe_EN_9x16_FX-test_ZT-b2_RS-P3X1R1C3_fj,inactive,,,,260519_install_ios_vid_Growme_T1_0518week_joy,0,0,0,,,,,,,,0,,,,,
2026-06-01,2026-06-29,20260522_GrowMe_EN_9x16_FX-test_ZT-wenan_RS-P3X1R1C3_wxx_fj,inactive,,,,260519_install_ios_vid_Growme_T1_0518week_joy,0,0,0,,,,,,,,0,,,,,
2026-06-01,2026-06-29,20260522_growme_EN_9x16_FX-test_ZT-read_RS-P1X1R3C1_gy,inactive,,,,260519_install_ios_vid_Growme_T1_0518week_joy,0,0,0,,,,,,,,0,,,,,
2026-06-01,2026-06-29,20260521_growme_EN_9x16_FX-test_ZT-train_RS-P1X1R3C3_wxx,inactive,,,,260522_AAA_AEO-Purchase_ios_vid_Growme_0518week_turkey_joy,0,0,0,,,,,,,,0,,,,,
2026-06-01,2026-06-29,"20260518_GrowMe_TR_9x16_FX-test_ZT-try new_RS-P3X1R1C3_fj",inactive,,,,260522_AAA_AEO-Purchase_ios_vid_Growme_0518week_turkey_joy,0,0,0,,,,,,,,0,,,,,
2026-06-01,2026-06-29,"20260519_GrowMe_TR_9x16_FX-test_ZT- 5am_RS-P3X1R1C3_fj",inactive,,,,260522_AAA_AEO-Purchase_ios_vid_Growme_0518week_turkey_joy,0,0,0,,,,,,,,0,,,,,
2026-06-01,2026-06-29,20260522_growme_TR_9x16_FX-test_ZT-B2_RS-P1X1R3C3_wxx,not_delivering,,,,260522_AAA_AEO-Purchase_ios_vid_Growme_0518week_turkey_joy,0,0,0,,,,,,,,0,,,,,
2026-06-01,2026-06-29,20260519_growme_TR_9x16_FX-test_ZT-slowenglish_RS-P1X1R3C3_wxx,inactive,,,,260522_AAA_AEO-Purchase_ios_vid_Growme_0518week_turkey_joy,0,0,0,,,,,,,,0,,,,,
2026-06-01,2026-06-29,20260522_growme_TR_9x16_FX-test_ZT-daily_RS-P1X1R3C1_gy,inactive,,,,260522_AAA_AEO-Purchase_ios_vid_Growme_0518week_turkey_joy,0,0,0,,,,,,,,0,,,,,
2026-06-01,2026-06-29,20260519_growme_TR_9x16_FX-test_ZT-atomic_RS-P1X1R3C3_wxx,inactive,,,,260522_AAA_AEO-Purchase_ios_vid_Growme_0518week_turkey_joy,0,0,0,,,,,,,,0,,,,,
2026-06-01,2026-06-29,20260522_GrowMe_TR_9x16_FX-test_ZT-wenan_RS-P3X1R1C3_wxx_fj,inactive,,,,260522_AAA_AEO-Purchase_ios_vid_Growme_0518week_turkey_joy,0,0,0,,,,,,,,0,,,,,
2026-06-01,2026-06-29,20260522_growme_TR_9x16_FX-test_ZT-read_RS-P1X1R3C1_gy,not_delivering,,,,260522_AAA_AEO-Purchase_ios_vid_Growme_0518week_turkey_joy,0,0,0,,,,,,,,0,,,,,
2026-06-01,2026-06-29,20260521_growme_TR_9x16_FX-test_ZT-zixin_RS-P1X1R3C1_gy,inactive,,,,260522_AAA_AEO-Purchase_ios_vid_Growme_0518week_turkey_joy,0,0,0,,,,,,,,0,,,,,
2026-06-01,2026-06-29,"20260519_GrowMe_TR_9x16_FX-test_ZT- authentic_RS-P3X1R1C3_fj",inactive,,,,260522_AAA_AEO-Purchase_ios_vid_Growme_0518week_turkey_joy,0,0,0,,,,,,,,0,,,,,
2026-06-01,2026-06-29,"20260519_GrowMe_VI_9x16_FX-test_ZT- 5am_RS-P3X1R1C3_fj",not_delivering,,,,260522_AAA_AEO-Purchase_ios_vid_Growme_0518week_vi_joy,0,0,0,,,,,,,,0,,,,,
2026-06-01,2026-06-29,20260522_GrowMe_VI_9x16_FX-test_ZT-wenan_RS-P3X1R1C3_wxx_fj,not_delivering,,,,260522_AAA_AEO-Purchase_ios_vid_Growme_0518week_vi_joy,0,0,0,,,,,,,,0,,,,,
2026-06-01,2026-06-29,20260521_growme_VI_9x16_FX-test_ZT-zixin_RS-P1X1R3C1_gy,not_delivering,,,,260522_AAA_AEO-Purchase_ios_vid_Growme_0518week_vi_joy,0,0,0,,,,,,,,0,,,,,
2026-06-01,2026-06-29,20260522_growme_VI_9x16_FX-test_ZT-B2_RS-P1X1R3C3_wxx,not_delivering,,,,260522_AAA_AEO-Purchase_ios_vid_Growme_0518week_vi_joy,0,0,0,,,,,,,,0,,,,,
2026-06-01,2026-06-29,20260519_growme_VI_9x16_FX-test_ZT-slowenglish_RS-P1X1R3C3_wxx,not_delivering,,,,260522_AAA_AEO-Purchase_ios_vid_Growme_0518week_vi_joy,0,0,0,,,,,,,,0,,,,,
2026-06-01,2026-06-29,20260522_growme_VI_9x16_FX-test_ZT-read_RS-P1X1R3C1_gy,not_delivering,,,,260522_AAA_AEO-Purchase_ios_vid_Growme_0518week_vi_joy,0,0,0,,,,,,,,0,,,,,
2026-06-01,2026-06-29,20260519_growme_VI_9x16_FX-test_ZT-atomic_RS-P1X1R3C3_wxx,not_delivering,,,,260522_AAA_AEO-Purchase_ios_vid_Growme_0518week_vi_joy,0,0,0,,,,,,,,0,,,,,
2026-06-01,2026-06-29,"20260519_GrowMe_VI_9x16_FX-test_ZT- authentic_RS-P3X1R1C3_fj",not_delivering,,,,260522_AAA_AEO-Purchase_ios_vid_Growme_0518week_vi_joy,0,0,0,,,,,,,,0,,,,,
2026-06-01,2026-06-29,"20260518_GrowMe_VI_9x16_FX-test_ZT-try new_RS-P3X1R1C3_fj",not_delivering,,,,260522_AAA_AEO-Purchase_ios_vid_Growme_0518week_vi_joy,0,0,0,,,,,,,,0,,,,,
2026-06-01,2026-06-29,20260521_growme_EN_9x16_FX-test_ZT-list_RS-P1X1R3C1_gy,not_delivering,,,,260525_AAA_AEO-Purchase_ios_vid_Growme_WW_0518week_joy,0,0,0,,,,,,,,0,,,,,
2026-06-01,2026-06-29,20260520_growme_EN_9x16_FX-test_ZT-app_RS-P1X1R3C1_gy,not_delivering,,,,260525_AAA_AEO-Purchase_ios_vid_Growme_WW_0518week_joy,0,0,0,,,,,,,,0,,,,,
2026-06-01,2026-06-29,"20260519_GrowMe_EN_9x16_FX-test_ZT- authentic_RS-P3X1R1C3_fj",not_delivering,,,,260525_AAA_AEO-Purchase_ios_vid_Growme_WW_0518week_joy,0,0,0,,,,,,,,0,,,,,
2026-06-01,2026-06-29,20260519_growme_EN_9x16_FX-test_ZT-bathroom_RS-P1X1R3C1_gy,not_delivering,,,,260525_AAA_AEO-Purchase_ios_vid_Growme_WW_0518week_joy,0,0,0,,,,,,,,0,,,,,
2026-06-01,2026-06-29,20260519_growme_EN_9x16_FX-test_ZT-job1_RS-P1X1R3C1_gy,not_delivering,,,,260525_AAA_AEO-Purchase_ios_vid_Growme_WW_0518week_joy,0,0,0,,,,,,,,0,,,,,
2026-06-01,2026-06-29,"20260521_GrowMe_EN_9x16_FX-test_ZT- m- learn_RS-P3X1R1C3_fj",not_delivering,,,,260525_AAA_AEO-Purchase_ios_vid_Growme_WW_0518week_joy,0,0,0,,,,,,,,0,,,,,
2026-06-01,2026-06-29,20260519_growme_EN_9x16_FX-test_ZT-read_RS-P1X1R3C1_gy,not_delivering,,,,260525_AAA_AEO-Purchase_ios_vid_Growme_WW_0518week_joy,0,0,0,,,,,,,,0,,,,,
2026-06-01,2026-06-29,20260520_growme_EN_9x16_FX-test_ZT-slowenglish_RS-P1X1R3C3_wxx,not_delivering,,,,260525_AAA_AEO-Purchase_ios_vid_Growme_WW_0518week_joy,0,0,0,,,,,,,,0,,,,,
2026-06-01,2026-06-29,20260519_growme_EN_9x16_FX-test_ZT-slowenglish_RS-P1X1R3C3_wxx,not_delivering,,,,260525_AAA_AEO-Purchase_ios_vid_Growme_WW_0518week_joy,0,0,0,,,,,,,,0,,,,,
2026-06-01,2026-06-29,"20260521_GrowMe_EN_9x16_FX-test_ZT- m-friend_RS-P3X1R1C3_fj",not_delivering,,,,260525_AAA_AEO-Purchase_ios_vid_Growme_WW_0518week_joy,0,0,0,,,,,,,,0,,,,,
2026-06-01,2026-06-29,20260520_growme_EN_9x16_FX-test_ZT-daily_RS-P1X1R3C3_wxx,not_delivering,,,,260525_AAA_AEO-Purchase_ios_vid_Growme_WW_0518week_joy,0,0,0,,,,,,,,0,,,,,
2026-06-01,2026-06-29,20260521_growme_EN_9x16_FX-test_ZT-train_RS-P1X1R3C3_wxx,not_delivering,,,,260525_AAA_AEO-Purchase_ios_vid_Growme_WW_0518week_joy,0,0,0,,,,,,,,0,,,,,
2026-06-01,2026-06-29,20260521_growme_EN_9x16_FX-test_ZT-B2_RS-P1X1R3C3_wxx,not_delivering,,,,260525_AAA_AEO-Purchase_ios_vid_Growme_WW_0518week_joy,0,0,0,,,,,,,,0,,,,,
2026-06-01,2026-06-29,20260521_growme_EN_9x16_FX-test_ZT-purple_RS-P1X1R3C3_wxx,not_delivering,,,,260525_AAA_AEO-Purchase_ios_vid_Growme_WW_0518week_joy,0,0,0,,,,,,,,0,,,,,
2026-06-01,2026-06-29,20260521_growme_EN_9x16_FX-test_ZT-slowenglish_RS-P1X1R3C3_wxx,not_delivering,,,,260525_AAA_AEO-Purchase_ios_vid_Growme_WW_0518week_joy,0,0,0,,,,,,,,0,,,,,
2026-06-01,2026-06-29,20260522_GrowMe_EN_9x16_FX-test_ZT-b2_RS-P3X1R1C3_fj,not_delivering,,,,260525_AAA_AEO-Purchase_ios_vid_Growme_WW_0518week_joy,0,0,0,,,,,,,,0,,,,,
2026-06-01,2026-06-29,20260522_growme_EN_9x16_FX-test_ZT-read_RS-P1X1R3C1_gy,not_delivering,,,,260525_AAA_AEO-Purchase_ios_vid_Growme_WW_0518week_joy,0,0,0,,,,,,,,0,,,,,
2026-06-01,2026-06-29,20260522_growme_EN_9x16_FX-test_ZT-power_RS-P1X1R3C3_wxx,not_delivering,,,,260525_AAA_AEO-Purchase_ios_vid_Growme_WW_0518week_joy,0,0,0,,,,,,,,0,,,,,
2026-06-01,2026-06-29,20260522_growme_EN_9x16_FX-test_ZT-nvsheng_RS-P1X1R3C3_wxx,not_delivering,,,,260525_AAA_AEO-Purchase_ios_vid_Growme_WW_0518week_joy,0,0,0,,,,,,,,0,,,,,
2026-06-01,2026-06-29,20260522_GrowMe_EN_9x16_FX-test_ZT-wenan_RS-P3X1R1C3_wxx_fj,not_delivering,,,,260525_AAA_AEO-Purchase_ios_vid_Growme_WW_0518week_joy,0,0,0,,,,,,,,0,,,,,
2026-06-01,2026-06-29,20260522_growme_EN_9x16_FX-test_ZT-atomic_RS-P1X1R3C3_wxx,not_delivering,,,,260525_AAA_AEO-Purchase_ios_vid_Growme_WW_0518week_joy,0,0,0,,,,,,,,0,,,,,
2026-06-01,2026-06-29,20260519_growme_EN_9x16_FX-test_ZT-atomichabit_RS-P1X1R3C3_wxx,not_delivering,,,,260525_AAA_AEO-Purchase_ios_vid_Growme_WW_0518week_joy,0,0,0,,,,,,,,0,,,,,
2026-06-01,2026-06-29,20260519_growme_EN_9x16_FX-test_ZT-slow_RS-P1X1R3C3_wxx,not_delivering,,,,260525_AAA_AEO-Purchase_ios_vid_Growme_WW_0518week_joy,0,0,0,,,,,,,,0,,,,,
2026-06-01,2026-06-29,20260522_growme_EN_9x16_FX-test_ZT-ai_RS-P1X1R3C3_wxx,not_delivering,,,,260525_AAA_AEO-Purchase_ios_vid_Growme_WW_0518week_joy,0,0,0,,,,,,,,0,,,,,
2026-06-01,2026-06-29,20260521_growme_EN_9x16_FX-test_ZT-zixin_RS-P1X1R3C1_gy,not_delivering,,,,260525_AAA_AEO-Purchase_ios_vid_Growme_WW_0518week_joy,0,0,0,,,,,,,,0,,,,,
2026-06-01,2026-06-29,20260518_growme_EN_9x16_FX-test_ZT-atomichabits2_RS-P1X1R3C3_wxx,not_delivering,,,,260525_AAA_AEO-Purchase_ios_vid_Growme_WW_0518week_joy,0,0,0,,,,,,,,0,,,,,
2026-06-01,2026-06-29,"20260518_GrowMe_EN_9x16_FX-test_ZT- read bored-pride_RS-P3X1R1C3_fj",not_delivering,,,,260525_AAA_AEO-Purchase_ios_vid_Growme_WW_0518week_joy,0,0,0,,,,,,,,0,,,,,
2026-06-01,2026-06-29,"20260518_GrowMe_EN_9x16_FX-test_ZT- qiantie-pride_RS-P3X1R1C3_fj",not_delivering,,,,260525_AAA_AEO-Purchase_ios_vid_Growme_WW_0518week_joy,0,0,0,,,,,,,,0,,,,,
2026-06-01,2026-06-29,"20260520_GrowMe_EN_9x16_FX-test_ZT- m-authentic_RS-P3X1R1C3_fj",not_delivering,,,,260525_AAA_AEO-Purchase_ios_vid_Growme_WW_0518week_joy,0,0,0,,,,,,,,0,,,,,
2026-06-01,2026-06-29,20260518_growme_EN_9x16_FX-test_ZT-SPEAK_RS-P1X1R3C1_gy,not_delivering,,,,260525_AAA_AEO-Purchase_ios_vid_Growme_WW_0518week_joy,0,0,0,,,,,,,,0,,,,,
2026-06-01,2026-06-29,20260518_growme_EN_9x16_FX-test_ZT-read1_RS-P1X1R3C1_gy,not_delivering,,,,260525_AAA_AEO-Purchase_ios_vid_Growme_WW_0518week_joy,0,0,0,,,,,,,,0,,,,,
2026-06-01,2026-06-29,20251223_growme_EN_9x16_FX-book_ZT-speak_RS-P1X1R3C3_wxx,not_delivering,,,,260513_AAA_AEO-Purchase_ios_vid_Growme_T1_1222week_字幕式_joy,0,0,0,,,,,,,,0,,,,,
2026-06-01,2026-06-29,20251226_growme_EN_9x16_FX-test_ZT-forgive_RS-P1X1R3C1_gy,not_delivering,,,,260513_AAA_AEO-Purchase_ios_vid_Growme_T1_1222week_字幕式_joy,0,0,0,,,,,,,,0,,,,,
2026-06-01,2026-06-29,20251226_growme_EN_9x16_FX-test_ZT-read_RS-P1X1R3C1_gy,not_delivering,,,,260513_AAA_AEO-Purchase_ios_vid_Growme_T1_1222week_字幕式_joy,0,0,0,,,,,,,,0,,,,,
2026-06-01,2026-06-29,"20260519_GrowMe_EN_9x16_FX-test_ZT- 5am_RS-P3X1R1C3_fj",not_delivering,,,,260525_AAA_AEO-Purchase_ios_vid_Growme_WW_0518week_joy,0,0,0,,,,,,,,0,,,,,
2026-06-01,2026-06-29,20260518_growme_EN_9x16_FX-test_ZT-remember_RS-P1X1R3C3_wxx,not_delivering,,,,260525_AAA_AEO-Purchase_ios_vid_Growme_WW_0518week_joy,0,0,0,,,,,,,,0,,,,,
2026-06-01,2026-06-29,20260518_growme_EN_9x16_FX-test_ZT-atomichabits_RS-P1X1R3C3_wxx,not_delivering,,,,260525_AAA_AEO-Purchase_ios_vid_Growme_WW_0518week_joy,0,0,0,,,,,,,,0,,,,,
2026-06-01,2026-06-29,20260525_GrowMe_EN_9x16_FX-test_ZT-timedont_RS-P3X1R1C3_fj,not_delivering,,,,260526_AAA_AEO-Purchase_ios_vid_Growme_WW_0525_joy,69,1.884058,0.13,,,,,,,,0,,15.942029,,,
2026-06-01,2026-06-29,20260525_GrowMe_EN_9x16_FX-test_ZT-talkabout_RS-P3X1R1C3_fj,not_delivering,,,,260526_AAA_AEO-Purchase_ios_vid_Growme_WW_0525_joy,413,1.937046,0.8,1,0.8,,,,,,2.179177,0.33333333,23.002421,11,,
2026-06-01,2026-06-29,20260525_GrowMe_EN_9x16_FX-test_ZT-learning_RS-P3X1R1C3_fj,not_delivering,,,,260526_AAA_AEO-Purchase_ios_vid_Growme_WW_0525_joy,21,3.333333,0.07,,,,,,,,0,,28.571429,1,,
2026-06-01,2026-06-29,20260525_GrowMe_EN_9x16_FX-test_ZT-news_RS-P3X1R1C3_fj,not_delivering,,,,260526_AAA_AEO-Purchase_ios_vid_Growme_WW_0525_joy,385,2.987013,1.15,,,,,,,,0.779221,0,12.467532,,,
2026-06-01,2026-06-29,20260525_GrowMe_EN_9x16_FX-test_ZT-confidence_RS-P3X1R1C3_fj,not_delivering,,,,260526_AAA_AEO-Purchase_ios_vid_Growme_WW_0525_joy,25,3.6,0.09,,,,,,,,0,,16,,,
2026-06-01,2026-06-29,20260525_GrowMe_EN_9x16_FX-test_ZT-hello-ai_RS-P3X1R1C3_fj,not_delivering,,,,260526_AAA_AEO-Purchase_ios_vid_Growme_WW_0525_joy,521,1.516315,0.79,,,,,,,,0.959693,0,22.264875,7,,
2026-06-01,2026-06-29,20260525_growme_EN_9x16_FX-test_ZT-confidence_RS-P1X1R3C1_gy,not_delivering,,,,260526_AAA_AEO-Purchase_ios_vid_Growme_WW_0525_joy,208,2.307692,0.48,,,,,,,,1.923077,0,27.403846,,,
2026-06-01,2026-06-29,20260525_growme_EN_9x16_FX-test_ZT-read_RS-P1X1R3C1_gy,not_delivering,,,,260526_AAA_AEO-Purchase_ios_vid_Growme_WW_0525_joy,281,5.836299,1.64,1,1.64,,,,,,1.423488,0.25,19.572954,3,,
2026-06-01,2026-06-29,20260525_growme_EN_9x16_FX-test_ZT-zixin_RS-P1X1R3C1_gy,not_delivering,,,,260526_AAA_AEO-Purchase_ios_vid_Growme_WW_0525_joy,10,2,0.02,,,,,,,,10,,,,,
2026-06-01,2026-06-29,20260525_growme_EN_9x16_FX-test_ZT-education_RS-P1X1R3C1_gy,not_delivering,,,,260526_AAA_AEO-Purchase_ios_vid_Growme_WW_0525_joy,91,2.527473,0.23,,,,,,,,3.296703,0,26.373626,,,
2026-06-01,2026-06-29,20260525_growme_EN_9x16_FX-test_ZT-opinion_RS-P1X1R3C1_gy,not_delivering,,,,260526_AAA_AEO-Purchase_ios_vid_Growme_WW_0525_joy,751,2.609854,1.96,5,0.392,,,,,,1.864181,0.5,16.77763,5,,
2026-06-01,2026-06-29,20260525_growme_EN_9x16_FX-test_ZT-love_RS-P1X1R3C1_gy,inactive,,,,260526_AAA_AEO-Purchase_ios_vid_Growme_WW_0525_joy,2203,1.706764,3.76,1,3.76,,,,,,2.451203,0.03703704,21.470722,36,,
2026-06-01,2026-06-29,20260525_growme_EN_9x16_FX-test_ZT-niupizhi_RS-P1X1R3C1_gy,not_delivering,625,actions:app_custom_event.fb_mobile_purchase,30.451424,260526_AAA_AEO-Purchase_ios_vid_Growme_WW_0525_joy,10822786,1.758525,19032.14,17468,1.089543,1080,17.622352,625,30.451424,0.667612,1.267465,0.340467,13.12395,98730,,
2026-06-01,2026-06-29,20260525_growme_EN_9x16_FX-test_ZT-niupizhi_RS-P1X1R3C1_gy,not_delivering,,,,260526_AAA_AEO-Purchase_ios_vid_Growme_T1_0525_joy,0,0,0,,,,,,,,0,,,,,
2026-06-01,2026-06-29,20260525_growme_EN_9x16_FX-test_ZT-love_RS-P1X1R3C1_gy,not_delivering,,,,260526_AAA_AEO-Purchase_ios_vid_Growme_T1_0525_joy,0,0,0,,,,,,,,0,,,,,
2026-06-01,2026-06-29,20260525_growme_EN_9x16_FX-test_ZT-zixin_RS-P1X1R3C1_gy,not_delivering,,,,260526_AAA_AEO-Purchase_ios_vid_Growme_T1_0525_joy,0,0,0,,,,,,,,0,,,,,
2026-06-01,2026-06-29,20260525_growme_EN_9x16_FX-test_ZT-opinion_RS-P1X1R3C1_gy,not_delivering,,,,260526_AAA_AEO-Purchase_ios_vid_Growme_T1_0525_joy,0,0,0,,,,,,,,0,,,,,
2026-06-01,2026-06-29,20260525_growme_EN_9x16_FX-test_ZT-read_RS-P1X1R3C1_gy,not_delivering,,,,260526_AAA_AEO-Purchase_ios_vid_Growme_T1_0525_joy,0,0,0,,,,,,,,0,,,,,
2026-06-01,2026-06-29,20260402_growme_TR_9x16_FX-test_ZT-life_RS-P1X1R3C3_wxx,not_delivering,,,,260512_AAA_AEO-Purchase_ios_vid_Growme_turkey_0330week_joy,0,0,0,,,,,,,,0,,,,,
2026-06-01,2026-06-29,"20260402_GrowMe_TR_9x16_FX-test_ZT- voice_RS-P3X1R1C3_fj",not_delivering,,,,260512_AAA_AEO-Purchase_ios_vid_Growme_turkey_0330week_joy,0,0,0,,,,,,,,0,,,,,
2026-06-01,2026-06-29,20260402_growme_TR_9x16_FX-test_ZT-read2_RS-P1X1R3C1_gy,not_delivering,1,actions:app_custom_event.fb_mobile_purchase,36.94,260512_AAA_AEO-Purchase_ios_vid_Growme_turkey_0330week_joy,45007,0.820761,36.94,44,0.839545,1,36.94,1,36.94,0.229291,0.984291,0.29139073,11.324905,181,,
2026-06-01,2026-06-29,20260402_growme_TR_9x16_FX-test_ZT-read_RS-P1X1R3C1_gy,not_delivering,,,,260512_AAA_AEO-Purchase_ios_vid_Growme_turkey_0330week_joy,0,0,0,,,,,,,,0,,,,,
2026-06-01,2026-06-29,20260525_growme_EN_9x16_FX-test_ZT-confidence_RS-P1X1R3C1_gy,not_delivering,,,,260526_AAA_AEO-Purchase_ios_vid_Growme_T1_0525_joy,0,0,0,,,,,,,,0,,,,,
2026-06-01,2026-06-29,20260525_GrowMe_EN_9x16_FX-test_ZT-hello-ai_RS-P3X1R1C3_fj,not_delivering,,,,260526_AAA_AEO-Purchase_ios_vid_Growme_T1_0525_joy,0,0,0,,,,,,,,0,,,,,
2026-06-01,2026-06-29,20260525_growme_EN_9x16_FX-test_ZT-education_RS-P1X1R3C1_gy,not_delivering,,,,260526_AAA_AEO-Purchase_ios_vid_Growme_T1_0525_joy,0,0,0,,,,,,,,0,,,,,
2026-06-01,2026-06-29,20260525_GrowMe_EN_9x16_FX-test_ZT-learning_RS-P3X1R1C3_fj,not_delivering,,,,260526_AAA_AEO-Purchase_ios_vid_Growme_T1_0525_joy,0,0,0,,,,,,,,0,,,,,
2026-06-01,2026-06-29,20260525_GrowMe_EN_9x16_FX-test_ZT-news_RS-P3X1R1C3_fj,not_delivering,,,,260526_AAA_AEO-Purchase_ios_vid_Growme_T1_0525_joy,0,0,0,,,,,,,,0,,,,,
2026-06-01,2026-06-29,20260525_GrowMe_EN_9x16_FX-test_ZT-confidence_RS-P3X1R1C3_fj,not_delivering,,,,260526_AAA_AEO-Purchase_ios_vid_Growme_T1_0525_joy,0,0,0,,,,,,,,0,,,,,
2026-06-01,2026-06-29,20260525_GrowMe_EN_9x16_FX-test_ZT-timedont_RS-P3X1R1C3_fj,not_delivering,,,,260526_AAA_AEO-Purchase_ios_vid_Growme_T1_0525_joy,3188,7.760351,24.74,,,,,,,,0.53325,0,14.55458,22,,
2026-06-01,2026-06-29,20260525_GrowMe_EN_9x16_FX-test_ZT-talkabout_RS-P3X1R1C3_fj,not_delivering,,,,260526_AAA_AEO-Purchase_ios_vid_Growme_T1_0525_joy,0,0,0,,,,,,,,0,,,,,
2026-06-01,2026-06-29,20260402_growme_TR_9x16_FX-test_ZT-change_RS-P1X1R3C1_gy.video,not_delivering,,,,260512_AAA_AEO-Purchase_ios_vid_Growme_turkey_0330week_joy,203,1.37931,0.28,,,,,,,,1.970443,0,10.344828,1,,
2026-06-01,2026-06-29,20260414_growme_TR_9x16_FX-test_ZT-read_RS-P1X1R3C1_gy,not_delivering,,,,260512_AAA_AEO-Purchase_ios_vid_Growme_turkey_0413week_joy,7438,1.17908,8.77,11,0.797273,,,,,,1.236892,0.36666667,14.627588,80,,
2026-06-01,2026-06-29,"20260414_GrowMe_TR_9x16_FX-test_ZT- listening_RS-P3X1R1C3_fj",not_delivering,,,,260512_AAA_AEO-Purchase_ios_vid_Growme_turkey_0413week_joy,2434,1.700904,4.14,3,1.38,,,,,,1.725555,0.15,10.64092,4,,
2026-06-01,2026-06-29,20260414_growme_TR_9x16_FX-test_ZT-red_RS-P1X1R3C3_wxx,not_delivering,,,,260512_AAA_AEO-Purchase_ios_vid_Growme_turkey_0413week_joy,0,0,0,,,,,,,,0,,,,,
2026-06-01,2026-06-29,20260414_growme_TR_9x16_FX-test_ZT-slowenglish_RS-P1X1R3C3_wxx,not_delivering,1,actions:app_custom_event.fb_mobile_purchase,16.08,260512_AAA_AEO-Purchase_ios_vid_Growme_turkey_0413week_joy,9584,1.677796,16.08,15,1.072,1,16.08,1,16.08,0.524876,1.10601,0.27272727,9.630634,38,,
2026-06-01,2026-06-29,20251226_growme_EN_9x16_FX-test_ZT-read_RS-P1X1R3C1_gy,not_delivering,,,,260526_AAA_AEO-Purchase_ios_vid_Growme_US_西语_joy,0,0,0,,,,,,,,0,,,,,
2026-06-01,2026-06-29,20250105_growme_EN_9x16_FX-test_ZT-read_RS-P1X1R3C1_gy,not_delivering,,,,260526_AAA_AEO-Purchase_ios_vid_Growme_US_西语_joy,0,0,0,,,,,,,,0,,,,,
2026-06-01,2026-06-29,"20260507_GrowMe_EN_9x16_FX-test_ZT-try new_RS-P3X1R1C3_fj",not_delivering,,,,260526_AAA_AEO-Purchase_ios_vid_Growme_US_西语_joy,0,0,0,,,,,,,,0,,,,,
2026-06-01,2026-06-29,20260508_growme_EN_9x16_FX-test_ZT-listen_RS-P1X1R3C3_wxx,not_delivering,,,,260526_AAA_AEO-Purchase_ios_vid_Growme_US_西语_joy,0,0,0,,,,,,,,0,,,,,
2026-06-01,2026-06-29,20260511_growme_EN_9x16_FX-test_ZT-heimu_RS-P1X1R3C3_FJ_wxx,not_delivering,,,,260526_AAA_AEO-Purchase_ios_vid_Growme_US_西语_joy,0,0,0,,,,,,,,0,,,,,
2026-06-01,2026-06-29,20260512_growme_EN_9x16_FX-test_ZT-read_RS-P1X1R3C1_gy,not_delivering,,,,260526_AAA_AEO-Purchase_ios_vid_Growme_US_西语_joy,0,0,0,,,,,,,,0,,,,,
2026-06-01,2026-06-29,20260526_GrowMe_EN_9x16_FX-Creative_ZT-job_RS-P3X1R1C3_gy,not_delivering,,,,260527_AAA_AEO-Purchase_ios_vid_Growme_T1_0526_joy,0,0,0,,,,,,,,0,,,,,
2026-06-01,2026-06-29,20260526_GrowMe_EN_9x16_FX-Creative_ZT-plan_RS-P3X1R1C3_gy,not_delivering,,,,260527_AAA_AEO-Purchase_ios_vid_Growme_T1_0526_joy,0,0,0,,,,,,,,0,,,,,
2026-06-01,2026-06-29,20260526_0_GrowMe_EN_9x16_FX-Creative_ZT-restart_RS-P3X1R1C3_gy,not_delivering,,,,260527_AAA_AEO-Purchase_ios_vid_Growme_T1_0526_joy,0,0,0,,,,,,,,0,,,,,
2026-06-01,2026-06-29,20260526_GrowMe_EN_9x16_FX-Creative_ZT-2years_RS-P3X1R1C3_fj,not_delivering,,,,260527_AAA_AEO-Purchase_ios_vid_Growme_T1_0526_joy,0,0,0,,,,,,,,0,,,,,
2026-06-01,2026-06-29,20260526_GrowMe_EN_9x16_FX-Creative_ZT-11things_RS-P3X1R1C3_fj,not_delivering,,,,260527_AAA_AEO-Purchase_ios_vid_Growme_T1_0526_joy,0,0,0,,,,,,,,0,,,,,
2026-06-01,2026-06-29,20260526_GrowMe_EN_9x16_FX-Creative_ZT-mine_RS-P3X1R1C3_gy,not_delivering,,,,260527_AAA_AEO-Purchase_ios_vid_Growme_T1_0526_joy,0,0,0,,,,,,,,0,,,,,
2026-06-01,2026-06-29,20260526_growme_EN_9x16_FX-test_ZT-add_RS-P1X1R3C3_wxx,not_delivering,,,,260527_AAA_AEO-Purchase_ios_vid_Growme_T1_0526_joy,0,0,0,,,,,,,,0,,,,,
2026-06-01,2026-06-29,20260526_GrowMe_EN_9x16_FX-Creative_ZT-theolder_RS-P3X1R1C3_fj,not_delivering,,,,260527_AAA_AEO-Purchase_ios_vid_Growme_T1_0526_joy,0,0,0,,,,,,,,0,,,,,
2026-06-01,2026-06-29,20260526_GrowMe_EN_9x16_FX-Creative_ZT-slowburn_RS-P3X1R1C3_fj,not_delivering,,,,260527_AAA_AEO-Purchase_ios_vid_Growme_T1_0526_joy,0,0,0,,,,,,,,0,,,,,
2026-06-01,2026-06-29,20260526_GrowMe_EN_9x16_FX-test_ZT-2years_RS-P3X1R1C3_fj,not_delivering,,,,260527_AAA_AEO-Purchase_ios_vid_Growme_T1_0526_joy,0,0,0,,,,,,,,0,,,,,
2026-06-01,2026-06-29,20260526_GrowMe_EN_9x16_FX-Creative_ZT-onehabits_RS-P3X1R1C3_fj,not_delivering,,,,260527_AAA_AEO-Purchase_ios_vid_Growme_T1_0526_joy,0,0,0,,,,,,,,0,,,,,
2026-06-01,2026-06-29,20260526_GrowMe_EN_9x16_FX-Creative_ZT-theolder_RS-P3X1R1C3_fj,inactive,,,,260527_AAA_AEO-Purchase_ios_vid_Growme_WW_0526_joy-betty,8442,5.071073,42.81,5,8.562,,,,,,1.018716,0.09090909,32.729211,145,,
2026-06-01,2026-06-29,20260526_GrowMe_EN_9x16_FX-Creative_ZT-plan_RS-P3X1R1C3_gy,inactive,2,actions:app_custom_event.fb_mobile_purchase,21.685,260527_AAA_AEO-Purchase_ios_vid_Growme_WW_0526_joy-betty,19385,2.237297,43.37,14,3.097857,2,21.685,2,21.685,0.238414,0.794429,0.1686747,18.313129,338,,
2026-06-01,2026-06-29,20260526_GrowMe_EN_9x16_FX-Creative_ZT-2years_RS-P3X1R1C3_fj,inactive,9,actions:app_custom_event.fb_mobile_purchase,62.26888889,260527_AAA_AEO-Purchase_ios_vid_Growme_WW_0526_joy-betty,169757,3.301307,560.42,232,2.415603,17,32.965882,9,62.268889,0.433639,3.36481,0.04720244,22.391418,3081,,
2026-06-01,2026-06-29,20260526_GrowMe_EN_9x16_FX-Creative_ZT-job_RS-P3X1R1C3_gy,not_delivering,,,,260527_AAA_AEO-Purchase_ios_vid_Growme_WW_0526_joy-betty,386,4.689119,1.81,,,,,,,,0,,17.875648,7,,
2026-06-01,2026-06-29,20260526_growme_EN_9x16_FX-test_ZT-add_RS-P1X1R3C3_wxx,inactive,1,actions:app_custom_event.fb_mobile_purchase,57.41,260527_AAA_AEO-Purchase_ios_vid_Growme_WW_0526_joy-betty,21358,2.687986,57.41,17,3.377059,1,57.41,1,57.41,0.161993,0.936417,0.11805556,11.527297,231,,
2026-06-01,2026-06-29,20260526_GrowMe_EN_9x16_FX-test_ZT-2years_RS-P3X1R1C3_fj,not_delivering,,,,260527_AAA_AEO-Purchase_ios_vid_Growme_WW_0526_joy-betty,656,6.036585,3.96,,,,,,,,1.067073,0,25.152439,4,,
2026-06-01,2026-06-29,20260526_GrowMe_EN_9x16_FX-Creative_ZT-onehabits_RS-P3X1R1C3_fj,not_delivering,,,,260527_AAA_AEO-Purchase_ios_vid_Growme_WW_0526_joy-betty,3136,3.373724,10.58,,,,,,,,0.605867,0,24.872449,33,,
2026-06-01,2026-06-29,20260526_GrowMe_EN_9x16_FX-Creative_ZT-mine_RS-P3X1R1C3_gy,inactive,,,,260527_AAA_AEO-Purchase_ios_vid_Growme_WW_0526_joy-betty,5127,4.716208,24.18,3,8.06,,,,,,1.287303,0.05882353,22.235225,81,,
2026-06-01,2026-06-29,20260526_GrowMe_EN_9x16_FX-Creative_ZT-habbit_RS-P3X1R1C3_gy,not_delivering,,,,260527_AAA_AEO-Purchase_ios_vid_Growme_WW_0526_joy-betty,101,3.465347,0.35,,,,,,,,10.891089,0,30.693069,3,,
2026-06-01,2026-06-29,20260526_0_GrowMe_EN_9x16_FX-Creative_ZT-restart_RS-P3X1R1C3_gy,inactive,,,,260527_AAA_AEO-Purchase_ios_vid_Growme_WW_0526_joy-betty,11655,1.916774,22.34,1,22.34,,,,,,0.592021,0.04,19.047619,174,,
2026-06-01,2026-06-29,20260526_GrowMe_EN_9x16_FX-Creative_ZT-11things_RS-P3X1R1C3_fj,inactive,,,,260527_AAA_AEO-Purchase_ios_vid_Growme_WW_0526_joy-betty,19470,3.465845,67.48,25,2.6992,,,,,,2.38829,0.08090615,26.985105,383,,
2026-06-01,2026-06-29,20260526_GrowMe_EN_9x16_FX-Creative_ZT-slowburn_RS-P3X1R1C3_fj,not_delivering,,,,260527_AAA_AEO-Purchase_ios_vid_Growme_WW_0526_joy-betty,283,3.074205,0.87,,,,,,,,2.120141,0,17.667845,,,
2026-06-01,2026-06-29,20260514_growme_EN_9x16_FX-test_ZT-read_RS-P1X1R3C1_gy,not_delivering,,,,260527_AAA_AEO-Purchase_ios_vid_Growme_WW_0511week_joy,1,0,0,,,,,,,,0,,100,,,
2026-06-01,2026-06-29,20260512_growme_EN_9x16_FX-test_ZT-read_RS-P1X1R3C1_gy,not_delivering,,,,260527_AAA_AEO-Purchase_ios_vid_Growme_WW_0511week_joy,16273,1.003503,16.33,13,1.256154,1,16.33,,,,0.989369,0.25,15.117065,311,,
2026-06-01,2026-06-29,"20260514_GrowMe_EN_9x16_FX-test_ZT- fly_RS-P3X1R1C3_fj",not_delivering,,,,260527_AAA_AEO-Purchase_ios_vid_Growme_WW_0511week_joy,27,0.37037,0.01,,,,,,,,3.703704,0,40.740741,,,
2026-06-01,2026-06-29,20260514_growme_EN_9x16_FX-test_ZT-slowenglish_RS-P1X1R3C3_wxx,not_delivering,,,,260527_AAA_AEO-Purchase_ios_vid_Growme_WW_0511week_joy,2,0,0,,,,,,,,0,,,,,
2026-06-01,2026-06-29,20260513_GrowMe_EN_9x16_FX-test_ZT-jiaoben_RS-P3X1R1C3_fj,not_delivering,,,,260527_AAA_AEO-Purchase_ios_vid_Growme_WW_0511week_joy,0,0,0,,,,,,,,0,,,,,
2026-06-01,2026-06-29,20260508_growme_EN_9x16_FX-test_ZT-listen_RS-P1X1R3C3_wxx,not_delivering,,,,260527_AAA_AEO-Purchase_ios_vid_Growme_WW_0504week_英语学习_joy,1240,2.83871,3.52,4,0.88,,,,,,2.016129,0.33333333,25.967742,22,,
2026-06-01,2026-06-29,"20260507_GrowMe_EN_9x16_FX-test_ZT-try new_RS-P3X1R1C3_fj",not_delivering,,,,260527_AAA_AEO-Purchase_ios_vid_Growme_WW_0504week_英语学习_joy,16,0.625,0.01,,,,,,,,0,,18.75,,,
2026-06-01,2026-06-29,20260506_growme_EN_9x16_FX-test_ZT-teacher_RS-P1X1R3C3_wxx,not_delivering,,,,260527_AAA_AEO-Purchase_ios_vid_Growme_WW_0504week_英语学习_joy,0,0,0,,,,,,,,0,,,,,
2026-06-01,2026-06-29,"20260508_GrowMe_EN_9x16_FX-test_ZT- read_RS-P3X1R1C3_fj",not_delivering,,,,260527_AAA_AEO-Purchase_ios_vid_Growme_WW_0504week_英语学习_joy,19,1.052632,0.02,,,,,,,,0,,21.052632,,,
2026-06-01,2026-06-29,20260506_growme_EN_9x16_FX-test_ZT-acceptance_RS-P1X1R3C1_095KB-JR_RMG-3527,not_delivering,,,,260527_AAA_AEO-Purchase_ios_vid_Growme_WW_0504week_英语学习_joy,0,0,0,,,,,,,,0,,,,,
2026-06-01,2026-06-29,20260508_growme_EN_9x16_FX-test_ZT-love_RS-P1X1R3C1_gy,not_delivering,,,,260527_AAA_AEO-Purchase_ios_vid_Growme_WW_0504week_英语学习_joy,0,0,0,,,,,,,,0,,,,,
2026-06-01,2026-06-29,20260507_growme_EN_9x16_FX-test_ZT-view_RS-P1X1R3C1_gy,not_delivering,,,,260527_AAA_AEO-Purchase_ios_vid_Growme_WW_0504week_英语学习_joy,1,0,0,,,,,,,,0,,,,,
2026-06-01,2026-06-29,"20260507_GrowMe_EN_9x16_FX-test_ZT- begin_RS-P3X1R1C3_fj",not_delivering,,,,260527_AAA_AEO-Purchase_ios_vid_Growme_WW_0504week_英语学习_joy,0,0,0,,,,,,,,0,,,,,
2026-06-01,2026-06-29,20260506_GrowMe_EN_9x16_FX-test_ZT-easyenglish_RS-P3X1R1C3_fj,not_delivering,,,,260527_AAA_AEO-Purchase_ios_vid_Growme_WW_0504week_英语学习_joy,2,0,0,,,,,,,,0,,50,,,
2026-06-01,2026-06-29,20260512_growme_EN_9x16_FX-test_ZT-read2_RS-P1X1R3C1_gy,not_delivering,,,,260527_AAA_AEO-Purchase_ios_vid_Growme_WW_0511week_joy,2,0,0,,,,,,,,0,,,,,
2026-06-01,2026-06-29,20260420_growme_EN_9x16_FX-test_ZT-slowenglish_RS-P1X1R3C3_wxx,not_delivering,,,,260527_AAA_AEO-Purchase_ios_vid_Growme_WW_0420week_joy,209,1.5311,0.32,,,,,,,,0,,13.397129,2,,
2026-06-01,2026-06-29,"20260422_growme_EN_9x16_FX-test_ZT- challenge_RS-P1X1R3C3_wxx",not_delivering,,,,260527_AAA_AEO-Purchase_ios_vid_Growme_WW_0420week_joy,3,0,0,,,,,,,,0,,,,,
2026-06-01,2026-06-29,20260420_growme_EN_9x16_FX-test_ZT-slow_RS-P1X1R3C3_wxx,not_delivering,2,actions:app_custom_event.fb_mobile_purchase,42.245,260527_AAA_AEO-Purchase_ios_vid_Growme_WW_0420week_joy,44360,1.904644,84.49,116,0.728362,1,84.49,2,42.245,0.583383,1.433724,0.40418118,16.970243,122,,
2026-06-01,2026-06-29,20260506_growme_EN_9x16_FX-test_ZT-patience_RS-P1X1R3C1_095KB-JR_RMG-3528,not_delivering,,,,260527_AAA_AEO-Purchase_ios_vid_Growme_WW_0504week_英语学习_joy,0,0,0,,,,,,,,0,,,,,
2026-06-01,2026-06-29,20260507_growme_EN_9x16_FX-test_ZT-education_RS-P1X1R3C1_gy,not_delivering,,,,260527_AAA_AEO-Purchase_ios_vid_Growme_WW_0504week_英语学习_joy,0,0,0,,,,,,,,0,,,,,
2026-06-01,2026-06-29,20260515_growme_EN_9x16_FX-test_ZT-app_RS-P1X1R3C3_wxx,not_delivering,,,,260527_AAA_AEO-Purchase_ios_vid_Growme_WW_0511week_joy,2,0,0,,,,,,,,0,,,,,
2026-06-01,2026-06-29,20260514_growme_EN_9x16_FX-test_ZT-house_RS-P1X1R3C3_wxx,not_delivering,,,,260527_AAA_AEO-Purchase_ios_vid_Growme_WW_0511week_joy,3,6.666667,0.02,,,,,,,,0,,,,,
2026-06-01,2026-06-29,20260514_growme_EN_9x16_FX-test_ZT-read_RS-P1X1R3C1_gy,not_delivering,,,,260527_AAA_AEO-Purchase_ios_vid_Growme_WW_0511week_joy,4,0,0,,,,,,,,0,,50,,,
2026-06-01,2026-06-29,20260515_growme_EN_9x16_FX-test_ZT-therapist_RS-P1X1R3C3_wxx,not_delivering,,,,260527_AAA_AEO-Purchase_ios_vid_Growme_WW_0511week_joy,2,5,0.01,,,,,,,,0,,50,,,
2026-06-01,2026-06-29,20260422_growme_EN_9x16_FX-test_ZT-B1_RS-P1X1R3C3_wxx,not_delivering,,,,260527_AAA_AEO-Purchase_ios_vid_Growme_WW_0420week_joy,6,1.666667,0.01,,,,,,,,0,,16.666667,1,,
2026-06-01,2026-06-29,20251226_growme_EN_9x16_FX-test_ZT-read_RS-P1X1R3C1_gy,not_delivering,,,,260527_AAA_AEO-Purchase_ios_vid_Growme_WW_1222week_字幕式_joy,22665,1.366424,30.97,41,0.755366,,,,,,1.636885,0.34453782,16.448268,496,,
2026-06-01,2026-06-29,20260402_growme_TR_9x16_FX-test_ZT-women_RS-P1X1R3C3_wxx,not_delivering,,,,260512_AAA_AEO-Purchase_ios_vid_Growme_turkey_0330week_joy,0,0,0,,,,,,,,0,,,,,
2026-06-01,2026-06-29,20260403_growme_TR_9x16_FX-test_ZT-read2_RS-P1X1R3C1_gy,not_delivering,,,,260512_AAA_AEO-Purchase_ios_vid_Growme_turkey_0330week_joy,0,0,0,,,,,,,,0,,,,,
2026-06-01,2026-06-29,20260515_growme_EN_9x16_FX-test_ZT-SPEAK_RS-P1X1R3C1_gy,not_delivering,,,,260527_AAA_AEO-Purchase_ios_vid_Growme_WW_0511week_joy,5,0,0,,,,,,,,20,,20,,,
2026-06-01,2026-06-29,20260515_growme_EN_9x16_FX-test_ZT-qiantie_RS-P1X1R3C3_wxx,not_delivering,,,,260527_AAA_AEO-Purchase_ios_vid_Growme_WW_0511week_joy,0,0,0,,,,,,,,0,,,,,
2026-06-01,2026-06-29,20251226_growme_EN_9x16_FX-test_ZT-forgive_RS-P1X1R3C1_gy,not_delivering,,,,260527_AAA_AEO-Purchase_ios_vid_Growme_WW_1222week_字幕式_joy,4,0,0,,,,,,,,0,,25,,,
2026-06-01,2026-06-29,20251223_growme_EN_9x16_FX-book_ZT-speak_RS-P1X1R3C3_wxx,not_delivering,,,,260527_AAA_AEO-Purchase_ios_vid_Growme_WW_1222week_字幕式_joy,440,1.636364,0.72,2,0.36,,,,,,2.954545,0.4,22.727273,20,,
2026-06-01,2026-06-29,20260515_growme_EN_9x16_FX-test_ZT-therapist_RS-P1X1R3C3_wxx,not_delivering,,,,260527_AAA_AEO-Purchase_ios_vid_Growme_WW_0511week_joy,2,0,0,,,,,,,,0,,50,,,
2026-06-01,2026-06-29,20260422_growme_EN_9x16_FX-test_ZT-driving_RS-P1X1R3C3_wxx,not_delivering,,,,260527_AAA_AEO-Purchase_ios_vid_Growme_WW_0420week_joy,14,0,0,,,,,,,,0,,14.285714,,,
2026-06-01,2026-06-29,20260420_GrowMe_EN_9x16_FX-test_ZT-book_RS-P3X1R1C3_fj,not_delivering,,,,260527_AAA_AEO-Purchase_ios_vid_Growme_WW_0420week_joy,51,1.372549,0.07,,,,,,,,1.960784,,47.058824,1,,
2026-06-01,2026-06-29,"20260421_growme_EN_9x16_FX-test_ZT- B1_RS-P1X1R3C3_wxx",not_delivering,,,,260527_AAA_AEO-Purchase_ios_vid_Growme_WW_0420week_joy,14,0.714286,0.01,,,,,,,,0,,14.285714,,,
2026-06-01,2026-06-29,20260422_growme_EN_9x16_FX-test_ZT-read_RS-P1X1R3C1_gy,not_delivering,,,,260527_AAA_AEO-Purchase_ios_vid_Growme_WW_0420week_joy,91,0.879121,0.08,,,,,,,,0,,24.175824,,,
2026-06-01,2026-06-29,20260420_growme_EN_9x16_FX-test_ZT-slow-english_RS-P1X1R3C3_wxx,not_delivering,,,,260527_AAA_AEO-Purchase_ios_vid_Growme_WW_0420week_joy,3,3.333333,0.01,,,,,,,,0,,33.333333,,,
2026-06-01,2026-06-29,20260402_growme_TR_9x16_FX-test_ZT-women2_RS-P1X1R3C3_wxx,not_delivering,,,,260512_AAA_AEO-Purchase_ios_vid_Growme_turkey_0330week_joy,0,0,0,,,,,,,,0,,,,,
2026-06-01,2026-06-29,20260401_growme_TR_9x16_FX-test_ZT-listen_RS-P1X1R3C3_wxx,not_delivering,,,,260512_AAA_AEO-Purchase_ios_vid_Growme_turkey_0330week_joy,1,0,0,,,,,,,,0,,,,,
2026-06-01,2026-06-29,20260402_growme_TR_9x16_FX-test_ZT-speak_RS-P1X1R3C3_wxx,not_delivering,,,,260512_AAA_AEO-Purchase_ios_vid_Growme_turkey_0330week_joy,0,0,0,,,,,,,,0,,,,,
2026-06-01,2026-06-29,"20260402_GrowMe_TR_9x16_FX-test_ZT- pride_RS-P3X1R1C3_fj",not_delivering,,,,260512_AAA_AEO-Purchase_ios_vid_Growme_turkey_0330week_joy,0,0,0,,,,,,,,0,,,,,
2026-06-01,2026-06-29,"20260413_GrowMe_TR_9x16_FX-test_ZT- travel_RS-P3X1R1C3_fj",not_delivering,,,,260512_AAA_AEO-Purchase_ios_vid_Growme_turkey_0413week_joy,5800,2.044828,11.86,10,1.186,1,11.86,,,,1.931034,0.19230769,19.327586,61,,
2026-06-01,2026-06-29,20260513_GrowMe_EN_9x16_FX-test_ZT-jiaoben-2_RS-P3X1R1C3_fj,not_delivering,,,,260527_AAA_AEO-Purchase_ios_vid_Growme_WW_0511week_joy,2,0,0,,,,,,,,0,,,,,
2026-06-01,2026-06-29,20260514_growme_EN_9x16_FX-test_ZT-slowenglish_RS-P1X1R3C3_wxx,not_delivering,,,,260527_AAA_AEO-Purchase_ios_vid_Growme_WW_0511week_joy,8,0,0,,,,,,,,0,,12.5,,,
2026-06-01,2026-06-29,20260512_growme_EN_9x16_FX-test_ZT-read_RS-P1X1R3C1_gy,not_delivering,3,actions:app_custom_event.fb_mobile_purchase,78.08333333,260527_AAA_AEO-Purchase_ios_vid_Growme_WW_0511week_joy,212774,1.100933,234.25,194,1.207474,7,33.464286,3,78.083333,0.188474,1.287751,0.2279671,13.994191,4632,,
2026-06-01,2026-06-29,20260515_growme_EN_9x16_FX-test_ZT-SPEAK_RS-P1X1R3C1_gy,not_delivering,,,,260527_AAA_AEO-Purchase_ios_vid_Growme_WW_0511week_joy,4,0,0,,,,,,,,25,0,25,,,
2026-06-01,2026-06-29,20260513_GrowMe_EN_9x16_FX-test_ZT-jiaoben_RS-P3X1R1C3_fj,not_delivering,,,,260527_AAA_AEO-Purchase_ios_vid_Growme_WW_0511week_joy,1,0,0,,,,,,,,0,,,,,
2026-06-01,2026-06-29,20260420_growme_EN_9x16_FX-test_ZT-book2_RS-P1X1R3C1_gy,not_delivering,,,,260527_AAA_AEO-Purchase_ios_vid_Growme_WW_0420week_joy,0,0,0,,,,,,,,0,,,,,
2026-06-01,2026-06-29,20260527_GrowMe_EN_9x16_FX-Creative_ZT-sloe-beain_RS-P3X1R1C3_fj,not_delivering,,,,260528_AAA_AEO-Purchase_ios_vid_Growme_T1_0527_joy,0,0,0,,,,,,,,0,,,,,
2026-06-01,2026-06-29,20260527_growme_EN_9x16_FX-Creatives_ZT-listen_RS-P1X1R3C3_wxx,not_delivering,,,,260528_AAA_AEO-Purchase_ios_vid_Growme_T1_0527_joy,0,0,0,,,,,,,,0,,,,,
2026-06-01,2026-06-29,20260527_GrowMe_EN_9x16_FX-Creative_ZT-self_RS-P3X1R1C3_gy,not_delivering,,,,260528_AAA_AEO-Purchase_ios_vid_Growme_T1_0527_joy,0,0,0,,,,,,,,0,,,,,
2026-06-01,2026-06-29,20260527_GrowMe_EN_9x16_FX-Creative_ZT-grow_RS-P3X1R1C3_gy,not_delivering,,,,260528_AAA_AEO-Purchase_ios_vid_Growme_T1_0527_joy,0,0,0,,,,,,,,0,,,,,
2026-06-01,2026-06-29,20260527_GrowMe_EN_9x16_FX-Creative_ZT-girl_RS-P3X1R1C3_fj,not_delivering,,,,260528_AAA_AEO-Purchase_ios_vid_Growme_T1_0527_joy,0,0,0,,,,,,,,0,,,,,
2026-06-01,2026-06-29,20260527_GrowMe_EN_9x16_FX-Creative_ZT-speak_RS-P3X1R1C3_gy,not_delivering,,,,260528_AAA_AEO-Purchase_ios_vid_Growme_T1_0527_joy,397,9.093199,3.61,,,,,,,,2.518892,0,23.929471,3,,
2026-06-01,2026-06-29,20260527_growme_EN_9x16_FX-Creatives_ZT-routine_RS-P1X1R3C3_wxx,not_delivering,,,,260528_AAA_AEO-Purchase_ios_vid_Growme_T1_0527_joy,97,9.896907,0.96,,,,,,,,3.092784,,19.587629,2,,
2026-06-01,2026-06-29,20260527_growme_EN_9x16_FX-Creatives_ZT-fluency_RS-P1X1R3C3_wxx,not_delivering,,,,260528_AAA_AEO-Purchase_ios_vid_Growme_T1_0527_joy,9589,11.182605,107.23,34,3.153824,5,21.446,,,,2.023152,0.4,30.169986,90,,
2026-06-01,2026-06-29,20260527_GrowMe_EN_9x16_FX-Creative_ZT-quick_RS-P3X1R1C3_fj,not_delivering,,,,260528_AAA_AEO-Purchase_ios_vid_Growme_T1_0527_joy,0,0,0,,,,,,,,0,,,,,
2026-06-01,2026-06-29,20260527_GrowMe_EN_9x16_FX-Creative_ZT-sucess_RS-P3X1R1C3_gy,not_delivering,,,,260528_AAA_AEO-Purchase_ios_vid_Growme_T1_0527_joy,0,0,0,,,,,,,,0,,,,,
2026-06-01,2026-06-29,20260527_GrowMe_EN_9x16_FX-Creative_ZT-relationship_RS-P3X1R1C3_gy,not_delivering,,,,260528_AAA_AEO-Purchase_ios_vid_Growme_T1_0527_joy,132,14.621212,1.93,,,,,,,,2.272727,,31.818182,1,,
2026-06-01,2026-06-29,20260527_GrowMe_EN_9x16_FX-Creative_ZT-wellspoken_RS-P3X1R1C3_fj,not_delivering,,,,260528_AAA_AEO-Purchase_ios_vid_Growme_T1_0527_joy,1,10,0.01,,,,,,,,0,,100,,,
2026-06-01,2026-06-29,20260527_GrowMe_EN_9x16_FX-Creative_ZT-actually_RS-P3X1R1C3_fj,not_delivering,,,,260528_AAA_AEO-Purchase_ios_vid_Growme_T1_0527_joy,0,0,0,,,,,,,,0,,,,,
2026-06-01,2026-06-29,20260527_GrowMe_EN_9x16_FX-Creative_ZT-sloe-beain_RS-P3X1R1C3_fj,not_delivering,,,,260528_AAA_AEO-Purchase_ios_vid_Growme_WW_0527_joy-betty,171,3.450292,0.59,,,,,,,,0,,22.222222,,,
2026-06-01,2026-06-29,20260527_growme_EN_9x16_FX-Creatives_ZT-routine_RS-P1X1R3C3_wxx,inactive,,,,260528_AAA_AEO-Purchase_ios_vid_Growme_WW_0527_joy-betty,25021,1.795292,44.92,8,5.615,,,,,,0.531554,0.11594203,19.819352,499,,
2026-06-01,2026-06-29,20260527_GrowMe_EN_9x16_FX-Creative_ZT-girl_RS-P3X1R1C3_fj,not_delivering,,,,260528_AAA_AEO-Purchase_ios_vid_Growme_WW_0527_joy-betty,238,2.478992,0.59,,,,,,,,0.420168,0,24.789916,1,,
2026-06-01,2026-06-29,20260527_growme_EN_9x16_FX-Creatives_ZT-fluency_RS-P1X1R3C3_wxx,inactive,,,,260528_AAA_AEO-Purchase_ios_vid_Growme_WW_0527_joy-betty,0,0,0,,,,,,,,0,,,,,
2026-06-01,2026-06-29,20260527_GrowMe_EN_9x16_FX-Creative_ZT-actually_RS-P3X1R1C3_fj,inactive,,,,260528_AAA_AEO-Purchase_ios_vid_Growme_WW_0527_joy-betty,21759,2.637529,57.39,9,6.376667,,,,,,2.049727,0.03488372,19.679213,100,,
2026-06-01,2026-06-29,20260527_GrowMe_EN_9x16_FX-Creative_ZT-wellspoken_RS-P3X1R1C3_fj,inactive,,,,260528_AAA_AEO-Purchase_ios_vid_Growme_WW_0527_joy-betty,10234,4.988274,51.05,7,7.292857,,,,,,1.104163,0.07446809,17.715458,41,,
2026-06-01,2026-06-29,20260527_GrowMe_EN_9x16_FX-Creative_ZT-relationship_RS-P3X1R1C3_gy,inactive,,,,260528_AAA_AEO-Purchase_ios_vid_Growme_WW_0527_joy-betty,30376,2.729457,82.91,11,7.537273,,,,,,0.82631,0.07801418,25.134975,341,,
2026-06-01,2026-06-29,20260527_GrowMe_EN_9x16_FX-Creative_ZT-self_RS-P3X1R1C3_gy,inactive,,,,260528_AAA_AEO-Purchase_ios_vid_Growme_WW_0527_joy-betty,8024,3.792373,30.43,2,15.215,,,,,,0.997009,0.02985075,28.938185,323,,
2026-06-01,2026-06-29,20260527_GrowMe_EN_9x16_FX-Creative_ZT-speak_RS-P3X1R1C3_gy,inactive,,,,260528_AAA_AEO-Purchase_ios_vid_Growme_WW_0527_joy-betty,16077,3.070225,49.36,14,3.525714,,,,,,0.870809,0.1627907,17.91379,113,,
2026-06-01,2026-06-29,20260527_growme_EN_9x16_FX-Creatives_ZT-listen_RS-P1X1R3C3_wxx,inactive,2,actions:app_custom_event.fb_mobile_purchase,59.385,260528_AAA_AEO-Purchase_ios_vid_Growme_WW_0527_joy-betty,19610,6.056604,118.77,12,9.8975,4,29.6925,2,59.385,0.327271,1.106578,0.06666667,38.857726,124,,
2026-06-01,2026-06-29,20260527_GrowMe_EN_9x16_FX-Creative_ZT-sucess_RS-P3X1R1C3_gy,not_delivering,,,,260528_AAA_AEO-Purchase_ios_vid_Growme_WW_0527_joy-betty,3802,3.427144,13.03,1,13.03,,,,,,3.577065,0.00704225,26.328248,71,,
2026-06-01,2026-06-29,20260527_GrowMe_EN_9x16_FX-Creative_ZT-quick_RS-P3X1R1C3_fj,inactive,,,,260528_AAA_AEO-Purchase_ios_vid_Growme_WW_0527_joy-betty,14534,2.777625,40.37,,,,,,,,0.412825,0,20.875189,260,,
2026-06-01,2026-06-29,20260515_growme_EN_9x16_FX-test_ZT-app_RS-P1X1R3C3_wxx,not_delivering,,,,260527_AAA_AEO-Purchase_ios_vid_Growme_WW_0511week_joy,2,0,0,,,,,,,,0,,100,,,
2026-06-01,2026-06-29,20260514_growme_EN_9x16_FX-test_ZT-house_RS-P1X1R3C3_wxx,not_delivering,,,,260527_AAA_AEO-Purchase_ios_vid_Growme_WW_0511week_joy,4,0,0,,,,,,,,0,,,,,
2026-06-01,2026-06-29,20260512_growme_EN_9x16_FX-test_ZT-read2_RS-P1X1R3C1_gy,not_delivering,,,,260527_AAA_AEO-Purchase_ios_vid_Growme_WW_0511week_joy,4,0,0,,,,,,,,0,,25,,,
2026-06-01,2026-06-29,20260527_GrowMe_EN_9x16_FX-Creative_ZT-grow_RS-P3X1R1C3_gy,inactive,,,,260528_AAA_AEO-Purchase_ios_vid_Growme_WW_0527_joy-betty,9216,4.095052,37.74,6,6.29,,,,,,0.965712,0.12765957,21.40842,131,,
2026-06-01,2026-06-29,20260528_GrowMe_EN_9x16_FX-Formats_ZT-xinwen_RS-P3X1R1C3_gy,not_delivering,,,,260529_AAA_AEO-Purchase_ios_vid_Growme_T1_0528_joy,0,0,0,,,,,,,,0,,,,,
2026-06-01,2026-06-29,20260528_growme_EN_9x16_FX-Creatives_ZT-waste2_RS-P1X1R3C3_wxx,not_delivering,,,,260529_AAA_AEO-Purchase_ios_vid_Growme_T1_0528_joy,0,0,0,,,,,,,,0,,,,,
2026-06-01,2026-06-29,20260528_GrowMe_EN_9x16_FX-Creative_ZT-speakceo_RS-P3X1R1C3_fj,not_delivering,,,,260529_AAA_AEO-Purchase_ios_vid_Growme_T1_0528_joy,0,0,0,,,,,,,,0,,,,,
2026-06-01,2026-06-29,"20260528_GrowMe_EN_9x16_FX-Formats_ZT-news reporter_RS-P3X1R1C3_fj",not_delivering,,,,260529_AAA_AEO-Purchase_ios_vid_Growme_T1_0528_joy,0,0,0,,,,,,,,0,,,,,
2026-06-01,2026-06-29,20260528_GrowMe_EN_9x16_FX-Creative_ZT-A2english_RS-P3X1R1C3_fj,not_delivering,,,,260529_AAA_AEO-Purchase_ios_vid_Growme_T1_0528_joy,0,0,0,,,,,,,,0,,,,,
2026-06-01,2026-06-29,20260528_GrowMe_EN_9x16_FX-Formats_ZT-jiemian_RS-P3X1R1C3_gy,not_delivering,,,,260529_AAA_AEO-Purchase_ios_vid_Growme_T1_0528_joy,0,0,0,,,,,,,,0,,,,,
2026-06-01,2026-06-29,20260528_growme_EN_9x16_FX-Creatives_ZT-waste_RS-P1X1R3C3_wxx,not_delivering,,,,260529_AAA_AEO-Purchase_ios_vid_Growme_T1_0528_joy,0,0,0,,,,,,,,0,,,,,
2026-06-01,2026-06-29,20260528_GrowMe_EN_9x16_FX-Creative_ZT-author_RS-P3X1R1C3_fj,not_delivering,,,,260529_AAA_AEO-Purchase_ios_vid_Growme_T1_0528_joy,0,0,0,,,,,,,,0,,,,,
2026-06-01,2026-06-29,20260528_growme_EN_9x16_FX-Form_ZT-advice_RS-P1X1R3C3_wxx,not_delivering,,,,260529_AAA_AEO-Purchase_ios_vid_Growme_T1_0528_joy,0,0,0,,,,,,,,0,,,,,
2026-06-01,2026-06-29,20260528_GrowMe_EN_9x16_FX-Creative_ZT-silence_RS-P3X1R1C3_fj,not_delivering,,,,260529_AAA_AEO-Purchase_ios_vid_Growme_T1_0528_joy,0,0,0,,,,,,,,0,,,,,
2026-06-01,2026-06-29,"20260528_GrowMe_EN_9x16_FX-Formats_ZT-Classic page-turning_RS-P3X1R1C3_fj",not_delivering,,,,260529_AAA_AEO-Purchase_ios_vid_Growme_T1_0528_joy,0,0,0,,,,,,,,0,,,,,
2026-06-01,2026-06-29,"20260528_GrowMe_EN_9x16_FX-Creative_ZT- money_RS-P3X1R1C3_fj",not_delivering,,,,260529_AAA_AEO-Purchase_ios_vid_Growme_T1_0528_joy,0,0,0,,,,,,,,0,,,,,
2026-06-01,2026-06-29,20260528_GrowMe_EN_9x16_FX-convercation_ZT-warn_RS-P3X1R1C3_gy,not_delivering,,,,260529_AAA_AEO-Purchase_ios_vid_Growme_T1_0528_joy,0,0,0,,,,,,,,0,,,,,
2026-06-01,2026-06-29,20260528_GrowMe_EN_9x16_FX-convercation_ZT-keep_RS-P3X1R1C3_gy,not_delivering,,,,260529_AAA_AEO-Purchase_ios_vid_Growme_T1_0528_joy,0,0,0,,,,,,,,0,,,,,
2026-06-01,2026-06-29,20260528_GrowMe_EN_9x16_FX-convercation_ZT-study_RS-P3X1R1C3_gy,not_delivering,,,,260529_AAA_AEO-Purchase_ios_vid_Growme_T1_0528_joy,0,0,0,,,,,,,,0,,,,,
2026-06-01,2026-06-29,20260528_GrowMe_EN_9x16_FX-convercation_ZT-keep_RS-P3X1R1C3_gy,archived,,,,260529_AAA_AEO-Purchase_ios_vid_Growme_WW_0528_joy,0,0,0,,,,,,,,0,,,,,
2026-06-01,2026-06-29,"20260528_GrowMe_EN_9x16_FX-Formats_ZT-Classic page-turning_RS-P3X1R1C3_fj",archived,,,,260529_AAA_AEO-Purchase_ios_vid_Growme_WW_0528_joy,0,0,0,,,,,,,,0,,,,,
2026-06-01,2026-06-29,20260528_GrowMe_EN_9x16_FX-convercation_ZT-speak_RS-P3X1R1C3_gy,archived,,,,260529_AAA_AEO-Purchase_ios_vid_Growme_WW_0528_joy,0,0,0,,,,,,,,0,,,,,
2026-06-01,2026-06-29,20260528_GrowMe_EN_9x16_FX-Formats_ZT-xinwen_RS-P3X1R1C3_gy,archived,,,,260529_AAA_AEO-Purchase_ios_vid_Growme_WW_0528_joy,0,0,0,,,,,,,,0,,,,,
2026-06-01,2026-06-29,20260528_GrowMe_EN_9x16_FX-convercation_ZT-think_RS-P3X1R1C3_gy,archived,,,,260529_AAA_AEO-Purchase_ios_vid_Growme_WW_0528_joy,0,0,0,,,,,,,,0,,,,,
2026-06-01,2026-06-29,20260528_GrowMe_EN_9x16_FX-Creative_ZT-author_RS-P3X1R1C3_fj,archived,,,,260529_AAA_AEO-Purchase_ios_vid_Growme_WW_0528_joy,0,0,0,,,,,,,,0,,,,,
2026-06-01,2026-06-29,"20260528_GrowMe_EN_9x16_FX-Creative_ZT- money_RS-P3X1R1C3_fj",archived,,,,260529_AAA_AEO-Purchase_ios_vid_Growme_WW_0528_joy,0,0,0,,,,,,,,0,,,,,
2026-06-01,2026-06-29,20260528_GrowMe_EN_9x16_FX-convercation_ZT-warn_RS-P3X1R1C3_gy,archived,,,,260529_AAA_AEO-Purchase_ios_vid_Growme_WW_0528_joy,0,0,0,,,,,,,,0,,,,,
2026-06-01,2026-06-29,20260528_GrowMe_EN_9x16_FX-Formats_ZT-jiemian_RS-P3X1R1C3_gy,archived,,,,260529_AAA_AEO-Purchase_ios_vid_Growme_WW_0528_joy,0,0,0,,,,,,,,0,,,,,
2026-06-01,2026-06-29,"20260528_GrowMe_EN_9x16_FX-Formats_ZT-news reporter_RS-P3X1R1C3_fj",archived,,,,260529_AAA_AEO-Purchase_ios_vid_Growme_WW_0528_joy,0,0,0,,,,,,,,0,,,,,
2026-06-01,2026-06-29,20260528_GrowMe_EN_9x16_FX-Creative_ZT-A2english_RS-P3X1R1C3_fj,archived,,,,260529_AAA_AEO-Purchase_ios_vid_Growme_WW_0528_joy,0,0,0,,,,,,,,0,,,,,
2026-06-01,2026-06-29,20260528_growme_EN_9x16_FX-Form_ZT-advice_RS-P1X1R3C3_wxx,archived,,,,260529_AAA_AEO-Purchase_ios_vid_Growme_WW_0528_joy,0,0,0,,,,,,,,0,,,,,
2026-06-01,2026-06-29,20260528_GrowMe_EN_9x16_FX-convercation_ZT-study_RS-P3X1R1C3_gy,archived,,,,260529_AAA_AEO-Purchase_ios_vid_Growme_WW_0528_joy,0,0,0,,,,,,,,0,,,,,
2026-06-01,2026-06-29,20260528_GrowMe_EN_9x16_FX-Creative_ZT-speakceo_RS-P3X1R1C3_fj,archived,,,,260529_AAA_AEO-Purchase_ios_vid_Growme_WW_0528_joy,0,0,0,,,,,,,,0,,,,,
2026-06-01,2026-06-29,20260528_GrowMe_EN_9x16_FX-Creative_ZT-silence_RS-P3X1R1C3_fj,archived,,,,260529_AAA_AEO-Purchase_ios_vid_Growme_WW_0528_joy,0,0,0,,,,,,,,0,,,,,
2026-06-01,2026-06-29,20260528_growme_EN_9x16_FX-Creatives_ZT-waste2_RS-P1X1R3C3_wxx,archived,,,,260529_AAA_AEO-Purchase_ios_vid_Growme_WW_0528_joy,0,0,0,,,,,,,,0,,,,,
2026-06-01,2026-06-29,20260528_growme_EN_9x16_FX-Creatives_ZT-waste_RS-P1X1R3C3_wxx,archived,,,,260529_AAA_AEO-Purchase_ios_vid_Growme_WW_0528_joy,0,0,0,,,,,,,,0,,,,,
2026-06-01,2026-06-29,20260525_growme_EN_9x16_FX-Creative_ZT-slow-English_RS-P1X1R3C3_zx_06,archived,,,,260529_AAA_AEO-Purchase_ios_vid_Growme_T1_0529_joy,0,0,0,,,,,,,,0,,,,,
2026-06-01,2026-06-29,20260525_growme_EN_9x16_FX-Creative_ZT-slow-English_RS-P1X1R3C3_zl_01,archived,,,,260529_AAA_AEO-Purchase_ios_vid_Growme_T1_0529_joy,0,0,0,,,,,,,,0,,,,,
2026-06-01,2026-06-29,20260525_growme_EN_9x16_FX-Creative_ZT-slow-English_RS-P1X1R3C3_zl_03,archived,,,,260529_AAA_AEO-Purchase_ios_vid_Growme_T1_0529_joy,0,0,0,,,,,,,,0,,,,,
2026-06-01,2026-06-29,20260525_growme_EN_9x16_FX-Creative_ZT-slow-English_RS-P1X1R3C3_zx_05,archived,,,,260529_AAA_AEO-Purchase_ios_vid_Growme_T1_0529_joy,0,0,0,,,,,,,,0,,,,,
2026-06-01,2026-06-29,20260525_growme_EN_9x16_FX-Creative_ZT-slow-English_RS-P1X1R3C3_zx_04,archived,,,,260529_AAA_AEO-Purchase_ios_vid_Growme_T1_0529_joy,0,0,0,,,,,,,,0,,,,,
2026-06-01,2026-06-29,20260525_growme_EN_9x16_FX-Creative_ZT-slow-English_RS-P1X1R3C3_zl_02,archived,,,,260529_AAA_AEO-Purchase_ios_vid_Growme_T1_0529_joy,0,0,0,,,,,,,,0,,,,,
2026-06-01,2026-06-29,20260529_growme_720x1280_oneway2_wxx_P1X1R1C3,archived,,,,260529_AAA_AEO-Purchase_ios_vid_Growme_T1_0529_joy,0,0,0,,,,,,,,0,,,,,
2026-06-01,2026-06-29,20260529_growme_720x1280_shengjing_wxx_P1X1R1C3,archived,,,,260529_AAA_AEO-Purchase_ios_vid_Growme_T1_0529_joy,0,0,0,,,,,,,,0,,,,,
2026-06-01,2026-06-29,20260529_growme_720x1280_speak_wxx_P1X1R1C3,archived,,,,260529_AAA_AEO-Purchase_ios_vid_Growme_T1_0529_joy,0,0,0,,,,,,,,0,,,,,
2026-06-01,2026-06-29,20260529_GrowMe_EN_9x16_FX-Creative_ZT-life_RS-P3X1R1C3_gy,archived,,,,260529_AAA_AEO-Purchase_ios_vid_Growme_T1_0529_joy,0,0,0,,,,,,,,0,,,,,
2026-06-01,2026-06-29,20260529_GrowMe_EN_9x16_FX-Creative_ZT-journey_RS-P3X1R1C3_gy,archived,,,,260529_AAA_AEO-Purchase_ios_vid_Growme_T1_0529_joy,0,0,0,,,,,,,,0,,,,,
2026-06-01,2026-06-29,20260529_GrowMe_EN_9x16_FX-Creative_ZT-compare_RS-P3X1R1C3_gy,archived,,,,260529_AAA_AEO-Purchase_ios_vid_Growme_T1_0529_joy,0,0,0,,,,,,,,0,,,,,
2026-06-01,2026-06-29,20260331_growme_TR_9x16_FX-test_ZT-girl_RS-P1X1R3C3_wxx,not_delivering,,,,260512_AAA_AEO-Purchase_ios_vid_Growme_turkey_0330week_joy,0,0,0,,,,,,,,0,,,,,
2026-06-01,2026-06-29,"20260514_GrowMe_EN_9x16_FX-test_ZT- fly_RS-P3X1R1C3_fj",not_delivering,,,,260527_AAA_AEO-Purchase_ios_vid_Growme_WW_0511week_joy,4,0,0,,,,,,,,0,,25,,,
2026-06-01,2026-06-29,20260528_GrowMe_EN_9x16_FX-convercation_ZT-think_RS-P3X1R1C3_gy,not_delivering,,,,260529_AAA_AEO-Purchase_ios_vid_Growme_T1_0528_joy,0,0,0,,,,,,,,0,,,,,
2026-06-01,2026-06-29,20260529_growme_720x1280_oneway1_wxx_P1X1R1C3,archived,,,,260529_AAA_AEO-Purchase_ios_vid_Growme_T1_0529_joy,0,0,0,,,,,,,,0,,,,,
2026-06-01,2026-06-29,20260529_GrowMe_EN_9x16_FX-Creative_ZT-you_RS-P3X1R1C3_gy,archived,,,,260529_AAA_AEO-Purchase_ios_vid_Growme_T1_0529_joy,0,0,0,,,,,,,,0,,,,,
2026-06-01,2026-06-29,20260529_growme_EN_9x16_FX-Formats_ZT-read_RS-P1X1R3C1_gy,archived,,,,260529_AAA_AEO-Purchase_ios_vid_Growme_T1_0529_joy,0,0,0,,,,,,,,0,,,,,
2026-06-01,2026-06-29,20260528_growme_EN_9x16_FX-Creatives_ZT-waste_RS-P1X1R3C3_wxx,not_delivering,,,,260601_AAA_AEO-Purchase_ios_vid_Growme_WW_0528_joy—betty,171,3.859649,0.66,,,,,,,,1.169591,0,27.48538,2,,
2026-06-01,2026-06-29,20260528_growme_EN_9x16_FX-Creatives_ZT-waste2_RS-P1X1R3C3_wxx,not_delivering,,,,260601_AAA_AEO-Purchase_ios_vid_Growme_WW_0528_joy—betty,1943,2.012352,3.91,1,3.91,,,,,,1.646938,0.11111111,23.468863,40,,
2026-06-01,2026-06-29,"20260528_GrowMe_EN_9x16_FX-Formats_ZT-news reporter_RS-P3X1R1C3_fj",inactive,,,,260601_AAA_AEO-Purchase_ios_vid_Growme_WW_0528_joy—betty,6474,5.361446,34.71,10,3.471,,,,,,1.204819,0.16949153,16.913809,48,,
2026-06-01,2026-06-29,20260528_GrowMe_EN_9x16_FX-Creative_ZT-speakceo_RS-P3X1R1C3_fj,not_delivering,,,,260601_AAA_AEO-Purchase_ios_vid_Growme_WW_0528_joy—betty,485,3.917526,1.9,,,,,,,,0.824742,0,12.783505,2,,
2026-06-01,2026-06-29,20260528_GrowMe_EN_9x16_FX-convercation_ZT-warn_RS-P3X1R1C3_gy,inactive,,,,260601_AAA_AEO-Purchase_ios_vid_Growme_WW_0528_joy—betty,8181,5.295196,43.32,,,,,,,,1.931304,0,26.414864,532,,
2026-06-01,2026-06-29,20260528_GrowMe_EN_9x16_FX-Creative_ZT-silence_RS-P3X1R1C3_fj,inactive,,,,260601_AAA_AEO-Purchase_ios_vid_Growme_WW_0528_joy—betty,16718,3.979543,66.53,3,22.176667,,,,,,0.980979,0.03703704,25.146549,338,,
2026-06-01,2026-06-29,20260528_GrowMe_EN_9x16_FX-convercation_ZT-speak_RS-P3X1R1C3_gy,not_delivering,,,,260601_AAA_AEO-Purchase_ios_vid_Growme_WW_0528_joy—betty,109,5.412844,0.59,,,,,,,,2.752294,0,22.93578,,,
2026-06-01,2026-06-29,20260528_GrowMe_EN_9x16_FX-convercation_ZT-study_RS-P3X1R1C3_gy,inactive,,,,260601_AAA_AEO-Purchase_ios_vid_Growme_WW_0528_joy—betty,14442,1.636892,23.64,8,2.955,,,,,,1.128653,0.1,20.087246,91,,
2026-06-01,2026-06-29,20260528_growme_EN_9x16_FX-Form_ZT-advice_RS-P1X1R3C3_wxx,not_delivering,,,,260601_AAA_AEO-Purchase_ios_vid_Growme_WW_0528_joy—betty,272,3.125,0.85,,,,,,,,2.941176,0,25,9,,
2026-06-01,2026-06-29,20260528_GrowMe_EN_9x16_FX-Creative_ZT-A2english_RS-P3X1R1C3_fj,inactive,2,actions:app_custom_event.fb_mobile_purchase,77.86,260601_AAA_AEO-Purchase_ios_vid_Growme_WW_0528_joy—betty,106404,1.463479,155.72,63,2.471746,3,51.906667,2,77.86,0.266119,1.139055,0.11819887,19.319762,296,,
2026-06-01,2026-06-29,20260528_GrowMe_EN_9x16_FX-Formats_ZT-xinwen_RS-P3X1R1C3_gy,not_delivering,90,actions:app_custom_event.fb_mobile_purchase,49.40755556,260601_AAA_AEO-Purchase_ios_vid_Growme_WW_0528_joy—betty,1266730,3.510361,4446.68,2808,1.583576,164,27.113902,90,49.407556,0.437569,1.432586,0.23692204,14.635084,7125,,
2026-06-01,2026-06-29,20260528_GrowMe_EN_9x16_FX-Creative_ZT-author_RS-P3X1R1C3_fj,not_delivering,,,,260601_AAA_AEO-Purchase_ios_vid_Growme_WW_0528_joy—betty,8,0,0,,,,,,,,0,,37.5,,,
2026-06-01,2026-06-29,"20260528_GrowMe_EN_9x16_FX-Creative_ZT- money_RS-P3X1R1C3_fj",not_delivering,,,,260601_AAA_AEO-Purchase_ios_vid_Growme_WW_0528_joy—betty,2231,2.626625,5.86,,,,,,,,1.568803,0,22.052891,29,,
2026-06-01,2026-06-29,20260528_GrowMe_EN_9x16_FX-Formats_ZT-jiemian_RS-P3X1R1C3_gy,not_delivering,,,,260601_AAA_AEO-Purchase_ios_vid_Growme_WW_0528_joy—betty,267,1.385768,0.37,,,,,,,,1.123596,0,16.853933,1,,
2026-06-01,2026-06-29,20260528_GrowMe_EN_9x16_FX-convercation_ZT-keep_RS-P3X1R1C3_gy,inactive,,,,260601_AAA_AEO-Purchase_ios_vid_Growme_WW_0528_joy—betty,24941,1.631049,40.68,9,4.52,1,40.68,,,,1.403312,0.15254237,18.904615,558,,
2026-06-01,2026-06-29,"20260528_GrowMe_EN_9x16_FX-Formats_ZT-Classic page-turning_RS-P3X1R1C3_fj",not_delivering,,,,260601_AAA_AEO-Purchase_ios_vid_Growme_WW_0528_joy—betty,861,2.346109,2.02,1,2.02,,,,,,0.929152,0.2,21.835075,5,,
2026-06-01,2026-06-29,20260529_GrowMe_EN_9x16_FX-Creative_ZT-you_RS-P3X1R1C3_gy,not_delivering,,,,重启260601_AAA_AEO-Purchase_ios_vid_Growme_WW_0529_joy-betty,786,6.564886,5.16,1,5.16,,,,,,1.526718,0.1,13.613232,15,,
2026-06-01,2026-06-29,20260529_GrowMe_EN_9x16_FX-Creative_ZT-compare_RS-P3X1R1C3_gy,not_delivering,,,,重启260601_AAA_AEO-Purchase_ios_vid_Growme_WW_0529_joy-betty,261,4.022989,1.05,,,,,,,,1.532567,0,16.091954,8,,
2026-06-01,2026-06-29,20260529_growme_720x1280_speak_wxx_P1X1R1C3,inactive,,,,重启260601_AAA_AEO-Purchase_ios_vid_Growme_WW_0529_joy-betty,68658,1.535728,105.44,51,2.067451,,,,,,0.850593,0.2642487,16.079699,685,,
2026-06-01,2026-06-29,20260525_growme_EN_9x16_FX-Creative_ZT-slow-English_RS-P1X1R3C3_zx_04,not_delivering,,,,重启260601_AAA_AEO-Purchase_ios_vid_Growme_WW_0529_joy-betty,1813,6.486486,11.76,,,,,,,,1.047987,0,21.45615,12,,
2026-06-01,2026-06-29,20260529_growme_720x1280_shengjing_wxx_P1X1R1C3,inactive,,,,重启260601_AAA_AEO-Purchase_ios_vid_Growme_WW_0529_joy-betty,16972,4.220481,71.63,12,5.969167,,,,,,1.23144,0.0754717,24.027811,304,,
2026-06-01,2026-06-29,20260525_growme_EN_9x16_FX-Creative_ZT-slow-English_RS-P1X1R3C3_zx_05,not_delivering,,,,重启260601_AAA_AEO-Purchase_ios_vid_Growme_WW_0529_joy-betty,226,3.938053,0.89,,,,,,,,0.884956,,17.256637,,,
2026-06-01,2026-06-29,20260525_growme_EN_9x16_FX-Creative_ZT-slow-English_RS-P1X1R3C3_zl_03,not_delivering,,,,重启260601_AAA_AEO-Purchase_ios_vid_Growme_WW_0529_joy-betty,58,1.551724,0.09,,,,,,,,0,,20.689655,,,
2026-06-01,2026-06-29,20260529_growme_EN_9x16_FX-Formats_ZT-read_RS-P1X1R3C1_gy,not_delivering,7,actions:app_custom_event.fb_mobile_purchase,50.76571429,重启260601_AAA_AEO-Purchase_ios_vid_Growme_WW_0529_joy-betty,190690,1.863548,355.36,284,1.251268,15,23.690667,7,50.765714,0.443522,0.980125,0.31838565,11.364518,877,,
2026-06-01,2026-06-29,20260529_GrowMe_EN_9x16_FX-Creative_ZT-journey_RS-P3X1R1C3_gy,not_delivering,40,actions:app_custom_event.fb_mobile_purchase,44.66925,重启260601_AAA_AEO-Purchase_ios_vid_Growme_WW_0529_joy-betty,774334,2.307493,1786.77,911,1.961328,91,19.634835,40,44.66925,0.432473,1.883683,0.1832998,17.867225,12096,,
2026-06-01,2026-06-29,20260529_GrowMe_EN_9x16_FX-Creative_ZT-life_RS-P3X1R1C3_gy,inactive,4,actions:app_custom_event.fb_mobile_purchase,76.8025,重启260601_AAA_AEO-Purchase_ios_vid_Growme_WW_0529_joy-betty,143762,2.136935,307.21,155,1.982,13,23.631538,4,76.8025,0.20403,1.752897,0.20529801,17.199955,2116,,
2026-06-01,2026-06-29,20260525_growme_EN_9x16_FX-Creative_ZT-slow-English_RS-P1X1R3C3_zl_02,not_delivering,,,,重启260601_AAA_AEO-Purchase_ios_vid_Growme_WW_0529_joy-betty,6633,5.065581,33.6,15,2.24,,,,,,1.778984,0.27777778,23.639379,84,,
2026-06-01,2026-06-29,20260529_growme_720x1280_oneway1_wxx_P1X1R1C3,not_delivering,,,,重启260601_AAA_AEO-Purchase_ios_vid_Growme_WW_0529_joy-betty,1121,4.005352,4.49,,,,,,,,0.981267,0,30.419269,13,,
2026-06-01,2026-06-29,20260529_growme_720x1280_oneway2_wxx_P1X1R1C3,not_delivering,,,,重启260601_AAA_AEO-Purchase_ios_vid_Growme_WW_0529_joy-betty,3491,1.498138,5.23,5,1.046,,,,,,1.117158,0.22727273,18.562017,21,,
2026-06-01,2026-06-29,20260525_growme_EN_9x16_FX-Creative_ZT-slow-English_RS-P1X1R3C3_zl_01,inactive,,,,重启260601_AAA_AEO-Purchase_ios_vid_Growme_WW_0529_joy-betty,9895,6.47903,64.11,43,1.49093,,,,,,1.960586,0.37391304,25.48762,143,,
2026-06-01,2026-06-29,20260515_growme_EN_9x16_FX-test_ZT-qiantie_RS-P1X1R3C3_wxx,not_delivering,,,,260527_AAA_AEO-Purchase_ios_vid_Growme_WW_0511week_joy,1,0,0,,,,,,,,0,,,,,
2026-06-01,2026-06-29,20260513_GrowMe_EN_9x16_FX-test_ZT-jiaoben-2_RS-P3X1R1C3_fj,not_delivering,,,,260527_AAA_AEO-Purchase_ios_vid_Growme_WW_0511week_joy,4,0,0,,,,,,,,25,0,25,,,
2026-06-01,2026-06-29,20260525_growme_EN_9x16_FX-Creative_ZT-slow-English_RS-P1X1R3C3_zx_06,not_delivering,,,,重启260601_AAA_AEO-Purchase_ios_vid_Growme_WW_0529_joy-betty,1507,3.463835,5.22,3,1.74,,,,,,1.32714,0.42857143,24.021234,10,,
2026-06-01,2026-06-29,20251226_growme_EN_9x16_FX-test_ZT-read_RS-P1X1R3C1_gy,inactive,2,actions:app_custom_event.fb_mobile_purchase,73.06,260601_AAA_AEO-Purchase_ios_vid_Growme_T1_0525week_joy,20922,6.984036,146.12,49,2.982041,4,36.53,2,73.06,0.076855,0.960711,0.38888889,15.729854,425,,
2026-06-01,2026-06-29,20260525_growme_EN_9x16_FX-test_ZT-niupizhi_RS-P1X1R3C1_gy,active,151,actions:app_custom_event.fb_mobile_purchase,58.76880795,260601_AAA_AEO-Purchase_ios_vid_Growme_T1_0525week_joy,1010739,8.779804,8874.09,3015,2.943313,440,20.168386,151,58.768808,0.257861,1.397789,0.4041555,15.391807,9948,,
2026-06-01,2026-06-29,20260526_GrowMe_EN_9x16_FX-Creative_ZT-11things_RS-P3X1R1C3_fj,active,2,actions:app_custom_event.fb_mobile_purchase,61.065,260601_AAA_AEO-Purchase_ios_vid_Growme_T1_0525week_joy,9125,13.38411,122.13,15,8.142,2,61.065,2,61.065,0.24171,3.035616,0.0955414,35.024658,302,,
2026-06-01,2026-06-29,20260526_GrowMe_EN_9x16_FX-Creative_ZT-plan_RS-P3X1R1C3_gy,active,,,,260601_AAA_AEO-Purchase_ios_vid_Growme_T1_0525week_joy,188,6.329787,1.19,,,,,,,,1.595745,0,20.744681,4,,
2026-06-01,2026-06-29,20260527_growme_EN_9x16_FX-Creatives_ZT-fluency_RS-P1X1R3C3_wxx,active,,,,260601_AAA_AEO-Purchase_ios_vid_Growme_T1_0525week_joy,7566,11.667988,88.28,22,4.012727,5,17.656,,,,2.233677,0.25287356,27.53106,95,,
2026-06-01,2026-06-29,20260527_GrowMe_EN_9x16_FX-Creative_ZT-speak_RS-P3X1R1C3_gy,active,,,,260601_AAA_AEO-Purchase_ios_vid_Growme_T1_0525week_joy,35,5.714286,0.2,,,,,,,,0,,17.142857,,,
2026-06-01,2026-06-29,20251226_growme_EN_9x16_FX-test_ZT-read_RS-P1X1R3C1_gy,not_delivering,27,actions:app_custom_event.fb_mobile_purchase,44.61925926,260413_AAA_AEO-Purchase_ios_vid_Growme_WW_1222week_字幕式_joy,910790,1.32272,1204.72,1300,0.926708,46,26.189565,27,44.619259,0.461958,1.217405,0.28224056,14.495218,16576,,
2026-06-01,2026-06-29,20260429_growme_EN_9x16_01_FX-test_ZT-slowenglish_RS-P1X1R3C3_wxx,not_delivering,,,,260429_AAA_AEO-Purchase_ios_vid_Growme_WW_0427week_joy,219,1.506849,0.33,1,0.33,,,,,,1.826484,0.33333333,15.981735,3,,
2026-06-01,2026-06-29,20251226_growme_EN_9x16_FX-test_ZT-forgive_RS-P1X1R3C1_gy,not_delivering,,,,260413_AAA_AEO-Purchase_ios_vid_Growme_WW_1222week_字幕式_joy,78,0.128205,0.01,,,,,,,,7.692308,0,5.128205,1,,
2026-06-01,2026-06-29,20260429_growme_EN_9x16_01_FX-test_ZT-english_RS-P1X1R3C3_wxx,not_delivering,,,,260429_AAA_AEO-Purchase_ios_vid_Growme_WW_0427week_joy,418,1.578947,0.66,,,,,,,,4.066986,0,16.267943,2,,
2026-06-01,2026-06-29,20260429_growme_EN_9x16_FX-test_ZT-read_RS-P1X1R3C1_gy,not_delivering,,,,260429_AAA_AEO-Purchase_ios_vid_Growme_WW_0427week_joy,17,0,0,,,,,,,,0,,17.647059,,,
2026-06-01,2026-06-29,20260427_GrowMe_EN_9x16_FX-test_ZT-Novel-asmr_RS-P3X1R1C3_fj,not_delivering,,,,260429_AAA_AEO-Purchase_ios_vid_Growme_WW_0427week_joy,9,0,0,,,,,,,,0,,22.222222,,,
2026-06-01,2026-06-29,20260427_growme_EN_9x16_FX-test_ZT-read_RS-P1X1R3C1_gy,not_delivering,,,,260429_AAA_AEO-Purchase_ios_vid_Growme_WW_0427week_joy,15,0,0,,,,,,,,0,,13.333333,,,
2026-06-01,2026-06-29,20260427_GrowMe_EN_9x16_FX-test_ZT-easyenglish_RS-P3X1R1C3_fj,not_delivering,1,actions:app_custom_event.fb_mobile_purchase,92.65,260429_AAA_AEO-Purchase_ios_vid_Growme_WW_0427week_joy,44131,2.099431,92.65,102,0.908333,5,18.53,1,92.65,0.132974,1.84904,0.26020408,11.769504,167,,
2026-06-01,2026-06-29,20260428_growme_EN_9x16_FX-test_ZT-okay_RS-P1X1R3C1_gy,not_delivering,,,,260429_AAA_AEO-Purchase_ios_vid_Growme_WW_0427week_joy,13,0,0,,,,,,,,0,,15.384615,,,
2026-06-01,2026-06-29,20260429_growme_EN_9x16_FX-test_ZT-view_RS-P1X1R3C1_gy,not_delivering,,,,260429_AAA_AEO-Purchase_ios_vid_Growme_WW_0427week_joy,77,1.298701,0.1,,,,,,,,0,,16.883117,1,,
2026-06-01,2026-06-29,20260427_growme_EN_9x16_FX-test_ZT-listen_RS-P1X1R3C3_wxx,not_delivering,,,,260429_AAA_AEO-Purchase_ios_vid_Growme_WW_0427week_joy,39,0.769231,0.03,,,,,,,,0,,12.820513,,,
2026-06-01,2026-06-29,20251223_growme_EN_9x16_FX-book_ZT-speak_RS-P1X1R3C3_wxx,not_delivering,1,actions:app_custom_event.fb_mobile_purchase,13.89,260413_AAA_AEO-Purchase_ios_vid_Growme_WW_1222week_字幕式_joy,9585,1.449139,13.89,3,4.63,1,13.89,1,13.89,2.092873,1.554512,0.06818182,14.616588,221,,
2026-06-01,2026-06-29,20260429_GrowMe_EN_9x16_FX-test_ZT-present_RS-P3X1R1C3_fj,not_delivering,,,,260429_AAA_AEO-Purchase_ios_vid_Growme_WW_0427week_joy,105,1.714286,0.18,,,,,,,,0,,27.619048,2,,
2026-06-01,2026-06-29,20260428_growme_EN_9x16_FX-test_ZT-speak_RS-P1X1R3C1_gy,not_delivering,,,,260429_AAA_AEO-Purchase_ios_vid_Growme_WW_0427week_joy,20,0,0,,,,,,,,5,0,10,,,
2026-06-01,2026-06-29,20260429_GrowMe_EN_9x16_FX-test_ZT-freetime_RS-P3X1R1C3_fj,not_delivering,,,,260429_AAA_AEO-Purchase_ios_vid_Growme_WW_0427week_joy,11,0,0,,,,,,,,0,,18.181818,,,
2026-06-01,2026-06-29,20260428_growme_EN_9x16_FX-test_ZT-listen_RS-P1X1R3C3_wxx,not_delivering,64,actions:app_custom_event.fb_mobile_purchase,29.7759375,260429_AAA_AEO-Purchase_ios_vid_Growme_WW_0427week_joy,710157,2.683435,1905.66,1708,1.115726,108,17.645,64,29.775938,0.639547,1.850999,0.34673163,21.510314,5666,,
2026-06-01,2026-06-29,20260529_growme_EN_9x16_FX-Creative_ZT-leadership_RS-P1X1R3C3_ZH_RMG-4748B,not_delivering,,,,260602_AAA_AEO-Purchase_ios_vid_Growme_T1_0601_joy,151,14.635762,2.21,,,,,,,,0.662252,,17.880795,5,,
2026-06-01,2026-06-29,20260529_growme_EN_9x16_FX-Creative_ZT-leadership_RS-P1X1R3C3_ZH_RMG-4748F,not_delivering,,,,260602_AAA_AEO-Purchase_ios_vid_Growme_T1_0601_joy,55,16,0.88,,,,,,,,1.818182,0,30.909091,,,
2026-06-01,2026-06-29,20260529_growme_EN_9x16_FX-Creative_ZT-leadership_RS-P1X1R3C3_ZH_RMG-4748E,not_delivering,,,,260602_AAA_AEO-Purchase_ios_vid_Growme_T1_0601_joy,2327,10.777826,25.08,1,25.08,,,,,,0.945423,0.14285714,21.701762,55,,
2026-06-01,2026-06-29,20260529_growme_EN_9x16_FX-Creative_ZT-leadership_RS-P1X1R3C3_ZH_RMG-4748D,not_delivering,,,,260602_AAA_AEO-Purchase_ios_vid_Growme_T1_0601_joy,96,13.125,1.26,,,,,,,,2.083333,,16.666667,2,,
2026-06-01,2026-06-29,20260529_growme_EN_9x16_FX-Creative_ZT-leadership_RS-P1X1R3C3_ZH_RMG-4748C,not_delivering,,,,260602_AAA_AEO-Purchase_ios_vid_Growme_T1_0601_joy,310,13.290323,4.12,,,,,,,,1.290323,0,19.032258,6,,
2026-06-01,2026-06-29,20260529_growme_EN_9x16_FX-Creative_ZT-leadership_RS-P1X1R3C3_ZH_RMG-4748I,not_delivering,,,,260602_AAA_AEO-Purchase_ios_vid_Growme_T1_0601_joy,5,4,0.02,,,,,,,,0,,,,,
2026-06-01,2026-06-29,20260529_growme_EN_9x16_FX-Creative_ZT-leadership_RS-P1X1R3C3_ZH_RMG-4748J,not_delivering,,,,260602_AAA_AEO-Purchase_ios_vid_Growme_T1_0601_joy,42,6.428571,0.27,,,,,,,,2.380952,,23.809524,1,,
2026-06-01,2026-06-29,20260529_growme_EN_9x16_FX-Creative_ZT-leadership_RS-P1X1R3C3_ZH_RMG-4748A,not_delivering,,,,260602_AAA_AEO-Purchase_ios_vid_Growme_T1_0601_joy,6,20,0.12,,,,,,,,0,,33.333333,,,
2026-06-01,2026-06-29,20260529_growme_EN_9x16_FX-Creative_ZT-leadership_RS-P1X1R3C3_ZH_RMG-4748G,not_delivering,,,,260602_AAA_AEO-Purchase_ios_vid_Growme_T1_0601_joy,9885,9.107739,90.03,10,9.003,1,90.03,,,,1.011634,0.27777778,17.400101,175,,
2026-06-01,2026-06-29,20260529_growme_EN_9x16_FX-Creative_ZT-leadership_RS-P1X1R3C3_ZH_RMG-4748H,not_delivering,,,,260602_AAA_AEO-Purchase_ios_vid_Growme_T1_0601_joy,19,16.315789,0.31,,,,,,,,0,,36.842105,,,
2026-06-01,2026-06-29,20260601_GrowMe_EN_9x16_FX-Learning_ZT-englishpresentation_RS-P3X1R1C3_fj,inactive,,,,260602_AAA_AEO-Purchase_ios_vid_Growme_T1_0601_joy,4723,9.411391,44.45,16,2.778125,,,,,,1.460936,0.33333333,19.013339,47,,
2026-06-01,2026-06-29,20260601_GrowMe_EN_9x16_FX-Learning_ZT-trainbrain_RS-P3X1R1C3_fj,not_delivering,,,,260602_AAA_AEO-Purchase_ios_vid_Growme_T1_0601_joy,2360,8.949153,21.12,3,7.04,2,10.56,,,,0.847458,0.25,14.152542,17,,
2026-06-01,2026-06-29,20260601_GrowMe_EN_9x16_FX-LifeLessons_ZT-nomoney_RS-P3X1R1C3_fj,not_delivering,,,,260602_AAA_AEO-Purchase_ios_vid_Growme_T1_0601_joy,3,0,0,,,,,,,,0,,,,,
2026-06-01,2026-06-29,20260601_GrowMe_EN_9x16_FX-Quotes_ZT-xiezi_RS-P3X1R1C3_fj,not_delivering,,,,260602_AAA_AEO-Purchase_ios_vid_Growme_T1_0601_joy,26,4.615385,0.12,,,1,0.12,,,,3.846154,0,53.846154,1,,
2026-06-01,2026-06-29,20260601_GrowMe_EN_9x16_FX-Learning_ZT-eadingpower_RS-P3X1R1C3_fj,not_delivering,,,,260602_AAA_AEO-Purchase_ios_vid_Growme_T1_0601_joy,190,9.947368,1.89,1,1.89,,,,,,1.052632,1,23.157895,1,,
2026-06-01,2026-06-29,20260601_GrowMe_0_EN_9x16_FX-Formats_ZT-read_RS-P3X1R1C3_gy,not_delivering,,,,260602_AAA_AEO-Purchase_ios_vid_Growme_T1_0601_joy,2,0,0,,,,,,,,0,,,,,
2026-06-01,2026-06-29,20260601_GrowMe_EN_9x16_FX-Learning_ZT-life_RS-P3X1R1C3_gy,inactive,,,,260602_AAA_AEO-Purchase_ios_vid_Growme_T1_0601_joy,16117,7.142769,115.12,27,4.263704,2,57.56,,,,1.99789,0.30337079,19.62524,248,,
2026-06-01,2026-06-29,20260601_GrowMe_EN_9x16_FX-LifeLessons_ZT-mindset_RS-P3X1R1C3_gy,not_delivering,,,,260602_AAA_AEO-Purchase_ios_vid_Growme_T1_0601_joy,18,11.666667,0.21,,,,,,,,0,,22.222222,,,
2026-06-01,2026-06-29,20260601_GrowMe_EN_9x16_FX-Communication_ZT-read_RS-P3X1R1C3_gy,not_delivering,,,,260602_AAA_AEO-Purchase_ios_vid_Growme_T1_0601_joy,195,8.923077,1.74,,,,,,,,1.538462,0,25.641026,2,,
2026-06-01,2026-06-29,20260601_GrowMe_EN_9x16_FX-Learning_ZT-listen_RS-P3X1R1C3_gy,not_delivering,,,,260602_AAA_AEO-Purchase_ios_vid_Growme_T1_0601_joy,14,4.285714,0.06,,,,,,,,7.142857,0,28.571429,,,
2026-06-01,2026-06-29,20260601_GrowMe_EN_9x16_FX-WomenEmpowerment_ZT-wait_RS-P3X1R1C3_gy,not_delivering,,,,260602_AAA_AEO-Purchase_ios_vid_Growme_T1_0601_joy,847,7.638725,6.47,2,3.235,,,,,,1.062574,0.66666667,18.299882,4,,
2026-06-01,2026-06-29,20260601_growme_EN_9x16_FX-Finance_ZT-maderich_RS-P1X1R3C3_wxx,not_delivering,,,,260602_AAA_AEO-Purchase_ios_vid_Growme_T1_0601_joy,16,7.5,0.12,,,,,,,,0,,18.75,,,
2026-06-01,2026-06-29,20260601_growme_EN_9x16_FX-lifelessons_ZT-education_RS-P1X1R3C3_wxx,not_delivering,,,,260602_AAA_AEO-Purchase_ios_vid_Growme_T1_0601_joy,1151,9.643788,11.1,1,11.1,,,,,,1.042572,0.33333333,19.548219,10,,
2026-06-01,2026-06-29,20260601_growme_EN_9x16_FX-Learning_ZT-booklist_RS-P1X1R3C3_wxx,not_delivering,,,,260602_AAA_AEO-Purchase_ios_vid_Growme_T1_0601_joy,8,16.25,0.13,,,,,,,,0,,37.5,,,
2026-06-01,2026-06-29,20260601_growme_EN_9x16_FX-Learning_ZT-communication_RS-P1X1R3C3_wxx,not_delivering,1,actions:app_custom_event.fb_mobile_purchase,40.17,260602_AAA_AEO-Purchase_ios_vid_Growme_T1_0601_joy,4094,9.81192,40.17,10,4.017,1,40.17,1,40.17,0.716953,1.343429,0.43478261,18.14851,40,,
2026-06-01,2026-06-29,20260601_growme_EN_9x16_FX-Quotes_ZT-meaningful_RS-P1X1R3C3_wxx,not_delivering,,,,260602_AAA_AEO-Purchase_ios_vid_Growme_T1_0601_joy,43,9.767442,0.42,,,,,,,,6.976744,,27.906977,,,
2026-06-01,2026-06-29,20260601_growme_EN_9x16_FX-Learning_ZT-communication_RS-P1X1R3C3_wxx,inactive,1,actions:app_custom_event.fb_mobile_purchase,77.46,260602_AAA_AEO-Purchase_ios_vid_Growme_WW_0601_joy,44171,1.753639,77.46,67,1.156119,2,38.73,1,77.46,0.165634,1.96509,0.24542125,17.48885,540,,
2026-06-01,2026-06-29,20260601_growme_EN_9x16_FX-lifelessons_ZT-education_RS-P1X1R3C3_wxx,not_delivering,3,actions:app_custom_event.fb_mobile_purchase,12.07666667,260602_AAA_AEO-Purchase_ios_vid_Growme_WW_0601_joy,23413,1.547431,36.23,23,1.575217,3,12.076667,3,12.076667,1.294783,1.084867,0.20535714,18.31034,215,,
2026-06-01,2026-06-29,20260601_growme_EN_9x16_FX-Finance_ZT-maderich_RS-P1X1R3C3_wxx,not_delivering,,,,260602_AAA_AEO-Purchase_ios_vid_Growme_WW_0601_joy,588,2.465986,1.45,,,,,,,,0.510204,0,20.918367,6,,
2026-06-01,2026-06-29,20260601_GrowMe_EN_9x16_FX-Learning_ZT-englishpresentation_RS-P3X1R1C3_fj,inactive,2,actions:app_custom_event.fb_mobile_purchase,63.565,260602_AAA_AEO-Purchase_ios_vid_Growme_WW_0601_joy,67398,1.886258,127.13,98,1.297245,2,63.565,2,63.565,0.164949,1.445147,0.14306569,14.828333,522,,
2026-06-01,2026-06-29,20260529_growme_EN_9x16_FX-Creative_ZT-leadership_RS-P1X1R3C3_ZH_RMG-4748A,not_delivering,,,,260602_AAA_AEO-Purchase_ios_vid_Growme_WW_0601_joy,64,2.03125,0.13,,,,,,,,1.5625,0,17.1875,,,
2026-06-01,2026-06-29,20260529_growme_EN_9x16_FX-Creative_ZT-leadership_RS-P1X1R3C3_ZH_RMG-4748B,not_delivering,,,,260602_AAA_AEO-Purchase_ios_vid_Growme_WW_0601_joy,7,2.857143,0.02,,,,,,,,0,,28.571429,,,
2026-06-01,2026-06-29,20260529_growme_EN_9x16_FX-Creative_ZT-leadership_RS-P1X1R3C3_ZH_RMG-4748J,not_delivering,,,,260602_AAA_AEO-Purchase_ios_vid_Growme_WW_0601_joy,1792,2.672991,4.79,1,4.79,1,4.79,,,,1.116071,0.2,16.908482,8,,
2026-06-01,2026-06-29,20260529_growme_EN_9x16_FX-Creative_ZT-leadership_RS-P1X1R3C3_ZH_RMG-4748E,not_delivering,,,,260602_AAA_AEO-Purchase_ios_vid_Growme_WW_0601_joy,1311,3.31045,4.34,,,,,,,,0.915332,0,22.044241,42,,
2026-06-01,2026-06-29,20260601_GrowMe_EN_9x16_FX-Learning_ZT-eadingpower_RS-P3X1R1C3_fj,not_delivering,,,,260602_AAA_AEO-Purchase_ios_vid_Growme_WW_0601_joy,1802,2.558269,4.61,1,4.61,,,,,,0.887902,0.07692308,18.590455,8,,
2026-06-01,2026-06-29,20260601_GrowMe_0_EN_9x16_FX-Formats_ZT-read_RS-P3X1R1C3_gy,not_delivering,,,,260602_AAA_AEO-Purchase_ios_vid_Growme_WW_0601_joy,509,3.123772,1.59,,,,,,,,2.1611,0,16.699411,3,,
2026-06-01,2026-06-29,20260601_growme_EN_9x16_FX-Quotes_ZT-meaningful_RS-P1X1R3C3_wxx,not_delivering,,,,260602_AAA_AEO-Purchase_ios_vid_Growme_WW_0601_joy,138,1.449275,0.2,,,,,,,,2.898551,0,20.289855,4,,
2026-06-01,2026-06-29,20260601_GrowMe_EN_9x16_FX-Learning_ZT-listen_RS-P3X1R1C3_gy,not_delivering,,,,260602_AAA_AEO-Purchase_ios_vid_Growme_WW_0601_joy,114,2.45614,0.28,,,,,,,,2.631579,0,20.175439,1,,
2026-06-01,2026-06-29,20260529_growme_EN_9x16_FX-Creative_ZT-leadership_RS-P1X1R3C3_ZH_RMG-4748F,not_delivering,,,,260602_AAA_AEO-Purchase_ios_vid_Growme_WW_0601_joy,235,2.680851,0.63,,,,,,,,0,,19.148936,,,
2026-06-01,2026-06-29,20260529_growme_EN_9x16_FX-Creative_ZT-leadership_RS-P1X1R3C3_ZH_RMG-4748D,not_delivering,,,,260602_AAA_AEO-Purchase_ios_vid_Growme_WW_0601_joy,71,2.253521,0.16,,,,,,,,2.816901,0,9.859155,,,
2026-06-01,2026-06-29,20260601_growme_EN_9x16_FX-Learning_ZT-booklist_RS-P1X1R3C3_wxx,not_delivering,,,,260602_AAA_AEO-Purchase_ios_vid_Growme_WW_0601_joy,455,1.956044,0.89,,,,,,,,0.21978,0,10.10989,3,,
2026-06-01,2026-06-29,20260601_GrowMe_EN_9x16_FX-LifeLessons_ZT-nomoney_RS-P3X1R1C3_fj,not_delivering,,,,260602_AAA_AEO-Purchase_ios_vid_Growme_WW_0601_joy,139,2.374101,0.33,,,,,,,,0.719424,0,25.899281,6,,
2026-06-01,2026-06-29,20260529_growme_EN_9x16_FX-Creative_ZT-leadership_RS-P1X1R3C3_ZH_RMG-4748G,not_delivering,,,,260602_AAA_AEO-Purchase_ios_vid_Growme_WW_0601_joy,1127,3.637977,4.1,1,4.1,,,,,,1.330967,0.16666667,21.206744,24,,
2026-06-01,2026-06-29,20260529_growme_EN_9x16_FX-Creative_ZT-leadership_RS-P1X1R3C3_ZH_RMG-4748H,not_delivering,,,,260602_AAA_AEO-Purchase_ios_vid_Growme_WW_0601_joy,303,2.541254,0.77,,,,,,,,0,,23.10231,2,,
2026-06-01,2026-06-29,20260601_GrowMe_EN_9x16_FX-Communication_ZT-read_RS-P3X1R1C3_gy,inactive,1,actions:app_custom_event.fb_mobile_purchase,51.5,260602_AAA_AEO-Purchase_ios_vid_Growme_WW_0601_joy,22916,2.247338,51.5,24,2.145833,2,25.75,1,51.5,0.150485,1.073486,0.24242424,21.124978,196,,
2026-06-01,2026-06-29,20260601_GrowMe_EN_9x16_FX-Quotes_ZT-xiezi_RS-P3X1R1C3_fj,inactive,,,,260602_AAA_AEO-Purchase_ios_vid_Growme_WW_0601_joy,36587,3.059283,111.93,8,13.99125,,,,,,1.003089,0.05797101,39.847487,391,,
2026-06-01,2026-06-29,20260529_growme_EN_9x16_FX-Creative_ZT-leadership_RS-P1X1R3C3_ZH_RMG-4748C,not_delivering,,,,260602_AAA_AEO-Purchase_ios_vid_Growme_WW_0601_joy,325,2.646154,0.86,,,,,,,,0.923077,0,25.538462,7,,
2026-06-01,2026-06-29,20260429_GrowMe_EN_9x16_FX-test_ZT-fly_RS-P3X1R1C3_fj,not_delivering,,,,260429_AAA_AEO-Purchase_ios_vid_Growme_WW_0427week_joy,23,0,0,,,,,,,,0,,13.043478,,,
2026-06-01,2026-06-29,20260601_GrowMe_EN_9x16_FX-LifeLessons_ZT-mindset_RS-P3X1R1C3_gy,not_delivering,,,,260602_AAA_AEO-Purchase_ios_vid_Growme_WW_0601_joy,848,3.160377,2.68,,,,,,,,0.589623,0,15.683962,11,,
2026-06-01,2026-06-29,20260601_GrowMe_EN_9x16_FX-Learning_ZT-trainbrain_RS-P3X1R1C3_fj,inactive,9,actions:app_custom_event.fb_mobile_purchase,57.66888889,260602_AAA_AEO-Purchase_ios_vid_Growme_WW_0601_joy,265584,1.954259,519.02,317,1.637287,21,24.715238,9,57.668889,0.27918,1.617567,0.15810474,17.751069,2376,,
2026-06-01,2026-06-29,20260529_growme_EN_9x16_FX-Creative_ZT-leadership_RS-P1X1R3C3_ZH_RMG-4748I,not_delivering,,,,260602_AAA_AEO-Purchase_ios_vid_Growme_WW_0601_joy,265,2.113208,0.56,,,,,,,,0,,23.773585,2,,
2026-06-01,2026-06-29,20260601_GrowMe_EN_9x16_FX-Learning_ZT-life_RS-P3X1R1C3_gy,inactive,7,actions:app_custom_event.fb_mobile_purchase,48.93142857,260602_AAA_AEO-Purchase_ios_vid_Growme_WW_0601_joy,185367,1.847794,342.52,251,1.364622,17,20.148235,7,48.931429,0.391247,1.536951,0.28522727,16.165229,2934,,
2026-06-01,2026-06-29,20260601_GrowMe_EN_9x16_FX-WomenEmpowerment_ZT-wait_RS-P3X1R1C3_gy,not_delivering,,,,260602_AAA_AEO-Purchase_ios_vid_Growme_WW_0601_joy,28078,2.75447,77.34,48,1.61125,3,25.78,,,,1.919652,0.19917012,19.812665,283,,
2026-06-01,2026-06-29,20260602_GrowMe_EN_9x16_FX-EmotionalHealth_ZT-6anxiety_RS-P3X1R1C3_fj_jql,not_delivering,,,,260603_AAA_AEO-Purchase_ios_vid_Growme_T1_0602_joy,92,8.913043,0.82,,,,,,,,3.26087,0,40.217391,2,,
2026-06-01,2026-06-29,20260602_GrowMe_EN_9x16_FX-Mindset_ZT-speech_RS-P3X1R1C3_fj_jql,not_delivering,,,,260603_AAA_AEO-Purchase_ios_vid_Growme_T1_0602_joy,373,16.085791,6,2,3,,,,,,1.340483,1,25.737265,1,,
2026-06-01,2026-06-29,20260602_GrowMe_EN_9x16_FX-Communication_ZT-Foryour_RS-P3X1R1C3_fj_jql,not_delivering,,,,260603_AAA_AEO-Purchase_ios_vid_Growme_T1_0602_joy,7,12.857143,0.09,,,,,,,,0,,14.285714,,,
2026-06-01,2026-06-29,20260602_GrowMe_EN_9x16_FX-EmotionalHealth_ZT-Relieveanxiety_RS-P3X1R1C3_fj_jql,not_delivering,,,,260603_AAA_AEO-Purchase_ios_vid_Growme_T1_0602_joy,30,9.333333,0.28,,,,,,,,3.333333,0,23.333333,,,
2026-06-01,2026-06-29,20260602_GrowMe_0_EN_9x16_FX-LifeLessons_ZT-read_RS-P3X1R1C3_gy,not_delivering,,,,260603_AAA_AEO-Purchase_ios_vid_Growme_T1_0602_joy,50,7.4,0.37,,,,,,,,2,0,26,1,,
2026-06-01,2026-06-29,20260602_GrowMe_0_EN_9x16_FX-LifeLessons_ZT-confidence_RS-P3X1R1C3_gy,not_delivering,1,actions:app_custom_event.fb_mobile_purchase,71.41,260603_AAA_AEO-Purchase_ios_vid_Growme_T1_0602_joy,8750,8.161143,71.41,16,4.463125,3,23.803333,1,71.41,0.400364,1.188571,0.28571429,16.594286,262,,
2026-06-01,2026-06-29,20260602_GrowMe_EN_9x16_FX-Communication_ZT-reading_RS-P3X1R1C3_fj,inactive,3,actions:app_custom_event.fb_mobile_purchase,105.15333333,260603_AAA_AEO-Purchase_ios_vid_Growme_T1_0602_joy,40979,7.698089,315.46,92,3.428913,7,45.065714,3,105.153333,0.14379,1.647185,0.35114504,15.766612,552,,
2026-06-01,2026-06-29,20260602_GrowMe_EN_9x16_FX-Quotes_ZT-10books_RS-P3X1R1C3_fj,not_delivering,,,,260603_AAA_AEO-Purchase_ios_vid_Growme_T1_0602_joy,57,14.385965,0.82,,,,,,,,0,,28.070175,1,,
2026-06-01,2026-06-29,20260602_GrowMe_EN_9x16_FX-Mindset_ZT-behindlife_RS-P3X1R1C3_fj,not_delivering,,,,260603_AAA_AEO-Purchase_ios_vid_Growme_T1_0602_joy,129,11.085271,1.43,,,,,,,,0.775194,0,26.356589,4,,
2026-06-01,2026-06-29,20260602_GrowMe_EN_9x16_FX-Communication_ZT-d1_RS-P3X1R1C3_fj,inactive,3,actions:app_custom_event.fb_mobile_purchase,59.52333333,260603_AAA_AEO-Purchase_ios_vid_Growme_T1_0602_joy,17291,10.327338,178.57,35,5.102,6,29.761667,3,59.523333,0.214818,2.417443,0.20588235,19.709676,360,,
2026-06-01,2026-06-29,20260602_growme_EN_9x16_FX-Quotes_ZT-focus_RS-P1X1R3C3_wxx,not_delivering,,,,260603_AAA_AEO-Purchase_ios_vid_Growme_T1_0602_joy,68,7.941176,0.54,,,,,,,,0,,29.411765,,,
2026-06-01,2026-06-29,20260602_growme_EN_9x16_FX-Quotes_ZT-book_RS-P1X1R3C3_wxx,not_delivering,,,,260603_AAA_AEO-Purchase_ios_vid_Growme_T1_0602_joy,468,9.444444,4.42,,,,,,,,0.854701,0,23.931624,9,,
2026-06-01,2026-06-29,20260602_GrowMe_EN_9x16_FX-WomenEmpowerment_ZT-woman_RS-P3X1R1C3_fj,not_delivering,,,,260603_AAA_AEO-Purchase_ios_vid_Growme_T1_0602_joy,350,12.142857,4.25,,,,,,,,1.428571,0,23.428571,3,,
2026-06-01,2026-06-29,20260602_growme_EN_9x16_FX-Quotes_ZT-101_RS-P1X1R3C3_wxx,not_delivering,,,,260603_AAA_AEO-Purchase_ios_vid_Growme_T1_0602_joy,51,11.176471,0.57,,,,,,,,0,,27.45098,2,,
2026-06-01,2026-06-29,20260602_GrowMe_EN_9x16_FX-Mindset_ZT-phone_RS-P3X1R1C3_fj_jql,not_delivering,,,,260603_AAA_AEO-Purchase_ios_vid_Growme_T1_0602_joy,124,9.516129,1.18,,,,,,,,0,,15.322581,,,
2026-06-01,2026-06-29,20260602_growme_EN_9x16_FX-WomenEmpowerment_ZT-cichang_RS-P1X1R3C3_wxx,not_delivering,,,,260603_AAA_AEO-Purchase_ios_vid_Growme_T1_0602_joy,180,11.055556,1.99,1,1.99,,,,,,1.666667,,26.666667,3,,
2026-06-01,2026-06-29,"20260602_GrowMe_EN_9x16_FX-LifeLessons_ZT-4 words_RS-P3X1R1C3_fj_jql",not_delivering,,,,260603_AAA_AEO-Purchase_ios_vid_Growme_T1_0602_joy,659,10.030349,6.61,1,6.61,,,,,,0.30349,,20.333839,6,,
2026-06-01,2026-06-29,20260602_GrowMe_EN_9x16_FX-EmotionalHealth_ZT-Mentalhealth_RS-P3X1R1C3_fj_jql,not_delivering,,,,260603_AAA_AEO-Purchase_ios_vid_Growme_T1_0602_joy,7,4.285714,0.03,,,,,,,,0,,28.571429,,,
2026-06-01,2026-06-29,20260602_GrowMe_EN_9x16_FX-EmotionalHealth_ZT-pride_RS-P3X1R1C3_fj_jql,not_delivering,,,,260603_AAA_AEO-Purchase_ios_vid_Growme_T1_0602_joy,20,11,0.22,,,,,,,,5,,45,,,
2026-06-01,2026-06-29,20260602_GrowMe_0_EN_9x16_FX-Learning_ZT-read_RS-P3X1R1C3_gy,inactive,1,actions:app_custom_event.fb_mobile_purchase,189.13,260603_AAA_AEO-Purchase_ios_vid_Growme_T1_0602_joy,23140,8.173293,189.13,45,4.202889,8,23.64125,1,189.13,0.154708,1.227312,0.25,15.898876,200,,
2026-06-01,2026-06-29,20260602_GrowMe_0_EN_9x16_FX-Learning_ZT-speak_RS-P3X1R1C3_gy,not_delivering,,,,260603_AAA_AEO-Purchase_ios_vid_Growme_T1_0602_joy,76,6.052632,0.46,,,,,,,,0,,22.368421,1,,
2026-06-01,2026-06-29,20260602_GrowMe_0_EN_9x16_FX-Growth_ZT-naixin_RS-P3X1R1C3_gy,not_delivering,,,,260603_AAA_AEO-Purchase_ios_vid_Growme_T1_0602_joy,22,11.818182,0.26,,,,,,,,4.545455,0,27.272727,,,
2026-06-01,2026-06-29,"20260602_GrowMe_EN_9x16_FX-Communication_ZT- voice_RS-P3X1R1C3_fj",not_delivering,,,,260603_AAA_AEO-Purchase_ios_vid_Growme_T1_0602_joy,487,12.915811,6.29,,,,,,,,1.437372,0,20.73922,23,,
2026-06-01,2026-06-29,20260602_GrowMe_EN_9x16_FX-LifeLessons_ZT-Lifeadvice_RS-P3X1R1C3_fj_jql,not_delivering,,,,260603_AAA_AEO-Purchase_ios_vid_Growme_T1_0602_joy,138,16.231884,2.24,,,,,,,,0.724638,,37.681159,2,,
2026-06-01,2026-06-29,20260602_GrowMe_EN_9x16_FX-LifeLessons_ZT-Letnature_RS-P3X1R1C3_fj_jql,not_delivering,,,,260603_AAA_AEO-Purchase_ios_vid_Growme_T1_0602_joy,70,18.428571,1.29,,,,,,,,2.857143,0,30,2,,
2026-06-01,2026-06-29,20260602_GrowMe_EN_9x16_FX-Growth_ZT-startover_RS-P3X1R1C3_fj,not_delivering,,,,260603_AAA_AEO-Purchase_ios_vid_Growme_T1_0602_joy,160,12.9375,2.07,,,,,,,,0,,21.25,1,,
2026-06-01,2026-06-29,20260602_growme_EN_9x16_FX-Quotes_ZT-survive_RS-P1X1R3C3_wxx,not_delivering,,,,260603_AAA_AEO-Purchase_ios_vid_Growme_T1_0602_joy,7876,8.245302,64.94,2,32.47,,,,,,0.837989,0.125,23.311326,30,,
2026-06-01,2026-06-29,20260602_GrowMe_EN_9x16_FX-Communication_ZT-Foryour_RS-P3X1R1C3_fj_jql,not_delivering,,,,260603_AAA_AEO-Purchase_ios_vid_Growme_WW_0602_joy,186,2.849462,0.53,,,,,,,,0.537634,0,23.655914,,,
2026-06-01,2026-06-29,20260602_growme_EN_9x16_FX-WomenEmpowerment_ZT-cichang_RS-P1X1R3C3_wxx,not_delivering,,,,260603_AAA_AEO-Purchase_ios_vid_Growme_WW_0602_joy,85,1.058824,0.09,,,,,,,,0,,16.470588,,,
2026-06-01,2026-06-29,20260602_GrowMe_EN_9x16_FX-Mindset_ZT-phone_RS-P3X1R1C3_fj_jql,not_delivering,,,,260603_AAA_AEO-Purchase_ios_vid_Growme_WW_0602_joy,173,1.387283,0.24,,,,,,,,0,,15.606936,2,,
2026-06-01,2026-06-29,20260602_growme_EN_9x16_FX-Quotes_ZT-survive_RS-P1X1R3C3_wxx,inactive,,,,260603_AAA_AEO-Purchase_ios_vid_Growme_WW_0602_joy,37230,1.634166,60.84,25,2.4336,,,,,,0.80043,0.2,18.912168,153,,
2026-06-01,2026-06-29,20260602_growme_EN_9x16_FX-Quotes_ZT-101_RS-P1X1R3C3_wxx,not_delivering,,,,260603_AAA_AEO-Purchase_ios_vid_Growme_WW_0602_joy,20,1,0.02,,,,,,,,0,,30,,,
2026-06-01,2026-06-29,20260602_growme_EN_9x16_FX-Quotes_ZT-focus_RS-P1X1R3C3_wxx,not_delivering,,,,260603_AAA_AEO-Purchase_ios_vid_Growme_WW_0602_joy,4256,2.492951,10.61,4,2.6525,,,,,,1.597744,0.125,21.781015,51,,
2026-06-01,2026-06-29,20260602_GrowMe_0_EN_9x16_FX-LifeLessons_ZT-confidence_RS-P3X1R1C3_gy,inactive,1,actions:app_custom_event.fb_mobile_purchase,86.14,260603_AAA_AEO-Purchase_ios_vid_Growme_WW_0602_joy,38533,2.235486,86.14,65,1.325231,2,43.07,1,86.14,0.255398,1.297589,0.2480916,16.777827,989,,
2026-06-01,2026-06-29,20260602_GrowMe_0_EN_9x16_FX-LifeLessons_ZT-read_RS-P3X1R1C3_gy,not_delivering,,,,260603_AAA_AEO-Purchase_ios_vid_Growme_WW_0602_joy,155,1.870968,0.29,,,,,,,,1.935484,0,27.096774,2,,
2026-06-01,2026-06-29,20260602_GrowMe_EN_9x16_FX-Communication_ZT-reading_RS-P3X1R1C3_fj,inactive,2,actions:app_custom_event.fb_mobile_purchase,107.355,260603_AAA_AEO-Purchase_ios_vid_Growme_WW_0602_joy,153482,1.398926,214.71,327,0.656606,4,53.6775,2,107.355,0.063854,1.865365,0.29092527,17.602716,2108,,
2026-06-01,2026-06-29,20260602_GrowMe_EN_9x16_FX-Quotes_ZT-10books_RS-P3X1R1C3_fj,not_delivering,,,,260603_AAA_AEO-Purchase_ios_vid_Growme_WW_0602_joy,262,1.526718,0.4,1,0.4,,,,,,1.908397,0.5,27.480916,1,,
2026-06-01,2026-06-29,"20260602_GrowMe_EN_9x16_FX-Communication_ZT- voice_RS-P3X1R1C3_fj",inactive,1,actions:app_custom_event.fb_mobile_purchase,63.53,260603_AAA_AEO-Purchase_ios_vid_Growme_WW_0602_joy,30963,2.051804,63.53,47,1.351702,3,21.176667,1,63.53,0.17236,1.246649,0.2716763,20.469593,1339,,
2026-06-01,2026-06-29,20260602_GrowMe_EN_9x16_FX-Communication_ZT-d1_RS-P3X1R1C3_fj,inactive,1,actions:app_custom_event.fb_mobile_purchase,118.12,260603_AAA_AEO-Purchase_ios_vid_Growme_WW_0602_joy,56305,2.09786,118.12,101,1.169505,3,39.373333,1,118.12,0.322977,1.960749,0.22544643,17.579256,978,,
2026-06-01,2026-06-29,20260602_GrowMe_EN_9x16_FX-EmotionalHealth_ZT-Mentalhealth_RS-P3X1R1C3_fj_jql,not_delivering,,,,260603_AAA_AEO-Purchase_ios_vid_Growme_WW_0602_joy,42,1.190476,0.05,,,,,,,,0,,38.095238,1,,
2026-06-01,2026-06-29,20260602_GrowMe_0_EN_9x16_FX-Quotes_ZT-dream_RS-P3X1R1C3_gy,not_delivering,,,,260603_AAA_AEO-Purchase_ios_vid_Growme_WW_0602_joy,48,1.041667,0.05,,,,,,,,0,,10.416667,,,
2026-06-01,2026-06-29,20260602_GrowMe_EN_9x16_FX-Growth_ZT-startover_RS-P3X1R1C3_fj,not_delivering,,,,260603_AAA_AEO-Purchase_ios_vid_Growme_WW_0602_joy,365,2.438356,0.89,,,,,,,,1.369863,0,22.739726,2,,
2026-06-01,2026-06-29,20260602_GrowMe_EN_9x16_FX-EmotionalHealth_ZT-6anxiety_RS-P3X1R1C3_fj_jql,not_delivering,,,,260603_AAA_AEO-Purchase_ios_vid_Growme_WW_0602_joy,602,2.375415,1.43,,,,,,,,0.332226,0,25.747508,6,,
2026-06-01,2026-06-29,20260602_GrowMe_EN_9x16_FX-EmotionalHealth_ZT-Relieveanxiety_RS-P3X1R1C3_fj_jql,not_delivering,,,,260603_AAA_AEO-Purchase_ios_vid_Growme_WW_0602_joy,40,1,0.04,,,,,,,,2.5,0,22.5,1,,
2026-06-01,2026-06-29,20260602_GrowMe_EN_9x16_FX-LifeLessons_ZT-Lifeadvice_RS-P3X1R1C3_fj_jql,not_delivering,,,,260603_AAA_AEO-Purchase_ios_vid_Growme_WW_0602_joy,13,1.538462,0.02,,,,,,,,0,,23.076923,,,
2026-06-01,2026-06-29,"20260602_GrowMe_EN_9x16_FX-LifeLessons_ZT-4 words_RS-P3X1R1C3_fj_jql",not_delivering,,,,260603_AAA_AEO-Purchase_ios_vid_Growme_WW_0602_joy,262,2.21374,0.58,,,,,,,,0.763359,,23.664122,2,,
2026-06-01,2026-06-29,20260602_growme_EN_9x16_FX-Quotes_ZT-book_RS-P1X1R3C3_wxx,not_delivering,1,actions:app_custom_event.fb_mobile_purchase,67.78,260603_AAA_AEO-Purchase_ios_vid_Growme_WW_0602_joy,29844,2.271143,67.78,18,3.765556,,,1,67.78,0.491886,0.924809,0.1875,22.590806,471,,
2026-06-01,2026-06-29,20260602_GrowMe_0_EN_9x16_FX-Growth_ZT-naixin_RS-P3X1R1C3_gy,not_delivering,,,,260603_AAA_AEO-Purchase_ios_vid_Growme_WW_0602_joy,142,3.521127,0.5,,,,,,,,1.408451,,20.422535,2,,
2026-06-01,2026-06-29,20260602_GrowMe_EN_9x16_FX-EmotionalHealth_ZT-pride_RS-P3X1R1C3_fj_jql,not_delivering,,,,260603_AAA_AEO-Purchase_ios_vid_Growme_WW_0602_joy,130,2.615385,0.34,,,,,,,,0.769231,,31.538462,,,
2026-06-01,2026-06-29,20260602_GrowMe_0_EN_9x16_FX-Learning_ZT-read_RS-P3X1R1C3_gy,not_delivering,5,actions:app_custom_event.fb_mobile_purchase,49.192,260603_AAA_AEO-Purchase_ios_vid_Growme_WW_0602_joy,121048,2.031921,245.96,231,1.064762,12,20.496667,5,49.192,0.347008,1.297832,0.27966102,15.422807,1288,,
2026-06-01,2026-06-29,20260602_GrowMe_EN_9x16_FX-LifeLessons_ZT-Letnature_RS-P3X1R1C3_fj_jql,not_delivering,,,,260603_AAA_AEO-Purchase_ios_vid_Growme_WW_0602_joy,129,1.705426,0.22,,,,,,,,2.325581,0,17.829457,1,,
2026-06-01,2026-06-29,20260602_GrowMe_EN_9x16_FX-Mindset_ZT-behindlife_RS-P3X1R1C3_fj,not_delivering,,,,260603_AAA_AEO-Purchase_ios_vid_Growme_WW_0602_joy,17,0,0,,,,,,,,0,,11.764706,,,
2026-06-01,2026-06-29,20260602_GrowMe_EN_9x16_FX-Mindset_ZT-speech_RS-P3X1R1C3_fj_jql,not_delivering,,,,260603_AAA_AEO-Purchase_ios_vid_Growme_WW_0602_joy,206,3.398058,0.7,,,,,,,,1.941748,0,11.165049,1,,
2026-06-01,2026-06-29,20260602_GrowMe_0_EN_9x16_FX-Learning_ZT-speak_RS-P3X1R1C3_gy,not_delivering,,,,260603_AAA_AEO-Purchase_ios_vid_Growme_WW_0602_joy,856,1.530374,1.31,1,1.31,,,,,,1.051402,0.5,22.897196,14,,
2026-06-01,2026-06-29,20260602_GrowMe_0_EN_9x16_FX-Quotes_ZT-dream_RS-P3X1R1C3_gy,not_delivering,,,,260603_AAA_AEO-Purchase_ios_vid_Growme_T1_0602_joy,1,0,0,,,,,,,,0,,,,,
2026-06-01,2026-06-29,20260602_GrowMe_EN_9x16_FX-WomenEmpowerment_ZT-woman_RS-P3X1R1C3_fj,not_delivering,,,,260603_AAA_AEO-Purchase_ios_vid_Growme_WW_0602_joy,49,1.428571,0.07,,,,,,,,0,,34.693878,1,,
2026-06-01,2026-06-29,"20260603_GrowMe_EN_9x16_FX- Focus_ZT-morning_RS-P3X1R1C3_fj",not_delivering,,,,260604_AAA_AEO-Purchase_ios_vid_Growme_T1_0603_joy,11,5.454545,0.06,,,,,,,,0,,54.545455,,,
2026-06-01,2026-06-29,20260603_GrowMe_EN_9x16_FX-Discipline_ZT-thinking_RS-P3X1R1C3_fj_jql,not_delivering,,,,260604_AAA_AEO-Purchase_ios_vid_Growme_T1_0603_joy,40,7.25,0.29,,,,,,,,0,,35,1,,
2026-06-01,2026-06-29,20260603_GrowMe_0_EN_9x16_FX-Learning_ZT-speak_RS-P3X1R1C3_gy,not_delivering,22,actions:app_custom_event.fb_mobile_purchase,45.18863636,260604_AAA_AEO-Purchase_ios_vid_Growme_T1_0603_joy,138161,7.195591,994.15,222,4.478153,47,21.152128,22,45.188636,0.329005,1.826854,0.33433735,21.662408,1777,,
2026-06-01,2026-06-29,20260603_GrowMe_EN_9x16_FX-WomenEmpowerment_ZT-nofriends_RS-P3X1R1C3_fj,not_delivering,,,,260604_AAA_AEO-Purchase_ios_vid_Growme_T1_0603_joy,13,6.153846,0.08,,,,,,,,0,,23.076923,,,
2026-06-01,2026-06-29,"20260603_GrowMe_EN_9x16_FX- Focus_ZT- yourself_RS-P3X1R1C3_fj",not_delivering,,,,260604_AAA_AEO-Purchase_ios_vid_Growme_T1_0603_joy,2,5,0.01,,,,,,,,0,,,,,
2026-06-01,2026-06-29,20260603_GrowMe_EN_9x16_FX-Formats_ZTdonghua_RS-P3X1R1C3_gy,not_delivering,,,,260604_AAA_AEO-Purchase_ios_vid_Growme_T1_0603_joy,14,7.142857,0.1,,,,,,,,0,,21.428571,,,
2026-06-01,2026-06-29,20260603_GrowMe_EN_9x16_FX-Mindset_ZT-stronger_RS-P3X1R1C3_gy,not_delivering,,,,260604_AAA_AEO-Purchase_ios_vid_Growme_T1_0603_joy,5,0,0,,,,,,,,0,,40,,,
2026-06-01,2026-06-29,20260603_GrowMe_EN_9x16_FX-WomenEmpowerment_ZT-forgive_RS-P3X1R1C3_gy,not_delivering,,,,260604_AAA_AEO-Purchase_ios_vid_Growme_T1_0603_joy,70,7.285714,0.51,,,,,,,,0,,25.714286,,,
2026-06-01,2026-06-29,20260603_growme_EN_9x16_FX-lifelessons_ZT-lifeplanned_RS-P1X1R3C3_wxx,not_delivering,,,,260604_AAA_AEO-Purchase_ios_vid_Growme_T1_0603_joy,195,11.538462,2.25,,,,,,,,1.025641,0,16.923077,2,,
2026-06-01,2026-06-29,20260603_GrowMe_EN_9x16_FX-fear_ZT-d1_RS-P3X1R1C3_fj,not_delivering,,,,260604_AAA_AEO-Purchase_ios_vid_Growme_T1_0603_joy,373,10.080429,3.76,,,,,,,,0.536193,0,15.817694,3,,
2026-06-01,2026-06-29,20260603_GrowMe_EN_9x16_FX-Formats_ZT-respect_RS-P3X1R1C3_gy,not_delivering,,,,260604_AAA_AEO-Purchase_ios_vid_Growme_T1_0603_joy,200,11.55,2.31,,,,,,,,0,,24,,,
2026-06-01,2026-06-29,20260603_growme_EN_9x16_FX-lifelessons_ZT-youshouldtry_RS-P1X1R3C3_wxx,not_delivering,,,,260604_AAA_AEO-Purchase_ios_vid_Growme_T1_0603_joy,1492,7.942359,11.85,1,11.85,,,,,,0.670241,0.16666667,16.55496,10,,
2026-06-01,2026-06-29,20260603_GrowMe_EN_9x16_FX-WomenEmpowerment_ZT-women_RS-P3X1R1C3_fj_jql,not_delivering,,,,260604_AAA_AEO-Purchase_ios_vid_Growme_T1_0603_joy,5,14,0.07,,,,,,,,0,,20,,,
2026-06-01,2026-06-29,20260603_GrowMe_EN_9x16_FX-Discipline_ZT-2choice_RS-P3X1R1C3_fj_jql,not_delivering,,,,260604_AAA_AEO-Purchase_ios_vid_Growme_T1_0603_joy,17,14.117647,0.24,,,,,,,,5.882353,0,47.058824,1,,
2026-06-01,2026-06-29,20260603_GrowMe_EN_9x16_FX-Quotes_ZT-nostalgia_RS-P3X1R1C3_gy,not_delivering,,,,260604_AAA_AEO-Purchase_ios_vid_Growme_T1_0603_joy,55,7.636364,0.42,,,,,,,,0,,38.181818,1,,
2026-06-01,2026-06-29,20260603_GrowMe_EN_9x16_FX-Growth_ZT-change_RS-P3X1R1C3_gy,inactive,1,actions:app_custom_event.fb_mobile_purchase,52.37,260604_AAA_AEO-Purchase_ios_vid_Growme_T1_0603_joy,5332,9.82183,52.37,11,4.760909,6,8.728333,1,52.37,0.24136,2.156789,0.28205128,23.274569,75,,
2026-06-01,2026-06-29,20260603_growme_EN_9x16_FX-lifeisnoteasy_ZT-youshouldtry_RS-P1X1R3C3_wxx,not_delivering,,,,260604_AAA_AEO-Purchase_ios_vid_Growme_T1_0603_joy,20,3.5,0.07,,,,,,,,0,,10,,,
2026-06-01,2026-06-29,"20260603_GrowMe_EN_9x16_FX-WomenEmpowerment_ZT- forgive_RS-P3X1R1C3_fj_jql",not_delivering,,,,260604_AAA_AEO-Purchase_ios_vid_Growme_T1_0603_joy,138,16.811594,2.32,,,,,,,,4.347826,0,42.028986,,,
2026-06-01,2026-06-29,20260603_growme_EN_9x16_FX-Learning_ZT-singsong_RS-P1X1R3C3_wxx,not_delivering,,,,260604_AAA_AEO-Purchase_ios_vid_Growme_T1_0603_joy,48,9.166667,0.44,,,,,,,,0,,12.5,,,
2026-06-01,2026-06-29,20260603_GrowMe_EN_9x16_FX-Mindset_ZT-howto_RS-P3X1R1C3_fj_jql,not_delivering,,,,260604_AAA_AEO-Purchase_ios_vid_Growme_T1_0603_joy,15,8.666667,0.13,,,,,,,,0,,26.666667,,,
2026-06-01,2026-06-29,"20260603_GrowMe_EN_9x16_FX- Focus_ZT-morning_RS-P3X1R1C3_fj",not_delivering,,,,260604_AAA_AEO-Purchase_ios_vid_Growme_WW_0603_joy,242,2.85124,0.69,,,,,,,,1.239669,0,22.727273,4,,
2026-06-01,2026-06-29,20260603_GrowMe_EN_9x16_FX-WomenEmpowerment_ZT-women_RS-P3X1R1C3_fj_jql,not_delivering,,,,260604_AAA_AEO-Purchase_ios_vid_Growme_WW_0603_joy,143,1.118881,0.16,,,,,,,,1.398601,0,30.769231,3,,
2026-06-01,2026-06-29,20260603_GrowMe_EN_9x16_FX-Mindset_ZT-howto_RS-P3X1R1C3_fj_jql,not_delivering,,,,260604_AAA_AEO-Purchase_ios_vid_Growme_WW_0603_joy,1510,2.357616,3.56,,,,,,,,0.662252,0,20.198676,11,,
2026-06-01,2026-06-29,20260603_GrowMe_EN_9x16_FX-Formats_ZT-respect_RS-P3X1R1C3_gy,not_delivering,,,,260604_AAA_AEO-Purchase_ios_vid_Growme_WW_0603_joy,136,1.911765,0.26,,,,,,,,2.205882,0,30.147059,3,,
2026-06-01,2026-06-29,20260603_GrowMe_EN_9x16_FX-SelfImprovement_ZT-dontcare_RS-P3X1R1C3_fj_jql,not_delivering,,,,260604_AAA_AEO-Purchase_ios_vid_Growme_WW_0603_joy,240,2.166667,0.52,,,,,,,,0.416667,0,22.5,1,,
2026-06-01,2026-06-29,20260603_GrowMe_EN_9x16_FX-Discipline_ZT-thinking_RS-P3X1R1C3_fj_jql,not_delivering,,,,260604_AAA_AEO-Purchase_ios_vid_Growme_WW_0603_joy,548,1.240876,0.68,,,,,,,,1.459854,0,20.437956,2,,
2026-06-01,2026-06-29,20260603_growme_EN_9x16_FX-lifelessons_ZT-youshouldtry_RS-P1X1R3C3_wxx,inactive,1,actions:app_custom_event.fb_mobile_purchase,156.81,260604_AAA_AEO-Purchase_ios_vid_Growme_WW_0603_joy,72953,2.149466,156.81,51,3.074706,1,156.81,1,156.81,0.178177,1.335106,0.21518987,19.773005,806,,
2026-06-01,2026-06-29,20260603_GrowMe_EN_9x16_FX-Discipline_ZT-2choice_RS-P3X1R1C3_fj_jql,not_delivering,,,,260604_AAA_AEO-Purchase_ios_vid_Growme_WW_0603_joy,98,1.326531,0.13,,,,,,,,1.020408,,27.55102,1,,
2026-06-01,2026-06-29,"20260603_GrowMe_EN_9x16_FX-WomenEmpowerment_ZT- forgive_RS-P3X1R1C3_fj_jql",not_delivering,,,,260604_AAA_AEO-Purchase_ios_vid_Growme_WW_0603_joy,884,2.533937,2.24,,,,,,,,0.678733,0,23.9819,2,,
2026-06-01,2026-06-29,20260603_GrowMe_0_EN_9x16_FX-Learning_ZT-speak_RS-P3X1R1C3_gy,not_delivering,2,actions:app_custom_event.fb_mobile_purchase,36.625,260604_AAA_AEO-Purchase_ios_vid_Growme_WW_0603_joy,60075,1.219309,73.25,88,0.832386,2,36.625,2,36.625,0.39686,1.271744,0.27329193,17.208489,665,,
2026-06-01,2026-06-29,20260603_growme_EN_9x16_FX-lifeisnoteasy_ZT-youshouldtry_RS-P1X1R3C3_wxx,not_delivering,,,,260604_AAA_AEO-Purchase_ios_vid_Growme_WW_0603_joy,3177,1.768964,5.62,4,1.405,,,,,,1.290526,0.2,18.822789,43,,
2026-06-01,2026-06-29,20260603_growme_EN_9x16_FX-lifelessons_ZT-lifeplanned_RS-P1X1R3C3_wxx,not_delivering,,,,260604_AAA_AEO-Purchase_ios_vid_Growme_WW_0603_joy,18526,1.787218,33.11,15,2.207333,,,,,,1.155133,0.13636364,16.700853,216,,
2026-06-01,2026-06-29,20260603_growme_EN_9x16_FX-Learning_ZT-singsong_RS-P1X1R3C3_wxx,inactive,,,,260604_AAA_AEO-Purchase_ios_vid_Growme_WW_0603_joy,24494,1.773496,43.44,16,2.715,,,,,,1.286029,0.05405405,16.861272,273,,
2026-06-01,2026-06-29,20260603_GrowMe_EN_9x16_FX-Growth_ZT-change_RS-P3X1R1C3_gy,inactive,1,actions:app_custom_event.fb_mobile_purchase,53.45,260604_AAA_AEO-Purchase_ios_vid_Growme_WW_0603_joy,28320,1.887359,53.45,40,1.33625,3,17.816667,1,53.45,0.240973,1.133475,0.40816327,18.908898,409,,
2026-06-01,2026-06-29,"20260603_GrowMe_EN_9x16_FX- Focus_ZT- yourself_RS-P3X1R1C3_fj",not_delivering,,,,260604_AAA_AEO-Purchase_ios_vid_Growme_WW_0603_joy,48,1.458333,0.07,,,,,,,,0,,14.583333,,,
2026-06-01,2026-06-29,20260603_GrowMe_EN_9x16_FX-WomenEmpowerment_ZT-nofriends_RS-P3X1R1C3_fj,not_delivering,,,,260604_AAA_AEO-Purchase_ios_vid_Growme_WW_0603_joy,1208,2.673841,3.23,,,,,,,,1.490066,0,23.344371,10,,
2026-06-01,2026-06-29,20260603_GrowMe_EN_9x16_FX-WomenEmpowerment_ZT-forgive_RS-P3X1R1C3_gy,inactive,1,actions:app_custom_event.fb_mobile_purchase,64.38,260604_AAA_AEO-Purchase_ios_vid_Growme_WW_0603_joy,24895,2.586061,64.38,11,5.852727,2,32.19,1,64.38,0.169307,1.421972,0.05238095,20.224945,292,,
2026-06-01,2026-06-29,20260603_GrowMe_EN_9x16_FX-Quotes_ZT-nostalgia_RS-P3X1R1C3_gy,not_delivering,,,,260604_AAA_AEO-Purchase_ios_vid_Growme_WW_0603_joy,541,1.367837,0.74,1,0.74,,,,,,1.109057,0.25,15.341959,4,,
2026-06-01,2026-06-29,20260603_GrowMe_EN_9x16_FX-Formats_ZTdonghua_RS-P3X1R1C3_gy,not_delivering,,,,260604_AAA_AEO-Purchase_ios_vid_Growme_WW_0603_joy,100,0.9,0.09,,,,,,,,1,,11,,,
2026-06-01,2026-06-29,20260603_GrowMe_EN_9x16_FX-fear_ZT-d1_RS-P3X1R1C3_fj,not_delivering,1,actions:app_custom_event.fb_mobile_purchase,58.46,260604_AAA_AEO-Purchase_ios_vid_Growme_WW_0603_joy,26025,2.246302,58.46,24,2.435833,2,29.23,1,58.46,0.459117,1.095101,0.20338983,16.918348,180,,
2026-06-01,2026-06-29,20260603_GrowMe_EN_9x16_FX-Mindset_ZT-stronger_RS-P3X1R1C3_gy,not_delivering,,,,260604_AAA_AEO-Purchase_ios_vid_Growme_WW_0603_joy,45,2,0.09,,,,,,,,0,,17.777778,,,
2026-06-01,2026-06-29,20260603_GrowMe_EN_9x16_FX-Quotes_ZT-11things_RS-P3X1R1C3_fj,not_delivering,,,,260604_AAA_AEO-Purchase_ios_vid_Growme_WW_0603_joy,704,2.5,1.76,,,,,,,,0.710227,0,27.556818,5,,
2026-06-01,2026-06-29,20260402_growme_TR_9x16_FX-test_ZT-women_RS-P1X1R3C3_wxx,not_delivering,,,,260413_AAA_AEO-Purchase_ios_vid_Growme_turkey_0330week1_joy,1,0,0,,,,,,,,0,,,,,
2026-06-01,2026-06-29,"20260402_GrowMe_TR_9x16_FX-test_ZT- pride_RS-P3X1R1C3_fj",not_delivering,,,,260413_AAA_AEO-Purchase_ios_vid_Growme_turkey_0330week1_joy,36,2.5,0.09,,,,,,,,0,,11.111111,,,
2026-06-01,2026-06-29,"20260414_GrowMe_TR_9x16_FX-test_ZT- listening_RS-P3X1R1C3_fj",not_delivering,,,,260422_AAA_AEO-Purchase_ios_vid_Growme_turkey_0413week_joy,395,1.518987,0.6,,,,,,,,1.265823,0,14.43038,2,,
2026-06-01,2026-06-29,20260325_growme_TR_9x16_FX-test_ZT-english1_RS-P1X1R3C3_wxx,not_delivering,,,,260413_AAA_AEO-Purchase_ios_vid_Growme_turkey_0323week_joy,113,1.415929,0.16,1,0.16,,,,,,2.654867,0.5,17.699115,1,,
2026-06-01,2026-06-29,20260325_growme_TR_9x16_FX-test_ZT-english2_RS-P1X1R3C3_wxx,not_delivering,,,,260413_AAA_AEO-Purchase_ios_vid_Growme_turkey_0323week_joy,1761,2.038614,3.59,2,1.795,,,,,,1.135718,0.25,11.413969,,,
2026-06-01,2026-06-29,20260414_growme_TR_9x16_FX-test_ZT-red_RS-P1X1R3C3_wxx,not_delivering,,,,260422_AAA_AEO-Purchase_ios_vid_Growme_turkey_0413week_joy,15,0,0,,,,,,,,0,,6.666667,,,
2026-06-01,2026-06-29,20260330_growme_TR_9x16_FX-test_ZT-pencil_RS-P1X1R3C3_wxx,not_delivering,,,,260331_AAA_AEO-Purchase_ios_vid_Growme_turkey_0330week2_joy,6005,1.58368,9.51,2,4.755,,,,,,1.298918,0.05714286,13.189009,14,,
2026-06-01,2026-06-29,20260402_growme_TR_9x16_FX-test_ZT-read_RS-P1X1R3C1_gy,not_delivering,,,,260413_AAA_AEO-Purchase_ios_vid_Growme_turkey_0330week1_joy,42,0.47619,0.02,,,,,,,,2.380952,0,16.666667,1,,
2026-06-01,2026-06-29,20260402_growme_TR_9x16_FX-test_ZT-change_RS-P1X1R3C1_gy.video,not_delivering,2,actions:app_custom_event.fb_mobile_purchase,12.135,260413_AAA_AEO-Purchase_ios_vid_Growme_turkey_0330week1_joy,20719,1.171389,24.27,25,0.9708,1,24.27,2,12.135,1.036259,1.095613,0.390625,6.202037,48,,
2026-06-01,2026-06-29,"20260413_GrowMe_TR_9x16_FX-test_ZT- travel_RS-P3X1R1C3_fj",not_delivering,,,,260422_AAA_AEO-Purchase_ios_vid_Growme_turkey_0413week_joy,1566,2.030651,3.18,1,3.18,,,,,,3.320562,0.03571429,17.752235,14,,
2026-06-01,2026-06-29,20260414_growme_TR_9x16_FX-test_ZT-read_RS-P1X1R3C1_gy,not_delivering,,,,260422_AAA_AEO-Purchase_ios_vid_Growme_turkey_0413week_joy,89,0.674157,0.06,,,,,,,,3.370787,0,24.719101,2,,
2026-06-01,2026-06-29,20260402_growme_TR_9x16_FX-test_ZT-read2_RS-P1X1R3C1_gy,not_delivering,1,actions:app_custom_event.fb_mobile_purchase,253.07,260413_AAA_AEO-Purchase_ios_vid_Growme_turkey_0330week1_joy,254755,0.993386,253.07,228,1.109956,3,84.356667,1,253.07,0.098787,0.948362,0.30810811,11.012149,1172,,
2026-06-01,2026-06-29,"20260403_GrowMe_TR_9x16_FX-test_ZT- today_RS-P3X1R1C3_fj",not_delivering,,,,260413_AAA_AEO-Purchase_ios_vid_Growme_turkey_0330week1_joy,1,0,0,,,,,,,,0,,,,,
2026-06-01,2026-06-29,"20260402_GrowMe_TR_9x16_FX-test_ZT- voice_RS-P3X1R1C3_fj",not_delivering,,,,260413_AAA_AEO-Purchase_ios_vid_Growme_turkey_0330week1_joy,1,0,0,,,,,,,,0,,100,,,
2026-06-01,2026-06-29,20260402_growme_TR_9x16_FX-test_ZT-speak_RS-P1X1R3C3_wxx,not_delivering,,,,260413_AAA_AEO-Purchase_ios_vid_Growme_turkey_0330week1_joy,162,1.296296,0.21,,,,,,,,1.234568,0,16.666667,4,,
2026-06-01,2026-06-29,20260414_growme_TR_9x16_FX-test_ZT-slowenglish_RS-P1X1R3C3_wxx,not_delivering,,,,260422_AAA_AEO-Purchase_ios_vid_Growme_turkey_0413week_joy,258,1.162791,0.3,,,,,,,,1.550388,0,13.565891,1,,
2026-06-01,2026-06-29,20260603_GrowMe_EN_9x16_FX-Quotes_ZT-11things_RS-P3X1R1C3_fj,not_delivering,,,,260604_AAA_AEO-Purchase_ios_vid_Growme_T1_0603_joy,8,1.25,0.01,,,,,,,,0,,12.5,,,
2026-06-01,2026-06-29,20260331_growme_TR_9x16_FX-test_ZT-AIlunbo_RS-P1X1R3C3_wxx,not_delivering,,,,260413_AAA_AEO-Purchase_ios_vid_Growme_turkey_0330week1_joy,2,0,0,,,,,,,,0,,,,,
2026-06-01,2026-06-29,20260331_growme_TR_9x16_FX-test_ZT-girl_RS-P1X1R3C3_wxx,not_delivering,,,,260413_AAA_AEO-Purchase_ios_vid_Growme_turkey_0330week1_joy,1,0,0,,,,,,,,0,,,,,
2026-06-01,2026-06-29,"20260603_GrowMe_EN_9x16_FX-Mindset_ZT- dosomeing_RS-P3X1R1C3_fj_jql",not_delivering,,,,260605_AAA_AEO-Purchase_ios_vid_Growme_T1_0604_joy,132,11.287879,1.49,,,,,,,,0,,28.787879,1,,
2026-06-01,2026-06-29,20260604_growme_EN_9x16_FX-lifelessons_ZT-leisi-noone_RS-P1X1R3C3_wxx,inactive,1,actions:app_custom_event.fb_mobile_purchase,216.95,260605_AAA_AEO-Purchase_ios_vid_Growme_T1_0604_joy,21488,10.096333,216.95,50,4.339,6,36.158333,1,216.95,0.049873,1.317014,0.36231884,20.546351,207,,
2026-06-01,2026-06-29,20260604_GrowMe_EN_9x16_FX-LifeLessons_ZT-try_RS-P3X1R1C3_gy,not_delivering,,,,260605_AAA_AEO-Purchase_ios_vid_Growme_T1_0604_joy,2,0,0,,,,,,,,0,,,,,
2026-06-01,2026-06-29,20260604_GrowMe_EN_9x16_FX-Quotes_ZT-stop_RS-P3X1R1C3_fj,not_delivering,,,,260605_AAA_AEO-Purchase_ios_vid_Growme_T1_0604_joy,3,0,0,,,,,,,,0,,,,,
2026-06-01,2026-06-29,"20260604_GrowMe_EN_9x16_FX-Mindset_ZT- happy_RS-P3X1R1C3_fj",not_delivering,,,,260605_AAA_AEO-Purchase_ios_vid_Growme_T1_0604_joy,316,11.582278,3.66,,,,,,,,0.949367,,22.468354,2,,
2026-06-01,2026-06-29,20260604_GrowMe_EN_9x16_FX-Learning_ZT-book_RS-P3X1R1C3_gy,not_delivering,,,,260605_AAA_AEO-Purchase_ios_vid_Growme_T1_0604_joy,74,13.648649,1.01,,,,,,,,2.702703,0,35.135135,4,,
2026-06-01,2026-06-29,20260604_growme_EN_9x16_FX-lifelessons_ZT-leisi-choies_RS-P1X1R3C3_wxx,not_delivering,,,,260605_AAA_AEO-Purchase_ios_vid_Growme_T1_0604_joy,23,7.391304,0.17,,,,,,,,0,,39.130435,,,
2026-06-01,2026-06-29,20260604_growme_EN_9x16_FX-Learning_ZT-reading_RS-P1X1R3C3_wxx,not_delivering,,,,260605_AAA_AEO-Purchase_ios_vid_Growme_T1_0604_joy,70,21.571429,1.51,,,,,,,,1.428571,0,18.571429,2,,
2026-06-01,2026-06-29,20260604_GrowMe_EN_9x16_FX-Learning_ZT-doctor_RS-P3X1R1C3_gy,not_delivering,,,,260605_AAA_AEO-Purchase_ios_vid_Growme_T1_0604_joy,283,10.600707,3,1,3,,,,,,1.413428,1,19.081272,5,,
2026-06-01,2026-06-29,"20260604_GrowMe_EN_9x16_FX-Learning_ZT-learn English_RS-P3X1R1C3_fj",not_delivering,,,,260605_AAA_AEO-Purchase_ios_vid_Growme_T1_0604_joy,284,9.647887,2.74,,,1,2.74,,,,1.408451,,17.957746,3,,
2026-06-01,2026-06-29,20260604_GrowMe_EN_9x16_FX-Finance_ZT-18s_RS-P3X1R1C3_fj,not_delivering,,,,260605_AAA_AEO-Purchase_ios_vid_Growme_T1_0604_joy,48,10.208333,0.49,,,,,,,,0,,18.75,1,,
2026-06-01,2026-06-29,20260604_GrowMe_EN_9x16_FX-LifeLessons_ZT-perfect_RS-P3X1R1C3_gy,not_delivering,,,,260605_AAA_AEO-Purchase_ios_vid_Growme_T1_0604_joy,692,11.387283,7.88,2,3.94,,,,,,2.312139,0.25,18.641619,13,,
2026-06-01,2026-06-29,"20260603_GrowMe_EN_9x16_FX-EmotionalHealth_ZT- ifyou_RS-P3X1R1C3_fj_jql",not_delivering,,,,260605_AAA_AEO-Purchase_ios_vid_Growme_T1_0604_joy,7,7.142857,0.05,,,,,,,,0,,28.571429,,,
2026-06-01,2026-06-29,20260604_GrowMe_EN_9x16_FX-LifeLessons_ZTdontworry_RS-P3X1R1C3_fj,not_delivering,,,,260605_AAA_AEO-Purchase_ios_vid_Growme_T1_0604_joy,3,10,0.03,,,,,,,,0,,33.333333,,,
2026-06-01,2026-06-29,20260604_growme_EN_9x16_FX-lifelessons_ZT-leisi_RS-P1X1R3C3_gy_wxx,not_delivering,,,,260605_AAA_AEO-Purchase_ios_vid_Growme_T1_0604_joy,757,12.734478,9.64,1,9.64,,,,,,1.453104,0.33333333,22.457067,21,,
2026-06-01,2026-06-29,20260604_GrowMe_EN_9x16_FX-Learning_ZT-habbit_RS-P3X1R1C3_gy,inactive,1,actions:app_custom_event.fb_mobile_purchase,72.26,260605_AAA_AEO-Purchase_ios_vid_Growme_T1_0604_joy,7303,9.894564,72.26,23,3.141739,1,72.26,1,72.26,0.149875,2.273038,0.27710843,16.965631,110,,
2026-06-01,2026-06-29,"20260603_GrowMe_EN_9x16_FX-Mindset_ZT- just reminder_RS-P3X1R1C3_fj_jql",not_delivering,,,,260605_AAA_AEO-Purchase_ios_vid_Growme_T1_0604_joy,147,10.952381,1.61,,,1,1.61,,,,1.360544,0,39.455782,2,,
2026-06-01,2026-06-29,"20260603_GrowMe_EN_9x16_FX-Mindset_ZT- work_RS-P3X1R1C3_fj_jql",not_delivering,,,,260605_AAA_AEO-Purchase_ios_vid_Growme_T1_0604_joy,57,8.421053,0.48,,,,,,,,3.508772,0,35.087719,,,
2026-06-01,2026-06-29,"20260604_GrowMe_EN_9x16_FX-Learning_ZT-learn English_RS-P3X1R1C3_fj",not_delivering,,,,260605_AAA_AEO-Purchase_ios_vid_Growme_WW_0604_joy,502,2.350598,1.18,,,,,,,,0.996016,0,20.119522,3,,
2026-06-01,2026-06-29,"20260603_GrowMe_EN_9x16_FX-Mindset_ZT- work_RS-P3X1R1C3_fj_jql",not_delivering,,,,260605_AAA_AEO-Purchase_ios_vid_Growme_WW_0604_joy,1368,2.45614,3.36,,,,,,,,0.804094,0,21.052632,9,,
2026-06-01,2026-06-29,20260604_GrowMe_EN_9x16_FX-Learning_ZT-habbit_RS-P3X1R1C3_gy,not_delivering,60,actions:app_custom_event.fb_mobile_purchase,49.3375,260605_AAA_AEO-Purchase_ios_vid_Growme_WW_0604_joy,1159126,2.553864,2960.25,3096,0.956153,126,23.494048,60,49.3375,0.413793,1.792558,0.23044287,13.855267,13326,,
2026-06-01,2026-06-29,"20260603_GrowMe_EN_9x16_FX-EmotionalHealth_ZT- ifyou_RS-P3X1R1C3_fj_jql",not_delivering,,,,260605_AAA_AEO-Purchase_ios_vid_Growme_WW_0604_joy,44,1.590909,0.07,,,,,,,,2.272727,0,25,,,
2026-06-01,2026-06-29,20260604_GrowMe_EN_9x16_FX-Finance_ZT-18s_RS-P3X1R1C3_fj,not_delivering,,,,260605_AAA_AEO-Purchase_ios_vid_Growme_WW_0604_joy,152,1.842105,0.28,,,,,,,,0,,23.026316,,,
2026-06-01,2026-06-29,20260604_growme_EN_9x16_FX-lifelessons_ZT-leisi_RS-P1X1R3C3_gy_wxx,not_delivering,,,,260605_AAA_AEO-Purchase_ios_vid_Growme_WW_0604_joy,188,1.861702,0.35,,,,,,,,1.595745,0,23.93617,3,,
2026-06-01,2026-06-29,20260604_GrowMe_EN_9x16_FX-Learning_ZT-doctor_RS-P3X1R1C3_gy,not_delivering,,,,260605_AAA_AEO-Purchase_ios_vid_Growme_WW_0604_joy,1390,2.395683,3.33,2,1.665,,,,,,1.654676,0.14285714,22.805755,28,,
2026-06-01,2026-06-29,20260604_growme_EN_9x16_FX-Learning_ZT-reading_RS-P1X1R3C3_wxx,not_delivering,,,,260605_AAA_AEO-Purchase_ios_vid_Growme_WW_0604_joy,313,1.821086,0.57,,,,,,,,2.236422,0,20.127796,9,,
2026-06-01,2026-06-29,20260604_GrowMe_EN_9x16_FX-LifeLessons_ZT-perfect_RS-P3X1R1C3_gy,inactive,,,,260605_AAA_AEO-Purchase_ios_vid_Growme_WW_0604_joy,26751,1.827595,48.89,29,1.685862,4,12.2225,,,,1.47658,0.13181818,18.354454,404,,
2026-06-01,2026-06-29,20260604_growme_EN_9x16_FX-lifelessons_ZT-leisi-choies_RS-P1X1R3C3_wxx,not_delivering,,,,260605_AAA_AEO-Purchase_ios_vid_Growme_WW_0604_joy,92,1.413043,0.13,,,,,,,,2.173913,0,19.565217,,,
2026-06-01,2026-06-29,20260604_growme_EN_9x16_FX-lifelessons_ZT-leisi-noone_RS-P1X1R3C3_wxx,not_delivering,,,,260605_AAA_AEO-Purchase_ios_vid_Growme_WW_0604_joy,3770,2,7.54,10,0.754,,,,,,1.432361,0.37037037,18.408488,60,,
2026-06-01,2026-06-29,"20260604_GrowMe_EN_9x16_FX-Mindset_ZT- happy_RS-P3X1R1C3_fj",not_delivering,,,,260605_AAA_AEO-Purchase_ios_vid_Growme_WW_0604_joy,568,2.059859,1.17,,,,,,,,0.704225,0,20.070423,5,,
2026-06-01,2026-06-29,20260604_GrowMe_EN_9x16_FX-Learning_ZT-book_RS-P3X1R1C3_gy,not_delivering,,,,260605_AAA_AEO-Purchase_ios_vid_Growme_WW_0604_joy,733,1.582538,1.16,,,,,,,,1.909959,0,26.057299,18,,
2026-06-01,2026-06-29,"20260603_GrowMe_EN_9x16_FX-Mindset_ZT- just reminder_RS-P3X1R1C3_fj_jql",not_delivering,,,,260605_AAA_AEO-Purchase_ios_vid_Growme_WW_0604_joy,1875,2.245333,4.21,1,4.21,1,4.21,,,,0.533333,0.25,20.48,8,,
2026-06-01,2026-06-29,20260604_GrowMe_EN_9x16_FX-Quotes_ZT-stop_RS-P3X1R1C3_fj,not_delivering,,,,260605_AAA_AEO-Purchase_ios_vid_Growme_WW_0604_joy,7,0,0,,,,,,,,0,,14.285714,,,
2026-06-01,2026-06-29,20260604_GrowMe_EN_9x16_FX-LifeLessons_ZT-try_RS-P3X1R1C3_gy,not_delivering,,,,260605_AAA_AEO-Purchase_ios_vid_Growme_WW_0604_joy,36,0.555556,0.02,,,,,,,,2.777778,,22.222222,2,,
2026-06-01,2026-06-29,"20260603_GrowMe_EN_9x16_FX-Mindset_ZT- dosomeing_RS-P3X1R1C3_fj_jql",not_delivering,,,,260605_AAA_AEO-Purchase_ios_vid_Growme_WW_0604_joy,118,1.610169,0.19,,,,,,,,0,,26.271186,1,,
2026-06-01,2026-06-29,20260525_growme_EN_9x16_FX-test_ZT-love_RS-P1X1R3C1_gy,not_delivering,1,actions:app_custom_event.fb_mobile_purchase,2.18,260526_AAA_AEO-Purchase_ios_vid_Growme_WW_0525_joy,724,3.01105,2.18,4,0.545,1,2.18,1,2.18,5.394495,2.762431,0.5,27.348066,17,,
2026-06-01,2026-06-29,20260525_growme_EN_9x16_FX-test_ZT-opinion_RS-P1X1R3C1_gy,not_delivering,,,,260526_AAA_AEO-Purchase_ios_vid_Growme_WW_0525_joy,110,2.181818,0.24,,,,,,,,1.818182,0,30.909091,2,,
2026-06-01,2026-06-29,20260525_growme_EN_9x16_FX-test_ZT-education_RS-P1X1R3C1_gy,not_delivering,,,,260526_AAA_AEO-Purchase_ios_vid_Growme_WW_0525_joy,20,1,0.02,,,,,,,,0,,30,,,
2026-06-01,2026-06-29,20260525_GrowMe_EN_9x16_FX-test_ZT-confidence_RS-P3X1R1C3_fj,not_delivering,,,,260526_AAA_AEO-Purchase_ios_vid_Growme_WW_0525_joy,5,0,0,,,,,,,,0,,20,,,
2026-06-01,2026-06-29,20260525_growme_EN_9x16_FX-test_ZT-niupizhi_RS-P1X1R3C1_gy,not_delivering,273,actions:app_custom_event.fb_mobile_purchase,37.58084249,260526_AAA_AEO-Purchase_ios_vid_Growme_WW_0525_joy,5156721,1.989553,10259.57,9041,1.134783,466,22.016245,273,37.580842,0.555753,1.236522,0.33488906,13.498617,48746,,
2026-06-01,2026-06-29,20260525_GrowMe_EN_9x16_FX-test_ZT-news_RS-P3X1R1C3_fj,not_delivering,,,,260526_AAA_AEO-Purchase_ios_vid_Growme_WW_0525_joy,102,2.254902,0.23,,,,,,,,0,,13.72549,1,,
2026-06-01,2026-06-29,20260525_growme_EN_9x16_FX-test_ZT-zixin_RS-P1X1R3C1_gy,not_delivering,,,,260526_AAA_AEO-Purchase_ios_vid_Growme_WW_0525_joy,18,3.888889,0.07,,,,,,,,0,,16.666667,,,
2026-06-01,2026-06-29,20260525_GrowMe_EN_9x16_FX-test_ZT-timedont_RS-P3X1R1C3_fj,not_delivering,,,,260526_AAA_AEO-Purchase_ios_vid_Growme_WW_0525_joy,96,2.1875,0.21,,,,,,,,1.041667,0,29.166667,2,,
2026-06-01,2026-06-29,20260525_growme_EN_9x16_FX-test_ZT-read_RS-P1X1R3C1_gy,not_delivering,,,,260526_AAA_AEO-Purchase_ios_vid_Growme_WW_0525_joy,88,2.386364,0.21,,,,,,,,3.409091,0,14.772727,,,
2026-06-01,2026-06-29,20260527_GrowMe_EN_9x16_FX-Creative_ZT-speak_RS-P3X1R1C3_gy,not_delivering,,,,260528_AAA_AEO-Purchase_ios_vid_Growme_WW_0527_joy,51,1.176471,0.06,,,,,,,,0,,31.372549,2,,
2026-06-01,2026-06-29,20260527_GrowMe_EN_9x16_FX-Creative_ZT-actually_RS-P3X1R1C3_fj,not_delivering,,,,260528_AAA_AEO-Purchase_ios_vid_Growme_WW_0527_joy,12,1.666667,0.02,,,,,,,,0,,33.333333,,,
2026-06-01,2026-06-29,20260527_growme_EN_9x16_FX-Creatives_ZT-fluency_RS-P1X1R3C3_wxx,not_delivering,10,actions:app_custom_event.fb_mobile_purchase,16.976,260528_AAA_AEO-Purchase_ios_vid_Growme_WW_0527_joy,38296,4.432839,169.76,101,1.680792,16,10.61,10,16.976,1.409814,1.911427,0.32268371,25.409964,473,,
2026-06-01,2026-06-29,20260527_growme_EN_9x16_FX-Creatives_ZT-routine_RS-P1X1R3C3_wxx,not_delivering,,,,260528_AAA_AEO-Purchase_ios_vid_Growme_WW_0527_joy,282,0.886525,0.25,,,,,,,,0,,17.021277,4,,
2026-06-01,2026-06-29,20260527_growme_EN_9x16_FX-Creatives_ZT-listen_RS-P1X1R3C3_wxx,not_delivering,,,,260528_AAA_AEO-Purchase_ios_vid_Growme_WW_0527_joy,5,0,0,,,,,,,,0,,40,,,
2026-06-01,2026-06-29,20260527_GrowMe_EN_9x16_FX-Creative_ZT-quick_RS-P3X1R1C3_fj,not_delivering,,,,260528_AAA_AEO-Purchase_ios_vid_Growme_WW_0527_joy,2,5,0.01,,,,,,,,0,,,,,
2026-06-01,2026-06-29,20260526_GrowMe_EN_9x16_FX-Creative_ZT-plan_RS-P3X1R1C3_gy,not_delivering,,,,260527_AAA_AEO-Purchase_ios_vid_Growme_WW_0526_joy,150,1.6,0.24,,,,,,,,2,,23.333333,6,,
2026-06-01,2026-06-29,20260526_GrowMe_EN_9x16_FX-Creative_ZT-mine_RS-P3X1R1C3_gy,not_delivering,,,,260527_AAA_AEO-Purchase_ios_vid_Growme_WW_0526_joy,29,1.37931,0.04,,,,,,,,3.448276,,27.586207,2,,
2026-06-01,2026-06-29,20260526_GrowMe_EN_9x16_FX-Creative_ZT-2years_RS-P3X1R1C3_fj,not_delivering,,,,260527_AAA_AEO-Purchase_ios_vid_Growme_WW_0526_joy,15,0,0,,,,,,,,0,,26.666667,,,
2026-06-01,2026-06-29,20260525_growme_EN_9x16_FX-test_ZT-confidence_RS-P1X1R3C1_gy,not_delivering,,,,260526_AAA_AEO-Purchase_ios_vid_Growme_WW_0525_joy,89,3.483146,0.31,,,,,,,,1.123596,,25.842697,1,,
2026-06-01,2026-06-29,20260525_GrowMe_EN_9x16_FX-test_ZT-hello-ai_RS-P3X1R1C3_fj,not_delivering,,,,260526_AAA_AEO-Purchase_ios_vid_Growme_WW_0525_joy,301,1.960133,0.59,,,,,,,,1.66113,0,26.578073,6,,
2026-06-01,2026-06-29,20260528_GrowMe_EN_9x16_FX-convercation_ZT-keep_RS-P3X1R1C3_gy,archived,,,,260601_AAA_AEO-Purchase_ios_vid_Growme_WW_0528_joy,2512,2.109873,5.3,,,,,,,,0.915605,0,19.625796,48,,
2026-06-01,2026-06-29,20260529_growme_720x1280_oneway2_wxx_P1X1R1C3,not_delivering,,,,260601_AAA_AEO-Purchase_ios_vid_Growme_WW_0529_joy,31,0,0,,,,,,,,0,,29.032258,1,,
2026-06-01,2026-06-29,20260525_growme_EN_9x16_FX-Creative_ZT-slow-English_RS-P1X1R3C3_zl_02,not_delivering,,,,260601_AAA_AEO-Purchase_ios_vid_Growme_WW_0529_joy,3861,4.605025,17.78,6,2.963333,,,,,,1.864802,0.15384615,24.864025,75,,
2026-06-01,2026-06-29,20260529_growme_EN_9x16_FX-Formats_ZT-read_RS-P1X1R3C1_gy,not_delivering,,,,260601_AAA_AEO-Purchase_ios_vid_Growme_WW_0529_joy,1308,1.727829,2.26,,,,,,,,1.070336,0,8.868502,2,,
2026-06-01,2026-06-29,20260529_GrowMe_EN_9x16_FX-Creative_ZT-journey_RS-P3X1R1C3_gy,not_delivering,,,,260601_AAA_AEO-Purchase_ios_vid_Growme_WW_0529_joy,1175,2.340426,2.75,,,,,,,,1.702128,0,19.404255,20,,
2026-06-01,2026-06-29,20260526_GrowMe_EN_9x16_FX-test_ZT-2years_RS-P3X1R1C3_fj,not_delivering,,,,260527_AAA_AEO-Purchase_ios_vid_Growme_WW_0526_joy,20,0.5,0.01,,,,,,,,0,,20,,,
2026-06-01,2026-06-29,20260527_GrowMe_EN_9x16_FX-Creative_ZT-relationship_RS-P3X1R1C3_gy,not_delivering,,,,260528_AAA_AEO-Purchase_ios_vid_Growme_WW_0527_joy,108,1.388889,0.15,,,,,,,,0,,25.925926,,,
2026-06-01,2026-06-29,20260528_growme_EN_9x16_FX-Form_ZT-advice_RS-P1X1R3C3_wxx,archived,,,,260601_AAA_AEO-Purchase_ios_vid_Growme_WW_0528_joy,31,0.967742,0.03,,,,,,,,0,,19.354839,,,
2026-06-01,2026-06-29,20260525_growme_EN_9x16_FX-Creative_ZT-slow-English_RS-P1X1R3C3_zx_06,not_delivering,,,,260601_AAA_AEO-Purchase_ios_vid_Growme_WW_0529_joy,24,0.416667,0.01,,,,,,,,4.166667,,16.666667,,,
2026-06-01,2026-06-29,20260528_growme_EN_9x16_FX-Creatives_ZT-waste_RS-P1X1R3C3_wxx,archived,,,,260601_AAA_AEO-Purchase_ios_vid_Growme_WW_0528_joy,6,0,0,,,,,,,,0,,16.666667,,,
2026-06-01,2026-06-29,20260528_GrowMe_EN_9x16_FX-Creative_ZT-silence_RS-P3X1R1C3_fj,archived,,,,260601_AAA_AEO-Purchase_ios_vid_Growme_WW_0528_joy,8,0,0,,,,,,,,0,,37.5,,,
2026-06-01,2026-06-29,20260529_GrowMe_EN_9x16_FX-Creative_ZT-life_RS-P3X1R1C3_gy,not_delivering,,,,260601_AAA_AEO-Purchase_ios_vid_Growme_WW_0529_joy,543,1.436464,0.78,,,,,,,,0.92081,0,22.651934,5,,
2026-06-01,2026-06-29,20260528_GrowMe_EN_9x16_FX-Creative_ZT-A2english_RS-P3X1R1C3_fj,archived,,,,260601_AAA_AEO-Purchase_ios_vid_Growme_WW_0528_joy,61,0.819672,0.05,,,,,,,,3.278689,,31.147541,1,,
2026-06-01,2026-06-29,20260528_GrowMe_EN_9x16_FX-convercation_ZT-study_RS-P3X1R1C3_gy,archived,,,,260601_AAA_AEO-Purchase_ios_vid_Growme_WW_0528_joy,10,0,0,,,,,,,,0,,30,,,
2026-06-01,2026-06-29,20260528_GrowMe_EN_9x16_FX-Formats_ZT-xinwen_RS-P3X1R1C3_gy,archived,,,,260601_AAA_AEO-Purchase_ios_vid_Growme_WW_0528_joy,126,3.650794,0.46,,,,,,,,1.587302,0,14.285714,1,,
2026-06-01,2026-06-29,"20260528_GrowMe_EN_9x16_FX-Creative_ZT- money_RS-P3X1R1C3_fj",archived,,,,260601_AAA_AEO-Purchase_ios_vid_Growme_WW_0528_joy,18,1.666667,0.03,,,,,,,,0,,27.777778,,,
2026-06-01,2026-06-29,20260525_GrowMe_EN_9x16_FX-test_ZT-talkabout_RS-P3X1R1C3_fj,not_delivering,,,,260526_AAA_AEO-Purchase_ios_vid_Growme_WW_0525_joy,184,3.097826,0.57,,,,,,,,2.173913,0,23.369565,1,,
2026-06-01,2026-06-29,"20260528_GrowMe_EN_9x16_FX-Formats_ZT-Classic page-turning_RS-P3X1R1C3_fj",archived,,,,260601_AAA_AEO-Purchase_ios_vid_Growme_WW_0528_joy,4,0,0,,,,,,,,0,,,,,
2026-06-01,2026-06-29,20260529_growme_720x1280_speak_wxx_P1X1R1C3,not_delivering,,,,260601_AAA_AEO-Purchase_ios_vid_Growme_WW_0529_joy,119,2.016807,0.24,,,,,,,,0,,19.327731,1,,
2026-06-01,2026-06-29,20260526_GrowMe_EN_9x16_FX-Creative_ZT-11things_RS-P3X1R1C3_fj,not_delivering,16,actions:app_custom_event.fb_mobile_purchase,38.28375,260527_AAA_AEO-Purchase_ios_vid_Growme_WW_0526_joy,214596,2.854387,612.54,229,2.674847,26,23.559231,16,38.28375,0.561318,1.965088,0.11548159,28.280117,4422,,
2026-06-01,2026-06-29,20260529_growme_720x1280_shengjing_wxx_P1X1R1C3,not_delivering,,,,260601_AAA_AEO-Purchase_ios_vid_Growme_WW_0529_joy,57,2.45614,0.14,,,,,,,,1.754386,0,21.052632,1,,
2026-06-01,2026-06-29,20260526_GrowMe_EN_9x16_FX-Creative_ZT-habbit_RS-P3X1R1C3_gy,not_delivering,,,,260527_AAA_AEO-Purchase_ios_vid_Growme_WW_0526_joy,2,0,0,,,,,,,,0,,50,,,
2026-06-01,2026-06-29,20260529_GrowMe_EN_9x16_FX-Creative_ZT-you_RS-P3X1R1C3_gy,not_delivering,,,,260601_AAA_AEO-Purchase_ios_vid_Growme_WW_0529_joy,1,0,0,,,,,,,,0,,,,,
2026-06-01,2026-06-29,20260526_0_GrowMe_EN_9x16_FX-Creative_ZT-restart_RS-P3X1R1C3_gy,not_delivering,,,,260527_AAA_AEO-Purchase_ios_vid_Growme_WW_0526_joy,301,0.996678,0.3,,,,,,,,0.332226,,22.259136,2,,
2026-06-01,2026-06-29,20260526_GrowMe_EN_9x16_FX-Creative_ZT-onehabits_RS-P3X1R1C3_fj,not_delivering,,,,260527_AAA_AEO-Purchase_ios_vid_Growme_WW_0526_joy,68,1.764706,0.12,,,,,,,,1.470588,,22.058824,1,,
2026-06-01,2026-06-29,20251226_growme_EN_9x16_FX-test_ZT-read_RS-P1X1R3C1_gy,archived,,,,260423_AAA_AEO-Purchase_ios_vid_Growme_malaphl_黑色英语字幕激励_joy,869,1.104718,0.96,,,,,,,,1.035673,0,16.800921,24,,
2026-06-01,2026-06-29,20260401_growme_TR_9x16_FX-test_ZT-listen_RS-P1X1R3C3_wxx,not_delivering,,,,260413_AAA_AEO-Purchase_ios_vid_Growme_turkey_0330week1_joy,1,0,0,,,,,,,,0,,,,,
2026-06-01,2026-06-29,20260604_GrowMe_EN_9x16_FX-LifeLessons_ZTdontworry_RS-P3X1R1C3_fj,not_delivering,,,,260605_AAA_AEO-Purchase_ios_vid_Growme_WW_0604_joy,7,1.428571,0.01,,,,,,,,0,,14.285714,1,,
2026-06-01,2026-06-29,20260527_GrowMe_EN_9x16_FX-Creative_ZT-sloe-beain_RS-P3X1R1C3_fj,not_delivering,,,,260528_AAA_AEO-Purchase_ios_vid_Growme_WW_0527_joy,2,0,0,,,,,,,,0,,,,,
2026-06-01,2026-06-29,20260527_GrowMe_EN_9x16_FX-Creative_ZT-wellspoken_RS-P3X1R1C3_fj,not_delivering,,,,260528_AAA_AEO-Purchase_ios_vid_Growme_WW_0527_joy,26,0.384615,0.01,,,,,,,,0,,3.846154,,,
2026-06-01,2026-06-29,20260527_GrowMe_EN_9x16_FX-Creative_ZT-grow_RS-P3X1R1C3_gy,not_delivering,,,,260528_AAA_AEO-Purchase_ios_vid_Growme_WW_0527_joy,3,0,0,,,,,,,,0,,,,,
2026-06-01,2026-06-29,20260526_GrowMe_EN_9x16_FX-Creative_ZT-job_RS-P3X1R1C3_gy,not_delivering,,,,260527_AAA_AEO-Purchase_ios_vid_Growme_WW_0526_joy,2,0,0,,,,,,,,0,,50,,,
2026-06-01,2026-06-29,20260525_GrowMe_EN_9x16_FX-test_ZT-learning_RS-P3X1R1C3_fj,not_delivering,,,,260526_AAA_AEO-Purchase_ios_vid_Growme_WW_0525_joy,20,3.5,0.07,,,,,,,,5,,35,,,
2026-06-01,2026-06-29,20260528_growme_EN_9x16_FX-Creatives_ZT-waste2_RS-P1X1R3C3_wxx,archived,,,,260601_AAA_AEO-Purchase_ios_vid_Growme_WW_0528_joy,14,0,0,,,,,,,,0,,21.428571,1,,
2026-06-01,2026-06-29,20260528_GrowMe_EN_9x16_FX-convercation_ZT-speak_RS-P3X1R1C3_gy,archived,,,,260601_AAA_AEO-Purchase_ios_vid_Growme_WW_0528_joy,1,0,0,,,,,,,,0,,,,,
2026-06-01,2026-06-29,20251226_growme_EN_9x16_FX-test_ZT-read_RS-P1X1R3C1_gy,archived,,,,260423_AAA_AEO-Purchase_ios_vid_Growme_taiwan_黑色英语字幕激励_joy,247,4.251012,1.05,,,,,,,,1.214575,0,15.789474,5,,
2026-06-01,2026-06-29,20251226_growme_EN_9x16_FX-test_ZT-read_RS-P1X1R3C1_gy,archived,,,,260423_AAA_AEO-Purchase_ios_vid_Growme_mexicobrazil_黑色英语字幕激励_joy,1507,1.42004,2.14,,,,,,,,0.928998,0,15.792966,34,,
2026-06-01,2026-06-29,20251226_growme_EN_9x16_FX-test_ZT-read_RS-P1X1R3C1_gy,archived,,,,260423_AAA_AEO-Purchase_ios_vid_Growme_thai_黑色英语字幕激励_joy,1061,1.470311,1.56,1,1.56,,,,,,1.225259,0.2,15.928369,20,,
2026-06-01,2026-06-29,20260525_growme_EN_9x16_FX-Creative_ZT-slow-English_RS-P1X1R3C3_zl_03,not_delivering,,,,260601_AAA_AEO-Purchase_ios_vid_Growme_WW_0529_joy,16,0.625,0.01,,,,,,,,0,,37.5,,,
2026-06-01,2026-06-29,20260529_growme_720x1280_oneway1_wxx_P1X1R1C3,not_delivering,,,,260601_AAA_AEO-Purchase_ios_vid_Growme_WW_0529_joy,16,0.625,0.01,,,,,,,,0,,37.5,,,
2026-06-01,2026-06-29,20260526_GrowMe_EN_9x16_FX-Creative_ZT-slowburn_RS-P3X1R1C3_fj,not_delivering,,,,260527_AAA_AEO-Purchase_ios_vid_Growme_WW_0526_joy,8,0,0,,,,,,,,0,,25,,,
2026-06-01,2026-06-29,20260525_growme_EN_9x16_FX-Creative_ZT-slow-English_RS-P1X1R3C3_zx_04,not_delivering,,,,260601_AAA_AEO-Purchase_ios_vid_Growme_WW_0529_joy,3,0,0,,,,,,,,0,,,,,
2026-06-01,2026-06-29,20260526_growme_EN_9x16_FX-test_ZT-add_RS-P1X1R3C3_wxx,not_delivering,,,,260527_AAA_AEO-Purchase_ios_vid_Growme_WW_0526_joy,24,0.416667,0.01,,,,,,,,4.166667,0,20.833333,2,,
2026-06-01,2026-06-29,20260605_GrowMe_EN_9x16_FX-Learning_ZT-privilege_RS-P3X1R1C3_fj,not_delivering,,,,260606_AAA_AEO-Purchase_ios_vid_Growme_T1_0605_joy,65,11.076923,0.72,,,,,,,,0,,44.615385,,,
2026-06-01,2026-06-29,20260604_GrowMe_EN_9x16_FX-Mindset_ZT-strat_RS-P3X1R1C3_fj_jql,not_delivering,1,actions:app_custom_event.fb_mobile_purchase,154.95,260606_AAA_AEO-Purchase_ios_vid_Growme_T1_0605_joy,18267,8.482509,154.95,17,9.114706,2,77.475,1,154.95,0.184769,1.707998,0.25373134,27.590737,89,,
2026-06-01,2026-06-29,"20260604_GrowMe_EN_9x16_FX-Mindset_ZT- change_RS-P3X1R1C3_fj_jql",not_delivering,,,,260606_AAA_AEO-Purchase_ios_vid_Growme_T1_0605_joy,903,10.631229,9.6,,,,,,,,1.328904,0,25.359911,19,,
2026-06-01,2026-06-29,"20260604_GrowMe_EN_9x16_FX-EmotionalHealth_ZT- anxiety_RS-P3X1R1C3_fj_jql",not_delivering,,,,260606_AAA_AEO-Purchase_ios_vid_Growme_T1_0605_joy,2460,13.065041,32.14,1,32.14,,,,,,1.056911,0.09090909,19.756098,33,,
2026-06-01,2026-06-29,20260605_growme_EN_9x16_FX-successful_ZT-color2_RS-P1X1R3C3_wxx,not_delivering,,,,260606_AAA_AEO-Purchase_ios_vid_Growme_T1_0605_joy,55,14.909091,0.82,,,,,,,,1.818182,0,25.454545,,,
2026-06-01,2026-06-29,20260605_growme_EN_9x16_FX-successful_ZT-color_RS-P1X1R3C3_wxx,not_delivering,,,,260606_AAA_AEO-Purchase_ios_vid_Growme_T1_0605_joy,66,15,0.99,,,,,,,,0,,19.69697,2,,
2026-06-01,2026-06-29,20260604_GrowMe_EN_9x16_FX-Finance_ZT-turtle_RS-P3X1R1C3_fj_jql,not_delivering,,,,260606_AAA_AEO-Purchase_ios_vid_Growme_T1_0605_joy,5,6,0.03,,,,,,,,0,,40,,,
2026-06-01,2026-06-29,20260605_GrowMe_EN_9x16_FX-Learning_ZT-b1_RS-P3X1R1C3_fj,not_delivering,,,,260606_AAA_AEO-Purchase_ios_vid_Growme_T1_0605_joy,5303,8.402791,44.56,12,3.713333,1,44.56,,,,1.640581,0.38709677,19.102395,44,,
2026-06-01,2026-06-29,20260605_growme_EN_9x16_FX-mindset_ZT-caise_RS-P1X1R3C3_wxx,not_delivering,,,,260606_AAA_AEO-Purchase_ios_vid_Growme_T1_0605_joy,276,9.456522,2.61,,,,,,,,0.724638,0,22.463768,4,,
2026-06-01,2026-06-29,20260605_GrowMe_EN_9x16_FX-Communication_ZT-contro_RS-P3X1R1C3_fj,not_delivering,,,,260606_AAA_AEO-Purchase_ios_vid_Growme_T1_0605_joy,10,13,0.13,,,,,,,,0,,40,,,
2026-06-01,2026-06-29,20260605_growme_EN_9x16_FX-learning_ZT-niupizhi1_RS-P1X1R3C3_wxx,not_delivering,,,,260606_AAA_AEO-Purchase_ios_vid_Growme_T1_0605_joy,45,10.444444,0.47,,,,,,,,0,,28.888889,1,,
2026-06-01,2026-06-29,20260605_growme_EN_9x16_FX-learning_ZT-niupizhi1_RS-P1X1R3C3_wxx,not_delivering,,,,260606_AAA_AEO-Purchase_ios_vid_Growme_WW_0605_joy,485,3.381443,1.64,,,,,,,,1.030928,0,22.268041,13,,
2026-06-01,2026-06-29,20260605_GrowMe_EN_9x16_FX-Learning_ZT-b1_RS-P3X1R1C3_fj,inactive,1,actions:app_custom_event.fb_mobile_purchase,53.43,260606_AAA_AEO-Purchase_ios_vid_Growme_WW_0605_joy,28503,1.87454,53.43,33,1.619091,1,53.43,1,53.43,0.157964,1.217416,0.28947368,18.517349,216,,
2026-06-01,2026-06-29,"20260604_GrowMe_EN_9x16_FX-Mindset_ZT- change_RS-P3X1R1C3_fj_jql",inactive,,,,260606_AAA_AEO-Purchase_ios_vid_Growme_WW_0605_joy,26197,1.946024,50.98,15,3.398667,2,25.49,,,,1.927702,0.16853933,24.044738,425,,
2026-06-01,2026-06-29,"20260604_GrowMe_EN_9x16_FX-EmotionalHealth_ZT- anxiety_RS-P3X1R1C3_fj_jql",not_delivering,3,actions:app_custom_event.fb_mobile_purchase,46.69666667,260606_AAA_AEO-Purchase_ios_vid_Growme_WW_0605_joy,69369,2.01949,140.09,46,3.045435,5,28.018,3,46.696667,0.380256,2.00666,0.14241486,19.513039,409,,
2026-06-01,2026-06-29,20260604_GrowMe_EN_9x16_FX-Mindset_ZT-strat_RS-P3X1R1C3_fj_jql,not_delivering,2,actions:app_custom_event.fb_mobile_purchase,37.435,260606_AAA_AEO-Purchase_ios_vid_Growme_WW_0605_joy,38352,1.95218,74.87,35,2.139143,4,18.7175,2,37.435,0.560438,0.795265,0.36082474,19.177618,134,,
2026-06-01,2026-06-29,20260605_growme_EN_9x16_FX-mindset_ZT-caise_RS-P1X1R3C3_wxx,not_delivering,,,,260606_AAA_AEO-Purchase_ios_vid_Growme_WW_0605_joy,382,2.434555,0.93,,,,,,,,1.570681,0,28.534031,8,,
2026-06-01,2026-06-29,20260605_growme_EN_9x16_FX-successful_ZT-color_RS-P1X1R3C3_wxx,not_delivering,,,,260606_AAA_AEO-Purchase_ios_vid_Growme_WW_0605_joy,525,3.028571,1.59,,,,,,,,0.761905,0,19.809524,12,,
2026-06-01,2026-06-29,20260604_GrowMe_EN_9x16_FX-Finance_ZT-turtle_RS-P3X1R1C3_fj_jql,not_delivering,,,,260606_AAA_AEO-Purchase_ios_vid_Growme_WW_0605_joy,27,2.222222,0.06,,,,,,,,0,,18.518519,,,
2026-06-01,2026-06-29,20260528_GrowMe_EN_9x16_FX-convercation_ZT-think_RS-P3X1R1C3_gy,not_delivering,,,,260601_AAA_AEO-Purchase_ios_vid_Growme_WW_0528_joy—betty,4,0,0,,,,,,,,0,,,,,
2026-06-01,2026-06-29,20260605_GrowMe_EN_9x16_FX-Learning_ZT-privilege_RS-P3X1R1C3_fj,not_delivering,,,,260606_AAA_AEO-Purchase_ios_vid_Growme_WW_0605_joy,483,2.6294,1.27,,,,,,,,0.621118,0,42.028986,,,
2026-06-01,2026-06-29,20260605_growme_EN_9x16_FX-successful_ZT-color2_RS-P1X1R3C3_wxx,not_delivering,,,,260606_AAA_AEO-Purchase_ios_vid_Growme_WW_0605_joy,254,4.133858,1.05,,,,,,,,1.181102,0,29.133858,7,,
2026-06-01,2026-06-29,20260605_GrowMe_EN_9x16_FX-Communication_ZT-contro_RS-P3X1R1C3_fj,not_delivering,,,,260606_AAA_AEO-Purchase_ios_vid_Growme_WW_0605_joy,129,2.945736,0.38,,,,,,,,0,,13.953488,2,,
2026-06-01,2026-06-29,20260601_GrowMe_EN_9x16_FX-Learning_ZT-life_RS-P3X1R1C3_gy,active,2,actions:app_custom_event.fb_mobile_purchase,8.67,260608_AAA_AEO-Purchase_ios_vid_Growme_WW_0601week_每日英语练习_joy,8040,2.156716,17.34,13,1.333846,2,8.67,2,8.67,1.899654,1.094527,0.37142857,18.631841,115,,
2026-06-01,2026-06-29,20260601_GrowMe_EN_9x16_FX-Communication_ZT-read_RS-P3X1R1C3_gy,active,,,,260608_AAA_AEO-Purchase_ios_vid_Growme_WW_0601week_每日英语练习_joy,1596,2.155388,3.44,3,1.146667,,,,,,1.942356,0.23076923,25.626566,17,,
2026-06-01,2026-06-29,20260601_growme_EN_9x16_FX-lifelessons_ZT-education_RS-P1X1R3C3_wxx,active,,,,260608_AAA_AEO-Purchase_ios_vid_Growme_WW_0601week_每日英语练习_joy,184,1.032609,0.19,,,,,,,,2.717391,0,30.434783,7,,
2026-06-01,2026-06-29,20260602_growme_EN_9x16_FX-Quotes_ZT-book_RS-P1X1R3C3_wxx,active,,,,260608_AAA_AEO-Purchase_ios_vid_Growme_WW_0601week_每日英语练习_joy,4622,2.035915,9.41,5,1.882,,,,,,0.887062,0.27777778,23.993942,78,,
2026-06-01,2026-06-29,20260602_GrowMe_0_EN_9x16_FX-Learning_ZT-read_RS-P3X1R1C3_gy,inactive,5,actions:app_custom_event.fb_mobile_purchase,46.532,260608_AAA_AEO-Purchase_ios_vid_Growme_WW_0601week_每日英语练习_joy,98985,2.350457,232.66,142,1.638451,15,15.510667,5,46.532,0.438623,0.978936,0.32794457,13.44042,1063,,
2026-06-01,2026-06-29,20260603_GrowMe_EN_9x16_FX-fear_ZT-d1_RS-P3X1R1C3_fj,active,,,,260608_AAA_AEO-Purchase_ios_vid_Growme_WW_0601week_每日英语练习_joy,108,0.925926,0.1,,,,,,,,4.62963,0,27.777778,2,,
2026-06-01,2026-06-29,20260603_GrowMe_0_EN_9x16_FX-Learning_ZT-speak_RS-P3X1R1C3_gy,active,83,actions:app_custom_event.fb_mobile_purchase,33.13084337,260608_AAA_AEO-Purchase_ios_vid_Growme_WW_0601week_每日英语练习_joy,1626809,1.69034,2749.86,2000,1.37493,122,22.539836,83,33.130843,0.534002,1.410922,0.22980581,14.97662,20472,,
2026-06-01,2026-06-29,"20260604_GrowMe_EN_9x16_FX-EmotionalHealth_ZT- anxiety_RS-P3X1R1C3_fj_jql",active,,,,260608_AAA_AEO-Purchase_ios_vid_Growme_WW_0601week_每日英语练习_joy,2139,2.515194,5.38,2,2.69,,,,,,2.150538,0.11764706,23.796166,11,,
2026-06-01,2026-06-29,20260604_GrowMe_EN_9x16_FX-Mindset_ZT-strat_RS-P3X1R1C3_fj_jql,active,,,,260608_AAA_AEO-Purchase_ios_vid_Growme_WW_0601week_每日英语练习_joy,8572,1.951703,16.73,5,3.346,,,,,,0.676622,0.16666667,18.222119,33,,
2026-06-01,2026-06-29,20260602_GrowMe_0_EN_9x16_FX-LifeLessons_ZT-confidence_RS-P3X1R1C3_gy,archived,,,,260608_AAA_AEO-Purchase_ios_vid_Growme_T1_0601week_joy,31,8.387097,0.26,,,,,,,,0,,32.258065,2,,
2026-06-01,2026-06-29,20260603_GrowMe_0_EN_9x16_FX-Learning_ZT-speak_RS-P3X1R1C3_gy,archived,,,,260608_AAA_AEO-Purchase_ios_vid_Growme_T1_0601week_joy,2273,7.16674,16.29,3,5.43,,,,,,0.8359,0.21428571,18.653762,25,,
2026-06-01,2026-06-29,20260601_growme_EN_9x16_FX-Learning_ZT-communication_RS-P1X1R3C3_wxx,archived,,,,260608_AAA_AEO-Purchase_ios_vid_Growme_T1_0601week_joy,14733,6.786126,99.98,22,4.544545,2,49.99,,,,2.314532,0.42307692,18.679156,159,,
2026-06-01,2026-06-29,20260602_GrowMe_EN_9x16_FX-Communication_ZT-d1_RS-P3X1R1C3_fj,archived,,,,260608_AAA_AEO-Purchase_ios_vid_Growme_T1_0601week_joy,145,7.241379,1.05,,,,,,,,1.37931,0,22.068966,4,,
2026-06-01,2026-06-29,20260603_GrowMe_EN_9x16_FX-Growth_ZT-change_RS-P3X1R1C3_gy,archived,1,actions:app_custom_event.fb_mobile_purchase,49.82,260608_AAA_AEO-Purchase_ios_vid_Growme_T1_0601week_joy,6625,7.52,49.82,10,4.982,3,16.606667,1,49.82,0.24729,1.766038,0.27777778,26.173585,96,,
2026-06-01,2026-06-29,20260527_growme_EN_9x16_FX-Creatives_ZT-fluency_RS-P1X1R3C3_wxx,inactive,,,,260608_AAA_AEO-Purchase_ios_vid_Growme_WW_05250601back_joy-betty,7157,4.645801,33.25,23,1.445652,,,,,,1.662708,0.42592593,27.972614,91,,
2026-06-01,2026-06-29,20260601_GrowMe_EN_9x16_FX-Learning_ZT-trainbrain_RS-P3X1R1C3_fj,active,,,,260608_AAA_AEO-Purchase_ios_vid_Growme_WW_05250601back_joy-betty,3672,2.069717,7.6,6,1.266667,,,,,,2.88671,0.12244898,22.249455,56,,
2026-06-01,2026-06-29,20260601_GrowMe_EN_9x16_FX-Communication_ZT-read_RS-P3X1R1C3_gy,active,,,,260608_AAA_AEO-Purchase_ios_vid_Growme_WW_05250601back_joy-betty,304,2.434211,0.74,,,,,,,,1.315789,,24.013158,2,,
2026-06-01,2026-06-29,20260601_growme_EN_9x16_FX-Learning_ZT-communication_RS-P1X1R3C3_wxx,inactive,1,actions:app_custom_event.fb_mobile_purchase,93.05,260608_AAA_AEO-Purchase_ios_vid_Growme_WW_05250601back_joy-betty,53474,1.740098,93.05,84,1.107738,1,93.05,1,93.05,0.389898,1.202454,0.29065744,16.192916,505,,
2026-06-01,2026-06-29,20260602_growme_EN_9x16_FX-Quotes_ZT-book_RS-P1X1R3C3_wxx,active,,,,260608_AAA_AEO-Purchase_ios_vid_Growme_WW_05250601back_joy-betty,3605,2.216366,7.99,6,1.331667,,,,,,1.276006,0.33333333,20.998613,65,,
2026-06-01,2026-06-29,20260602_GrowMe_0_EN_9x16_FX-LifeLessons_ZT-confidence_RS-P3X1R1C3_gy,active,,,,260608_AAA_AEO-Purchase_ios_vid_Growme_WW_05250601back_joy-betty,4767,1.57961,7.53,5,1.506,,,,,,0.923012,0.2,17.096707,164,,
2026-06-01,2026-06-29,20260601_growme_EN_9x16_FX-lifelessons_ZT-education_RS-P1X1R3C3_wxx,active,,,,260608_AAA_AEO-Purchase_ios_vid_Growme_WW_05250601back_joy-betty,177,1.751412,0.31,,,,,,,,1.694915,0,16.384181,1,,
2026-06-01,2026-06-29,20260603_GrowMe_EN_9x16_FX-fear_ZT-d1_RS-P3X1R1C3_fj,active,,,,260608_AAA_AEO-Purchase_ios_vid_Growme_WW_05250601back_joy-betty,25,0.4,0.01,,,,,,,,8,,12,1,,
2026-06-01,2026-06-29,20260603_GrowMe_EN_9x16_FX-WomenEmpowerment_ZT-forgive_RS-P3X1R1C3_gy,active,,,,260608_AAA_AEO-Purchase_ios_vid_Growme_WW_05250601back_joy-betty,110,1.636364,0.18,,,,,,,,3.636364,0,21.818182,2,,
2026-06-01,2026-06-29,20260603_GrowMe_0_EN_9x16_FX-Learning_ZT-speak_RS-P3X1R1C3_gy,active,106,actions:app_custom_event.fb_mobile_purchase,33.80801887,260608_AAA_AEO-Purchase_ios_vid_Growme_WW_05250601back_joy-betty,2197684,1.630648,3583.65,2667,1.343701,151,23.732781,106,33.808019,0.653878,1.214324,0.22781242,14.219242,24310,,
2026-06-01,2026-06-29,20260603_GrowMe_EN_9x16_FX-Growth_ZT-change_RS-P3X1R1C3_gy,inactive,18,actions:app_custom_event.fb_mobile_purchase,46.82166667,260608_AAA_AEO-Purchase_ios_vid_Growme_WW_05250601back_joy-betty,333688,2.525683,842.79,375,2.24744,37,22.778108,18,46.821667,0.431258,1.163662,0.27233115,17.077629,5258,,
2026-06-01,2026-06-29,20260604_GrowMe_EN_9x16_FX-Learning_ZT-habbit_RS-P3X1R1C3_gy,inactive,3,actions:app_custom_event.fb_mobile_purchase,76.78,260608_AAA_AEO-Purchase_ios_vid_Growme_WW_05250601back_joy-betty,91511,2.517074,230.34,241,0.955768,6,38.39,3,76.78,0.413693,1.481789,0.28656361,11.429227,764,,
2026-06-01,2026-06-29,20260604_GrowMe_EN_9x16_FX-LifeLessons_ZT-perfect_RS-P3X1R1C3_gy,active,,,,260608_AAA_AEO-Purchase_ios_vid_Growme_WW_05250601back_joy-betty,4848,2.706271,13.12,1,13.12,,,,,,1.712046,0.01754386,15.882838,74,,
2026-06-01,2026-06-29,20260604_GrowMe_EN_9x16_FX-Mindset_ZT-strat_RS-P3X1R1C3_fj_jql,active,,,,260608_AAA_AEO-Purchase_ios_vid_Growme_WW_05250601back_joy-betty,224,1.919643,0.43,,,,,,,,0.446429,0,19.642857,,,
2026-06-01,2026-06-29,20260605_GrowMe_EN_9x16_FX-Learning_ZT-b1_RS-P3X1R1C3_fj,active,,,,260608_AAA_AEO-Purchase_ios_vid_Growme_WW_05250601back_joy-betty,5512,2.358491,13,7,1.857143,,,,,,1.161103,0.22580645,18.378084,44,,
2026-06-01,2026-06-29,20260608_GrowMe_EN_9x16_FX-LifeLessons_ZT-goutong_RS-P3X1R1C3_gy,inactive,,,,260609_AAA_AEO-Purchase_ios_vid_Growme_WW_0608_joy,21952,2.363794,51.89,15,3.459333,1,51.89,,,,1.070517,0.16853933,17.392493,119,,
2026-06-01,2026-06-29,20260608_GrowMe_EN_9x16_FX-Learning_ZT-English_RS-P3X1R1C3_gy,inactive,,,,260609_AAA_AEO-Purchase_ios_vid_Growme_WW_0608_joy,25425,1.891839,48.1,23,2.091304,2,24.05,,,,0.936087,0.21100917,18.812193,216,,
2026-06-01,2026-06-29,20260608_GrowMe_EN_9x16_FX-LifeLessons_ZT-life_RS-P3X1R1C3_gy,inactive,,,,260609_AAA_AEO-Purchase_ios_vid_Growme_WW_0608_joy,6407,2.687685,17.22,9,1.913333,,,,,,0.9833,0.23076923,18.38614,71,,
2026-06-01,2026-06-29,20260608_GrowMe_EN_9x16_FX-LifeLessons_ZT-self_RS-P3X1R1C3_gy,not_delivering,34,actions:app_custom_event.fb_mobile_purchase,45.38205882,260609_AAA_AEO-Purchase_ios_vid_Growme_WW_0608_joy,670528,2.301157,1542.99,757,2.038296,54,28.573889,34,45.382059,0.434105,1.116284,0.29861933,15.061862,8041,,
2026-06-01,2026-06-29,20260608_GrowMe_EN_9x16_FX-LifeLessons_ZT-opinion_RS-P3X1R1C3_gy,inactive,2,actions:app_custom_event.fb_mobile_purchase,50.335,260609_AAA_AEO-Purchase_ios_vid_Growme_WW_0608_joy,34028,2.958446,100.67,38,2.649211,6,16.778333,2,50.335,0.33287,1.028565,0.19689119,15.040555,268,,
2026-06-01,2026-06-29,"20260608_GrowMe_EN_9x16_FX-Learning_ZT- love work_RS-P3X1R1C3_fj",inactive,,,,260609_AAA_AEO-Purchase_ios_vid_Growme_WW_0608_joy,136,2.941176,0.4,,,,,,,,1.470588,0,19.117647,,,
2026-06-01,2026-06-29,20260608_GrowMe_EN_9x16_FX-Learning_ZT-slowenglish_RS-P3X1R1C3_fj,inactive,,,,260609_AAA_AEO-Purchase_ios_vid_Growme_WW_0608_joy,76,3.157895,0.24,,,,,,,,0,,17.105263,1,,
2026-06-01,2026-06-29,"20260608_GrowMe_EN_9x16_FX-Learning_ZT- reading_RS-P3X1R1C3_fj",inactive,,,,260609_AAA_AEO-Purchase_ios_vid_Growme_WW_0608_joy,15180,3.111989,47.24,13,3.633846,,,,,,2.852437,0.02826087,17.819499,166,,
2026-06-01,2026-06-29,20260608_GrowMe_EN_9x16_FX-Learning_ZT-b2_RS-P3X1R1C3_fj,inactive,,,,260609_AAA_AEO-Purchase_ios_vid_Growme_WW_0608_joy,613,3.817292,2.34,,,,,,,,6.688418,0,33.278956,31,,
2026-06-01,2026-06-29,20260608_GrowMe_EN_9x16_FX-LifeLessons_ZT-relationships_RS-P3X1R1C3_fj,inactive,,,,260609_AAA_AEO-Purchase_ios_vid_Growme_WW_0608_joy,570,2.473684,1.41,1,1.41,,,,,,2.982456,0.05555556,32.982456,9,,
2026-06-01,2026-06-29,20260608_GrowMe_EN_9x16_FX-Mindset_ZT-truest_RS-P3X1R1C3_fj_jql,inactive,,,,260609_AAA_AEO-Purchase_ios_vid_Growme_WW_0608_joy,953,3.347324,3.19,,,,,,,,1.364113,0,20.041973,22,,
2026-06-01,2026-06-29,"20260608_GrowMe_EN_9x16_FX-EmotionalHealth_ZT-4 sign_RS-P3X1R1C3_fj_jql",inactive,,,,260609_AAA_AEO-Purchase_ios_vid_Growme_WW_0608_joy,1538,2.36671,3.64,,,,,,,,0.455137,0,15.019506,1,,
2026-06-01,2026-06-29,"20260608_GrowMe_EN_9x16_FX-SelfImprovement_ZT-chicken soup_RS-P3X1R1C3_fj_jql",inactive,,,,260609_AAA_AEO-Purchase_ios_vid_Growme_WW_0608_joy,15712,2.63111,41.34,10,4.134,,,,,,0.859216,0.13333333,16.961558,57,,
2026-06-01,2026-06-29,20260608_GrowMe_EN_9x16_FX-SelfImprovement_ZT-consistency_RS-P3X1R1C3_fj_jql,inactive,1,actions:app_custom_event.fb_mobile_purchase,56.89,260609_AAA_AEO-Purchase_ios_vid_Growme_WW_0608_joy,21944,2.592508,56.89,14,4.063571,2,28.445,1,56.89,0.165583,0.751914,0.14,16.578564,37,,
2026-06-01,2026-06-29,"20260608_GrowMe_EN_9x16_FX-SelfImprovement_ZT-care about_RS-P3X1R1C3_fj_jql",inactive,,,,260609_AAA_AEO-Purchase_ios_vid_Growme_WW_0608_joy,67797,1.757305,119.14,29,4.108276,,,,,,0.526572,0.12663755,14.468192,243,,
2026-06-01,2026-06-29,20260608_GrowMe_EN_9x16_FX-Mindset_ZT-change_RS-P3X1R1C3_fj_jql,inactive,,,,260609_AAA_AEO-Purchase_ios_vid_Growme_WW_0608_joy,10908,2.786029,30.39,8,3.79875,2,15.195,,,,1.650165,0.0620155,18.005134,44,,
2026-06-01,2026-06-29,20260608_GrowMe_EN_9x16_FX-Mindset_ZT-build_RS-P3X1R1C3_fj_jql,inactive,,,,260609_AAA_AEO-Purchase_ios_vid_Growme_WW_0608_joy,4279,2.201449,9.42,5,1.884,2,4.71,,,,0.981538,0.2173913,24.655293,9,,
2026-06-01,2026-06-29,20260608_GrowMe_EN_9x16_FX-Mindset_ZT-giveup_RS-P3X1R1C3_fj_jql,inactive,,,,260609_AAA_AEO-Purchase_ios_vid_Growme_WW_0608_joy,4418,2.682209,11.85,5,2.37,,,,,,2.08239,0.06493506,21.729289,67,,
2026-06-01,2026-06-29,20260608_GrowMe_EN_9x16_FX-SelfImprovement_ZT-stop_RS-P3X1R1C3_fj_jql,inactive,1,actions:app_custom_event.fb_mobile_purchase,63.11,260609_AAA_AEO-Purchase_ios_vid_Growme_WW_0608_joy,26748,2.359429,63.11,30,2.103667,1,63.11,1,63.11,0.394391,1.114102,0.16216216,19.24256,114,,
2026-06-01,2026-06-29,20260608_GrowMe_EN_9x16_FX-Mindset_ZT-value_RS-P3X1R1C3_fj_jql,inactive,,,,260609_AAA_AEO-Purchase_ios_vid_Growme_WW_0608_joy,20309,2.914471,59.19,13,4.553077,2,29.595,,,,0.753361,0.13402062,15.85504,81,,
2026-06-01,2026-06-29,20260525_GrowMe_EN_9x16_FX-test_ZT-talkabout_RS-P3X1R1C3_fj,not_delivering,,,,260526_AAA_AEO-Purchase_ios_vid_Growme_WW_0525week_阅读提升英语_joy,148,1.891892,0.28,,,,,,,,2.702703,0,27.027027,1,,
2026-06-01,2026-06-29,20260525_growme_EN_9x16_FX-test_ZT-read_RS-P1X1R3C1_gy,not_delivering,,,,260526_AAA_AEO-Purchase_ios_vid_Growme_WW_0525week_阅读提升英语_joy,15,2,0.03,,,,,,,,0,,26.666667,,,
2026-06-01,2026-06-29,20260525_growme_EN_9x16_FX-test_ZT-opinion_RS-P1X1R3C1_gy,not_delivering,,,,260526_AAA_AEO-Purchase_ios_vid_Growme_WW_0525week_阅读提升英语_joy,23,0.869565,0.02,,,,,,,,0,,30.434783,,,
2026-06-01,2026-06-29,20260525_GrowMe_EN_9x16_FX-test_ZT-learning_RS-P3X1R1C3_fj,not_delivering,,,,260526_AAA_AEO-Purchase_ios_vid_Growme_WW_0525week_阅读提升英语_joy,16,2.5,0.04,,,,,,,,0,,18.75,,,
2026-06-01,2026-06-29,20260525_GrowMe_EN_9x16_FX-test_ZT-hello-ai_RS-P3X1R1C3_fj,not_delivering,,,,260526_AAA_AEO-Purchase_ios_vid_Growme_WW_0525week_阅读提升英语_joy,83,1.927711,0.16,,,,,,,,0,,19.277108,,,
2026-06-01,2026-06-29,20260525_growme_EN_9x16_FX-test_ZT-confidence_RS-P1X1R3C1_gy,not_delivering,,,,260526_AAA_AEO-Purchase_ios_vid_Growme_WW_0525week_阅读提升英语_joy,18,0,0,,,,,,,,0,,27.777778,,,
2026-06-01,2026-06-29,20260525_GrowMe_EN_9x16_FX-test_ZT-timedont_RS-P3X1R1C3_fj,not_delivering,,,,260526_AAA_AEO-Purchase_ios_vid_Growme_WW_0525week_阅读提升英语_joy,36,1.944444,0.07,,,,,,,,0,,27.777778,2,,
2026-06-01,2026-06-29,20260525_growme_EN_9x16_FX-test_ZT-niupizhi_RS-P1X1R3C1_gy,not_delivering,152,actions:app_custom_event.fb_mobile_purchase,35.70776316,260526_AAA_AEO-Purchase_ios_vid_Growme_WW_0525week_阅读提升英语_joy,3059239,1.77416,5427.58,4615,1.176074,281,19.315231,152,35.707763,0.56474,1.076215,0.32410984,12.473037,25709,,
2026-06-01,2026-06-29,20260525_GrowMe_EN_9x16_FX-test_ZT-news_RS-P3X1R1C3_fj,not_delivering,,,,260526_AAA_AEO-Purchase_ios_vid_Growme_WW_0525week_阅读提升英语_joy,6,0,0,,,,,,,,0,,50,,,
2026-06-01,2026-06-29,20260525_growme_EN_9x16_FX-test_ZT-love_RS-P1X1R3C1_gy,not_delivering,,,,260526_AAA_AEO-Purchase_ios_vid_Growme_WW_0525week_阅读提升英语_joy,111,2.882883,0.32,,,,,,,,4.504505,0,35.135135,3,,
2026-06-01,2026-06-29,"20260508_GrowMe_EN_9x16_FX-test_ZT- read_RS-P3X1R1C3_fj",not_delivering,,,,260609_AAA_AEO-Purchase_ios_vid_Growme_WW_0504week2_英语学习_joy,11,0,0,,,,,,,,9.090909,0,36.363636,1,,
2026-06-01,2026-06-29,20260506_GrowMe_EN_9x16_FX-test_ZT-easyenglish_RS-P3X1R1C3_fj,not_delivering,,,,260609_AAA_AEO-Purchase_ios_vid_Growme_WW_0504week2_英语学习_joy,52,0.769231,0.04,,,,,,,,1.923077,0,19.230769,,,
2026-06-01,2026-06-29,20260506_growme_EN_9x16_FX-test_ZT-patience_RS-P1X1R3C1_095KB-JR_RMG-3528,not_delivering,,,,260609_AAA_AEO-Purchase_ios_vid_Growme_WW_0504week2_英语学习_joy,2,0,0,,,,,,,,0,,,,,
2026-06-01,2026-06-29,"20260507_GrowMe_EN_9x16_FX-test_ZT-try new_RS-P3X1R1C3_fj",not_delivering,,,,260609_AAA_AEO-Purchase_ios_vid_Growme_WW_0504week2_英语学习_joy,182,0.769231,0.14,,,,,,,,0.549451,,15.384615,,,
2026-06-01,2026-06-29,20260508_growme_EN_9x16_FX-test_ZT-listen_RS-P1X1R3C3_wxx,not_delivering,1,actions:app_custom_event.fb_mobile_purchase,23.89,260609_AAA_AEO-Purchase_ios_vid_Growme_WW_0504week2_英语学习_joy,6944,3.44038,23.89,16,1.493125,2,11.945,1,23.89,1.03851,2.088134,0.15238095,26.065668,124,,
2026-06-01,2026-06-29,20260506_growme_EN_9x16_FX-test_ZT-teacher_RS-P1X1R3C3_wxx,not_delivering,,,,260609_AAA_AEO-Purchase_ios_vid_Growme_WW_0504week2_英语学习_joy,39,1.538462,0.06,,,,,,,,0,,23.076923,1,,
2026-06-01,2026-06-29,20260507_growme_EN_9x16_FX-test_ZT-education_RS-P1X1R3C1_gy,not_delivering,,,,260609_AAA_AEO-Purchase_ios_vid_Growme_WW_0504week2_英语学习_joy,10,0,0,,,,,,,,0,,30,1,,
2026-06-01,2026-06-29,20260508_growme_EN_9x16_FX-test_ZT-love_RS-P1X1R3C1_gy,not_delivering,,,,260609_AAA_AEO-Purchase_ios_vid_Growme_WW_0504week2_英语学习_joy,4,0,0,,,,,,,,0,,50,1,,
2026-06-01,2026-06-29,"20260507_GrowMe_EN_9x16_FX-test_ZT- begin_RS-P3X1R1C3_fj",not_delivering,,,,260609_AAA_AEO-Purchase_ios_vid_Growme_WW_0504week2_英语学习_joy,4,0,0,,,,,,,,0,,25,,,
2026-06-01,2026-06-29,20260507_growme_EN_9x16_FX-test_ZT-view_RS-P1X1R3C1_gy,not_delivering,,,,260609_AAA_AEO-Purchase_ios_vid_Growme_WW_0504week2_英语学习_joy,2,0,0,,,,,,,,0,,,,,
2026-06-01,2026-06-29,20260506_growme_EN_9x16_FX-test_ZT-acceptance_RS-P1X1R3C1_095KB-JR_RMG-3527,not_delivering,,,,260609_AAA_AEO-Purchase_ios_vid_Growme_WW_0504week2_英语学习_joy,4,2.5,0.01,,,,,,,,0,,,,,
2026-06-01,2026-06-29,20260604_GrowMe_EN_9x16_FX-Mindset_ZT-strat_RS-P3X1R1C3_fj_jql,active,,,,260608_AAA_AEO-Purchase_ios_vid_Growme_T1_0601week_joy,74,8.513514,0.63,,,,,,,,1.351351,,29.72973,2,,
2026-06-01,2026-06-29,20260603_GrowMe_0_EN_9x16_FX-Learning_ZT-speak_RS-P3X1R1C3_gy,active,22,actions:app_custom_event.fb_mobile_purchase,87.64318182,260608_AAA_AEO-Purchase_ios_vid_Growme_T1_0601week_joy,256805,7.508226,1928.15,500,3.8563,82,23.514024,22,87.643182,0.175246,1.808376,0.29222677,19.255077,3421,,
2026-06-01,2026-06-29,"20260604_GrowMe_EN_9x16_FX-EmotionalHealth_ZT- anxiety_RS-P3X1R1C3_fj_jql",active,,,,260608_AAA_AEO-Purchase_ios_vid_Growme_T1_0601week_joy,54,7.037037,0.38,,,,,,,,1.851852,,25.925926,,,
2026-06-01,2026-06-29,20260602_GrowMe_0_EN_9x16_FX-Learning_ZT-read_RS-P3X1R1C3_gy,inactive,18,actions:app_custom_event.fb_mobile_purchase,47.14222222,260608_AAA_AEO-Purchase_ios_vid_Growme_T1_0601week_joy,90446,9.381952,848.56,225,3.771378,32,26.5175,18,47.142222,0.367281,1.326759,0.3975265,16.211883,974,,
2026-06-01,2026-06-29,20260603_GrowMe_EN_9x16_FX-fear_ZT-d1_RS-P3X1R1C3_fj,active,,,,260608_AAA_AEO-Purchase_ios_vid_Growme_T1_0601week_joy,3,3.333333,0.01,,,,,,,,0,,33.333333,,,
2026-06-01,2026-06-29,20260602_growme_EN_9x16_FX-Quotes_ZT-book_RS-P1X1R3C3_wxx,active,,,,260608_AAA_AEO-Purchase_ios_vid_Growme_T1_0601week_joy,95,10.105263,0.96,,,,,,,,5.263158,0,27.368421,3,,
2026-06-01,2026-06-29,20260601_GrowMe_EN_9x16_FX-Communication_ZT-read_RS-P3X1R1C3_gy,active,,,,260608_AAA_AEO-Purchase_ios_vid_Growme_T1_0601week_joy,162,8.765432,1.42,,,,,,,,2.469136,0,22.839506,3,,
2026-06-01,2026-06-29,20260601_growme_EN_9x16_FX-lifelessons_ZT-education_RS-P1X1R3C3_wxx,active,,,,260608_AAA_AEO-Purchase_ios_vid_Growme_T1_0601week_joy,5,8,0.04,,,,,,,,0,,,,,
2026-06-01,2026-06-29,20260601_GrowMe_EN_9x16_FX-Learning_ZT-life_RS-P3X1R1C3_gy,active,,,,260608_AAA_AEO-Purchase_ios_vid_Growme_T1_0601week_joy,553,9.584087,5.3,,,,,,,,1.808318,0,18.444846,10,,
2026-06-01,2026-06-29,"20260604_GrowMe_EN_9x16_FX-EmotionalHealth_ZT- anxiety_RS-P3X1R1C3_fj_jql",active,,,,260609_AAA_AEO-Purchase_ios_vid_Growme_T2_0601week_joy,913,1.883899,1.72,2,0.86,,,,,,2.081051,0.13333333,25.739321,7,,
2026-06-01,2026-06-29,20260603_GrowMe_0_EN_9x16_FX-Learning_ZT-speak_RS-P3X1R1C3_gy,active,92,actions:app_custom_event.fb_mobile_purchase,37.23054348,260609_AAA_AEO-Purchase_ios_vid_Growme_T2_0601week_joy,2543640,1.346578,3425.21,2840,1.20606,218,15.711972,92,37.230543,0.515662,1.287957,0.13661728,17.377302,31005,,
2026-06-01,2026-06-29,20260603_GrowMe_EN_9x16_FX-fear_ZT-d1_RS-P3X1R1C3_fj,active,,,,260609_AAA_AEO-Purchase_ios_vid_Growme_T2_0601week_joy,484,1.528926,0.74,1,0.74,,,,,,4.752066,0.05263158,26.446281,10,,
2026-06-01,2026-06-29,20260601_GrowMe_EN_9x16_FX-Communication_ZT-read_RS-P3X1R1C3_gy,active,,,,260609_AAA_AEO-Purchase_ios_vid_Growme_T2_0601week_joy,5613,1.598076,8.97,2,4.485,,,,,,2.173526,0.01886792,23.49902,68,,
2026-06-01,2026-06-29,20260601_growme_EN_9x16_FX-lifelessons_ZT-education_RS-P1X1R3C3_wxx,active,,,,260609_AAA_AEO-Purchase_ios_vid_Growme_T2_0601week_joy,2690,1.531599,4.12,,,,,,,,1.784387,0,22.156134,38,,
2026-06-01,2026-06-29,20260602_growme_EN_9x16_FX-Quotes_ZT-book_RS-P1X1R3C3_wxx,active,,,,260609_AAA_AEO-Purchase_ios_vid_Growme_T2_0601week_joy,3522,1.890971,6.66,,,,,,,,0.653038,0,20.72686,52,,
2026-06-01,2026-06-29,20260602_GrowMe_0_EN_9x16_FX-Learning_ZT-read_RS-P3X1R1C3_gy,active,5,actions:app_custom_event.fb_mobile_purchase,44.428,260609_AAA_AEO-Purchase_ios_vid_Growme_T2_0601week_joy,160637,1.382869,222.14,241,0.921743,12,18.511667,5,44.428,0.547403,0.94561,0.23330106,17.705759,1759,,
2026-06-01,2026-06-29,20260601_GrowMe_EN_9x16_FX-Learning_ZT-life_RS-P3X1R1C3_gy,active,,,,260609_AAA_AEO-Purchase_ios_vid_Growme_T2_0601week_joy,2060,1.529126,3.15,2,1.575,,,,,,2.087379,0.04761905,20.825243,43,,
2026-06-01,2026-06-29,20260604_GrowMe_EN_9x16_FX-Mindset_ZT-strat_RS-P3X1R1C3_fj_jql,active,,,,260609_AAA_AEO-Purchase_ios_vid_Growme_T2_0601week_joy,1155,1.367965,1.58,,,,,,,,1.558442,0,21.471861,15,,
2026-06-01,2026-06-29,20260525_GrowMe_EN_9x16_FX-test_ZT-talkabout_RS-P3X1R1C3_fj,active,,,,260609_AAA_AEO-Purchase_ios_vid_Growme_T2_0525week_阅读提升英语_joy,423,1.41844,0.6,,,,,,,,4.728132,0,24.349882,8,,
2026-06-01,2026-06-29,20260525_GrowMe_EN_9x16_FX-test_ZT-timedont_RS-P3X1R1C3_fj,active,,,,260609_AAA_AEO-Purchase_ios_vid_Growme_T2_0525week_阅读提升英语_joy,33,0.30303,0.01,,,,,,,,9.090909,0,24.242424,1,,
2026-06-01,2026-06-29,20260525_growme_EN_9x16_FX-test_ZT-niupizhi_RS-P1X1R3C1_gy,active,256,actions:app_custom_event.fb_mobile_purchase,25.23027344,260609_AAA_AEO-Purchase_ios_vid_Growme_T2_0525week_阅读提升英语_joy,4872403,1.325619,6458.95,7933,0.814188,498,12.969779,256,25.230273,0.731123,0.809929,0.26866025,15.543952,44424,,
2026-06-01,2026-06-29,20260525_GrowMe_EN_9x16_FX-test_ZT-learning_RS-P3X1R1C3_fj,active,,,,260609_AAA_AEO-Purchase_ios_vid_Growme_T2_0525week_阅读提升英语_joy,89,1.235955,0.11,,,,,,,,2.247191,0,28.089888,3,,
2026-06-01,2026-06-29,20260514_growme_EN_9x16_FX-test_ZT-house_RS-P1X1R3C3_wxx,not_delivering,,,,260515_AAA_AEO-Purchase_ios_vid_Growme_0511week1_joy,4,0,0,,,,,,,,0,,50,,,
2026-06-01,2026-06-29,20260525_growme_EN_9x16_FX-test_ZT-education_RS-P1X1R3C1_gy,not_delivering,,,,260526_AAA_AEO-Purchase_ios_vid_Growme_WW_0525week_阅读提升英语_joy,9,0,0,,,,,,,,0,,11.111111,,,
2026-06-01,2026-06-29,20260525_GrowMe_EN_9x16_FX-test_ZT-confidence_RS-P3X1R1C3_fj,not_delivering,,,,260526_AAA_AEO-Purchase_ios_vid_Growme_WW_0525week_阅读提升英语_joy,6,0,0,,,,,,,,0,,,,,
2026-06-01,2026-06-29,20260525_growme_EN_9x16_FX-test_ZT-zixin_RS-P1X1R3C1_gy,not_delivering,,,,260526_AAA_AEO-Purchase_ios_vid_Growme_WW_0525week_阅读提升英语_joy,4,0,0,,,,,,,,0,,25,,,
2026-06-01,2026-06-29,20260525_growme_EN_9x16_FX-test_ZT-confidence_RS-P1X1R3C1_gy,active,,,,260609_AAA_AEO-Purchase_ios_vid_Growme_T2_0525week_阅读提升英语_joy,254,1.653543,0.42,3,0.14,,,,,,6.692913,0.21428571,26.771654,5,,
2026-06-01,2026-06-29,20260525_growme_EN_9x16_FX-test_ZT-education_RS-P1X1R3C1_gy,active,,,,260609_AAA_AEO-Purchase_ios_vid_Growme_T2_0525week_阅读提升英语_joy,57,0.526316,0.03,,,,,,,,8.77193,0,35.087719,3,,
2026-06-01,2026-06-29,20260525_growme_EN_9x16_FX-test_ZT-opinion_RS-P1X1R3C1_gy,active,,,,260609_AAA_AEO-Purchase_ios_vid_Growme_T2_0525week_阅读提升英语_joy,106,0.849057,0.09,,,,,,,,4.716981,0,33.018868,1,,
2026-06-01,2026-06-29,20260525_growme_EN_9x16_FX-test_ZT-love_RS-P1X1R3C1_gy,active,,,,260609_AAA_AEO-Purchase_ios_vid_Growme_T2_0525week_阅读提升英语_joy,1207,1.681856,2.03,2,1.015,,,,,,2.651201,0.06896552,29.246065,40,,
2026-06-01,2026-06-29,20260525_GrowMe_EN_9x16_FX-test_ZT-hello-ai_RS-P3X1R1C3_fj,active,,,,260609_AAA_AEO-Purchase_ios_vid_Growme_T2_0525week_阅读提升英语_joy,1362,2.041116,2.78,1,2.78,,,,,,4.258443,0.01923077,23.054332,34,,
2026-06-01,2026-06-29,20260525_growme_EN_9x16_FX-test_ZT-read_RS-P1X1R3C1_gy,active,,,,260609_AAA_AEO-Purchase_ios_vid_Growme_T2_0525week_阅读提升英语_joy,482,2.136929,1.03,,,,,,,,1.244813,0,17.427386,5,,
2026-06-01,2026-06-29,20260525_growme_EN_9x16_FX-test_ZT-zixin_RS-P1X1R3C1_gy,active,,,,260609_AAA_AEO-Purchase_ios_vid_Growme_T2_0525week_阅读提升英语_joy,22,0.454545,0.01,,,,,,,,0,,4.545455,,,
2026-06-01,2026-06-29,20260525_GrowMe_EN_9x16_FX-test_ZT-confidence_RS-P3X1R1C3_fj,active,,,,260609_AAA_AEO-Purchase_ios_vid_Growme_T2_0525week_阅读提升英语_joy,38,1.052632,0.04,1,0.04,,,,,,15.789474,0.16666667,39.473684,8,,
2026-06-01,2026-06-29,20260420_growme_EN_9x16_FX-test_ZT-slow-english_RS-P1X1R3C3_wxx,archived,,,,260609_AAA_AEO-Purchase_ios_vid_Growme_T2_slowenglish_joy,243,4.526749,1.1,,,,,,,,1.234568,0,27.572016,8,,
2026-06-01,2026-06-29,20260508_growme_EN_9x16_FX-test_ZT-listen_RS-P1X1R3C3_wxx,archived,,,,260609_AAA_AEO-Purchase_ios_vid_Growme_T2_slowenglish_joy,9320,4.325107,40.31,29,1.39,1,40.31,,,,1.652361,0.2265625,25.085837,181,,
2026-06-01,2026-06-29,20260429_growme_EN_9x16_01_FX-test_ZT-slowenglish_RS-P1X1R3C3_wxx,archived,,,,260609_AAA_AEO-Purchase_ios_vid_Growme_T2_slowenglish_joy,159,2.075472,0.33,,,,,,,,1.886792,0,13.836478,2,,
2026-06-01,2026-06-29,20260417_growme_EN_9x16_FX-test_ZT-slowenglish_RS-P1X1R3C3_wxx,archived,,,,260609_AAA_AEO-Purchase_ios_vid_Growme_T2_slowenglish_joy,228,2.149123,0.49,,,,,,,,2.631579,0,17.982456,7,,
2026-06-01,2026-06-29,20260420_growme_EN_9x16_FX-test_ZT-slow_RS-P1X1R3C3_wxx,archived,,,,260609_AAA_AEO-Purchase_ios_vid_Growme_T2_slowenglish_joy,3922,3.556859,13.95,11,1.268182,,,,,,1.606323,0.34375,17.032126,12,,
2026-06-01,2026-06-29,20260525_GrowMe_EN_9x16_FX-test_ZT-news_RS-P3X1R1C3_fj,active,,,,260609_AAA_AEO-Purchase_ios_vid_Growme_T2_0525week_阅读提升英语_joy,62,1.129032,0.07,,,,,,,,1.612903,0,20.967742,1,,
2026-06-01,2026-06-29,20260609_GrowMe_EN_9x16_FX-Learning_ZT-howto_RS-P3X1R1C3_fj,not_delivering,,,,260610_AAA_AEO-Purchase_ios_vid_Growme_WW_0609_joy,119,3.193277,0.38,,,,,,,,0,,17.647059,1,,
2026-06-01,2026-06-29,20260609_GrowMe_EN_9x16_FX-Mindset_ZT-think_RS-P3X1R1C3_gy_jql,inactive,33,actions:app_custom_event.fb_mobile_purchase,46.26909091,260610_AAA_AEO-Purchase_ios_vid_Growme_WW_0609_joy,930515,1.640898,1526.88,722,2.114792,59,25.879322,33,46.269091,0.381569,1.207611,0.19922737,17.258615,9352,,
2026-06-01,2026-06-29,20260609_GrowMe_EN_9x16_FX-Mindset_ZT-happen_RS-P3X1R1C3_gy_jql,not_delivering,,,,260610_AAA_AEO-Purchase_ios_vid_Growme_WW_0609_joy,322,2.42236,0.78,,,,,,,,1.552795,0,23.913043,1,,
2026-06-01,2026-06-29,20260609_GrowMe_EN_9x16_FX-Mindset_ZT-try_RS-P3X1R1C3_gy_jql,not_delivering,,,,260610_AAA_AEO-Purchase_ios_vid_Growme_WW_0609_joy,226,4.247788,0.96,,,,,,,,2.212389,0,24.336283,4,,
2026-06-01,2026-06-29,20260609_GrowMe_EN_9x16_FX-Mindset_ZT-yourself_RS-P3X1R1C3_gy_jql,not_delivering,,,,260610_AAA_AEO-Purchase_ios_vid_Growme_WW_0609_joy,424,3.042453,1.29,,,,,,,,1.415094,0,23.584906,7,,
2026-06-01,2026-06-29,20260609_GrowMe_EN_9x16_FX-Mindset_ZT-gonna_RS-P3X1R1C3_gy_jql,not_delivering,,,,260610_AAA_AEO-Purchase_ios_vid_Growme_WW_0609_joy,192,1.979167,0.38,,,,,,,,1.5625,0,27.604167,2,,
2026-06-01,2026-06-29,20260609_GrowMe_EN_9x16_FX-Mindset_ZT-dream_RS-P3X1R1C3_gy_jql,not_delivering,,,,260610_AAA_AEO-Purchase_ios_vid_Growme_WW_0609_joy,83,1.084337,0.09,,,,,,,,0,,13.253012,1,,
2026-06-01,2026-06-29,20260609_GrowMe_EN_9x16_FX-Habitst_ZT-confident_RS-P3X1R1C3_gy_jql,not_delivering,,,,260610_AAA_AEO-Purchase_ios_vid_Growme_WW_0609_joy,31,7.096774,0.22,,,,,,,,6.451613,0,35.483871,2,,
2026-06-01,2026-06-29,20260609_GrowMe_EN_9x16_FX-LifeLessons_ZT-dream_RS-P3X1R1C3_fj,inactive,,,,260610_AAA_AEO-Purchase_ios_vid_Growme_WW_0609_joy,13007,3.049127,39.66,22,1.802727,2,19.83,,,,1.868225,0.13924051,15.130314,130,,
2026-06-01,2026-06-29,20260609_GrowMe_EN_9x16_FX-Challenge_ZT-abcd_RS-P3X1R1C3_fj,not_delivering,,,,260610_AAA_AEO-Purchase_ios_vid_Growme_WW_0609_joy,32,5,0.16,,,,,,,,0,,18.75,1,,
2026-06-01,2026-06-29,20260609_GrowMe_EN_9x16_FX-LifeLessons_ZT-rconversations._RS-P3X1R1C3_fj,not_delivering,,,,260610_AAA_AEO-Purchase_ios_vid_Growme_WW_0609_joy,4710,3.112527,14.66,6,2.443333,,,,,,1.358811,0.17142857,17.961783,57,,
2026-06-01,2026-06-29,"20260609_GrowMe_EN_9x16_FX-Learning_ZT- read pic_RS-P3X1R1C3_fj",inactive,1,actions:app_custom_event.fb_mobile_purchase,104.22,260610_AAA_AEO-Purchase_ios_vid_Growme_WW_0609_joy,35927,2.900882,104.22,36,2.895,2,52.11,1,104.22,0.368164,1.876026,0.06870229,15.358922,269,,
2026-06-01,2026-06-29,20260609_growme_EN_9x16_FX-Form_ZT-alone_RS-P1X1R1C3_095KB_mia_HJ_RMG-5219B,not_delivering,,,,260610_AAA_AEO-Purchase_ios_vid_Growme_WW_0609_joy,12,0.833333,0.01,,,,,,,,0,,16.666667,,,
2026-06-01,2026-06-29,"20260608_growme_EN_9x16_FX-Successful _ZT-112_RS-P1X1R3C3_wxx",not_delivering,,,,260610_AAA_AEO-Purchase_ios_vid_Growme_WW_0609_joy,1531,2.873939,4.4,,,,,,,,1.371653,0,28.608752,7,,
2026-06-01,2026-06-29,20260609_growme_EN_9x16_FX-Form_ZT-readingchallenge_RS-P1X1R1C1_095KB_mia_HJ_RMG-5219D,not_delivering,,,,260610_AAA_AEO-Purchase_ios_vid_Growme_WW_0609_joy,13,0.769231,0.01,,,,,,,,0,,38.461538,2,,
2026-06-01,2026-06-29,20260609_growme_EN_9x16_FX-Creative_ZT-onefact_RS-P1X1R1C3_095KB_HJ_RMG-5219A,not_delivering,,,,260610_AAA_AEO-Purchase_ios_vid_Growme_WW_0609_joy,165,5.212121,0.86,,,,,,,,1.212121,0,18.787879,2,,
2026-06-01,2026-06-29,20260608_growme_EN_9x16_FX-Learning_ZT-english_RS-P1X1R3C3_wxx,not_delivering,,,,260610_AAA_AEO-Purchase_ios_vid_Growme_WW_0609_joy,476,5.504202,2.62,,,,,,,,2.521008,0,25.630252,9,,
2026-06-01,2026-06-29,20260608_growme_EN_9x16_FX-lifelessons_ZT-beokay_RS-P1X1R3C3_wxx,not_delivering,,,,260610_AAA_AEO-Purchase_ios_vid_Growme_WW_0609_joy,67,2.38806,0.16,,,,,,,,2.985075,0,37.313433,3,,
2026-06-01,2026-06-29,20260512_growme_EN_9x16_FX-test_ZT-read_RS-P1X1R3C1_gy,not_delivering,,,,260515_AAA_AEO-Purchase_ios_vid_Growme_0511week1_joy,44,1.136364,0.05,,,,,,,,0,,18.181818,2,,
2026-06-01,2026-06-29,20260609_GrowMe_EN_9x16_FX-Challenge_ZT-read_RS-P3X1R1C3_gy,not_delivering,,,,260610_AAA_AEO-Purchase_ios_vid_Growme_WW_0609_joy,418,3.325359,1.39,,,,,,,,1.913876,0,15.07177,5,,
2026-06-01,2026-06-29,20260609_GrowMe_EN_9x16_FX-Learning_ZT-speak_RS-P3X1R1C3_gy,inactive,3,actions:app_custom_event.fb_mobile_purchase,31.41666667,260610_AAA_AEO-Purchase_ios_vid_Growme_WW_0609_joy,54892,1.717008,94.25,53,1.778302,4,23.5625,3,31.416667,0.221114,1.102164,0.2746114,18.818771,615,,
2026-06-01,2026-06-29,20260609_GrowMe_EN_9x16_FX-LifeLessons_ZT-life_RS-P3X1R1C3_gy,not_delivering,,,,260610_AAA_AEO-Purchase_ios_vid_Growme_WW_0609_joy,605,3.471074,2.1,,,,,,,,1.652893,0,22.975207,4,,
2026-06-01,2026-06-29,20260609_GrowMe_EN_9x16_FX-Mindset_ZT-normal_RS-P3X1R1C3_gy_jql,not_delivering,,,,260610_AAA_AEO-Purchase_ios_vid_Growme_WW_0609_joy,1627,2.999385,4.88,1,4.88,,,,,,1.106331,0.07142857,18.930547,5,,
2026-06-01,2026-06-29,20260609_GrowMe_EN_9x16_FX-Mindset_ZT-waste_RS-P3X1R1C3_gy_jql,not_delivering,2,actions:app_custom_event.fb_mobile_purchase,9.105,260610_AAA_AEO-Purchase_ios_vid_Growme_WW_0609_joy,6558,2.776761,18.21,14,1.300714,2,9.105,2,9.105,2.053267,1.479109,0.23728814,18.542238,40,,
2026-06-01,2026-06-29,20260609_growme_EN_9x16_FX-Form_ZT-alone_RS-P1X1R1C3_095KB_mia_HJ_RMG-5219C,not_delivering,,,,260610_AAA_AEO-Purchase_ios_vid_Growme_WW_0609_joy,84,6.428571,0.54,,,,,,,,0,,23.809524,1,,
2026-06-01,2026-06-29,"20260608_growme_EN_9x16_FX-UGCProof _ZT-stop_RS-P1X1R3C3_wxx",not_delivering,,,,260610_AAA_AEO-Purchase_ios_vid_Growme_WW_0609_joy,80,2.5,0.2,,,,,,,,0,,22.5,,,
2026-06-01,2026-06-29,20260609_GrowMe_EN_9x16_FX-Learning_ZT-learn_RS-P3X1R1C3_gy,not_delivering,,,,260610_AAA_AEO-Purchase_ios_vid_Growme_WW_0609_joy,16917,2.35089,39.77,11,3.615455,,,,,,1.832476,0.05555556,22.882308,91,,
2026-06-01,2026-06-29,20260609_GrowMe_EN_9x16_FX-Learning_ZT-read_RS-P3X1R1C3_gy,not_delivering,,,,260610_AAA_AEO-Purchase_ios_vid_Growme_WW_0609_joy,101,4.752475,0.48,,,,,,,,1.980198,0,20.792079,3,,
2026-06-01,2026-06-29,20260609_GrowMe_EN_9x16_FX-Mindset_ZT-say_RS-P3X1R1C3_gy_jql,not_delivering,,,,260610_AAA_AEO-Purchase_ios_vid_Growme_WW_0609_joy,580,3.37931,1.96,,,,,,,,1.37931,0,17.586207,7,,
2026-06-01,2026-06-29,20260610_GrowMe_EN_9x16_FX-Mindset_ZT-yourself_RS-P3X1R1C3_gy_jql,not_delivering,,,,260611_ABO_AEO-Purchase_ios_vid_Growme_WW_0610_joy,721,2.649098,1.91,,,,,,,,1.10957,0,20.110957,7,,
2026-06-01,2026-06-29,20260610_GrowMe_EN_9x16_FX-Learning_ZT-book_RS-P3X1R1C3_gy_jql,inactive,,,,260611_ABO_AEO-Purchase_ios_vid_Growme_WW_0610_joy,20002,2.121788,42.44,29,1.463448,,,,,,1.184882,0.25663717,16.378362,129,,
2026-06-01,2026-06-29,20260610_GrowMe_EN_9x16_FX-Learning_ZT-read_RS-P3X1R1C3_gy_jql,inactive,,,,260611_ABO_AEO-Purchase_ios_vid_Growme_WW_0610_joy,16392,2.653734,43.5,38,1.144737,,,,,,1.342118,0.28787879,18.881162,1040,,
2026-06-01,2026-06-29,20260610_GrowMe_EN_9x16_FX-Habitst_ZT-lose_RS-P3X1R1C3_gy_jql,not_delivering,,,,260611_ABO_AEO-Purchase_ios_vid_Growme_WW_0610_joy,1375,2.974545,4.09,1,4.09,,,,,,1.454545,0.07692308,21.381818,4,,
2026-06-01,2026-06-29,20260610_GrowMe_EN_9x16_FX-Habitst_ZT-grow_RS-P3X1R1C3_gy_jql,rejected,,,,260611_ABO_AEO-Purchase_ios_vid_Growme_WW_0610_joy,1501,1.70553,2.56,,,,,,,,0.466356,0,17.45503,11,,
2026-06-01,2026-06-29,20260610_GrowMe_EN_9x16_FX-Habitst_ZT-7habits_RS-P3X1R1C3_gy_jql,not_delivering,,,,260611_ABO_AEO-Purchase_ios_vid_Growme_WW_0610_joy,11795,2.272997,26.81,6,4.468333,,,,,,1.051293,0.08695652,19.389572,42,,
2026-06-01,2026-06-29,20260610_GrowMe_EN_9x16_FX-Learning_ZT-english_RS-P3X1R1C3_gy,inactive,12,actions:app_custom_event.fb_mobile_purchase,69.27833333,260611_ABO_AEO-Purchase_ios_vid_Growme_WW_0610_joy,357178,2.327523,831.34,530,1.568566,28,29.690714,12,69.278333,0.375045,1.308871,0.17485978,14.316391,3561,,
2026-06-01,2026-06-29,20260610_GrowMe_EN_9x16_FX-Habitst_ZT-advice_RS-P3X1R1C3_gy_jql,not_delivering,,,,260611_ABO_AEO-Purchase_ios_vid_Growme_WW_0610_joy,525,2.571429,1.35,,,,,,,,2.666667,0,20.571429,2,,
2026-06-01,2026-06-29,20260610_GrowMe_EN_9x16_FX-LifeLessons_ZT-confident_RS-P3X1R1C3_gy,inactive,,,,260611_ABO_AEO-Purchase_ios_vid_Growme_WW_0610_joy,24626,1.992609,49.07,29,1.692069,,,,,,1.112645,0.18954248,17.790141,164,,
2026-06-01,2026-06-29,20260610_GrowMe_EN_9x16_FX-LifeLessons_ZT-compare_RS-P3X1R1C3_gy,inactive,1,actions:app_custom_event.fb_mobile_purchase,52.15,260611_ABO_AEO-Purchase_ios_vid_Growme_WW_0610_joy,19498,2.674633,52.15,29,1.798276,3,17.383333,1,52.15,0.160307,1.430916,0.18125,16.134988,191,,
2026-06-01,2026-06-29,20260610_GrowMe_EN_9x16_FX-Successful_ZT-success_RS-P3X1R1C3_gy,not_delivering,,,,260611_ABO_AEO-Purchase_ios_vid_Growme_WW_0610_joy,2237,2.382655,5.33,2,2.665,,,,,,1.296379,0.15384615,20.742065,13,,
2026-06-01,2026-06-29,20260610_GrowMe_EN_9x16_FX-Learning_ZT-habit_RS-P3X1R1C3_gy,not_delivering,,,,260611_ABO_AEO-Purchase_ios_vid_Growme_WW_0610_joy,219,4.3379,0.95,,,,,,,,0,,15.981735,3,,
2026-06-01,2026-06-29,"20260609_growme_EN_9x16_01_FX-Learning _ZT-english_RS-P1X1R3C3_wxx",not_delivering,,,,260611_ABO_AEO-Purchase_ios_vid_Growme_WW_0610_joy,4793,3.359065,16.1,3,5.366667,,,,,,1.481327,0.05882353,18.443564,34,,
2026-06-01,2026-06-29,20260609_growme_EN_9x16_01_FX-Reading_ZT-wrong_RS-P1X1R3C3_wxx,not_delivering,,,,260611_ABO_AEO-Purchase_ios_vid_Growme_WW_0610_joy,2512,1.588376,3.99,,,,,,,,0.557325,0,22.213376,14,,
2026-06-01,2026-06-29,20260609_growme_EN_9x16_01_FX-Mood_ZT-0finished_RS-P1X1R3C3_wxx,not_delivering,,,,260611_ABO_AEO-Purchase_ios_vid_Growme_WW_0610_joy,580,1.637931,0.95,,,,,,,,1.37931,0,21.551724,3,,
2026-06-01,2026-06-29,20260610_growme_EN_9x16_01_FX-communication_ZT-interesting_RS-P1X1R3C3_wxx,not_delivering,,,,260611_ABO_AEO-Purchase_ios_vid_Growme_WW_0610_joy,1654,2.170496,3.59,7,0.512857,,,,,,1.269649,0.7,22.61185,4,,
2026-06-01,2026-06-29,20260610_growme_EN_9x16_01_FX-Challenge_ZT-lookfor_RS-P1X1R3C3_wxx,not_delivering,,,,260611_ABO_AEO-Purchase_ios_vid_Growme_WW_0610_joy,210,2.761905,0.58,,,,,,,,1.428571,0,18.571429,3,,
2026-06-01,2026-06-29,"20260610_GrowMe_EN_9x16_FX-Book Reading_ZT-true richness-1_RS-P3X1R1C3_fj",inactive,,,,260611_ABO_AEO-Purchase_ios_vid_Growme_WW_0610_joy,32027,3.071159,98.36,41,2.399024,2,49.18,,,,2.60093,0.05488621,21.572423,259,,
2026-06-01,2026-06-29,"20260610_GrowMe_EN_9x16_FX-Communication_ZT- interpersonal-1_RS-P3X1R1C3_fj",not_delivering,,,,260611_ABO_AEO-Purchase_ios_vid_Growme_WW_0610_joy,2938,2.991831,8.79,,,,,,,,1.872022,0,18.311777,26,,
2026-06-01,2026-06-29,20260610_GrowMe_EN_9x16_FX-Mindset_ZT-emo-1_RS-P3X1R1C3_fj,not_delivering,,,,260611_ABO_AEO-Purchase_ios_vid_Growme_WW_0610_joy,577,2.166378,1.25,1,1.25,,,,,,1.906412,0.1,18.544194,4,,
2026-06-01,2026-06-29,"20260610_GrowMe_EN_9x16_FX- Learning_ZT- learn well-1_RS-P3X1R1C3_fj",not_delivering,,,,260611_ABO_AEO-Purchase_ios_vid_Growme_WW_0610_joy,3045,2.305419,7.02,2,3.51,,,,,,1.412151,0.08,19.901478,38,,
2026-06-01,2026-06-29,"20260610_GrowMe_EN_9x16_FX-Mood_ZT-pride rain-1_RS-P3X1R1C3_fj",not_delivering,,,,260611_ABO_AEO-Purchase_ios_vid_Growme_WW_0610_joy,120,2.5,0.3,,,,,,,,0,,27.5,,,
2026-06-01,2026-06-29,"20260611_GrowMe_EN_9x16_FX-Learning_ZT-Reading habits_RS-P3X1R1C3_fj",not_delivering,15,actions:app_custom_event.fb_mobile_purchase,60.97133333,260611_ABO_AEO-Purchase_ios_vid_Growme_WW_0611_joy,380083,2.406238,914.57,580,1.576845,27,33.872963,15,60.971333,0.402266,1.100023,0.2848723,16.016502,3622,,
2026-06-01,2026-06-29,20260611_GrowMe_EN_9x16_FX-Learning_ZT-wawa_RS-P3X1R1C3_fj,not_delivering,,,,260611_ABO_AEO-Purchase_ios_vid_Growme_WW_0611_joy,2174,3.670653,7.98,3,2.66,,,,,,1.057958,0.17647059,15.317387,8,,
2026-06-01,2026-06-29,"20260611_GrowMe_EN_9x16_FX-Learning_ZT-english story_RS-P3X1R1C3_fj",inactive,,,,260611_ABO_AEO-Purchase_ios_vid_Growme_WW_0611_joy,21478,2.589627,55.62,37,1.503243,,,,,,1.489897,0.15163934,15.704442,88,,
2026-06-01,2026-06-29,20260611_GrowMe_EN_9x16_FX-Successful_ZT-success_RS-P3X1R1C3_gy,not_delivering,,,,260611_ABO_AEO-Purchase_ios_vid_Growme_WW_0611_joy,756,2.420635,1.83,,,,,,,,0.396825,0,16.534392,3,,
2026-06-01,2026-06-29,20260611_GrowMe_EN_9x16_FX-LifeLessons_ZT-believe_RS-P3X1R1C3_gy,not_delivering,,,,260611_ABO_AEO-Purchase_ios_vid_Growme_WW_0611_joy,744,2.741935,2.04,,,,,,,,0.94086,0,19.623656,2,,
2026-06-01,2026-06-29,20260611_growme_EN_9x16_FX-learning_ZT-lianxi2_RS-P1X1R3C3_wxx,inactive,,,,260611_ABO_AEO-Purchase_ios_vid_Growme_WW_0611_joy,20452,2.089771,42.74,31,1.37871,2,21.37,,,,1.056131,0.31313131,19.06415,248,,
2026-06-01,2026-06-29,20260611_GrowMe_EN_9x16_FX-LifeLessons_ZT-lifehard_RS-P3X1R1C3_gy,not_delivering,,,,260611_ABO_AEO-Purchase_ios_vid_Growme_WW_0611_joy,353,2.124646,0.75,,,,,,,,0.849858,0,19.263456,2,,
2026-06-01,2026-06-29,20260610_growme_EN_9x16_FX-learning_ZT-brain_RS-P1X1R3C3_wxx,inactive,1,actions:app_custom_event.fb_mobile_purchase,126.66,260611_ABO_AEO-Purchase_ios_vid_Growme_WW_0611_joy,67708,1.87068,126.66,108,1.172778,4,31.665,1,126.66,0.066003,1.652685,0.32926829,16.534235,369,,
2026-06-01,2026-06-29,20260610_growme_EN_9x16_FX-Finance_ZT-money_RS-P1X1R3C3_wxx,rejected,,,,260611_ABO_AEO-Purchase_ios_vid_Growme_WW_0611_joy,131,1.221374,0.16,,,,,,,,0,,8.396947,1,,
2026-06-01,2026-06-29,20260611_GrowMe_EN_9x16_FX-Mindset_ZT-alone_RS-P3X1R1C3_gy,not_delivering,,,,260611_ABO_AEO-Purchase_ios_vid_Growme_WW_0611_joy,4102,3.066797,12.58,9,1.397778,,,,,,1.828376,0.18,21.16041,68,,
2026-06-01,2026-06-29,20260611_growme_EN_9x16_FX-learning_ZT-lianxi_RS-P1X1R3C3_wxx,not_delivering,,,,260611_ABO_AEO-Purchase_ios_vid_Growme_WW_0611_joy,1568,2.366071,3.71,,,,,,,,1.466837,0,15.114796,27,,
2026-06-01,2026-06-29,20260611_GrowMe_EN_9x16_FX-Mindset_ZT-progress_RS-P3X1R1C3_gy_jql,not_delivering,,,,260611_ABO_AEO-Purchase_ios_vid_Growme_WW_0611_joy,936,2.008547,1.88,,,,,,,,1.068376,0,16.239316,37,,
2026-06-01,2026-06-29,20260611_GrowMe_EN_9x16_FX-LifeLessons_ZT-life_RS-P3X1R1C3_gy_jql,not_delivering,1,actions:app_custom_event.fb_mobile_purchase,20.65,260611_ABO_AEO-Purchase_ios_vid_Growme_WW_0611_joy,6880,3.001453,20.65,15,1.376667,1,20.65,1,20.65,1.326877,1.642442,0.16483516,18.197674,146,,
2026-06-01,2026-06-29,20260611_GrowMe_EN_9x16_FX-Mindset_ZT-doit_RS-P3X1R1C3_gy_jql,not_delivering,,,,260611_ABO_AEO-Purchase_ios_vid_Growme_WW_0611_joy,447,2.080537,0.93,1,0.93,,,,,,1.342282,0.33333333,17.673378,1,,
2026-06-01,2026-06-29,20260611_GrowMe_EN_9x16_FX-Mindset_ZT-seen_RS-P3X1R1C3_gy_jql,not_delivering,,,,260611_ABO_AEO-Purchase_ios_vid_Growme_WW_0611_joy,528,2.19697,1.16,,,,,,,,1.704545,0,17.045455,6,,
2026-06-01,2026-06-29,20260514_growme_EN_9x16_FX-test_ZT-read_RS-P1X1R3C1_gy,not_delivering,,,,260515_AAA_AEO-Purchase_ios_vid_Growme_0511week1_joy,2,0,0,,,,,,,,0,,,,,
2026-06-01,2026-06-29,20260611_GrowMe_EN_9x16_FX-Learning_ZT-improve_RS-P3X1R1C3_fj,inactive,,,,260611_ABO_AEO-Purchase_ios_vid_Growme_WW_0611_joy,16455,2.872075,47.26,27,1.75037,,,,,,1.349134,0.19708029,14.494075,63,,
2026-06-01,2026-06-29,20260611_GrowMe_EN_9x16_FX-mindset_ZT-love_RS-P3X1R1C3_gy_jql,not_delivering,,,,260611_ABO_AEO-Purchase_ios_vid_Growme_WW_0611_joy,491,3.238289,1.59,1,1.59,,,,,,2.240326,0.14285714,18.533605,1,,
2026-06-01,2026-06-29,20260611_GrowMe_EN_9x16_FX-Learning_ZT-story_RS-P3X1R1C3_gy,inactive,,,,260611_ABO_AEO-Purchase_ios_vid_Growme_WW_0611_joy,10809,3.992969,43.16,23,1.876522,,,,,,1.60977,0.21904762,18.040522,145,,
2026-06-01,2026-06-29,"20260611_GrowMe_EN_9x16_FX-Book Reading_ZT-story_RS-P3X1R1C3_fj",not_delivering,,,,260611_ABO_AEO-Purchase_ios_vid_Growme_WW_0611_joy,1658,5.386007,8.93,,,,,,,,1.206273,0,21.351025,9,,
2026-06-01,2026-06-29,20260611_GrowMe_EN_9x16_FX-LifeLessons_ZT-success_RS-P3X1R1C3_gy_jql,inactive,,,,260611_ABO_AEO-Purchase_ios_vid_Growme_WW_0611_joy,18509,2.297801,42.53,18,2.362778,,,,,,0.983305,0.18947368,17.834567,132,,
2026-06-01,2026-06-29,20260611_GrowMe_EN_9x16_FX-Communication_ZT-conflicts_RS-P3X1R1C3_fj,not_delivering,,,,260611_ABO_AEO-Purchase_ios_vid_Growme_WW_0611_joy,1328,2.51506,3.34,,,,,,,,0.903614,0,19.503012,13,,
2026-06-01,2026-06-29,20260610_growme_EN_9x16_FX-learning_ZT-brain2_RS-P1X1R3C3_wxx,not_delivering,,,,260611_ABO_AEO-Purchase_ios_vid_Growme_WW_0611_joy,1282,3.658346,4.69,1,4.69,,,,,,0.624025,0.16666667,27.613105,21,,
2026-06-01,2026-06-29,20260611_GrowMe_EN_9x16_FX-Learning_ZT-read_RS-P3X1R1C3_gy_jql,not_delivering,,,,260611_ABO_AEO-Purchase_ios_vid_Growme_WW_0611_joy,1434,3.235704,4.64,1,4.64,,,,,,1.324965,0.09090909,17.154812,7,,
2026-06-01,2026-06-29,20260611_growme_EN_9x16_FX-learning_ZT-heidi_RS-P1X1R3C3_wxx,not_delivering,,,,260611_ABO_AEO-Purchase_ios_vid_Growme_WW_0611_joy,1937,2.560661,4.96,7,0.708571,,,,,,2.684564,0.175,19.876097,66,,
2026-06-01,2026-06-29,20260611_GrowMe_EN_9x16_FX-Learning_ZT-listen_RS-P3X1R1C3_gy_jql,inactive,,,,260611_ABO_AEO-Purchase_ios_vid_Growme_WW_0611_joy,26731,2.831544,75.69,28,2.703214,,,,,,1.316823,0.11155378,15.218286,87,,
2026-06-01,2026-06-29,20260611_GrowMe_EN_9x16_FX-Mindset_ZT-brain_RS-P3X1R1C3_gy_jql,not_delivering,1,actions:app_custom_event.fb_mobile_purchase,84.17,260611_ABO_AEO-Purchase_ios_vid_Growme_WW_0611_joy,31239,2.694388,84.17,44,1.912955,3,28.056667,1,84.17,0.383034,1.581357,0.12464589,16.716284,112,,
2026-06-01,2026-06-29,20260611_GrowMe_EN_9x16_FX-Mindset_ZT-respect_RS-P3X1R1C3_gy_jql,not_delivering,,,,260611_ABO_AEO-Purchase_ios_vid_Growme_WW_0611_joy,116,2.758621,0.32,,,,,,,,1.724138,0,23.275862,1,,
2026-06-01,2026-06-29,20260610_growme_EN_9x16_FX-aitalk_ZT-365book_RS-P1X1R3C3_wxx,inactive,4,actions:app_custom_event.fb_mobile_purchase,58.1875,260612_ABO_AEO-Purchase_ios_vid_Growme_WW_ai人_joy,64135,3.629064,232.75,48,4.848958,8,29.09375,4,58.1875,0.351106,0.98854,0.08510638,18.546815,1271,,
2026-06-01,2026-06-29,20260610_growme_EN_9x16_FX-aitalk_ZT-IQ_RS-P1X1R3C3_wxx,inactive,,,,260612_ABO_AEO-Purchase_ios_vid_Growme_WW_ai人_joy,8876,2.569851,22.81,6,3.801667,,,,,,0.721046,0.1,19.040108,142,,
2026-06-01,2026-06-29,20260610_growme_EN_9x16_FX-aitalk_ZT-income_RS-P1X1R3C3_wxx,inactive,,,,260612_ABO_AEO-Purchase_ios_vid_Growme_WW_ai人_joy,16412,5.080429,83.38,7,11.911429,,,,,,1.169876,0.04347826,23.933707,322,,
2026-06-01,2026-06-29,20260612_growme_EN_9x16_FX-LifeLessons_ZT-patience_RS-P1X1R3C3_wxx,inactive,5,actions:app_custom_event.fb_mobile_purchase,67.848,260613_ABO_AEO-Purchase_ios_vid_Growme_WW_0612_joy,129090,2.627934,339.24,176,1.9275,14,24.231429,5,67.848,0.394087,1.573321,0.13363705,18.013014,1144,,
2026-06-01,2026-06-29,20260612_GrowMe_EN_9x16_FX-Mindset_ZT-see_RS-P3X1R1C3_gy,inactive,,,,260613_ABO_AEO-Purchase_ios_vid_Growme_WW_0612_joy,1309,2.421696,3.17,,,,,,,,0.91673,0,25.974026,26,,
2026-06-01,2026-06-29,"20260612_GrowMe_EN_9x16_FX-Communication_ZT- battle_RS-P3X1R1C3_gy",inactive,1,actions:app_custom_event.fb_mobile_purchase,72.48,260613_ABO_AEO-Purchase_ios_vid_Growme_WW_0612_joy,26168,2.769795,72.48,39,1.858462,5,14.496,1,72.48,0.201711,1.70055,0.1349481,17.471721,186,,
2026-06-01,2026-06-29,20260612_growme_EN_9x16_FX-LifeLessons_ZT-jounrey_RS-P1X1R3C3_wxx,inactive,3,actions:app_custom_event.fb_mobile_purchase,84.5,260613_ABO_AEO-Purchase_ios_vid_Growme_WW_0612_joy,95008,2.668196,253.5,99,2.560606,6,42.25,3,84.5,0.14075,1.328309,0.1426513,16.55229,897,,
2026-06-01,2026-06-29,20260612_growme_EN_9x16_FX-Mood_ZT-rain_RS-P1X1R3C3_wxx,inactive,,,,260613_ABO_AEO-Purchase_ios_vid_Growme_WW_0612_joy,391,3.094629,1.21,,,,,,,,0.255754,0,16.879795,1,,
2026-06-01,2026-06-29,20260612_growme_EN_9x16_FX-Mood_ZT-rain2_RS-P1X1R3C3_wxx,inactive,,,,260613_ABO_AEO-Purchase_ios_vid_Growme_WW_0612_joy,594,4.208754,2.5,,,,,,,,0.505051,,14.646465,4,,
2026-06-01,2026-06-29,20260612_growme_EN_9x16_FX-Learning_ZT-read_RS-P1X1R3C3_wxx,inactive,,,,260613_ABO_AEO-Purchase_ios_vid_Growme_WW_0612_joy,14763,2.65461,39.19,14,2.799286,3,13.063333,,,,0.975412,0.1627907,17.977376,35,,
2026-06-01,2026-06-29,20260612_GrowMe_EN_9x16_FX-Mindset_ZT-powerful_RS-P3X1R1C3_gy,inactive,,,,260613_ABO_AEO-Purchase_ios_vid_Growme_WW_0612_joy,13932,3.16035,44.03,23,1.914348,,,,,,1.571921,0.17829457,15.86994,138,,
2026-06-01,2026-06-29,20260612_GrowMe_EN_9x16_FX-Learning_ZT-confident_RS-P3X1R1C3_gy,inactive,,,,260613_ABO_AEO-Purchase_ios_vid_Growme_WW_0612_joy,4751,3.369817,16.01,7,2.287143,,,,,,3.409808,0.04142012,26.289202,173,,
2026-06-01,2026-06-29,20260612_GrowMe_EN_9x16_FX-Mindset_ZT-reaction_RS-P3X1R1C3_gy,inactive,,,,260613_ABO_AEO-Purchase_ios_vid_Growme_WW_0612_joy,25872,1.811611,46.87,28,1.673929,,,,,,0.803958,0.26923077,18.521954,193,,
2026-06-01,2026-06-29,20260612_growme_EN_9x16_01_FX-Challenge_ZT-trauma_RS-P1X1R3C3_wxx,inactive,,,,260613_ABO_AEO-Purchase_ios_vid_Growme_WW_0612_joy,164,2.012195,0.33,,,,,,,,0,,20.731707,1,,
2026-06-01,2026-06-29,20260610_growme_EN_9x16_FX-aitalk_ZT-365book_RS-P1X1R3C3_wxx,inactive,,,,260615_ABO_AEO-Purchase_ios_vid_Growme_T1_ai人_joy,3539,18.157672,64.26,1,64.26,,,,,,1.328059,0.02439024,20.655552,87,,
2026-06-01,2026-06-29,20260610_growme_EN_9x16_FX-aitalk_ZT-income_RS-P1X1R3C3_wxx,inactive,,,,260615_ABO_AEO-Purchase_ios_vid_Growme_T1_ai人_joy,1015,22.285714,22.62,,,,,,,,3.940887,0,30.738916,33,,
2026-06-01,2026-06-29,20260610_growme_EN_9x16_FX-aitalk_ZT-IQ_RS-P1X1R3C3_wxx,not_delivering,,,,260615_ABO_AEO-Purchase_ios_vid_Growme_T1_ai人_joy,393,16.361323,6.43,,,,,,,,1.272265,0,22.137405,8,,
2026-06-01,2026-06-29,20260604_GrowMe_EN_9x16_FX-Learning_ZT-habbit_RS-P3X1R1C3_gy,active,41,actions:app_custom_event.fb_mobile_purchase,47.61439024,260608_AAA_AEO-Purchase_ios_vid_Growme_WW_0601week_每日英语练习_joy,793869,2.459083,1952.19,2218,0.880158,82,23.807195,41,47.61439,0.37878,1.747392,0.2644569,12.714314,8450,,
2026-06-01,2026-06-29,20260612_growme_EN_9x16_FX-LifeLessons_ZT-jounrey_RS-P1X1R3C3_wxx,active,4,actions:app_custom_event.fb_mobile_purchase,20.91,260615_ABO_AEO-Purchase_ios_vid_Growme_WW_0608back_joy-betty,44390,1.884208,83.64,94,0.889787,6,13.94,4,20.91,0.772716,1.365172,0.2716763,17.630097,475,,
2026-06-01,2026-06-29,20260612_growme_EN_9x16_FX-LifeLessons_ZT-patience_RS-P1X1R3C3_wxx,active,,,,260615_ABO_AEO-Purchase_ios_vid_Growme_WW_0608back_joy-betty,1608,1.958955,3.15,1,3.15,,,,,,1.616915,0.0625,16.915423,11,,
2026-06-01,2026-06-29,"20260611_GrowMe_EN_9x16_FX-Learning_ZT-Reading habits_RS-P3X1R1C3_fj",inactive,1,actions:app_custom_event.fb_mobile_purchase,45.83,260615_ABO_AEO-Purchase_ios_vid_Growme_WW_0608back_joy-betty,17156,2.671369,45.83,26,1.762692,1,45.83,1,45.83,0.252891,0.804383,0.34210526,16.145955,125,,
2026-06-01,2026-06-29,20260610_growme_EN_9x16_FX-learning_ZT-brain_RS-P1X1R3C3_wxx,inactive,3,actions:app_custom_event.fb_mobile_purchase,45.54333333,260615_ABO_AEO-Purchase_ios_vid_Growme_WW_0608back_joy-betty,87548,1.56063,136.63,166,0.823072,13,10.51,3,45.543333,0.367416,1.054279,0.38785047,13.762736,527,,
2026-06-01,2026-06-29,20260610_GrowMe_EN_9x16_FX-LifeLessons_ZT-compare_RS-P3X1R1C3_gy,active,50,actions:app_custom_event.fb_mobile_purchase,36.6604,260615_ABO_AEO-Purchase_ios_vid_Growme_WW_0608back_joy-betty,638077,2.872725,1833.02,1031,1.777905,77,23.805455,50,36.6604,0.642803,1.52176,0.17321909,13.914465,5432,,
2026-06-01,2026-06-29,20260527_GrowMe_EN_9x16_FX-Creative_ZT-girl_RS-P3X1R1C3_fj,not_delivering,,,,260528_AAA_AEO-Purchase_ios_vid_Growme_WW_0527_joy,2,0,0,,,,,,,,0,,,,,
2026-06-01,2026-06-29,20260525_growme_EN_9x16_FX-Creative_ZT-slow-English_RS-P1X1R3C3_zx_05,not_delivering,,,,260601_AAA_AEO-Purchase_ios_vid_Growme_WW_0529_joy,1,0,0,,,,,,,,0,,,,,
2026-06-01,2026-06-29,"20260609_GrowMe_EN_9x16_FX-Learning_ZT- read pic_RS-P3X1R1C3_fj",active,14,actions:app_custom_event.fb_mobile_purchase,42.80642857,260615_ABO_AEO-Purchase_ios_vid_Growme_WW_0608back_joy-betty,229125,2.615559,599.29,263,2.278669,22,27.240455,14,42.806429,0.455756,1.393999,0.14293478,11.508565,912,,
2026-06-01,2026-06-29,20260608_GrowMe_EN_9x16_FX-SelfImprovement_ZT-stop_RS-P3X1R1C3_fj_jql,active,,,,260615_ABO_AEO-Purchase_ios_vid_Growme_WW_0608back_joy-betty,781,2.714469,2.12,,,,,,,,2.816901,0,23.559539,8,,
2026-06-01,2026-06-29,20260611_GrowMe_EN_9x16_FX-Mindset_ZT-brain_RS-P3X1R1C3_gy_jql,active,,,,260615_ABO_AEO-Purchase_ios_vid_Growme_WW_0608back_joy-betty,2551,2.363779,6.03,6,1.005,,,,,,2.744022,0.10344828,18.894551,13,,
2026-06-01,2026-06-29,20260609_GrowMe_EN_9x16_FX-Mindset_ZT-waste_RS-P3X1R1C3_gy_jql,active,,,,260615_ABO_AEO-Purchase_ios_vid_Growme_WW_0608back_joy-betty,959,2.492179,2.39,1,2.39,,,,,,2.919708,0.04166667,21.89781,6,,
2026-06-01,2026-06-29,20260608_GrowMe_EN_9x16_FX-SelfImprovement_ZT-consistency_RS-P3X1R1C3_fj_jql,active,,,,260615_ABO_AEO-Purchase_ios_vid_Growme_WW_0608back_joy-betty,88,2.954545,0.26,,,,,,,,2.272727,0,26.136364,,,
2026-06-01,2026-06-29,20260608_GrowMe_EN_9x16_FX-LifeLessons_ZT-opinion_RS-P3X1R1C3_gy,active,,,,260615_ABO_AEO-Purchase_ios_vid_Growme_WW_0608back_joy-betty,1170,2.452991,2.87,,,,,,,,1.709402,0,19.57265,11,,
2026-06-01,2026-06-29,20260609_GrowMe_EN_9x16_FX-Learning_ZT-speak_RS-P3X1R1C3_gy,inactive,,,,260615_ABO_AEO-Purchase_ios_vid_Growme_WW_0608back_joy-betty,22847,1.84138,42.07,40,1.05175,,,,,,1.050466,0.4040404,18.545104,236,,
2026-06-01,2026-06-29,20260526_GrowMe_EN_9x16_FX-Creative_ZT-11things_RS-P3X1R1C3_fj,not_delivering,,,,260615_AAA_AEO-Purchase_ios_vid_Growme_US_0525week_joy,77,21.428571,1.65,2,0.825,,,,,,5.194805,0.66666667,37.662338,3,,
2026-06-01,2026-06-29,20260601_GrowMe_EN_9x16_FX-Learning_ZT-life_RS-P3X1R1C3_gy,not_delivering,,,,260615_AAA_AEO-Purchase_ios_vid_Growme_US_0601week_joy,1750,14.08,24.64,5,4.928,,,,,,1.085714,0.41666667,22.114286,43,,
2026-06-01,2026-06-29,20260527_growme_EN_9x16_FX-Creatives_ZT-fluency_RS-P1X1R3C3_wxx,not_delivering,,,,260615_AAA_AEO-Purchase_ios_vid_Growme_US_0525week_joy,132,17.651515,2.33,,,,,,,,4.545455,0,33.333333,3,,
2026-06-01,2026-06-29,20260601_GrowMe_EN_9x16_FX-Communication_ZT-read_RS-P3X1R1C3_gy,not_delivering,,,,260615_AAA_AEO-Purchase_ios_vid_Growme_US_0601week_joy,63,16.984127,1.07,,,,,,,,1.587302,,20.634921,,,
2026-06-01,2026-06-29,20260604_GrowMe_EN_9x16_FX-Mindset_ZT-strat_RS-P3X1R1C3_fj_jql,not_delivering,,,,260615_AAA_AEO-Purchase_ios_vid_Growme_US_0601week_joy,16,11.25,0.18,,,,,,,,0,,12.5,,,
2026-06-01,2026-06-29,20251226_growme_EN_9x16_FX-test_ZT-read_RS-P1X1R3C1_gy,not_delivering,,,,260615_AAA_AEO-Purchase_ios_vid_Growme_US_0525week_joy,3593,9.813526,35.26,13,2.712308,2,17.63,,,,1.335931,0.41935484,18.090732,90,,
2026-06-01,2026-06-29,20260525_growme_EN_9x16_FX-test_ZT-niupizhi_RS-P1X1R3C1_gy,not_delivering,15,actions:app_custom_event.fb_mobile_purchase,82.79866667,260615_AAA_AEO-Purchase_ios_vid_Growme_US_0525week_joy,123623,10.046512,1241.98,357,3.478936,61,20.360328,15,82.798667,0.215881,2.004481,0.42198582,18.157624,1192,,
2026-06-01,2026-06-29,20260526_GrowMe_EN_9x16_FX-Creative_ZT-plan_RS-P3X1R1C3_gy,not_delivering,,,,260615_AAA_AEO-Purchase_ios_vid_Growme_US_0525week_joy,2,5,0.01,,,,,,,,0,,50,,,
2026-06-01,2026-06-29,20260603_GrowMe_EN_9x16_FX-fear_ZT-d1_RS-P3X1R1C3_fj,not_delivering,,,,260615_AAA_AEO-Purchase_ios_vid_Growme_US_0601week_joy,9,14.444444,0.13,,,,,,,,0,,,,,
2026-06-01,2026-06-29,20260603_GrowMe_0_EN_9x16_FX-Learning_ZT-speak_RS-P3X1R1C3_gy,not_delivering,3,actions:app_custom_event.fb_mobile_purchase,96.50333333,260615_AAA_AEO-Purchase_ios_vid_Growme_US_0601week_joy,25647,11.28826,289.51,62,4.669516,11,26.319091,3,96.503333,0.138372,1.232113,0.34636872,18.856007,377,,
2026-06-01,2026-06-29,20260602_GrowMe_0_EN_9x16_FX-Learning_ZT-read_RS-P3X1R1C3_gy,not_delivering,,,,260615_AAA_AEO-Purchase_ios_vid_Growme_US_0601week_joy,4274,14.120262,60.35,13,4.642308,,,,,,1.146467,0.34210526,17.384183,64,,
2026-06-01,2026-06-29,20260602_growme_EN_9x16_FX-Quotes_ZT-book_RS-P1X1R3C3_wxx,not_delivering,,,,260615_AAA_AEO-Purchase_ios_vid_Growme_US_0601week_joy,61,15.245902,0.93,,,,,,,,4.918033,0,32.786885,,,
2026-06-01,2026-06-29,"20260604_GrowMe_EN_9x16_FX-EmotionalHealth_ZT- anxiety_RS-P3X1R1C3_fj_jql",not_delivering,,,,260615_AAA_AEO-Purchase_ios_vid_Growme_US_0601week_joy,113,19.734513,2.23,,,,,,,,2.654867,0,30.088496,,,
2026-06-01,2026-06-29,"20260612_GrowMe_EN_9x16_FX-Book Reading_ZT-true yuyan_RS-P3X1R1C3_fj",active,,,,260616_ABO_AEO-Purchase_ios_vid_Growme_WW_0615_joy,51,2.745098,0.14,,,,,,,,3.921569,0,29.411765,1,,
2026-06-01,2026-06-29,"20260612_GrowMe_EN_9x16_FX- Learning_ZT- future_RS-P3X1R1C3_fj",active,,,,260616_ABO_AEO-Purchase_ios_vid_Growme_WW_0615_joy,1183,1.377853,1.63,,,,,,,,1.183432,0,20.202874,12,,
2026-06-01,2026-06-29,20260612_GrowMe_EN_9x16_FX-Communication_ZT-communication_RS-P3X1R1C3_fj,inactive,,,,260616_ABO_AEO-Purchase_ios_vid_Growme_WW_0615_joy,22892,1.707147,39.08,31,1.260645,,,,,,0.969771,0.23484848,16.341954,238,,
2026-06-01,2026-06-29,"20260612_GrowMe_EN_9x16_FX-Communication_ZT- powerfully_RS-P3X1R1C3_fj",active,,,,260616_ABO_AEO-Purchase_ios_vid_Growme_WW_0615_joy,67,6.268657,0.42,,,,,,,,5.970149,0,19.402985,,,
2026-06-01,2026-06-29,"20260612_GrowMe_EN_9x16_FX- Learning_ZT- study_RS-P3X1R1C3_fj",active,,,,260616_ABO_AEO-Purchase_ios_vid_Growme_WW_0615_joy,4065,3.387454,13.77,2,6.885,,,,,,1.99262,0.03076923,16.900369,44,,
2026-06-01,2026-06-29,20260615_GrowMe_EN_9x16_FX-Successful_ZT-communicate_RS-P3X1R1C3_fj,active,,,,260616_ABO_AEO-Purchase_ios_vid_Growme_WW_0615_joy,2043,2.06559,4.22,2,2.11,,,,,,0.978953,0.15384615,18.697993,22,,
2026-06-01,2026-06-29,20260615_GrowMe_EN_9x16_FX-Creative_ZT-11things_LV1-scape_RS-P3X1R1C3_fj,inactive,,,,260616_ABO_AEO-Purchase_ios_vid_Growme_WW_0615_joy,4723,5.043405,23.82,6,3.97,2,11.91,,,,1.100995,0.17647059,28.24476,98,,
2026-06-01,2026-06-29,20260615_growme_EN_9x16_FX-test_ZT-niupizhi_LV1-rain_RS-P1X1R3C1_fj,inactive,,,,260616_ABO_AEO-Purchase_ios_vid_Growme_WW_0615_joy,10474,2.094711,21.94,12,1.828333,,,,,,0.954745,0.26086957,19.696391,79,,
2026-06-01,2026-06-29,"20260615_GrowMe_EN_9x16_FX-Challenge_ZT-Follow along_RS-P3X1R1C3_fj",active,,,,260616_ABO_AEO-Purchase_ios_vid_Growme_WW_0615_joy,2210,3.728507,8.24,4,2.06,,,,,,2.126697,0.08510638,21.357466,11,,
2026-06-01,2026-06-29,20260615_GrowMe_EN_9x16_FX-Learning_ZT-speech_RS-P3X1R1C3_fj,active,,,,260616_ABO_AEO-Purchase_ios_vid_Growme_WW_0615_joy,3481,2.226372,7.75,1,7.75,,,,,,1.005458,0.07142857,19.304797,40,,
2026-06-01,2026-06-29,20260615_GrowMe_EN_9x16_FX-LifeLessons_ZT-dream_RS-P3X1R1C3_gy,inactive,,,,260616_ABO_AEO-Purchase_ios_vid_Growme_WW_0615_joy,17861,2.59168,46.29,42,1.102143,,,,,,2.054756,0.18918919,16.320475,315,,
2026-06-01,2026-06-29,20260615_GrowMe_EN_9x16_FX-LifeLessons_ZT-explain_RS-P3X1R1C3_gy,active,,,,260616_ABO_AEO-Purchase_ios_vid_Growme_WW_0615_joy,43,1.860465,0.08,,,,,,,,2.325581,,34.883721,,,
2026-06-01,2026-06-29,20260615_GrowMe_EN_9x16_FX-Learning_ZT-learn_RS-P3X1R1C3_gy,inactive,,,,260616_ABO_AEO-Purchase_ios_vid_Growme_WW_0615_joy,20004,2.403519,48.08,41,1.172683,,,,,,1.414717,0.20707071,13.607279,106,,
2026-06-01,2026-06-29,20260615_GrowMe_EN_9x16_FX-LifeLessons_ZT-zhencheng_RS-P3X1R1C3_gy,inactive,,,,260616_ABO_AEO-Purchase_ios_vid_Growme_WW_0615_joy,8822,3.493539,30.82,17,1.812941,,,,,,1.269553,0.36956522,19.610066,121,,
2026-06-01,2026-06-29,20260615_GrowMe_EN_9x16_FX-Learning_ZT-English_RS-P3X1R1C3_gy,inactive,,,,260616_ABO_AEO-Purchase_ios_vid_Growme_WW_0615_joy,14838,3.147998,46.71,37,1.262432,1,46.71,,,,1.422025,0.31896552,18.803073,228,,
2026-06-01,2026-06-29,20260615_GrowMe_EN_9x16_FX-LifeLessons_ZT-try_RS-P3X1R1C3_gy_jql,active,,,,260616_ABO_AEO-Purchase_ios_vid_Growme_WW_0615_joy,1685,1.810089,3.05,,,,,,,,0.890208,0,16.20178,25,,
2026-06-01,2026-06-29,20260615_GrowMe_EN_9x16_FX-Financet_ZT-rich_RS-P3X1R1C3_gy_jql,active,,,,260616_ABO_AEO-Purchase_ios_vid_Growme_WW_0615_joy,597,2.345059,1.4,,,,,,,,1.340034,0,24.623116,13,,
2026-06-01,2026-06-29,20260615_GrowMe_EN_9x16_FX-Quetes_ZT-everything_RS-P3X1R1C3_gy_jql,active,,,,260616_ABO_AEO-Purchase_ios_vid_Growme_WW_0615_joy,1277,1.92639,2.46,,,,,,,,0.54816,0,17.697729,5,,
2026-06-01,2026-06-29,20260615_GrowMe_EN_9x16_FX-LifeLessons_ZT-advice_RS-P3X1R1C3_gy_jql,active,,,,260616_ABO_AEO-Purchase_ios_vid_Growme_WW_0615_joy,4307,2.651498,11.42,1,11.42,,,,,,0.789413,0.04761905,18.597632,8,,
2026-06-01,2026-06-29,20260615_GrowMe_EN_9x16_FX-SelfImprovement_ZT-better_RS-P3X1R1C3_gy_jql,inactive,,,,260616_ABO_AEO-Purchase_ios_vid_Growme_WW_0615_joy,11577,2.656992,30.76,8,3.845,,,,,,0.777403,0.16666667,14.623823,45,,
2026-06-01,2026-06-29,20260615_GrowMe_EN_9x16_FX-Mindset_ZT-optimism_RS-P3X1R1C3_gy_jql,active,,,,260616_ABO_AEO-Purchase_ios_vid_Growme_WW_0615_joy,1643,2.288497,3.76,3,1.253333,,,,,,1.521607,0.27272727,17.346318,5,,
2026-06-01,2026-06-29,20260615_GrowMe_EN_9x16_FX-LifeLessons_ZT-future_RS-P3X1R1C3_gy_jql,active,,,,260616_ABO_AEO-Purchase_ios_vid_Growme_WW_0615_joy,1881,3.322701,6.25,2,3.125,,,,,,2.97714,0.05263158,21.69059,11,,
2026-06-01,2026-06-29,20260615_GrowMe_EN_9x16_FX-Habits_ZT-learn_RS-P3X1R1C3_gy_jql,inactive,,,,260616_ABO_AEO-Purchase_ios_vid_Growme_WW_0615_joy,8287,3.009533,24.94,5,4.988,,,,,,1.242911,0.07042254,18.01617,24,,
2026-06-01,2026-06-29,20260615_GrowMe_EN_9x16_FX-LifeLessons_ZT-stuck_RS-P3X1R1C3_gy_jql,inactive,1,actions:app_custom_event.fb_mobile_purchase,34.84,260616_ABO_AEO-Purchase_ios_vid_Growme_WW_0615_joy,12660,2.751975,34.84,17,2.049412,1,34.84,1,34.84,0.240241,1.279621,0.16666667,16.050553,68,,
2026-06-01,2026-06-29,20260615_GrowMe_EN_9x16_FX-LifeLessons_ZT-peaple_RS-P3X1R1C3_gy_jql,inactive,3,actions:app_custom_event.fb_mobile_purchase,85.84333333,260616_ABO_AEO-Purchase_ios_vid_Growme_WW_0615_joy,118878,2.166339,257.53,215,1.197814,8,32.19125,3,85.843333,0.327496,1.317317,0.28781794,12.336177,487,,
2026-06-01,2026-06-29,20260615_growme_EN_9x16_FX-LifeLessons_ZT-changelife_RS-P1X1R3C3_wxx,active,,,,260616_ABO_AEO-Purchase_ios_vid_Growme_WW_0615_joy,171,2.45614,0.42,,,,,,,,1.754386,0,20.467836,2,,
2026-06-01,2026-06-29,20260527_GrowMe_EN_9x16_FX-Creative_ZT-speak_RS-P3X1R1C3_gy,not_delivering,,,,260615_AAA_AEO-Purchase_ios_vid_Growme_US_0525week_joy,4,2.5,0.01,,,,,,,,0,,25,,,
2026-06-01,2026-06-29,20260615_growme_EN_9x16_FX-Learning_ZT-practive_RS-P1X1R3C3_wxx,inactive,,,,260616_ABO_AEO-Purchase_ios_vid_Growme_WW_0615_joy,25740,1.840326,47.37,53,0.893774,1,47.37,,,,1.231546,0.29608939,15.878011,105,,
2026-06-01,2026-06-29,20260615_growme_EN_9x16_FX-Faith_ZT-amen_RS-P1X1R3C3_wxx,inactive,,,,260616_ABO_AEO-Purchase_ios_vid_Growme_WW_0615_joy,5904,4.400407,25.98,3,8.66,,,,,,1.388889,0.04615385,18.97019,91,,
2026-06-01,2026-06-29,20260615_growme_EN_9x16_FX-LifeLessons_ZT-positive_RS-P1X1R3C3_wxx,active,31,actions:app_custom_event.fb_mobile_purchase,39.98032258,260616_ABO_AEO-Purchase_ios_vid_Growme_WW_0615_joy,423133,2.929079,1239.39,580,2.136879,51,24.301765,31,39.980323,0.618417,1.522453,0.1521112,16.395081,4896,,
2026-06-01,2026-06-29,20260616_GrowMe_ES_9x16_FX-Learning_ZT-habbit_RS-P3X1R1C3_gy_fj,not_delivering,2,actions:app_custom_event.fb_mobile_purchase,56.415,260616_ABO_AEO-Purchase_ios_vid_Growme_US西语_joy,9729,11.597286,112.83,41,2.751951,7,16.118571,2,56.415,0.444474,1.716518,0.32539683,17.535204,173,,
2026-06-01,2026-06-29,20260616_GrowMe_ES_9x16_FX-Creative_ZT-journey_RS-P3X1R1C3_gy_fj,not_delivering,,,,260616_ABO_AEO-Purchase_ios_vid_Growme_US西语_joy,4211,5.639991,23.75,4,5.9375,,,,,,1.211114,0.08163265,20.137735,54,,
2026-06-01,2026-06-29,20260616_growme_ES_9x16_FX-test_ZT-niupizhi_RS-P1X1R3C1_gy_fj,inactive,,,,260616_ABO_AEO-Purchase_ios_vid_Growme_US西语_joy,3620,11.080111,40.11,13,3.085385,,,,,,1.574586,0.25,17.458564,50,,
2026-06-01,2026-06-29,20260616_GrowMe_ES_9x16_FX-LifeLessons_ZT-self_RS-P3X1R1C3_gy_fj,not_delivering,,,,260616_ABO_AEO-Purchase_ios_vid_Growme_US西语_joy,2086,6.77373,14.13,,,,,,,,1.05465,0,18.504314,17,,
2026-06-01,2026-06-29,20260616_GrowMe_0_ES_9x16_FX-Learning_ZT-speak_RS-P3X1R1C3_gy_fj,not_delivering,9,actions:app_custom_event.fb_mobile_purchase,78.35777778,260616_ABO_AEO-Purchase_ios_vid_Growme_US西语_joy,62386,11.304139,705.22,166,4.248313,26,27.123846,9,78.357778,0.163438,1.190972,0.31739962,18.249287,554,,
2026-06-01,2026-06-29,20260616_growme_ES_9x16_FX-test_ZT-read_RS-P1X1R3C1_gy_fj,inactive,,,,260616_ABO_AEO-Purchase_ios_vid_Growme_US西语_joy,21659,2.163535,46.86,12,3.905,,,,,,0.928021,0.06153846,15.088416,214,,
2026-06-01,2026-06-29,20260616_GrowMe_ZH_9x16_FX-LifeLessons_ZT-self_RS-P3X1R1C3_gy_fj,inactive,1,actions:app_custom_event.fb_mobile_purchase,141.67,260616_ABO_AEO-Purchase_ios_vid_Growme_US中文_joy,4909,28.859238,141.67,16,8.854375,3,47.223333,1,141.67,0.202019,1.711143,0.28070175,25.443064,57,,
2026-06-01,2026-06-29,20260616_growme_ZH_9x16_FX-test_ZT-read_RS-P1X1R3C1_gy_fj,inactive,,,,260616_ABO_AEO-Purchase_ios_vid_Growme_US中文_joy,2909,28.89309,84.05,5,16.81,3,28.016667,,,,1.375043,0.13513514,24.95703,70,,
2026-06-01,2026-06-29,20260616_growme_ZH_9x16_FX-test_ZT-niupizhi_RS-P1X1R3C1_gy_fj,inactive,,,,260616_ABO_AEO-Purchase_ios_vid_Growme_US中文_joy,2018,27.304262,55.1,10,5.51,,,,,,2.130823,0.25,26.511397,60,,
2026-06-01,2026-06-29,20260616_GrowMe_ZH_9x16_FX-Creative_ZT-journey_RS-P3X1R1C3_gy_fj,inactive,,,,260616_ABO_AEO-Purchase_ios_vid_Growme_US中文_joy,1932,26.459627,51.12,7,7.302857,1,51.12,,,,1.656315,0.26923077,25.879917,38,,
2026-06-01,2026-06-29,20260616_GrowMe_0_ZH_9x16_FX-Learning_ZT-speak_RS-P3X1R1C3_gy_fj,inactive,1,actions:app_custom_event.fb_mobile_purchase,125.59,260616_ABO_AEO-Purchase_ios_vid_Growme_US中文_joy,5270,23.83112,125.59,20,6.2795,3,41.863333,1,125.59,0.307986,1.878558,0.25316456,26.907021,62,,
2026-06-01,2026-06-29,20260616_GrowMe_ZH_9x16_FX-Learning_ZT-habbit_RS-P3X1R1C3_gy_fj,inactive,,,,260616_ABO_AEO-Purchase_ios_vid_Growme_US中文_joy,2709,22.82392,61.83,6,10.305,,,,,,1.8457,0.13043478,22.775932,47,,
2026-06-01,2026-06-29,20260616_growme_PT_9x16_FX-test_ZT-niupizhi_RS-P1X1R3C1_gy_fj,inactive,,,,260616_ABO_AEO-Purchase_ios_vid_Growme_US葡语_joy,2993,16.354828,48.95,20,2.4475,1,48.95,,,,1.135984,0.76923077,14.901437,33,,
2026-06-01,2026-06-29,20260616_growme_PT_9x16_FX-test_ZT-read_RS-P1X1R3C1_gy_fj,not_delivering,,,,260616_ABO_AEO-Purchase_ios_vid_Growme_US葡语_joy,111,22.162162,2.46,,,,,,,,0.900901,0,16.216216,2,,
2026-06-01,2026-06-29,20260616_GrowMe_PT_9x16_FX-Creative_ZT-journey_RS-P3X1R1C3_gy_fj,inactive,,,,260616_ABO_AEO-Purchase_ios_vid_Growme_US葡语_joy,2749,14.794471,40.67,,,,,,,,0.982175,0,17.824664,40,,
2026-06-01,2026-06-29,20260616_GrowMe_PT_9x16_FX-Learning_ZT-habbit_RS-P3X1R1C3_gy_fj,inactive,,,,260616_ABO_AEO-Purchase_ios_vid_Growme_US葡语_joy,2303,17.828919,41.06,4,10.265,,,,,,1.042119,0.23529412,14.025185,20,,
2026-06-01,2026-06-29,20260616_GrowMe_PT_9x16_FX-LifeLessons_ZT-self_RS-P3X1R1C3_gy_fj,inactive,,,,260616_ABO_AEO-Purchase_ios_vid_Growme_US葡语_joy,3136,15.548469,48.76,7,6.965714,,,,,,1.052296,0.38888889,15.433673,38,,
2026-06-01,2026-06-29,20260616_GrowMe_0_PT_9x16_FX-Learning_ZT-speak_RS-P3X1R1C3_gy_fj,inactive,,,,260616_ABO_AEO-Purchase_ios_vid_Growme_US葡语_joy,4842,13.050392,63.19,12,5.265833,,,,,,0.929368,0.375,14.394878,30,,
2026-06-01,2026-06-29,20260616_GrowMe_EN_9x16_FX-LifeLessons_ZT-youselfai_RS-P3X1R1C3_gy_jql,inactive,,,,260617_ABO_AEO-Purchase_ios_vid_Growme_WW_0616_joy,7730,2.611902,20.19,18,1.121667,,,,,,1.746442,0.21686747,18.732212,45,,
2026-06-01,2026-06-29,20260616_GrowMe_EN_9x16_FX-Mindset_ZT-world_RS-P3X1R1C3_gy_jql,inactive,,,,260617_ABO_AEO-Purchase_ios_vid_Growme_WW_0616_joy,12519,2.850867,35.69,17,2.099412,,,,,,0.958543,0.265625,16.982187,60,,
2026-06-01,2026-06-29,20260616_GrowMe_EN_9x16_FX-Learning_ZT-learn_RS-P3X1R1C3_gy,inactive,,,,260617_ABO_AEO-Purchase_ios_vid_Growme_WW_0616_joy,16887,2.64523,44.67,43,1.038837,,,,,,1.213952,0.36440678,14.762835,230,,
2026-06-01,2026-06-29,20260616_growme_EN_9x16_FX-Creative_ZT-SocialMedia_RS-P1X1R1C3_HJ_RMG-5219E,not_delivering,,,,260617_ABO_AEO-Purchase_ios_vid_Growme_WW_0616_joy,5379,3.303588,17.77,6,2.961667,,,,,,1.35713,0.12765957,23.870608,66,,
2026-06-01,2026-06-29,20260616_growme_EN_9x16_FX-Learning_ZT-english_RS-P1X1R3C3_wxx,inactive,,,,260617_ABO_AEO-Purchase_ios_vid_Growme_WW_0616_joy,12334,2.099076,25.89,20,1.2945,,,,,,1.272904,0.19230769,16.831523,185,,
2026-06-01,2026-06-29,20260616_growme_EN_9x16_FX-Creative_ZT-Publicspeaking_RS-P1X1R1C3_HJ_RMG-5219G,inactive,2,actions:app_custom_event.fb_mobile_purchase,34.45,260617_ABO_AEO-Purchase_ios_vid_Growme_WW_0616_joy,18813,3.662361,68.9,35,1.968571,1,68.9,2,34.45,0.191727,1.483017,0.18817204,20.88981,250,,
2026-06-01,2026-06-29,20260616_growme_EN_9x16_FX-aitalk_ZT-365book_LV1-jindutiao_RS-P1X1R3C1_wxx,not_delivering,,,,260617_ABO_AEO-Purchase_ios_vid_Growme_WW_0616_joy,793,4.476671,3.55,,,,,,,,1.261034,0,22.320303,18,,
2026-06-01,2026-06-29,20260616_GrowMe_EN_9x16_FX-Learning_ZT-readAI_RS-P3X1R1C3_gy_jql,inactive,,,,260617_ABO_AEO-Purchase_ios_vid_Growme_WW_0616_joy,28889,1.55284,44.86,55,0.815636,3,14.953333,,,,1.007304,0.35031847,16.646474,145,,
2026-06-01,2026-06-29,20260616_GrowMe_EN_9x16_FX-LifeLessons_ZT-family_RS-P3X1R1C3_gy,not_delivering,,,,260617_ABO_AEO-Purchase_ios_vid_Growme_WW_0616_joy,6161,2.007791,12.37,,,,,,,,0.990099,0,17.010226,71,,
2026-06-01,2026-06-29,20260616_growme_EN_9x16_FX-Creative_ZT-Learnforlife_RS-P1X1R1C3_HJ_RMG-5219F,not_delivering,,,,260617_ABO_AEO-Purchase_ios_vid_Growme_WW_0616_joy,4353,3.039283,13.23,6,2.205,,,,,,1.883758,0.09230769,21.594303,49,,
2026-06-01,2026-06-29,20260616_growme_EN_9x16_FX-Creative_ZT-Discipline_RS-P1X1R1C3_HJ_RMG-5219H,not_delivering,,,,260617_ABO_AEO-Purchase_ios_vid_Growme_WW_0616_joy,1218,3.19376,3.89,3,1.296667,,,,,,1.313629,0.25,26.518883,24,,
2026-06-01,2026-06-29,20260616_growme_EN_9x16_FX-Learning_ZT-readextensive_RS-P1X1R3C3_wxx,not_delivering,8,actions:app_custom_event.fb_mobile_purchase,62.6075,260617_ABO_AEO-Purchase_ios_vid_Growme_WW_0616_joy,152643,3.281251,500.86,225,2.226044,14,35.775714,8,62.6075,0.463283,2.031538,0.09489667,20.182386,636,,
2026-06-01,2026-06-29,20260616_growme_EN_9x16_FX-LifeLessons_ZT-urgetopry_RS-P1X1R3C3_wxx,inactive,,,,260617_ABO_AEO-Purchase_ios_vid_Growme_WW_0616_joy,8391,3.309498,27.77,7,3.967143,,,,,,1.942558,0.07526882,21.439638,48,,
2026-06-01,2026-06-29,20260616_GrowMe_EN_9x16_FX-LifeLessons_ZT-clearai_RS-P3X1R1C3_gy_jql,inactive,,,,260617_ABO_AEO-Purchase_ios_vid_Growme_WW_0616_joy,9114,2.559798,23.33,7,3.332857,1,23.33,,,,1.49221,0.07777778,15.832785,55,,
2026-06-01,2026-06-29,20260616_GrowMe_EN_9x16_FX-Communication_ZT-speak_RS-P3X1R1C3_gy,inactive,,,,260617_ABO_AEO-Purchase_ios_vid_Growme_WW_0616_joy,16412,2.479893,40.7,17,2.394118,,,,,,0.834755,0.25373134,19.053132,203,,
2026-06-01,2026-06-29,20260616_GrowMe_EN_9x16_FX-Learning_ZT-think_RS-P3X1R1C3_gy,inactive,,,,260617_ABO_AEO-Purchase_ios_vid_Growme_WW_0616_joy,29372,1.769713,51.98,46,1.13,2,25.99,,,,1.855509,0.1185567,19.178129,414,,
2026-06-01,2026-06-29,20260616_GrowMe_EN_9x16_FX-Mindset_ZT-compare_RS-P3X1R1C3_gy,inactive,,,,260617_ABO_AEO-Purchase_ios_vid_Growme_WW_0616_joy,11773,2.727427,32.11,19,1.69,1,32.11,,,,1.129704,0.25675676,14.465302,109,,
2026-06-01,2026-06-29,20260616_GrowMe_EN_9x16_FX-LifeLessons_ZT-water_RS-P3X1R1C3_gy_jql,inactive,8,actions:app_custom_event.fb_mobile_purchase,67.26125,260617_ABO_AEO-Purchase_ios_vid_Growme_WW_0616_joy,232832,2.311065,538.09,384,1.401276,11,48.917273,8,67.26125,0.369046,1.41003,0.27927273,13.307449,1905,,
2026-06-01,2026-06-29,20260616_GrowMe_EN_9x16_FX-Mindset_ZT-motivatedai_RS-P3X1R1C3_gy_jql,not_delivering,,,,260617_ABO_AEO-Purchase_ios_vid_Growme_WW_0616_joy,2196,2.395264,5.26,1,5.26,,,,,,1.684882,0.03125,17.850638,6,,
2026-06-01,2026-06-29,20260616_GrowMe_EN_9x16_FX-LifeLessons_ZT-failureai_RS-P3X1R1C3_gy_jql,not_delivering,3,actions:app_custom_event.fb_mobile_purchase,21.94333333,260617_ABO_AEO-Purchase_ios_vid_Growme_WW_0616_joy,32214,2.043521,65.83,31,2.123548,2,32.915,3,21.943333,0.36336,0.763643,0.25,14.757559,119,,
2026-06-01,2026-06-29,20260616_GrowMe_EN_9x16_FX-LifeLessons_ZT-endai_RS-P3X1R1C3_gy_jql,inactive,,,,260617_ABO_AEO-Purchase_ios_vid_Growme_WW_0616_joy,9148,2.109751,19.3,15,1.286667,,,,,,0.994753,0.39473684,18.320944,33,,
2026-06-01,2026-06-29,20260616_GrowMe_EN_9x16_FX-LifeLessons_ZT-friend_RS-P3X1R1C3_gy_jql,inactive,,,,260617_ABO_AEO-Purchase_ios_vid_Growme_WW_0616_joy,13883,2.45192,34.04,6,5.673333,2,17.02,,,,0.994021,0.06382979,17.921199,29,,
2026-06-01,2026-06-29,20260616_GrowMe_EN_9x16_FX-Mindset_ZT-proofai_RS-P3X1R1C3_gy_jql,inactive,,,,260617_ABO_AEO-Purchase_ios_vid_Growme_WW_0616_joy,8294,2.839402,23.55,5,4.71,,,,,,1.181577,0.08474576,16.976127,67,,
2026-06-01,2026-06-29,20260616_growme_0_Fil_9x16_FX-test_ZT-niupizhi_RS-P1X1R3C1_gy_fj,not_delivering,,,,260617_ABO_AEO-Purchase_ios_vid_Growme_US菲律宾语_joy,674,31.676558,21.35,4,5.3375,,,,,,1.632047,0.4,18.545994,4,,
2026-06-01,2026-06-29,20260616_GrowMe_0_Fil_9x16_FX-Learning_ZT-speak_RS-P3X1R1C3_gy_fj,inactive,1,actions:app_custom_event.fb_mobile_purchase,255.74,260617_ABO_AEO-Purchase_ios_vid_Growme_US菲律宾语_joy,11762,21.742901,255.74,26,9.836154,5,51.148,1,255.74,0.048096,1.071246,0.21138211,22.649209,136,,
2026-06-01,2026-06-29,20260616_growme_0_Fil_9x16_FX-test_ZT-read_RS-P1X1R3C1_gy_fj,inactive,,,,260617_ABO_AEO-Purchase_ios_vid_Growme_US菲律宾语_joy,3657,19.472245,71.21,6,11.868333,1,71.21,,,,1.230517,0.12765957,25.458026,78,,
2026-06-01,2026-06-29,20260525_growme_EN_9x16_FX-Creative_ZT-slow-English_RS-P1X1R3C3_zl_01,not_delivering,,,,260601_AAA_AEO-Purchase_ios_vid_Growme_WW_0529_joy,270,4.592593,1.24,,,,,,,,1.111111,0,19.62963,,,
2026-06-01,2026-06-29,20260616_GrowMe_0_Fil_9x16_FX-Creative_ZT-journey_RS-P3X1R1C3_gy_fj,inactive,,,,260617_ABO_AEO-Purchase_ios_vid_Growme_US菲律宾语_joy,2715,23.348066,63.39,3,21.13,1,63.39,,,,1.104972,0.11111111,25.19337,60,,
2026-06-01,2026-06-29,20260616_GrowMe_0_Fil_9x16_FX-Learning_ZT-habbit_RS-P3X1R1C3_gy_fj,not_delivering,,,,260617_ABO_AEO-Purchase_ios_vid_Growme_US菲律宾语_joy,318,31.666667,10.07,,,,,,,,0.314465,0,18.238994,3,,
2026-06-01,2026-06-29,20260616_GrowMe_0_Fil_9x16_FX-LifeLessons_ZT-self_RS-P3X1R1C3_gy_fj,inactive,,,,260617_ABO_AEO-Purchase_ios_vid_Growme_US菲律宾语_joy,1748,31.241419,54.61,,,,,,,,0.858124,0,24.599542,9,,
2026-06-01,2026-06-29,20260617_GrowMe_EN_9x16_FX-Mindset_ZT-gentle1_RS-P3X1R1C3_gy_jql,archived,,,,260618_ABO_AEO-Purchase_ios_vid_Growme_WW_0617_joy,577,3.89948,2.25,,,,,,,,0.866551,0,19.584055,4,,
2026-06-01,2026-06-29,20260617_GrowMe_EN_9x16_FX-Lifelessons_ZT-1min_RS-P3X1R1C3_gy_jql,archived,,,,260618_ABO_AEO-Purchase_ios_vid_Growme_WW_0617_joy,2103,3.922967,8.25,3,2.75,2,4.125,,,,0.760818,0.27272727,17.784118,8,,
2026-06-01,2026-06-29,20260617_GrowMe_EN_9x16_FX-Lifelessons_ZT-present_RS-P3X1R1C3_gy_jql,archived,,,,260618_ABO_AEO-Purchase_ios_vid_Growme_WW_0617_joy,1072,3.591418,3.85,3,1.283333,,,,,,1.30597,0.375,20.149254,10,,
2026-06-01,2026-06-29,20260617_GrowMe_EN_9x16_FX-Lifelessons_ZT-hard1_RS-P3X1R1C3_gy,archived,,,,260618_ABO_AEO-Purchase_ios_vid_Growme_WW_0617_joy,41,4.634146,0.19,,,,,,,,0,,19.512195,1,,
2026-06-01,2026-06-29,20260617_GrowMe_EN_9x16_FX-Mindset_ZT-gentle_RS-P3X1R1C3_gy_jql,archived,,,,260618_ABO_AEO-Purchase_ios_vid_Growme_WW_0617_joy,191,3.455497,0.66,,,,,,,,0.52356,0,18.324607,,,
2026-06-01,2026-06-29,20260617_GrowMe_EN_9x16_FX-Lifelessons_ZT-advice_RS-P3X1R1C3_gy_jql,archived,,,,260618_ABO_AEO-Purchase_ios_vid_Growme_WW_0617_joy,130,5.307692,0.69,,,,,,,,1.538462,0,28.461538,2,,
2026-06-01,2026-06-29,20260617_GrowMe_EN_9x16_FX-Reading_ZT-giveup_RS-P3X1R1C3_gy_jql,archived,,,,260618_ABO_AEO-Purchase_ios_vid_Growme_WW_0617_joy,600,2.966667,1.78,2,0.89,,,,,,2.166667,0.22222222,18.166667,6,,
2026-06-01,2026-06-29,20260617_GrowMe_EN_9x16_FX-Learning_ZT-English_RS-P3X1R1C3_gy_jql,archived,,,,260618_ABO_AEO-Purchase_ios_vid_Growme_WW_0617_joy,3206,3.281347,10.52,4,2.63,,,,,,1.278852,0.16,16.625078,17,,
2026-06-01,2026-06-29,20260617_GrowMe_EN_9x16_FX-Lifelessons_ZT-hard_RS-P3X1R1C3_gy,archived,,,,260618_ABO_AEO-Purchase_ios_vid_Growme_WW_0617_joy,100,3.7,0.37,,,,,,,,2,0,30,1,,
2026-06-01,2026-06-29,20260617_GrowMe_EN_9x16_FX-Mindset_ZT-select_RS-P3X1R1C3_gy_jql,archived,,,,260618_ABO_AEO-Purchase_ios_vid_Growme_WW_0617_joy,55,0.909091,0.05,,,,,,,,1.818182,,21.818182,,,
2026-06-01,2026-06-29,20260617_GrowMe_EN_9x16_FX-Mindset_ZT-kaizhi_RS-P3X1R1C3_gy_jql,archived,,,,260618_ABO_AEO-Purchase_ios_vid_Growme_WW_0617_joy,463,3.455724,1.6,,,,,,,,1.079914,0,25.269978,2,,
2026-06-01,2026-06-29,20260617_GrowMe_EN_9x16_FX-Lifelessons_ZT-happy_RS-P3X1R1C3_gy_jql,archived,,,,260618_ABO_AEO-Purchase_ios_vid_Growme_WW_0617_joy,904,2.688053,2.43,1,2.43,,,,,,1.327434,0.125,15.265487,,,
2026-06-01,2026-06-29,20260617_GrowMe_EN_9x16_FX-Learning_ZT-language_RS-P3X1R1C3_gy_jql,archived,,,,260618_ABO_AEO-Purchase_ios_vid_Growme_WW_0617_joy,660,3.727273,2.46,,,,,,,,1.818182,0,19.090909,1,,
2026-06-01,2026-06-29,20260617_GrowMe_EN_9x16_FX-Lifelessons_ZT-positive_RS-P3X1R1C3_gy,archived,,,,260618_ABO_AEO-Purchase_ios_vid_Growme_WW_0617_joy,199,4.070352,0.81,,,,,,,,1.507538,0,25.628141,5,,
2026-06-01,2026-06-29,20260506_growme_EN_9x16_FX-test_ZT-patience_RS-P1X1R3C1_095KB-JR_RMG-3528,active,,,,260618_AAA_AEO-Purchase_ios_vid_Growme_WW_0504week_慢速英语_joy,3,6.666667,0.02,,,,,,,,0,,,,,
2026-06-01,2026-06-29,20260508_growme_EN_9x16_FX-test_ZT-listen_RS-P1X1R3C3_wxx,inactive,67,actions:app_custom_event.fb_mobile_purchase,36.15597015,260618_AAA_AEO-Purchase_ios_vid_Growme_WW_0504week_慢速英语_joy,536755,4.513139,2422.45,1929,1.255806,81,29.90679,67,36.15597,0.623385,2.188149,0.30706781,29.162094,8924,,
2026-06-01,2026-06-29,20260506_growme_EN_9x16_FX-test_ZT-teacher_RS-P1X1R3C3_wxx,active,,,,260618_AAA_AEO-Purchase_ios_vid_Growme_WW_0504week_慢速英语_joy,72,1.944444,0.14,,,,,,,,1.388889,,25,1,,
2026-06-01,2026-06-29,"20260507_GrowMe_EN_9x16_FX-test_ZT-try new_RS-P3X1R1C3_fj",active,,,,260618_AAA_AEO-Purchase_ios_vid_Growme_WW_0504week_慢速英语_joy,6745,2.416605,16.3,5,3.26,1,16.3,,,,1.838399,0.11627907,19.71831,67,,
2026-06-01,2026-06-29,20260507_growme_EN_9x16_FX-test_ZT-view_RS-P1X1R3C1_gy,active,,,,260618_AAA_AEO-Purchase_ios_vid_Growme_WW_0504week_慢速英语_joy,10,2,0.02,,,,,,,,0,,10,,,
2026-06-01,2026-06-29,20260508_growme_EN_9x16_FX-test_ZT-love_RS-P1X1R3C1_gy,active,,,,260618_AAA_AEO-Purchase_ios_vid_Growme_WW_0504week_慢速英语_joy,199,3.015075,0.6,,,,,,,,1.005025,0,26.130653,10,,
2026-06-01,2026-06-29,20260506_growme_EN_9x16_FX-test_ZT-acceptance_RS-P1X1R3C1_095KB-JR_RMG-3527,active,,,,260618_AAA_AEO-Purchase_ios_vid_Growme_WW_0504week_慢速英语_joy,6,0,0,,,,,,,,0,,16.666667,,,
2026-06-01,2026-06-29,20260507_growme_EN_9x16_FX-test_ZT-education_RS-P1X1R3C1_gy,active,,,,260618_AAA_AEO-Purchase_ios_vid_Growme_WW_0504week_慢速英语_joy,367,4.277929,1.57,1,1.57,,,,,,1.907357,0.2,18.52861,14,,
2026-06-01,2026-06-29,"20260508_GrowMe_EN_9x16_FX-test_ZT- read_RS-P3X1R1C3_fj",active,,,,260618_AAA_AEO-Purchase_ios_vid_Growme_WW_0504week_慢速英语_joy,18,0.555556,0.01,,,,,,,,0,,33.333333,,,
2026-06-01,2026-06-29,"20260507_GrowMe_EN_9x16_FX-test_ZT- begin_RS-P3X1R1C3_fj",active,,,,260618_AAA_AEO-Purchase_ios_vid_Growme_WW_0504week_慢速英语_joy,19,1.578947,0.03,,,,,,,,0,,10.526316,,,
2026-06-01,2026-06-29,20260506_growme_EN_9x16_FX-test_JB-010901_ZT-learn_RS-P2X1R1C1_095KB-HJ_RMG-3530A,active,,,,260618_AAA_AEO-Purchase_ios_vid_Growme_WW_0504week_慢速英语_joy,9,0,0,,,,,,,,0,,,,,
2026-06-01,2026-06-29,20260506_GrowMe_EN_9x16_FX-test_ZT-easyenglish_RS-P3X1R1C3_fj,active,,,,260618_AAA_AEO-Purchase_ios_vid_Growme_WW_0504week_慢速英语_joy,5990,2.51419,15.06,7,2.151429,,,,,,1.318865,0.21875,12.136895,12,,
2026-06-01,2026-06-29,20260617_GrowMe_EN_9x16_FX-Mindset_ZT-select_RS-P3X1R1C3_gy_jql,rejected,,,,260618_ABO_AEO-Purchase_ios_vid_Growme_WW_0617_joy,531,2.448211,1.3,,,,,,,,0.94162,0,18.26742,1,,
2026-06-01,2026-06-29,20260617_GrowMe_EN_9x16_FX-Mindset_ZT-better_RS-P3X1R1C3_gy,inactive,1,actions:app_custom_event.fb_mobile_purchase,67.44,260618_ABO_AEO-Purchase_ios_vid_Growme_WW_0617_joy,32342,2.085214,67.44,31,2.175484,4,16.86,1,67.44,0.223161,0.924494,0.18128655,15.843176,407,,
2026-06-01,2026-06-29,20260617_GrowMe_EN_9x16_FX-Mindset_ZT-gentle1_RS-P3X1R1C3_gy_jql,inactive,3,actions:app_custom_event.fb_mobile_purchase,27.67,260618_ABO_AEO-Purchase_ios_vid_Growme_WW_0617_joy,27045,3.069329,83.01,39,2.128462,3,27.67,3,27.67,0.413806,1.116657,0.23076923,16.13607,123,,
2026-06-01,2026-06-29,"20260617_GrowMe_EN_9x16_FX-Communication_ZT-international friends_RS-P3X1R1C3_fj",inactive,,,,260618_ABO_AEO-Purchase_ios_vid_Growme_WW_0617_joy,6505,3.083782,20.06,16,1.25375,,,,,,1.445042,0.2962963,20.076864,113,,
2026-06-01,2026-06-29,20260617_GrowMe_EN_9x16_FX-Reading_ZT-giveup_RS-P3X1R1C3_gy_jql,not_delivering,,,,260618_ABO_AEO-Purchase_ios_vid_Growme_WW_0617_joy,4766,3.038187,14.48,4,3.62,,,,,,1.384809,0.12121212,17.289131,47,,
2026-06-01,2026-06-29,20260617_GrowMe_EN_9x16_FX-Lifelessons_ZT-advice_RS-P3X1R1C3_gy_jql,inactive,,,,260618_ABO_AEO-Purchase_ios_vid_Growme_WW_0617_joy,5956,4.143721,24.68,6,4.113333,,,,,,1.779718,0.07058824,17.830759,34,,
2026-06-01,2026-06-29,20260617_growme_EN_9x16_FX-aitalk_ZT-365_RS-P1X1R3C3_fj,not_delivering,,,,260618_ABO_AEO-Purchase_ios_vid_Growme_WW_0617_joy,230,5.695652,1.31,,,,,,,,1.304348,0,22.608696,5,,
2026-06-01,2026-06-29,20260617_GrowMe_EN_9x16_FX-Bookreading_ZT-time_RS-P3X1R1C3_gy,inactive,,,,260618_ABO_AEO-Purchase_ios_vid_Growme_WW_0617_joy,10304,2.783385,28.68,13,2.206154,,,,,,1.125776,0.29545455,14.324534,48,,
2026-06-01,2026-06-29,20260617_growme_EN_9x16_FX-Learning_ZT-6mins_RS-P1X1R3C3_wxx,not_delivering,,,,260618_ABO_AEO-Purchase_ios_vid_Growme_WW_0617_joy,738,3.495935,2.58,,,,,,,,0.948509,0,22.899729,2,,
2026-06-01,2026-06-29,20260617_GrowMe_EN_9x16_FX-Lifelessons_ZT-hard_RS-P3X1R1C3_gy,inactive,,,,260618_ABO_AEO-Purchase_ios_vid_Growme_WW_0617_joy,9327,3.493085,32.58,9,3.62,,,,,,1.082878,0.13636364,18.837783,61,,
2026-06-01,2026-06-29,20260617_growme_EN_9x16_FX-LifeLessons_ZT-purpose_RS-P1X1R3C3_wxx,not_delivering,,,,260618_ABO_AEO-Purchase_ios_vid_Growme_WW_0617_joy,170,5.588235,0.95,,,,,,,,3.529412,0,20.588235,3,,
2026-06-01,2026-06-29,20260617_GrowMe_EN_9x16_FX-Mindset_ZT-gentle_RS-P3X1R1C3_gy_jql,not_delivering,,,,260618_ABO_AEO-Purchase_ios_vid_Growme_WW_0617_joy,7192,2.868465,20.63,7,2.947143,,,,,,1.418242,0.11864407,19.257508,30,,
2026-06-01,2026-06-29,20260617_growme_EN_9x16_FX-Learning_ZT-reading_RS-P1X1R3C3_wxx,not_delivering,,,,260618_ABO_AEO-Purchase_ios_vid_Growme_WW_0617_joy,136,3.161765,0.43,,,,,,,,1.470588,0,21.323529,,,
2026-06-01,2026-06-29,20260617_GrowMe_EN_9x16_FX-Learning_ZT-language_RS-P3X1R1C3_gy_jql,not_delivering,5,actions:app_custom_event.fb_mobile_purchase,60.284,260618_ABO_AEO-Purchase_ios_vid_Growme_WW_0617_joy,88434,3.408418,301.42,97,3.107423,7,43.06,5,60.284,0.330038,1.791166,0.07680127,18.506457,554,,
2026-06-01,2026-06-29,20260617_GrowMe_EN_9x16_FX-Learning_ZT-10mins_RS-P3X1R1C3_gy,inactive,4,actions:app_custom_event.fb_mobile_purchase,94.29,260618_ABO_AEO-Purchase_ios_vid_Growme_WW_0617_joy,193672,1.947416,377.16,308,1.224545,6,62.86,4,94.29,0.344337,1.07553,0.26597582,14.595811,2183,,
2026-06-01,2026-06-29,20260617_GrowMe_EN_9x16_FX-Lifelessons_ZT-1min_RS-P3X1R1C3_gy_jql,not_delivering,,,,260618_ABO_AEO-Purchase_ios_vid_Growme_WW_0617_joy,4831,3.042848,14.7,,,,,,,,0.683088,0,17.863796,24,,
2026-06-01,2026-06-29,20260617_GrowMe_EN_9x16_FX-Lifelessons_ZT-happy_RS-P3X1R1C3_gy_jql,inactive,,,,260618_ABO_AEO-Purchase_ios_vid_Growme_WW_0617_joy,10957,3.12403,34.23,7,4.89,,,,,,0.885279,0.11864407,16.738158,27,,
2026-06-01,2026-06-29,20260617_GrowMe_EN_9x16_FX-Lifelessons_ZT-present_RS-P3X1R1C3_gy_jql,inactive,9,actions:app_custom_event.fb_mobile_purchase,43.57444444,260618_ABO_AEO-Purchase_ios_vid_Growme_WW_0617_joy,137938,2.843089,392.17,133,2.948647,9,43.574444,9,43.574444,0.252314,1.259261,0.11271186,13.56479,669,,
2026-06-01,2026-06-29,20260617_GrowMe_EN_9x16_FX-Lifelessons_ZT-positive_RS-P3X1R1C3_gy,inactive,1,actions:app_custom_event.fb_mobile_purchase,70.89,260618_ABO_AEO-Purchase_ios_vid_Growme_WW_0617_joy,28872,2.45532,70.89,64,1.107656,2,35.445,1,70.89,0.147835,1.517041,0.32323232,13.3555,344,,
2026-06-01,2026-06-29,20260617_GrowMe_EN_9x16_FX-Lifelessons_ZT-hard1_RS-P3X1R1C3_gy,not_delivering,,,,260618_ABO_AEO-Purchase_ios_vid_Growme_WW_0617_joy,137,2.481752,0.34,,,,,,,,0,,13.868613,1,,
2026-06-01,2026-06-29,20260617_GrowMe_EN_9x16_FX-Communication_ZT-powerCommunication_RS-P3X1R1C3_fj,not_delivering,5,actions:app_custom_event.fb_mobile_purchase,53.14,260618_ABO_AEO-Purchase_ios_vid_Growme_WW_0617_joy,78258,3.39518,265.7,92,2.888043,7,37.957143,5,53.14,0.468047,1.399218,0.10302352,15.915306,550,,
2026-06-01,2026-06-29,20260617_GrowMe_EN_9x16_FX-Learning_ZT-10mins_RS-P3X1R1C3_fj,not_delivering,,,,260618_ABO_AEO-Purchase_ios_vid_Growme_WW_0617_joy,4425,2.39322,10.59,6,1.765,1,10.59,,,,1.785311,0.11111111,23.141243,64,,
2026-06-01,2026-06-29,20260617_GrowMe_EN_9x16_FX-Learning_ZT-bridge_RS-P3X1R1C3_fj,inactive,,,,260618_ABO_AEO-Purchase_ios_vid_Growme_WW_0617_joy,23014,1.784566,41.07,36,1.140833,,,,,,0.860346,0.37894737,17.454593,210,,
2026-06-01,2026-06-29,20260617_growme_EN_9x16_FX-Learning_ZT-onemoretime_RS-P1X1R3C3_wxx,not_delivering,,,,260618_ABO_AEO-Purchase_ios_vid_Growme_WW_0617_joy,127,4.645669,0.59,,,,,,,,3.937008,0,31.496063,2,,
2026-06-01,2026-06-29,20260617_GrowMe_EN_9x16_FX-Learning_ZT-English_RS-P3X1R1C3_gy_jql,inactive,,,,260618_ABO_AEO-Purchase_ios_vid_Growme_WW_0617_joy,10046,2.968346,29.82,13,2.293846,,,,,,1.413498,0.11711712,19.918375,57,,
2026-06-01,2026-06-29,20260617_growme_EN_9x16_FX-Learning_ZT-check_RS-P1X1R3C3_wxx,not_delivering,,,,260618_ABO_AEO-Purchase_ios_vid_Growme_WW_0617_joy,5,2,0.01,,,,,,,,0,,20,,,
2026-06-01,2026-06-29,20260617_GrowMe_EN_9x16_FX-Mindset_ZT-kaizhi_RS-P3X1R1C3_gy_jql,not_delivering,,,,260618_ABO_AEO-Purchase_ios_vid_Growme_WW_0617_joy,4142,2.641236,10.94,6,1.823333,,,,,,1.183003,0.20689655,19.290198,16,,
2026-06-01,2026-06-29,20260616_growme_EN_9x16_FX-aitalk_ZT-3months_RS-P1X1R3C3_wxx,inactive,,,,260618_ABO_AEO-Purchase_ios_vid_Growme_WW_aitalk2_joy,3917,6.494766,25.44,5,5.088,,,,,,3.140158,0.04,29.74215,124,,
2026-06-01,2026-06-29,20260615_growme_EN_9x16_FX-aitalk_ZT-8minutes_RS-P1X1R3C3_wxx,inactive,,,,260618_ABO_AEO-Purchase_ios_vid_Growme_WW_aitalk2_joy,14993,5.512573,82.65,31,2.666129,,,,,,1.060495,0.21830986,19.762556,217,,
2026-06-01,2026-06-29,20260616_growme_EN_9x16_FX-aitalk_ZT-niceleader_RS-P1X1R3C3_wxx,inactive,1,actions:app_custom_event.fb_mobile_purchase,155.85,260618_ABO_AEO-Purchase_ios_vid_Growme_WW_aitalk2_joy,22440,6.945187,155.85,36,4.329167,3,51.95,1,155.85,0.237087,1.243316,0.13432836,21.590909,307,,
2026-06-01,2026-06-29,20260618_growme_EN_9x16_FX-LifeLessons_ZT-confident_RS-P1X1R3C3_wxx,active,,,,260619_ABO_AEO-Purchase_ios_vid_Growme_WW_0618_joy,336,2.97619,1,,,,,,,,0.595238,0,27.97619,1,,
2026-06-01,2026-06-29,20260618_Growme_EN_9x16_FX-Creative_JB-061801-ZR_ZT-book2_RS-P2X1R1C3_095KB-JL_RMG-5714B,active,,,,260619_ABO_AEO-Purchase_ios_vid_Growme_WW_0618_joy,107,4.11215,0.44,,,,,,,,2.803738,0,33.64486,2,,
2026-06-01,2026-06-29,20260618_GrowMe_EN_9x16_FX-Learning_ZT-speak_RS-P3X1R1C3_gy_jql,inactive,,,,260619_ABO_AEO-Purchase_ios_vid_Growme_WW_0618_joy,9204,3.221425,29.65,16,1.853125,1,29.65,,,,1.521078,0.16494845,22.674924,32,,
2026-06-01,2026-06-29,20260618_GrowMe_EN_9x16_FX-LifeLessons_ZT-advice_RS-P3X1R1C3_gy_jql,active,,,,260619_ABO_AEO-Purchase_ios_vid_Growme_WW_0618_joy,414,3.236715,1.34,,,,,,,,1.207729,0,18.357488,2,,
2026-06-01,2026-06-29,20260618_GrowMe_EN_9x16_FX-Learning_ZT-yale_RS-P3X1R1C3_gy_jql,inactive,,,,260619_ABO_AEO-Purchase_ios_vid_Growme_WW_0618_joy,7285,3.559369,25.93,6,4.321667,,,,,,1.262869,0.13043478,19.917639,31,,
2026-06-01,2026-06-29,20260618_GrowMe_EN_9x16_FX-LifeLessons_ZT-yourself_RS-P3X1R1C3_gy_jql,active,,,,260619_ABO_AEO-Purchase_ios_vid_Growme_WW_0618_joy,60,2.166667,0.13,,,,,,,,1.666667,0,18.333333,,,
2026-06-01,2026-06-29,20260618_GrowMe_EN_9x16_FX-Lifelessons_ZT-did_RS-P3X1R1C3_gy,active,,,,260619_ABO_AEO-Purchase_ios_vid_Growme_WW_0618_joy,3216,3.24005,10.42,3,3.473333,,,,,,1.399254,0.11111111,18.625622,26,,
2026-06-01,2026-06-29,20260618_GrowMe_EN_9x16_FX-Learning_ZT-speaking_RS-P3X1R1C3_gy_jql,inactive,,,,260619_ABO_AEO-Purchase_ios_vid_Growme_WW_0618_joy,11414,3.047135,34.78,21,1.65619,,,,,,1.56825,0.1826087,16.795164,97,,
2026-06-01,2026-06-29,20260618_GrowMe_EN_9x16_FX-EmotionalHealth_ZT-nature_RS-P3X1R1C3_gy_jql,active,,,,260619_ABO_AEO-Purchase_ios_vid_Growme_WW_0618_joy,414,4.661836,1.93,1,1.93,,,,,,1.207729,1,20.048309,4,,
2026-06-01,2026-06-29,20260618_GrowMe_EN_9x16_FX-Communication_ZT-respect_RS-P3X1R1C3_gy,active,,,,260619_ABO_AEO-Purchase_ios_vid_Growme_WW_0618_joy,457,2.669584,1.22,,,,,,,,0.437637,0,16.630197,2,,
2026-06-01,2026-06-29,20260618_GrowMe_EN_9x16_FX-Learning_ZT-pace_RS-P3X1R1C3_gy_jql,inactive,25,actions:app_custom_event.fb_mobile_purchase,41.966,260619_ABO_AEO-Purchase_ios_vid_Growme_WW_0618_joy,305429,3.435005,1049.15,379,2.768206,40,26.22875,25,41.966,0.438269,1.085686,0.24514877,19.47523,2123,,
2026-06-01,2026-06-29,20260618_growme_EN_9x16_FX-LifeLessons_ZT-takeaction_RS-P1X1R3C3_wxx,active,,,,260619_ABO_AEO-Purchase_ios_vid_Growme_WW_0618_joy,22,0.454545,0.01,,,,,,,,0,,22.727273,,,
2026-06-01,2026-06-29,20260615_growme_EN_9x16_FX-aitalk_ZT-8minutes_RS-P1X1R3C3_wxx,active,,,,260619_ABO_AEO-Purchase_ios_vid_Growme_WW_0618_joy,519,8.574181,4.45,,,,,,,,1.156069,0,20.423892,5,,
2026-06-01,2026-06-29,20260618_Growme_EN_9x16_FX-Creative_JB-061801-ZR_ZT-book3_RS-P2X1R1C3_095KB-JL_RMG-5714C,inactive,,,,260619_ABO_AEO-Purchase_ios_vid_Growme_WW_0618_joy,38147,1.975516,75.36,32,2.355,1,75.36,,,,1.101004,0.17486339,16.646132,445,,
2026-06-01,2026-06-29,20260618_growme_EN_9x16_FX-Learning_ZT-quitread_RS-P1X1R3C3_wxx,inactive,,,,260619_ABO_AEO-Purchase_ios_vid_Growme_WW_0618_joy,7899,3.120648,24.65,15,1.643333,,,,,,1.949614,0.15789474,21.129257,86,,
2026-06-01,2026-06-29,20260618_Growme_EN_9x16_FX-Creative_JB-061801-ZR_ZT-book1_RS-P2X1R1C3_095KB-JL_RMG-5714A,active,,,,260619_ABO_AEO-Purchase_ios_vid_Growme_WW_0618_joy,154,3.701299,0.57,,,,,,,,2.597403,0,24.025974,1,,
2026-06-01,2026-06-29,20260618_growme_EN_9x16_FX-Learning_ZT-smarter_RS-P1X1R3C3_wxx,active,,,,260619_ABO_AEO-Purchase_ios_vid_Growme_WW_0618_joy,3858,4.631934,17.87,5,3.574,,,,,,2.540176,0.04761905,21.228616,29,,
2026-06-01,2026-06-29,20260618_GrowMe_EN_9x16_FX-Learning_ZT-morning_RS-P3X1R1C3_gy,inactive,,,,260619_ABO_AEO-Purchase_ios_vid_Growme_WW_0618_joy,10628,2.67595,28.44,12,2.37,,,,,,1.251411,0.17142857,15.092209,34,,
2026-06-01,2026-06-29,20260618_GrowMe_EN_9x16_FX-LifeLessons_ZT-failing_RS-P3X1R1C3_gy_jql,active,,,,260619_ABO_AEO-Purchase_ios_vid_Growme_WW_0618_joy,1499,4.256171,6.38,,,,,,,,1.467645,0,21.280854,21,,
2026-06-01,2026-06-29,20260618_GrowMe_EN_9x16_FX-LifeLessons_ZT-terms_RS-P3X1R1C3_gy_jql,active,,,,260619_ABO_AEO-Purchase_ios_vid_Growme_WW_0618_joy,136,2.573529,0.35,,,,,,,,2.205882,0,20.588235,1,,
2026-06-01,2026-06-29,20260618_GrowMe_EN_9x16_FX-Learning_ZT-listen_RS-P3X1R1C3_gy_jql,inactive,3,actions:app_custom_event.fb_mobile_purchase,68.38,260619_ABO_AEO-Purchase_ios_vid_Growme_WW_0618_joy,48651,4.216563,205.14,60,3.419,3,68.38,3,68.38,0.337184,2.006125,0.07712082,16.04078,205,,
2026-06-01,2026-06-29,20260618_GrowMe_EN_9x16_FX-Mindset_ZT-love_RS-P3X1R1C3_gy,active,,,,260619_ABO_AEO-Purchase_ios_vid_Growme_WW_0618_joy,212,3.537736,0.75,1,0.75,,,,,,1.415094,0.33333333,18.867925,5,,
2026-06-01,2026-06-29,20260618_GrowMe_EN_9x16_FX-Learning_ZT-iPhone_RS-P3X1R1C3_gy,active,,,,260619_ABO_AEO-Purchase_ios_vid_Growme_WW_0618_joy,21391,2.016269,43.13,15,2.875333,,,,,,0.916273,0.18072289,21.72409,174,,
2026-06-01,2026-06-29,20260616_growme_EN_9x16_FX-aitalk_ZT-niceleader_RS-P1X1R3C3_wxx,active,,,,260619_ABO_AEO-Purchase_ios_vid_Growme_WW_0618_joy,112,7.142857,0.8,,,,,,,,2.678571,0,22.321429,1,,
2026-06-01,2026-06-29,20260616_growme_EN_9x16_FX-aitalk_ZT-3months_RS-P1X1R3C3_wxx,active,,,,260619_ABO_AEO-Purchase_ios_vid_Growme_WW_0618_joy,12,1.666667,0.02,,,,,,,,0,,25,,,
2026-06-01,2026-06-29,20260616_GrowMe_0_PT_9x16_FX-Learning_ZT-speak_RS-P3X1R1C3_gy_fj,inactive,,,,"260616_ABO_AEO-Purchase_ios_vid_Growme_US葡语_joy -重测Betty",2408,17.192691,41.4,4,10.35,,,,,,0.789037,0.28571429,14.493355,14,,
2026-06-01,2026-06-29,20260616_GrowMe_PT_9x16_FX-LifeLessons_ZT-self_RS-P3X1R1C3_gy_fj,inactive,2,actions:app_custom_event.fb_mobile_purchase,159.42,"260616_ABO_AEO-Purchase_ios_vid_Growme_US葡语_joy -重测Betty",18360,17.366013,318.84,45,7.085333,6,53.14,2,159.42,0.158543,1.007625,0.35433071,13.959695,207,,
2026-06-01,2026-06-29,20260616_GrowMe_PT_9x16_FX-Learning_ZT-habbit_RS-P3X1R1C3_gy_fj,inactive,3,actions:app_custom_event.fb_mobile_purchase,50.65,"260616_ABO_AEO-Purchase_ios_vid_Growme_US葡语_joy -重测Betty",7558,20.104525,151.95,31,4.901613,3,50.65,3,50.65,0.352221,1.349563,0.41333333,13.747023,118,,
2026-06-01,2026-06-29,20260616_GrowMe_PT_9x16_FX-Creative_ZT-journey_RS-P3X1R1C3_gy_fj,inactive,,,,"260616_ABO_AEO-Purchase_ios_vid_Growme_US葡语_joy -重测Betty",2408,23.841362,57.41,4,14.3525,,,,,,0.95515,0.21052632,17.234219,33,,
2026-06-01,2026-06-29,20260616_growme_PT_9x16_FX-test_ZT-read_RS-P1X1R3C1_gy_fj,inactive,,,,"260616_ABO_AEO-Purchase_ios_vid_Growme_US葡语_joy -重测Betty",3695,23.006766,85.01,1,85.01,,,,,,0.568336,0.0625,13.152909,39,,
2026-06-01,2026-06-29,20260616_growme_PT_9x16_FX-test_ZT-niupizhi_RS-P1X1R3C1_gy_fj,inactive,,,,"260616_ABO_AEO-Purchase_ios_vid_Growme_US葡语_joy -重测Betty",2126,20.338664,43.24,11,3.930909,,,,,,1.646284,0.52380952,16.933208,20,,
2026-06-01,2026-06-29,20260605_GrowMe_EN_9x16_FX-Learning_ZT-b1_RS-P3X1R1C3_fj,not_delivering,,,,260620_AAA_AEO-Purchase_ios_vid_Growme_T2_05250601week_joy,234,1.282051,0.3,,,,,,,,6.837607,0,32.051282,11,,
2026-06-01,2026-06-29,20260604_GrowMe_EN_9x16_FX-Mindset_ZT-strat_RS-P3X1R1C3_fj_jql,not_delivering,,,,260620_AAA_AEO-Purchase_ios_vid_Growme_T2_05250601week_joy,120,1.25,0.15,,,,,,,,1.666667,0,22.5,3,,
2026-06-01,2026-06-29,20260604_GrowMe_EN_9x16_FX-LifeLessons_ZT-perfect_RS-P3X1R1C3_gy,not_delivering,,,,260620_AAA_AEO-Purchase_ios_vid_Growme_T2_05250601week_joy,1287,2.113442,2.72,6,0.453333,,,,,,3.729604,0.11538462,25.641026,33,,
2026-06-01,2026-06-29,20260603_GrowMe_EN_9x16_FX-Growth_ZT-change_RS-P3X1R1C3_gy,not_delivering,1,actions:app_custom_event.fb_mobile_purchase,4.51,260620_AAA_AEO-Purchase_ios_vid_Growme_T2_05250601week_joy,3023,1.491895,4.51,1,4.51,1,4.51,1,4.51,7.596452,1.521667,0.03846154,22.295733,66,,
2026-06-01,2026-06-29,20260603_GrowMe_0_EN_9x16_FX-Learning_ZT-speak_RS-P3X1R1C3_gy,not_delivering,,,,260620_AAA_AEO-Purchase_ios_vid_Growme_T2_05250601week_joy,15664,1.571118,24.61,25,0.9844,2,12.305,,,,1.57048,0.13020833,19.375638,204,,
2026-06-01,2026-06-29,20260603_GrowMe_EN_9x16_FX-WomenEmpowerment_ZT-forgive_RS-P3X1R1C3_gy,not_delivering,,,,260620_AAA_AEO-Purchase_ios_vid_Growme_T2_05250601week_joy,51,1.372549,0.07,,,,,,,,5.882353,0,33.333333,3,,
2026-06-01,2026-06-29,20260603_GrowMe_EN_9x16_FX-fear_ZT-d1_RS-P3X1R1C3_fj,not_delivering,,,,260620_AAA_AEO-Purchase_ios_vid_Growme_T2_05250601week_joy,44,0.454545,0.02,,,,,,,,4.545455,0,27.272727,2,,
2026-06-01,2026-06-29,20260602_growme_EN_9x16_FX-Quotes_ZT-book_RS-P1X1R3C3_wxx,not_delivering,,,,260620_AAA_AEO-Purchase_ios_vid_Growme_T2_05250601week_joy,949,1.99157,1.89,,,,,,,,1.264489,0,22.128556,14,,
2026-06-01,2026-06-29,20260601_growme_EN_9x16_FX-lifelessons_ZT-education_RS-P1X1R3C3_wxx,not_delivering,,,,260620_AAA_AEO-Purchase_ios_vid_Growme_T2_05250601week_joy,95,0.631579,0.06,,,,,,,,4.210526,0,34.736842,5,,
2026-06-01,2026-06-29,20260601_GrowMe_EN_9x16_FX-Communication_ZT-read_RS-P3X1R1C3_gy,not_delivering,,,,260620_AAA_AEO-Purchase_ios_vid_Growme_T2_05250601week_joy,218,1.651376,0.36,,,,,,,,5.045872,0,29.816514,5,,
2026-06-01,2026-06-29,20260601_GrowMe_EN_9x16_FX-Learning_ZT-trainbrain_RS-P3X1R1C3_fj,not_delivering,,,,260620_AAA_AEO-Purchase_ios_vid_Growme_T2_05250601week_joy,1541,1.505516,2.32,,,,,,,,2.66061,0,24.724205,19,,
2026-06-01,2026-06-29,20260604_GrowMe_EN_9x16_FX-Learning_ZT-habbit_RS-P3X1R1C3_gy,inactive,17,actions:app_custom_event.fb_mobile_purchase,68.95,260620_AAA_AEO-Purchase_ios_vid_Growme_T2_05250601week_joy,471371,2.486682,1172.15,1038,1.129239,31,37.81129,17,68.95,0.336211,1.559918,0.19775195,13.405152,4579,,
2026-06-01,2026-06-29,20260601_growme_EN_9x16_FX-Learning_ZT-communication_RS-P1X1R3C3_wxx,not_delivering,,,,260620_AAA_AEO-Purchase_ios_vid_Growme_T2_05250601week_joy,1266,1.516588,1.92,2,0.96,,,,,,2.843602,0.06666667,31.753555,31,,
2026-06-01,2026-06-29,20260602_GrowMe_0_EN_9x16_FX-LifeLessons_ZT-confidence_RS-P3X1R1C3_gy,not_delivering,,,,260620_AAA_AEO-Purchase_ios_vid_Growme_T2_05250601week_joy,952,1.943277,1.85,,,,,,,,1.470588,0,20.168067,36,,
2026-06-01,2026-06-29,20260527_growme_EN_9x16_FX-Creatives_ZT-fluency_RS-P1X1R3C3_wxx,not_delivering,2,actions:app_custom_event.fb_mobile_purchase,14.97,260620_AAA_AEO-Purchase_ios_vid_Growme_T2_05250601week_joy,8413,3.558778,29.94,26,1.151538,4,7.485,2,14.97,1.169005,1.557114,0.325,27.600143,154,,
2026-06-01,2026-06-29,20251226_growme_EN_9x16_FX-test_ZT-read_RS-P1X1R3C1_gy,not_delivering,4,actions:app_custom_event.fb_mobile_purchase,50.3575,260622_AAA_AEO-Purchase_ios_vid_Growme_WW_1222week_字幕式_joy,108033,1.864523,201.43,122,1.651066,15,13.428667,4,50.3575,0.361515,1.107069,0.23781676,14.37894,1931,,
2026-06-01,2026-06-29,20251226_growme_EN_9x16_FX-test_ZT-forgive_RS-P1X1R3C1_gy,not_delivering,,,,260622_AAA_AEO-Purchase_ios_vid_Growme_WW_1222week_字幕式_joy,35,1.714286,0.06,,,,,,,,2.857143,0,11.428571,,,
2026-06-01,2026-06-29,20251223_growme_EN_9x16_FX-book_ZT-speak_RS-P1X1R3C3_wxx,not_delivering,,,,260622_AAA_AEO-Purchase_ios_vid_Growme_WW_1222week_字幕式_joy,3782,1.856161,7.02,4,1.755,,,,,,1.480698,0.2,19.011105,119,,
2026-06-01,2026-06-29,20260525_growme_EN_9x16_FX-test_ZT-zixin_RS-P1X1R3C1_gy,not_delivering,,,,260622_AAA_AEO-Purchase_ios_vid_Growme_WW_0525week_阅读提升英语_joy,3,0,0,,,,,,,,0,,,,,
2026-06-01,2026-06-29,20260525_growme_EN_9x16_FX-test_ZT-love_RS-P1X1R3C1_gy,not_delivering,,,,260622_AAA_AEO-Purchase_ios_vid_Growme_WW_0525week_阅读提升英语_joy,184,2.880435,0.53,,,,,,,,1.630435,0,25,5,,
2026-06-01,2026-06-29,20260525_GrowMe_EN_9x16_FX-test_ZT-news_RS-P3X1R1C3_fj,not_delivering,,,,260622_AAA_AEO-Purchase_ios_vid_Growme_WW_0525week_阅读提升英语_joy,34,1.764706,0.06,,,,,,,,0,,11.764706,,,
2026-06-01,2026-06-29,20260525_growme_EN_9x16_FX-test_ZT-niupizhi_RS-P1X1R3C1_gy,recently_rejected,,,,260622_AAA_AEO-Purchase_ios_vid_Growme_WW_0525week_阅读提升英语_joy,44893,2.176731,97.72,52,1.879231,,,,,,0.92442,0.27956989,11.767982,357,,
2026-06-01,2026-06-29,20260525_growme_EN_9x16_FX-test_ZT-education_RS-P1X1R3C1_gy,not_delivering,,,,260622_AAA_AEO-Purchase_ios_vid_Growme_WW_0525week_阅读提升英语_joy,10,1,0.01,,,,,,,,0,,30,,,
2026-06-01,2026-06-29,20260525_GrowMe_EN_9x16_FX-test_ZT-confidence_RS-P3X1R1C3_fj,not_delivering,,,,260622_AAA_AEO-Purchase_ios_vid_Growme_WW_0525week_阅读提升英语_joy,2,0,0,,,,,,,,0,,50,,,
2026-06-01,2026-06-29,20260525_GrowMe_EN_9x16_FX-test_ZT-hello-ai_RS-P3X1R1C3_fj,not_delivering,,,,260622_AAA_AEO-Purchase_ios_vid_Growme_WW_0525week_阅读提升英语_joy,48,3.541667,0.17,,,,,,,,4.166667,0,25,1,,
2026-06-01,2026-06-29,20260525_growme_EN_9x16_FX-test_ZT-confidence_RS-P1X1R3C1_gy,not_delivering,,,,260622_AAA_AEO-Purchase_ios_vid_Growme_WW_0525week_阅读提升英语_joy,6,1.666667,0.01,,,,,,,,0,,,,,
2026-06-01,2026-06-29,"20260508_GrowMe_EN_9x16_FX-test_ZT- read_RS-P3X1R1C3_fj",not_delivering,,,,260622_AAA_AEO-Purchase_ios_vid_Growme_WW_0504week_英语学习_joy,8,0,0,,,,,,,,12.5,0,12.5,,,
2026-06-01,2026-06-29,20260525_growme_EN_9x16_FX-test_ZT-opinion_RS-P1X1R3C1_gy,not_delivering,,,,260622_AAA_AEO-Purchase_ios_vid_Growme_WW_0525week_阅读提升英语_joy,17,4.705882,0.08,,,,,,,,0,,29.411765,,,
2026-06-01,2026-06-29,20260506_GrowMe_EN_9x16_FX-test_ZT-easyenglish_RS-P3X1R1C3_fj,not_delivering,,,,260622_AAA_AEO-Purchase_ios_vid_Growme_WW_0504week_英语学习_joy,623,2.664526,1.66,1,1.66,,,,,,1.284109,0.16666667,14.285714,3,,
2026-06-01,2026-06-29,20260508_growme_EN_9x16_FX-test_ZT-listen_RS-P1X1R3C3_wxx,not_delivering,,,,260622_AAA_AEO-Purchase_ios_vid_Growme_WW_0504week_英语学习_joy,17606,6.498921,114.42,50,2.2884,,,,,,2.345791,0.22727273,29.222992,315,,
2026-06-01,2026-06-29,20260508_growme_EN_9x16_FX-test_ZT-love_RS-P1X1R3C1_gy,not_delivering,,,,260622_AAA_AEO-Purchase_ios_vid_Growme_WW_0504week_英语学习_joy,4,2.5,0.01,,,,,,,,0,,25,,,
2026-06-01,2026-06-29,"20260507_GrowMe_EN_9x16_FX-test_ZT-try new_RS-P3X1R1C3_fj",not_delivering,,,,260622_AAA_AEO-Purchase_ios_vid_Growme_WW_0504week_英语学习_joy,188,1.968085,0.37,1,0.37,,,,,,3.191489,0.2,21.276596,2,,
2026-06-01,2026-06-29,20260525_GrowMe_EN_9x16_FX-test_ZT-talkabout_RS-P3X1R1C3_fj,not_delivering,,,,260622_AAA_AEO-Purchase_ios_vid_Growme_WW_0525week_阅读提升英语_joy,31,3.548387,0.11,,,,,,,,3.225806,,38.709677,3,,
2026-06-01,2026-06-29,20260506_growme_EN_9x16_FX-test_ZT-teacher_RS-P1X1R3C3_wxx,not_delivering,,,,260622_AAA_AEO-Purchase_ios_vid_Growme_WW_0504week_英语学习_joy,13,0.769231,0.01,,,,,,,,0,,15.384615,1,,
2026-06-01,2026-06-29,20260507_growme_EN_9x16_FX-test_ZT-education_RS-P1X1R3C1_gy,not_delivering,,,,260622_AAA_AEO-Purchase_ios_vid_Growme_WW_0504week_英语学习_joy,3,0,0,,,,,,,,0,,,,,
2026-06-01,2026-06-29,"20260507_GrowMe_EN_9x16_FX-test_ZT- begin_RS-P3X1R1C3_fj",not_delivering,,,,260622_AAA_AEO-Purchase_ios_vid_Growme_WW_0504week_英语学习_joy,8,2.5,0.02,,,,,,,,0,,12.5,,,
2026-06-01,2026-06-29,20260507_growme_EN_9x16_FX-test_ZT-view_RS-P1X1R3C1_gy,not_delivering,,,,260622_AAA_AEO-Purchase_ios_vid_Growme_WW_0504week_英语学习_joy,2,0,0,,,,,,,,0,,,,,
2026-06-01,2026-06-29,20260525_GrowMe_EN_9x16_FX-test_ZT-learning_RS-P3X1R1C3_fj,not_delivering,,,,260622_AAA_AEO-Purchase_ios_vid_Growme_WW_0525week_阅读提升英语_joy,8,7.5,0.06,,,,,,,,12.5,0,50,,,
2026-06-01,2026-06-29,20260506_growme_EN_9x16_FX-test_ZT-acceptance_RS-P1X1R3C1_095KB-JR_RMG-3527,not_delivering,,,,260622_AAA_AEO-Purchase_ios_vid_Growme_WW_0504week_英语学习_joy,2,0,0,,,,,,,,0,,,,,
2026-06-01,2026-06-29,20260506_growme_EN_9x16_FX-test_JB-010901_ZT-learn_RS-P2X1R1C1_095KB-HJ_RMG-3530A,not_delivering,,,,260622_AAA_AEO-Purchase_ios_vid_Growme_WW_0504week_英语学习_joy,2,0,0,,,,,,,,0,,,,,
2026-06-01,2026-06-29,20260525_growme_EN_9x16_FX-test_ZT-read_RS-P1X1R3C1_gy,not_delivering,,,,260622_AAA_AEO-Purchase_ios_vid_Growme_WW_0525week_阅读提升英语_joy,36,3.888889,0.14,,,,,,,,2.777778,,13.888889,1,,
2026-06-01,2026-06-29,20260617_GrowMe_EN_9x16_FX-Learning_ZT-10mins_RS-P3X1R1C3_gy,not_delivering,,,,260622_AAA_AEO-Purchase_ios_vid_Growme_WW_0615week_joy,223,1.838565,0.41,,,,,,,,0.896861,0,18.834081,2,,
2026-06-01,2026-06-29,20260617_GrowMe_EN_9x16_FX-Learning_ZT-language_RS-P3X1R1C3_gy_jql,not_delivering,,,,260622_AAA_AEO-Purchase_ios_vid_Growme_WW_0615week_joy,63,1.428571,0.09,,,,,,,,3.174603,0,12.698413,,,
2026-06-01,2026-06-29,20260618_GrowMe_EN_9x16_FX-Learning_ZT-pace_RS-P3X1R1C3_gy_jql,not_delivering,,,,260622_AAA_AEO-Purchase_ios_vid_Growme_WW_0615week_joy,128,2.578125,0.33,,,,,,,,0.78125,0,17.96875,1,,
2026-06-01,2026-06-29,20260616_growme_EN_9x16_FX-Learning_ZT-readextensive_RS-P1X1R3C3_wxx,not_delivering,,,,260622_AAA_AEO-Purchase_ios_vid_Growme_WW_0615week_joy,20,2,0.04,,,,,,,,0,,15,,,
2026-06-01,2026-06-29,20260618_GrowMe_EN_9x16_FX-Learning_ZT-listen_RS-P3X1R1C3_gy_jql,not_delivering,,,,260622_AAA_AEO-Purchase_ios_vid_Growme_WW_0615week_joy,308,3.831169,1.18,,,,,,,,2.272727,0,16.883117,3,,
2026-06-01,2026-06-29,20260617_GrowMe_EN_9x16_FX-Mindset_ZT-gentle1_RS-P3X1R1C3_gy_jql,not_delivering,,,,260622_AAA_AEO-Purchase_ios_vid_Growme_WW_0615week_joy,15,1.333333,0.02,,,,,,,,0,,26.666667,1,,
2026-06-01,2026-06-29,20260616_GrowMe_EN_9x16_FX-LifeLessons_ZT-water_RS-P3X1R1C3_gy_jql,not_delivering,6,actions:app_custom_event.fb_mobile_purchase,56.74666667,260622_AAA_AEO-Purchase_ios_vid_Growme_WW_0615week_joy,137503,2.476164,340.48,279,1.220358,12,28.373333,6,56.746667,0.377496,1.879232,0.27955912,14.424413,1214,,
2026-06-01,2026-06-29,20260615_growme_EN_9x16_FX-LifeLessons_ZT-positive_RS-P1X1R3C3_wxx,not_delivering,,,,260622_AAA_AEO-Purchase_ios_vid_Growme_WW_0615week_joy,70,1.428571,0.1,,,,,,,,0,,12.857143,,,
2026-06-01,2026-06-29,20260604_GrowMe_EN_9x16_FX-Mindset_ZT-strat_RS-P3X1R1C3_fj_jql,active,,,,260622_AAA_AEO-Purchase_ios_vid_Growme_T2头部_0601week_joy,59,5.084746,0.3,,,,,,,,1.694915,,18.644068,,,
2026-06-01,2026-06-29,20260601_GrowMe_EN_9x16_FX-Learning_ZT-life_RS-P3X1R1C3_gy,active,,,,260622_AAA_AEO-Purchase_ios_vid_Growme_T2头部_0601week_joy,21,5.238095,0.11,,,,,,,,0,,4.761905,,,
2026-06-01,2026-06-29,20260603_GrowMe_0_EN_9x16_FX-Learning_ZT-speak_RS-P3X1R1C3_gy,active,29,actions:app_custom_event.fb_mobile_purchase,49.57931034,260622_AAA_AEO-Purchase_ios_vid_Growme_T2头部_0601week_joy,756346,1.900982,1437.8,910,1.58,45,31.951111,29,49.57931,0.445764,1.448411,0.18950437,15.691628,11459,,
2026-06-01,2026-06-29,20260602_growme_EN_9x16_FX-Quotes_ZT-book_RS-P1X1R3C3_wxx,active,,,,260622_AAA_AEO-Purchase_ios_vid_Growme_T2头部_0601week_joy,235,4.851064,1.14,,,,,,,,1.276596,0,23.829787,4,,
2026-06-01,2026-06-29,"20260604_GrowMe_EN_9x16_FX-EmotionalHealth_ZT- anxiety_RS-P3X1R1C3_fj_jql",active,,,,260622_AAA_AEO-Purchase_ios_vid_Growme_T2头部_0601week_joy,17,4.117647,0.07,,,,,,,,5.882353,,52.941176,,,
2026-06-01,2026-06-29,20260525_growme_EN_9x16_FX-test_ZT-zixin_RS-P1X1R3C1_gy,active,,,,260622_AAA_AEO-Purchase_ios_vid_Growme_T2头部_阅读提升英语_joy,135,6.888889,0.93,1,0.93,,,,,,2.222222,0.25,15.555556,2,,
2026-06-01,2026-06-29,20260525_growme_EN_9x16_FX-test_ZT-read_RS-P1X1R3C1_gy,active,,,,260622_AAA_AEO-Purchase_ios_vid_Growme_T2头部_阅读提升英语_joy,36,11.111111,0.4,,,,,,,,2.777778,,36.111111,1,,
2026-06-01,2026-06-29,20260602_GrowMe_0_EN_9x16_FX-Learning_ZT-read_RS-P3X1R1C3_gy,active,,,,260622_AAA_AEO-Purchase_ios_vid_Growme_T2头部_0601week_joy,6980,2.732092,19.07,8,2.38375,,,,,,0.988539,0.22222222,15.057307,110,,
2026-06-01,2026-06-29,20260525_GrowMe_EN_9x16_FX-test_ZT-confidence_RS-P3X1R1C3_fj,active,,,,260622_AAA_AEO-Purchase_ios_vid_Growme_T2头部_阅读提升英语_joy,3,0,0,,,,,,,,0,,,,,
2026-06-01,2026-06-29,20260525_growme_EN_9x16_FX-test_ZT-opinion_RS-P1X1R3C1_gy,active,,,,260622_AAA_AEO-Purchase_ios_vid_Growme_T2头部_阅读提升英语_joy,16,5,0.08,,,,,,,,0,,18.75,,,
2026-06-01,2026-06-29,20260525_growme_EN_9x16_FX-test_ZT-education_RS-P1X1R3C1_gy,active,,,,260622_AAA_AEO-Purchase_ios_vid_Growme_T2头部_阅读提升英语_joy,10,3,0.03,,,,,,,,0,,20,,,
2026-06-01,2026-06-29,20260525_GrowMe_EN_9x16_FX-test_ZT-talkabout_RS-P3X1R1C3_fj,active,,,,260622_AAA_AEO-Purchase_ios_vid_Growme_T2头部_阅读提升英语_joy,42,2.857143,0.12,,,,,,,,4.761905,,21.428571,3,,
2026-06-01,2026-06-29,20260525_growme_EN_9x16_FX-test_ZT-confidence_RS-P1X1R3C1_gy,active,,,,260622_AAA_AEO-Purchase_ios_vid_Growme_T2头部_阅读提升英语_joy,12,1.666667,0.02,,,,,,,,0,,25,,,
2026-06-01,2026-06-29,20260525_growme_EN_9x16_FX-test_ZT-love_RS-P1X1R3C1_gy,active,,,,260622_AAA_AEO-Purchase_ios_vid_Growme_T2头部_阅读提升英语_joy,93,3.44086,0.32,,,,,,,,6.451613,0,21.505376,2,,
2026-06-01,2026-06-29,20260525_GrowMe_EN_9x16_FX-test_ZT-timedont_RS-P3X1R1C3_fj,active,,,,260622_AAA_AEO-Purchase_ios_vid_Growme_T2头部_阅读提升英语_joy,15,4,0.06,,,,,,,,6.666667,0,33.333333,1,,
2026-06-01,2026-06-29,20260525_GrowMe_EN_9x16_FX-test_ZT-news_RS-P3X1R1C3_fj,active,,,,260622_AAA_AEO-Purchase_ios_vid_Growme_T2头部_阅读提升英语_joy,15,4.666667,0.07,,,,,,,,6.666667,,20,,,
2026-06-01,2026-06-29,20260525_GrowMe_EN_9x16_FX-test_ZT-timedont_RS-P3X1R1C3_fj,not_delivering,,,,260622_AAA_AEO-Purchase_ios_vid_Growme_WW_0525week_阅读提升英语_joy,5,0,0,,,,,,,,0,,40,,,
2026-06-01,2026-06-29,20260616_GrowMe_EN_9x16_FX-LifeLessons_ZT-water_RS-P3X1R1C3_gy_jql,active,16,actions:app_custom_event.fb_mobile_purchase,62.62875,260622_AAA_AEO-Purchase_ios_vid_Growme_T1_0615week_joy,122499,8.180148,1002.06,269,3.72513,43,23.303721,16,62.62875,0.305002,2.12165,0.26320939,18.252394,824,,
2026-06-01,2026-06-29,20260615_growme_EN_9x16_FX-LifeLessons_ZT-positive_RS-P1X1R3C3_wxx,active,,,,260622_AAA_AEO-Purchase_ios_vid_Growme_T1_0615week_joy,69,8.985507,0.62,,,,,,,,0,,20.289855,2,,
2026-06-01,2026-06-29,20260618_GrowMe_EN_9x16_FX-Learning_ZT-listen_RS-P3X1R1C3_gy_jql,active,,,,260622_AAA_AEO-Purchase_ios_vid_Growme_T1_0615week_joy,96,12.708333,1.22,,,,,,,,3.125,0,16.666667,1,,
2026-06-01,2026-06-29,20260618_GrowMe_EN_9x16_FX-Learning_ZT-pace_RS-P3X1R1C3_gy_jql,active,,,,260622_AAA_AEO-Purchase_ios_vid_Growme_T1_0615week_joy,391,12.02046,4.7,2,2.35,,,,,,0.511509,2,22.250639,4,,
2026-06-01,2026-06-29,20260617_GrowMe_EN_9x16_FX-Learning_ZT-language_RS-P3X1R1C3_gy_jql,active,,,,260622_AAA_AEO-Purchase_ios_vid_Growme_T1_0615week_joy,37,16.216216,0.6,,,,,,,,2.702703,0,8.108108,,,
2026-06-01,2026-06-29,20260617_GrowMe_EN_9x16_FX-Mindset_ZT-gentle1_RS-P3X1R1C3_gy_jql,active,,,,260622_AAA_AEO-Purchase_ios_vid_Growme_T1_0615week_joy,407,11.646192,4.74,,,,,,,,0.982801,0,18.181818,2,,
2026-06-01,2026-06-29,20260616_growme_EN_9x16_FX-Learning_ZT-readextensive_RS-P1X1R3C3_wxx,active,,,,260622_AAA_AEO-Purchase_ios_vid_Growme_T1_0615week_joy,7,4.285714,0.03,,,,,,,,0,,14.285714,1,,
2026-06-01,2026-06-29,20260617_GrowMe_EN_9x16_FX-Learning_ZT-10mins_RS-P3X1R1C3_gy,active,,,,260622_AAA_AEO-Purchase_ios_vid_Growme_T1_0615week_joy,598,8.311037,4.97,,,,,,,,0.668896,0,12.876254,3,,
2026-06-01,2026-06-29,20260601_growme_EN_9x16_FX-lifelessons_ZT-education_RS-P1X1R3C3_wxx,active,,,,260622_AAA_AEO-Purchase_ios_vid_Growme_T2头部_0601week_joy,8,13.75,0.11,,,,,,,,0,,50,,,
2026-06-01,2026-06-29,20260525_growme_EN_9x16_FX-test_ZT-niupizhi_RS-P1X1R3C1_gy,active,31,actions:app_custom_event.fb_mobile_purchase,42.95580645,260622_AAA_AEO-Purchase_ios_vid_Growme_T2头部_阅读提升英语_joy,493263,2.699635,1331.63,951,1.400242,50,26.6326,31,42.955806,0.520723,1.233014,0.30559126,13.752907,5493,,
2026-06-01,2026-06-29,20260525_GrowMe_EN_9x16_FX-test_ZT-hello-ai_RS-P3X1R1C3_fj,active,,,,260622_AAA_AEO-Purchase_ios_vid_Growme_T2头部_阅读提升英语_joy,79,4.43038,0.35,,,,,,,,5.063291,0,16.455696,,,
2026-06-01,2026-06-29,20260601_GrowMe_EN_9x16_FX-Communication_ZT-read_RS-P3X1R1C3_gy,active,,,,260622_AAA_AEO-Purchase_ios_vid_Growme_T2头部_0601week_joy,9,1.111111,0.01,,,,,,,,0,,22.222222,,,
2026-06-01,2026-06-29,20260603_GrowMe_EN_9x16_FX-fear_ZT-d1_RS-P3X1R1C3_fj,active,,,,260622_AAA_AEO-Purchase_ios_vid_Growme_T2头部_0601week_joy,5,0,0,,,,,,,,0,,40,,,
2026-06-01,2026-06-29,20260615_growme_EN_9x16_FX-LifeLessons_ZT-positive_RS-P1X1R3C3_wxx,active,2,actions:app_custom_event.fb_mobile_purchase,3.785,260622_AAA_AEO-Purchase_ios_vid_Growme_T2_0615week_joy,3444,2.198026,7.57,7,1.081429,1,7.57,2,3.785,7.112285,1.945412,0.125,24.622532,75,,
2026-06-01,2026-06-29,20260617_GrowMe_EN_9x16_FX-Mindset_ZT-gentle1_RS-P3X1R1C3_gy_jql,active,,,,260622_AAA_AEO-Purchase_ios_vid_Growme_T2_0615week_joy,1056,1.543561,1.63,1,1.63,,,,,,3.219697,0.03225806,30.681818,19,,
2026-06-01,2026-06-29,20260616_GrowMe_EN_9x16_FX-LifeLessons_ZT-water_RS-P3X1R1C3_gy_jql,active,76,actions:app_custom_event.fb_mobile_purchase,24.57407895,260622_AAA_AEO-Purchase_ios_vid_Growme_T2_0615week_joy,1061652,1.759173,1867.63,1843,1.013364,114,16.382719,76,24.574079,0.762988,1.385388,0.21427741,16.08691,10514,,
2026-06-01,2026-06-29,20260618_GrowMe_EN_9x16_FX-Learning_ZT-listen_RS-P3X1R1C3_gy_jql,active,,,,260622_AAA_AEO-Purchase_ios_vid_Growme_T2_0615week_joy,2871,2.135145,6.13,2,3.065,2,3.065,,,,2.681992,0.02739726,20.097527,17,,
2026-06-01,2026-06-29,20260618_GrowMe_EN_9x16_FX-Learning_ZT-pace_RS-P3X1R1C3_gy_jql,active,,,,260622_AAA_AEO-Purchase_ios_vid_Growme_T2_0615week_joy,9388,1.919472,18.02,17,1.06,,,,,,1.661696,0.11486486,23.583298,96,,
2026-06-01,2026-06-29,20260617_GrowMe_EN_9x16_FX-Learning_ZT-language_RS-P3X1R1C3_gy_jql,active,,,,260622_AAA_AEO-Purchase_ios_vid_Growme_T2_0615week_joy,1967,1.723437,3.39,,,,,,,,3.558719,0,24.55516,8,,
2026-06-01,2026-06-29,20260617_GrowMe_EN_9x16_FX-Learning_ZT-10mins_RS-P3X1R1C3_gy,active,,,,260622_AAA_AEO-Purchase_ios_vid_Growme_T2_0615week_joy,8458,1.585481,13.41,15,0.894,,,,,,2.11634,0.08064516,26.412864,178,,
2026-06-01,2026-06-29,20260616_growme_EN_9x16_FX-Learning_ZT-readextensive_RS-P1X1R3C3_wxx,active,,,,260622_AAA_AEO-Purchase_ios_vid_Growme_T2_0615week_joy,715,1.846154,1.32,,,,,,,,1.958042,0,36.083916,7,,
2026-06-01,2026-06-29,20260622_GrowMe_EN_9x16_FX-LifeLessons_ZT-responsibility_RS-P3X1R1C3_fj,inactive,15,actions:app_custom_event.fb_mobile_purchase,45.16533333,260623_ABO_AEO-Purchase_ios_vid_Growme_WW_0622_joy,224164,3.022252,677.48,274,2.472555,21,32.260952,15,45.165333,0.392381,1.090719,0.20251293,12.121482,1333,,
2026-06-01,2026-06-29,20260622_GrowMe_EN_9x16_FX-Learning_ZT-tigao_RS-P3X1R1C3_fj,inactive,,,,260623_ABO_AEO-Purchase_ios_vid_Growme_WW_0622_joy,20717,2.567939,53.2,41,1.297561,,,,,,1.168123,0.25153374,11.478496,87,,
2026-06-01,2026-06-29,20260622_GrowMe_EN_9x16_FX-Learning_ZT-english_RS-P3X1R1C3_fj,inactive,,,,260623_ABO_AEO-Purchase_ios_vid_Growme_WW_0622_joy,8423,3.02505,25.48,9,2.831111,,,,,,1.519649,0.10588235,16.763623,93,,
2026-06-01,2026-06-29,20260622_GrowMe_EN_9x16_FX-Learning_ZT-yourself_RS-P3X1R1C3_fj,active,,,,260623_ABO_AEO-Purchase_ios_vid_Growme_WW_0622_joy,1278,2.910798,3.72,1,3.72,,,,,,1.251956,0.08333333,16.197183,12,,
2026-06-01,2026-06-29,"20260622_GrowMe_EN_9x16_FX-Learning_ZT-social media_RS-P3X1R1C3_fj",inactive,,,,260623_ABO_AEO-Purchase_ios_vid_Growme_WW_0622_joy,12086,2.772629,33.51,7,4.787143,,,,,,1.166639,0.09459459,12.841304,108,,
2026-06-01,2026-06-29,20260622_GrowMe_EN_9x16_FX-LifeLessons_ZT-choice_RS-P3X1R1C3_gy,active,,,,260623_ABO_AEO-Purchase_ios_vid_Growme_WW_0622_joy,46,2.608696,0.12,,,,,,,,4.347826,0,23.913043,2,,
2026-06-01,2026-06-29,20260622_GrowMe_EN_9x16_FX-Learning_ZT-speaking_RS-P3X1R1C3_gy,inactive,1,actions:app_custom_event.fb_mobile_purchase,121.03,260623_ABO_AEO-Purchase_ios_vid_Growme_WW_0622_joy,73063,1.656516,121.03,97,1.247732,5,24.206,1,121.03,0.125093,0.982714,0.26430518,15.319656,686,,
2026-06-01,2026-06-29,20260622_GrowMe_EN_9x16_FX-LifeLessons_ZT-responsibility_RS-P3X1R1C3_gy,active,,,,260623_ABO_AEO-Purchase_ios_vid_Growme_WW_0622_joy,508,3.031496,1.54,,,,,,,,0.787402,,23.425197,4,,
2026-06-01,2026-06-29,20260622_GrowMe_EN_9x16_FX-Mindset_ZT-confident_RS-P3X1R1C3_gy,inactive,,,,260623_ABO_AEO-Purchase_ios_vid_Growme_WW_0622_joy,31719,2.1082,66.87,35,1.910571,,,,,,0.769255,0.26119403,16.605189,448,,
2026-06-01,2026-06-29,20260622_GrowMe_EN_9x16_FX-Learning_ZT-English_RS-P3X1R1C3_gy,inactive,,,,260623_ABO_AEO-Purchase_ios_vid_Growme_WW_0622_joy,9830,2.238047,22,9,2.444444,,,,,,0.701933,0.27272727,16.073245,84,,
2026-06-01,2026-06-29,20260616_GrowMe_EN_9x16_FX-LifeLessons_ZT-water_RS-P3X1R1C3_gy_jql,not_delivering,1,actions:app_custom_event.fb_mobile_purchase,116.65,260623_AAA_AEO-Purchase_ios_vid_Growme_T2头部_0615week_joy,55393,2.105862,116.65,89,1.310674,5,23.33,1,116.65,0.116588,1.648223,0.24517906,14.236456,604,,
2026-06-01,2026-06-29,20260615_growme_EN_9x16_FX-LifeLessons_ZT-positive_RS-P1X1R3C3_wxx,not_delivering,,,,260623_AAA_AEO-Purchase_ios_vid_Growme_T2头部_0615week_joy,98,3.77551,0.37,,,,,,,,1.020408,0,7.142857,1,,
2026-06-01,2026-06-29,20260617_GrowMe_EN_9x16_FX-Mindset_ZT-gentle1_RS-P3X1R1C3_gy_jql,not_delivering,,,,260623_AAA_AEO-Purchase_ios_vid_Growme_T2头部_0615week_joy,3,0,0,,,,,,,,0,,,,,
2026-06-01,2026-06-29,20260618_GrowMe_EN_9x16_FX-Learning_ZT-listen_RS-P3X1R1C3_gy_jql,not_delivering,,,,260623_AAA_AEO-Purchase_ios_vid_Growme_T2头部_0615week_joy,156,4.807692,0.75,3,0.25,,,,,,4.487179,0.6,16.025641,,,
2026-06-01,2026-06-29,20260525_GrowMe_EN_9x16_FX-test_ZT-learning_RS-P3X1R1C3_fj,active,,,,260622_AAA_AEO-Purchase_ios_vid_Growme_T2头部_阅读提升英语_joy,2,0,0,,,,,,,,0,,,,,
2026-06-01,2026-06-29,20260616_growme_EN_9x16_FX-Learning_ZT-readextensive_RS-P1X1R3C3_wxx,not_delivering,,,,260623_AAA_AEO-Purchase_ios_vid_Growme_T2头部_0615week_joy,7,5.714286,0.04,,,,,,,,14.285714,0,14.285714,,,
2026-06-01,2026-06-29,20260618_GrowMe_EN_9x16_FX-Learning_ZT-pace_RS-P3X1R1C3_gy_jql,not_delivering,,,,260623_AAA_AEO-Purchase_ios_vid_Growme_T2头部_0615week_joy,25,2.4,0.06,,,,,,,,0,,16,,,
2026-06-01,2026-06-29,20260617_GrowMe_EN_9x16_FX-Learning_ZT-language_RS-P3X1R1C3_gy_jql,not_delivering,,,,260623_AAA_AEO-Purchase_ios_vid_Growme_T2头部_0615week_joy,13,1.538462,0.02,,,,,,,,0,,15.384615,,,
2026-06-01,2026-06-29,20260617_GrowMe_EN_9x16_FX-Learning_ZT-10mins_RS-P3X1R1C3_gy,not_delivering,,,,260623_AAA_AEO-Purchase_ios_vid_Growme_T2头部_0615week_joy,20,0.5,0.01,,,,,,,,0,,,,,
2026-06-01,2026-06-29,"20260611_GrowMe_EN_9x16_FX-Learning_ZT-Reading habits_RS-P3X1R1C3_fj",inactive,,,,260623_ABO_AEO-Purchase_ios_vid_Growme_WW_0608week_joy,9711,2.308722,22.42,16,1.40125,,,,,,0.957677,0.29090909,17.619195,89,,
2026-06-01,2026-06-29,20260608_GrowMe_EN_9x16_FX-LifeLessons_ZT-self_RS-P3X1R1C3_gy,inactive,22,actions:app_custom_event.fb_mobile_purchase,43.80772727,260623_ABO_AEO-Purchase_ios_vid_Growme_WW_0608week_joy,303546,3.175038,963.77,407,2.367985,46,20.951522,22,43.807727,0.538936,1.142496,0.28601546,15.198355,4021,,
2026-06-01,2026-06-29,20260609_GrowMe_EN_9x16_FX-Mindset_ZT-think_RS-P3X1R1C3_gy_jql,active,5,actions:app_custom_event.fb_mobile_purchase,13.442,260623_ABO_AEO-Purchase_ios_vid_Growme_WW_0608week_joy,34653,1.939515,67.21,30,2.240333,5,13.442,5,13.442,1.445618,0.582922,0.2970297,15.222347,256,,
2026-06-01,2026-06-29,20260611_GrowMe_EN_9x16_FX-LifeLessons_ZT-life_RS-P3X1R1C3_gy_jql,active,,,,260623_ABO_AEO-Purchase_ios_vid_Growme_WW_0608week_joy,108,2.685185,0.29,,,,,,,,3.703704,0,21.296296,5,,
2026-06-01,2026-06-29,20260612_growme_EN_9x16_FX-LifeLessons_ZT-patience_RS-P1X1R3C3_wxx,active,,,,260623_ABO_AEO-Purchase_ios_vid_Growme_WW_0608week_joy,63,1.111111,0.07,,,,,,,,3.174603,,19.047619,,,
2026-06-01,2026-06-29,20260610_GrowMe_EN_9x16_FX-Learning_ZT-english_RS-P3X1R1C3_gy,active,,,,260623_ABO_AEO-Purchase_ios_vid_Growme_WW_0608week_joy,1705,2.762463,4.71,1,4.71,,,,,,1.70088,0.0625,17.536657,14,,
2026-06-01,2026-06-29,20260623_growme_EN_9x16_FX-LifeLessons_ZT-readvsnotread_RS-P1X1R3C3_wxx,active,,,,260624_ABO_AEO-Purchase_ios_vid_Growme_WW_0623_joy,3634,1.620804,5.89,,,,,,,,0.550358,0,51.816181,409,,
2026-06-01,2026-06-29,20260623_growme_EN_9x16_FX-LifeLessons_ZT-capable_RS-P1X1R3C3_wxx,active,,,,260624_ABO_AEO-Purchase_ios_vid_Growme_WW_0623_joy,201,3.333333,0.67,,,,,,,,2.487562,0,25.373134,5,,
2026-06-01,2026-06-29,20260623_growme_EN_9x16_FX-Mindset_ZT-comfortzone_RS-P1X1R3C3_wxx,active,,,,260624_ABO_AEO-Purchase_ios_vid_Growme_WW_0623_joy,331,3.413897,1.13,,,,,,,,1.208459,0,20.543807,3,,
2026-06-01,2026-06-29,20260623_GrowMe_EN_9x16_FX-Learning_ZT-english-2_RS-P3X1R1C3_fj,active,3,actions:app_custom_event.fb_mobile_purchase,35.51333333,260624_ABO_AEO-Purchase_ios_vid_Growme_WW_0623_joy,45920,2.320122,106.54,66,1.614242,3,35.513333,3,35.513333,0.743383,1.317509,0.13924051,13.684669,339,,
2026-06-01,2026-06-29,20260623_GrowMe_EN_9x16_FX-Learning_ZT-english_RS-P3X1R1C3_fj,active,6,actions:app_custom_event.fb_mobile_purchase,37.49166667,260624_ABO_AEO-Purchase_ios_vid_Growme_WW_0623_joy,85200,2.640258,224.95,71,3.16831,8,28.11875,6,37.491667,0.567815,1.442488,0.09726027,15.998826,1147,,
2026-06-01,2026-06-29,"20260623_GrowMe_EN_9x16_FX-LifeLessons_ZT- change_RS-P3X1R1C3_fj",active,,,,260624_ABO_AEO-Purchase_ios_vid_Growme_WW_0623_joy,13,0.769231,0.01,,,,,,,,0,,7.692308,,,
2026-06-01,2026-06-29,20260623_GrowMe_EN_9x16_FX-LifeLessons_ZT-explain_RS-P3X1R1C3_gy,active,1,actions:app_custom_event.fb_mobile_purchase,22.97,260624_ABO_AEO-Purchase_ios_vid_Growme_WW_0623_joy,6597,3.481886,22.97,5,4.594,1,22.97,1,22.97,1.081846,2.425345,0.04424779,15.249356,101,,
2026-06-01,2026-06-29,20260623_GrowMe_EN_9x16_FX-Learning_ZT-read_RS-P3X1R1C3_gy,active,16,actions:app_custom_event.fb_mobile_purchase,43.754375,260624_ABO_AEO-Purchase_ios_vid_Growme_WW_0623_joy,294959,2.373449,700.07,535,1.308542,22,31.821364,16,43.754375,0.484852,1.076082,0.28187566,12.267129,1567,,
2026-06-01,2026-06-29,20260623_growme_EN_9x16_FX-Learning_ZT-read_RS-P1X1R3C3_wxx,inactive,,,,260624_ABO_AEO-Purchase_ios_vid_Growme_WW_0623_joy,12560,4.422771,55.55,24,2.314583,2,27.775,,,,1.815287,0.16666667,15.262739,117,,
2026-06-01,2026-06-29,20260623_GrowMe_EN_9x16_FX-LifeLessons_ZT-timedont_RS-P3X1R1C3_fj,active,,,,260624_ABO_AEO-Purchase_ios_vid_Growme_WW_0623_joy,116,4.655172,0.54,,,,,,,,0.862069,0,20.689655,1,,
2026-06-01,2026-06-29,20260623_GrowMe_EN_9x16_FX-LifeLessons_ZT-you_RS-P3X1R1C3_fj,active,,,,260624_ABO_AEO-Purchase_ios_vid_Growme_WW_0623_joy,2279,3.861343,8.8,3,2.933333,,,,,,1.623519,0.14285714,19.482229,42,,
2026-06-01,2026-06-29,20260623_GrowMe_EN_9x16_FX-Learning_ZT-fast_RS-P3X1R1C3_gy,inactive,,,,260624_ABO_AEO-Purchase_ios_vid_Growme_WW_0623_joy,12075,2.65176,32.02,11,2.910909,,,,,,0.935818,0.21568627,17.258799,133,,
2026-06-01,2026-06-29,20260623_GrowMe_EN_9x16_FX-Mindset_ZT-age_RS-P3X1R1C3_gy,active,,,,260624_ABO_AEO-Purchase_ios_vid_Growme_WW_0623_joy,284,2.288732,0.65,,,,,,,,3.521127,0,17.957746,3,,
2026-06-01,2026-06-29,20260623_GrowMe_EN_9x16_FX-Mindset_ZT-confidence_RS-P3X1R1C3_gy,active,,,,260624_ABO_AEO-Purchase_ios_vid_Growme_WW_0623_joy,601,3.460899,2.08,,,,,,,,0.831947,0,21.963394,7,,
2026-06-01,2026-06-29,20260623_growme_EN_9x16_FX-Learning_ZT-read2_RS-P1X1R3C3_wxx,active,,,,260624_ABO_AEO-Purchase_ios_vid_Growme_WW_0623_joy,4448,4.253597,18.92,7,2.702857,,,,,,1.461331,0.1627907,19.446942,29,,
2026-06-01,2026-06-29,20260615_GrowMe_EN_9x16_FX-LifeLessons_ZT-future_RS-P3X1R1C3_gy_jql,active,1,actions:app_custom_event.fb_mobile_purchase,18.8,260624_ABO_AEO-Purchase_ios_vid_Growme_WW_0615排最好_joy,6582,2.856275,18.8,19,0.989474,1,18.8,1,18.8,1.915426,1.564874,0.25675676,16.68186,13,,
2026-06-01,2026-06-29,20260615_GrowMe_EN_9x16_FX-Mindset_ZT-optimism_RS-P3X1R1C3_gy_jql,active,,,,260624_ABO_AEO-Purchase_ios_vid_Growme_WW_0615排最好_joy,85,2.352941,0.2,,,,,,,,2.352941,,29.411765,,,
2026-06-01,2026-06-29,"20260612_GrowMe_EN_9x16_FX-Communication_ZT- powerfully_RS-P3X1R1C3_fj",active,,,,260624_ABO_AEO-Purchase_ios_vid_Growme_WW_0615排最好_joy,5,0,0,,,,,,,,0,,20,,,
2026-06-01,2026-06-29,20260615_growme_EN_9x16_FX-test_ZT-niupizhi_LV1-rain_RS-P1X1R3C1_fj,inactive,8,actions:app_custom_event.fb_mobile_purchase,39.68125,260624_ABO_AEO-Purchase_ios_vid_Growme_WW_0615排最好_joy,160357,1.979645,317.45,223,1.423543,17,18.673529,8,39.68125,0.442904,0.927306,0.33433283,16.009279,764,,
2026-06-01,2026-06-29,20260615_GrowMe_EN_9x16_FX-Learning_ZT-learn_RS-P3X1R1C3_gy,inactive,,,,260624_ABO_AEO-Purchase_ios_vid_Growme_WW_0615排最好_joy,15437,1.759409,27.16,20,1.358,,,,,,1.120684,0.19607843,10.565524,39,,
2026-06-01,2026-06-29,20260615_GrowMe_EN_9x16_FX-Learning_ZT-English_RS-P3X1R1C3_gy,inactive,,,,260624_ABO_AEO-Purchase_ios_vid_Growme_WW_0615排最好_joy,12484,2.822012,35.23,25,1.4092,2,17.615,,,,1.137456,0.32467532,16.396988,146,,
2026-06-01,2026-06-29,20260615_GrowMe_EN_9x16_FX-LifeLessons_ZT-dream_RS-P3X1R1C3_gy,inactive,,,,260624_ABO_AEO-Purchase_ios_vid_Growme_WW_0615排最好_joy,10399,3.348399,34.82,21,1.658095,,,,,,2.490624,0.125,18.761419,274,,
2026-06-01,2026-06-29,"20260612_GrowMe_EN_9x16_FX- Learning_ZT- future_RS-P3X1R1C3_fj",active,,,,260624_ABO_AEO-Purchase_ios_vid_Growme_WW_0615排最好_joy,290,1.689655,0.49,,,,,,,,1.034483,0,24.482759,6,,
2026-06-01,2026-06-29,20260615_growme_EN_9x16_FX-Learning_ZT-practive_RS-P1X1R3C3_wxx,inactive,,,,260624_ABO_AEO-Purchase_ios_vid_Growme_WW_0615排最好_joy,31486,1.75316,55.2,45,1.226667,,,,,,1.25135,0.38793103,15.276631,118,,
2026-06-01,2026-06-29,20260615_GrowMe_EN_9x16_FX-Habits_ZT-learn_RS-P3X1R1C3_gy_jql,active,,,,260624_ABO_AEO-Purchase_ios_vid_Growme_WW_0615排最好_joy,154,1.883117,0.29,,,,,,,,2.597403,0,26.623377,,,
2026-06-01,2026-06-29,"20260612_GrowMe_EN_9x16_FX-Book Reading_ZT-true yuyan_RS-P3X1R1C3_fj",active,,,,260624_ABO_AEO-Purchase_ios_vid_Growme_WW_0615排最好_joy,26,1.923077,0.05,,,,,,,,0,,15.384615,,,
2026-06-01,2026-06-29,20260612_GrowMe_EN_9x16_FX-Communication_ZT-communication_RS-P3X1R1C3_fj,active,,,,260624_ABO_AEO-Purchase_ios_vid_Growme_WW_0615排最好_joy,9184,1.295732,11.9,7,1.7,,,,,,1.08885,0.11666667,16.430749,102,,
2026-06-01,2026-06-29,20260615_GrowMe_EN_9x16_FX-LifeLessons_ZT-zhencheng_RS-P3X1R1C3_gy,active,,,,260624_ABO_AEO-Purchase_ios_vid_Growme_WW_0615排最好_joy,4086,2.359276,9.64,5,1.928,,,,,,1.419481,0.22727273,18.012726,45,,
2026-06-01,2026-06-29,20260615_growme_EN_9x16_FX-Faith_ZT-amen_RS-P1X1R3C3_wxx,active,3,actions:app_custom_event.fb_mobile_purchase,42.25,260624_ABO_AEO-Purchase_ios_vid_Growme_WW_0615排最好_joy,26690,4.74897,126.75,26,4.875,3,42.25,3,42.25,0.480394,1.57737,0.0797546,20.554515,377,,
2026-06-01,2026-06-29,"20260612_GrowMe_EN_9x16_FX- Learning_ZT- study_RS-P3X1R1C3_fj",active,,,,260624_ABO_AEO-Purchase_ios_vid_Growme_WW_0615排最好_joy,434,3.110599,1.35,,,,,,,,3.225806,0,18.894009,2,,
2026-06-01,2026-06-29,"20260615_GrowMe_EN_9x16_FX-Challenge_ZT-Follow along_RS-P3X1R1C3_fj",active,,,,260624_ABO_AEO-Purchase_ios_vid_Growme_WW_0615排最好_joy,251,3.187251,0.8,1,0.8,,,,,,1.593626,0.25,26.693227,3,,
2026-06-01,2026-06-29,20260615_GrowMe_EN_9x16_FX-Successful_ZT-communicate_RS-P3X1R1C3_fj,active,,,,260624_ABO_AEO-Purchase_ios_vid_Growme_WW_0615排最好_joy,7082,2.77464,19.65,10,1.965,,,,,,1.284948,0.19607843,19.627224,57,,
2026-06-01,2026-06-29,20260615_GrowMe_EN_9x16_FX-Learning_ZT-speech_RS-P3X1R1C3_fj,active,,,,260624_ABO_AEO-Purchase_ios_vid_Growme_WW_0615排最好_joy,5039,1.92697,9.71,9,1.078889,,,,,,1.289938,0.24324324,19.805517,44,,
2026-06-01,2026-06-29,20260615_GrowMe_EN_9x16_FX-Creative_ZT-11things_LV1-scape_RS-P3X1R1C3_fj,active,,,,260624_ABO_AEO-Purchase_ios_vid_Growme_WW_0615排最好_joy,738,4.579946,3.38,,,,,,,,1.761518,0,26.693767,14,,
2026-06-01,2026-06-29,20260615_GrowMe_EN_9x16_FX-LifeLessons_ZT-advice_RS-P3X1R1C3_gy_jql,inactive,,,,260624_ABO_AEO-Purchase_ios_vid_Growme_WW_0615排最好_joy,13161,1.825849,24.03,9,2.67,,,,,,0.714231,0.16981132,16.503305,27,,
2026-06-01,2026-06-29,20260615_GrowMe_EN_9x16_FX-LifeLessons_ZT-explain_RS-P3X1R1C3_gy,active,,,,260624_ABO_AEO-Purchase_ios_vid_Growme_WW_0615排最好_joy,50,1.4,0.07,,,,,,,,2,0,28,,,
2026-06-01,2026-06-29,20260615_GrowMe_EN_9x16_FX-SelfImprovement_ZT-better_RS-P3X1R1C3_gy_jql,active,,,,260624_ABO_AEO-Purchase_ios_vid_Growme_WW_0615排最好_joy,62663,2.014746,126.25,37,3.412162,2,63.125,,,,0.608014,0.21637427,14.132742,132,,
2026-06-01,2026-06-29,20260615_GrowMe_EN_9x16_FX-Financet_ZT-rich_RS-P3X1R1C3_gy_jql,active,,,,260624_ABO_AEO-Purchase_ios_vid_Growme_WW_0615排最好_joy,125,1.76,0.22,,,,,,,,2.4,0,19.2,3,,
2026-06-01,2026-06-29,20260615_GrowMe_EN_9x16_FX-Quetes_ZT-everything_RS-P3X1R1C3_gy_jql,active,,,,260624_ABO_AEO-Purchase_ios_vid_Growme_WW_0615排最好_joy,345,1.536232,0.53,,,,,,,,1.15942,0,15.072464,2,,
2026-06-01,2026-06-29,20260615_GrowMe_EN_9x16_FX-LifeLessons_ZT-try_RS-P3X1R1C3_gy_jql,active,,,,260624_ABO_AEO-Purchase_ios_vid_Growme_WW_0615排最好_joy,410,2.243902,0.92,,,,,,,,0.487805,,20,2,,
2026-06-01,2026-06-29,20260615_GrowMe_EN_9x16_FX-LifeLessons_ZT-stuck_RS-P3X1R1C3_gy_jql,active,,,,260624_ABO_AEO-Purchase_ios_vid_Growme_WW_0615排最好_joy,2250,3.688889,8.3,2,4.15,,,,,,1.244444,0.13333333,16.711111,3,,
2026-06-01,2026-06-29,20260525_growme_EN_9x16_FX-test_ZT-read_RS-P1X1R3C1_gy,not_delivering,,,,260622_AAA_AEO-Purchase_ios_vid_Growme_WW_0525week_阅读提升英语_joy,17,1.176471,0.02,,,,,,,,0,,23.529412,,,
2026-06-01,2026-06-29,20260525_GrowMe_EN_9x16_FX-test_ZT-hello-ai_RS-P3X1R1C3_fj,not_delivering,,,,260622_AAA_AEO-Purchase_ios_vid_Growme_WW_0525week_阅读提升英语_joy,20,2,0.04,,,,,,,,0,,30,1,,
2026-06-01,2026-06-29,20260525_GrowMe_EN_9x16_FX-test_ZT-talkabout_RS-P3X1R1C3_fj,not_delivering,,,,260622_AAA_AEO-Purchase_ios_vid_Growme_WW_0525week_阅读提升英语_joy,14,2.142857,0.03,,,,,,,,7.142857,0,28.571429,1,,
2026-06-01,2026-06-29,20260525_growme_EN_9x16_FX-test_ZT-confidence_RS-P1X1R3C1_gy,not_delivering,,,,260622_AAA_AEO-Purchase_ios_vid_Growme_WW_0525week_阅读提升英语_joy,3,0,0,,,,,,,,0,,33.333333,1,,
2026-06-01,2026-06-29,20260525_growme_EN_9x16_FX-test_ZT-education_RS-P1X1R3C1_gy,not_delivering,,,,260622_AAA_AEO-Purchase_ios_vid_Growme_WW_0525week_阅读提升英语_joy,3,3.333333,0.01,,,,,,,,0,,33.333333,,,
2026-06-01,2026-06-29,20260525_GrowMe_EN_9x16_FX-test_ZT-news_RS-P3X1R1C3_fj,not_delivering,,,,260622_AAA_AEO-Purchase_ios_vid_Growme_WW_0525week_阅读提升英语_joy,2,0,0,,,,,,,,0,,,,,
2026-06-01,2026-06-29,20260525_GrowMe_EN_9x16_FX-test_ZT-confidence_RS-P3X1R1C3_fj,not_delivering,,,,260622_AAA_AEO-Purchase_ios_vid_Growme_WW_0525week_阅读提升英语_joy,2,0,0,,,,,,,,0,,,,,
2026-06-01,2026-06-29,20260617_GrowMe_EN_9x16_FX-Learning_ZT-10mins_RS-P3X1R1C3_gy,not_delivering,,,,260622_AAA_AEO-Purchase_ios_vid_Growme_WW_0615week_joy,98,0.714286,0.07,,,,,,,,2.040816,,17.346939,2,,
2026-06-01,2026-06-29,"20260508_GrowMe_EN_9x16_FX-test_ZT- read_RS-P3X1R1C3_fj",not_delivering,,,,260622_AAA_AEO-Purchase_ios_vid_Growme_WW_0504week_英语学习_joy,2,0,0,,,,,,,,0,,,,,
2026-06-01,2026-06-29,20260506_GrowMe_EN_9x16_FX-test_ZT-easyenglish_RS-P3X1R1C3_fj,not_delivering,,,,260622_AAA_AEO-Purchase_ios_vid_Growme_WW_0504week_英语学习_joy,224,2.008929,0.45,,,,,,,,1.339286,0,13.392857,,,
2026-06-01,2026-06-29,20260508_growme_EN_9x16_FX-test_ZT-listen_RS-P1X1R3C3_wxx,not_delivering,,,,260622_AAA_AEO-Purchase_ios_vid_Growme_WW_0504week_英语学习_joy,1763,4.957459,8.74,1,8.74,,,,,,2.495746,0.04166667,30.402723,39,,
2026-06-01,2026-06-29,"20260507_GrowMe_EN_9x16_FX-test_ZT-try new_RS-P3X1R1C3_fj",not_delivering,,,,260622_AAA_AEO-Purchase_ios_vid_Growme_WW_0504week_英语学习_joy,12,0,0,,,,,,,,0,,8.333333,,,
2026-06-01,2026-06-29,20260525_growme_EN_9x16_FX-test_ZT-niupizhi_RS-P1X1R3C1_gy,not_delivering,4,actions:app_custom_event.fb_mobile_purchase,22.6725,260622_AAA_AEO-Purchase_ios_vid_Growme_WW_0525week_阅读提升英语_joy,38918,2.330284,90.69,62,1.462742,5,18.138,4,22.6725,0.51472,1.320726,0.26495726,14.296726,403,,
2026-06-01,2026-06-29,20260617_GrowMe_EN_9x16_FX-Learning_ZT-language_RS-P3X1R1C3_gy_jql,not_delivering,,,,260622_AAA_AEO-Purchase_ios_vid_Growme_WW_0615week_joy,30,0.333333,0.01,,,,,,,,0,,13.333333,,,
2026-06-01,2026-06-29,20260618_GrowMe_EN_9x16_FX-Learning_ZT-pace_RS-P3X1R1C3_gy_jql,not_delivering,,,,260622_AAA_AEO-Purchase_ios_vid_Growme_WW_0615week_joy,29,1.724138,0.05,,,,,,,,3.448276,,27.586207,3,,
2026-06-01,2026-06-29,20260617_GrowMe_EN_9x16_FX-Mindset_ZT-gentle1_RS-P3X1R1C3_gy_jql,not_delivering,,,,260622_AAA_AEO-Purchase_ios_vid_Growme_WW_0615week_joy,3,0,0,,,,,,,,0,,33.333333,,,
2026-06-01,2026-06-29,20260618_GrowMe_EN_9x16_FX-Learning_ZT-listen_RS-P3X1R1C3_gy_jql,not_delivering,,,,260622_AAA_AEO-Purchase_ios_vid_Growme_WW_0615week_joy,61,2.786885,0.17,,,,,,,,3.278689,0,16.393443,,,
2026-06-01,2026-06-29,20260616_growme_EN_9x16_FX-Learning_ZT-readextensive_RS-P1X1R3C3_wxx,not_delivering,,,,260622_AAA_AEO-Purchase_ios_vid_Growme_WW_0615week_joy,4,0,0,,,,,,,,0,,25,,,
2026-06-01,2026-06-29,20260615_growme_EN_9x16_FX-LifeLessons_ZT-positive_RS-P1X1R3C3_wxx,not_delivering,,,,260622_AAA_AEO-Purchase_ios_vid_Growme_WW_0615week_joy,26,0.384615,0.01,,,,,,,,0,,7.692308,,,
2026-06-01,2026-06-29,20260616_GrowMe_EN_9x16_FX-LifeLessons_ZT-water_RS-P3X1R1C3_gy_jql,not_delivering,1,actions:app_custom_event.fb_mobile_purchase,107.69,260622_AAA_AEO-Purchase_ios_vid_Growme_WW_0615week_joy,38300,2.811749,107.69,56,1.923036,1,107.69,1,107.69,0.273934,1.563969,0.23931624,14.798956,292,,
2026-06-01,2026-06-29,20251226_growme_EN_9x16_FX-test_ZT-read_RS-P1X1R3C1_gy,not_delivering,,,,260622_AAA_AEO-Purchase_ios_vid_Growme_WW_1222week_字幕式_joy,12096,2.015542,24.38,12,2.031667,1,24.38,,,,1.281415,0.19354839,15.625,255,,
2026-06-01,2026-06-29,20251226_growme_EN_9x16_FX-test_ZT-forgive_RS-P1X1R3C1_gy,not_delivering,,,,260622_AAA_AEO-Purchase_ios_vid_Growme_WW_1222week_字幕式_joy,4,0,0,,,,,,,,0,,,,,
2026-06-01,2026-06-29,20260525_growme_EN_9x16_FX-test_ZT-love_RS-P1X1R3C1_gy,not_delivering,,,,260622_AAA_AEO-Purchase_ios_vid_Growme_WW_0525week_阅读提升英语_joy,30,3.666667,0.11,,,,,,,,0,,36.666667,,,
2026-06-01,2026-06-29,20251223_growme_EN_9x16_FX-book_ZT-speak_RS-P1X1R3C3_wxx,not_delivering,,,,260622_AAA_AEO-Purchase_ios_vid_Growme_WW_1222week_字幕式_joy,937,2.465315,2.31,4,0.5775,,,,,,2.561366,0.44444444,19.530416,45,,
2026-06-01,2026-06-29,20260603_GrowMe_EN_9x16_FX-WomenEmpowerment_ZT-forgive_RS-P3X1R1C3_gy,not_delivering,,,,260625_AAA_AEO-Purchase_ios_vid_Growme_WW_0601back_joy,3,3.333333,0.01,,,,,,,,0,,33.333333,,,
2026-06-01,2026-06-29,"20260528_GrowMe_EN_9x16_FX-Creative_ZT- money_RS-P3X1R1C3_fj",active,,,,260601_AAA_AEO-Purchase_ios_vid_Growme_WW_0528_joy,1,0,0,,,,,,,,0,,100,,,
2026-06-01,2026-06-29,20260525_growme_EN_9x16_FX-test_ZT-education_RS-P1X1R3C1_gy,active,,,,260526_AAA_AEO-Purchase_ios_vid_Growme_WW_0525_joy,10,0,0,,,,,,,,0,,30,,,
2026-06-01,2026-06-29,20260525_growme_EN_9x16_FX-test_ZT-confidence_RS-P1X1R3C1_gy,active,,,,260526_AAA_AEO-Purchase_ios_vid_Growme_WW_0525_joy,7,1.428571,0.01,,,,,,,,14.285714,,28.571429,,,
2026-06-01,2026-06-29,20260525_GrowMe_EN_9x16_FX-test_ZT-hello-ai_RS-P3X1R1C3_fj,active,,,,260526_AAA_AEO-Purchase_ios_vid_Growme_WW_0525_joy,97,1.546392,0.15,,,,,,,,1.030928,,22.680412,2,,
2026-06-01,2026-06-29,"20260528_GrowMe_EN_9x16_FX-Formats_ZT-news reporter_RS-P3X1R1C3_fj",active,,,,260601_AAA_AEO-Purchase_ios_vid_Growme_WW_0528_joy,1,0,0,,,,,,,,0,,,,,
2026-06-01,2026-06-29,20260616_growme_EN_9x16_FX-Learning_ZT-readextensive_RS-P1X1R3C3_wxx,active,,,,260629_ABO_AEO-Purchase_ios_vid_Growme_WW_0615top_joy,10,5,0.05,,,,,,,,0,,30,,,
2026-06-01,2026-06-29,20260617_GrowMe_EN_9x16_FX-Communication_ZT-powerCommunication_RS-P3X1R1C3_fj,active,,,,260629_ABO_AEO-Purchase_ios_vid_Growme_WW_0615top_joy,10,1,0.01,,,,,,,,0,,60,,,
2026-06-01,2026-06-29,20260525_growme_EN_9x16_FX-test_ZT-zixin_RS-P1X1R3C1_gy,active,,,,260526_AAA_AEO-Purchase_ios_vid_Growme_WW_0525_joy,4,0,0,,,,,,,,0,,,,,
2026-06-01,2026-06-29,20260525_GrowMe_EN_9x16_FX-test_ZT-news_RS-P3X1R1C3_fj,active,,,,260526_AAA_AEO-Purchase_ios_vid_Growme_WW_0525_joy,6,0,0,,,,,,,,0,,50,1,,
2026-06-01,2026-06-29,20260525_GrowMe_EN_9x16_FX-test_ZT-talkabout_RS-P3X1R1C3_fj,active,,,,260526_AAA_AEO-Purchase_ios_vid_Growme_WW_0525_joy,63,8.095238,0.51,,,,,,,,4.761905,0,26.984127,2,,
2026-06-01,2026-06-29,20260525_GrowMe_EN_9x16_FX-test_ZT-learning_RS-P3X1R1C3_fj,active,,,,260526_AAA_AEO-Purchase_ios_vid_Growme_WW_0525_joy,10,6,0.06,,,,,,,,0,,10,,,
2026-06-01,2026-06-29,20260525_GrowMe_EN_9x16_FX-test_ZT-timedont_RS-P3X1R1C3_fj,active,,,,260526_AAA_AEO-Purchase_ios_vid_Growme_WW_0525_joy,2,0,0,,,,,,,,0,,,,,
2026-06-01,2026-06-29,20260525_growme_EN_9x16_FX-test_ZT-read_RS-P1X1R3C1_gy,active,,,,260526_AAA_AEO-Purchase_ios_vid_Growme_WW_0525_joy,42,3.571429,0.15,,,,,,,,0,,2.380952,,,
2026-06-01,2026-06-29,20260528_GrowMe_EN_9x16_FX-convercation_ZT-speak_RS-P3X1R1C3_gy,active,,,,260601_AAA_AEO-Purchase_ios_vid_Growme_WW_0528_joy,6,0,0,,,,,,,,0,,16.666667,,,
2026-06-01,2026-06-29,20260528_growme_EN_9x16_FX-Creatives_ZT-waste2_RS-P1X1R3C3_wxx,active,,,,260601_AAA_AEO-Purchase_ios_vid_Growme_WW_0528_joy,63,3.968254,0.25,,,,,,,,1.587302,0,20.634921,,,
2026-06-01,2026-06-29,20260528_GrowMe_EN_9x16_FX-convercation_ZT-warn_RS-P3X1R1C3_gy,active,,,,260601_AAA_AEO-Purchase_ios_vid_Growme_WW_0528_joy,7,1.428571,0.01,,,,,,,,0,,28.571429,1,,
2026-06-01,2026-06-29,20260528_GrowMe_EN_9x16_FX-Creative_ZT-author_RS-P3X1R1C3_fj,active,,,,260601_AAA_AEO-Purchase_ios_vid_Growme_WW_0528_joy,3,3.333333,0.01,,,,,,,,0,,,,,
2026-06-01,2026-06-29,"20260528_GrowMe_EN_9x16_FX-Formats_ZT-Classic page-turning_RS-P3X1R1C3_fj",active,,,,260601_AAA_AEO-Purchase_ios_vid_Growme_WW_0528_joy,3,0,0,,,,,,,,0,,66.666667,,,
2026-06-01,2026-06-29,20260528_GrowMe_EN_9x16_FX-convercation_ZT-think_RS-P3X1R1C3_gy,active,,,,260601_AAA_AEO-Purchase_ios_vid_Growme_WW_0528_joy,2,0,0,,,,,,,,0,,,,,
2026-06-01,2026-06-29,20260506_growme_EN_9x16_FX-test_ZT-patience_RS-P1X1R3C1_095KB-JR_RMG-3528,not_delivering,,,,260622_AAA_AEO-Purchase_ios_vid_Growme_WW_0504week_英语学习_joy,1,0,0,,,,,,,,0,,100,,,
2026-06-01,2026-06-29,20260506_growme_EN_9x16_FX-test_ZT-acceptance_RS-P1X1R3C1_095KB-JR_RMG-3527,not_delivering,,,,260622_AAA_AEO-Purchase_ios_vid_Growme_WW_0504week_英语学习_joy,1,0,0,,,,,,,,0,,,,,
2026-06-01,2026-06-29,20260506_growme_EN_9x16_FX-test_JB-010901_ZT-learn_RS-P2X1R1C1_095KB-HJ_RMG-3530A,not_delivering,,,,260622_AAA_AEO-Purchase_ios_vid_Growme_WW_0504week_英语学习_joy,1,0,0,,,,,,,,0,,,,,
2026-06-01,2026-06-29,20260626_growme_EN_9x16_FX-reading_ZT-love_RS-P1X1R3C3_wxx,inactive,,,,260626_ABO_AEO-Purchase_ios_vid_Growme_WW_0626_joy,9903,3.000101,29.71,14,2.122143,,,,,,0.868424,0.34146341,10.239321,35,,
2026-06-01,2026-06-29,20260626_GrowMe_EN_9x16_FX-Learning_ZT-speak_RS-P3X1R1C3_gy,inactive,,,,260626_ABO_AEO-Purchase_ios_vid_Growme_WW_0626_joy,7287,3.388226,24.69,15,1.646,,,,,,1.687937,0.2027027,21.819679,110,,
2026-06-01,2026-06-29,20260626_GrowMe_EN_9x16_FX-LifeLessons_ZT-podcast_RS-P3X1R1C3_gy,inactive,,,,260626_ABO_AEO-Purchase_ios_vid_Growme_WW_0626_joy,6448,3.779467,24.37,9,2.707778,,,,,,1.457816,0.14754098,18.532878,99,,
2026-06-01,2026-06-29,20260529_growme_720x1280_oneway1_wxx_P1X1R1C3,active,,,,260601_AAA_AEO-Purchase_ios_vid_Growme_WW_0529_joy,2,0,0,,,,,,,,0,,,,,
2026-06-01,2026-06-29,20260526_GrowMe_EN_9x16_FX-Creative_ZT-2years_RS-P3X1R1C3_fj,active,,,,260527_AAA_AEO-Purchase_ios_vid_Growme_WW_0526_joy,3,0,0,,,,,,,,0,,33.333333,,,
2026-06-01,2026-06-29,20260615_growme_EN_9x16_FX-LifeLessons_ZT-positive_RS-P1X1R3C3_wxx,active,,,,260629_ABO_AEO-Purchase_ios_vid_Growme_WW_0615top_joy,34,1.764706,0.06,,,,,,,,0,,17.647059,,,
2026-06-01,2026-06-29,20260616_GrowMe_EN_9x16_FX-LifeLessons_ZT-water_RS-P3X1R1C3_gy_jql,active,,,,260629_ABO_AEO-Purchase_ios_vid_Growme_WW_0615top_joy,7873,4.376985,34.46,13,2.650769,,,,,,1.638511,0.23636364,15.686524,42,,
2026-06-01,2026-06-29,20260615_growme_EN_9x16_FX-test_ZT-niupizhi_LV1-rain_RS-P1X1R3C1_fj,active,,,,260629_ABO_AEO-Purchase_ios_vid_Growme_WW_0615top_joy,4403,2.636839,11.61,5,2.322,,,,,,0.726777,0.33333333,13.513514,17,,
2026-06-01,2026-06-29,20260618_GrowMe_EN_9x16_FX-Learning_ZT-pace_RS-P3X1R1C3_gy_jql,active,,,,260629_ABO_AEO-Purchase_ios_vid_Growme_WW_0615top_joy,59,3.898305,0.23,,,,,,,,0,,13.559322,,,
2026-06-01,2026-06-29,20260525_growme_EN_9x16_FX-test_ZT-niupizhi_RS-P1X1R3C1_gy,active,1,actions:app_custom_event.fb_mobile_purchase,43.4,260526_AAA_AEO-Purchase_ios_vid_Growme_WW_0525_joy,15276,2.841058,43.4,15,2.893333,2,21.7,1,43.4,0.846313,0.909924,0.19230769,12.228332,96,,
2026-06-01,2026-06-29,20260525_growme_EN_9x16_FX-test_ZT-love_RS-P1X1R3C1_gy,active,,,,260526_AAA_AEO-Purchase_ios_vid_Growme_WW_0525_joy,21,0.952381,0.02,,,,,,,,0,,28.571429,1,,
2026-06-01,2026-06-29,20260528_GrowMe_EN_9x16_FX-Creative_ZT-silence_RS-P3X1R1C3_fj,active,,,,260601_AAA_AEO-Purchase_ios_vid_Growme_WW_0528_joy,17,4.117647,0.07,,,,,,,,5.882353,,47.058824,,,
2026-06-01,2026-06-29,20260528_growme_EN_9x16_FX-Form_ZT-advice_RS-P1X1R3C3_wxx,active,,,,260601_AAA_AEO-Purchase_ios_vid_Growme_WW_0528_joy,1,0,0,,,,,,,,0,,,,,
2026-06-01,2026-06-29,20260618_GrowMe_EN_9x16_FX-Learning_ZT-pace_RS-P3X1R1C3_gy_jql,active,,,,260629_ABO_AEO-Purchase_ios_vid_Growme_WW_0615back_joy,2591,4.650714,12.05,3,4.016667,,,,,,0.964878,0.375,17.908144,11,,
2026-06-01,2026-06-29,20260617_GrowMe_EN_9x16_FX-Mindset_ZT-gentle1_RS-P3X1R1C3_gy_jql,active,,,,260629_ABO_AEO-Purchase_ios_vid_Growme_WW_0615back_joy,238,2.352941,0.56,,,,,,,,1.260504,0,15.546218,,,
2026-06-01,2026-06-29,20260618_GrowMe_EN_9x16_FX-Learning_ZT-listen_RS-P3X1R1C3_gy_jql,active,,,,260629_ABO_AEO-Purchase_ios_vid_Growme_WW_0615back_joy,295,3.830508,1.13,,,,,,,,2.372881,0,14.915254,,,
2026-06-01,2026-06-29,20260617_GrowMe_EN_9x16_FX-Learning_ZT-10mins_RS-P3X1R1C3_gy,active,,,,260629_ABO_AEO-Purchase_ios_vid_Growme_WW_0615back_joy,1290,2.147287,2.77,,,,,,,,1.550388,0,17.131783,11,,
2026-06-01,2026-06-29,20260616_GrowMe_EN_9x16_FX-LifeLessons_ZT-failureai_RS-P3X1R1C3_gy_jql,active,,,,260629_ABO_AEO-Purchase_ios_vid_Growme_WW_0615back_joy,1044,2.222222,2.32,,,,,,,,0.670498,0,15.038314,6,,
2026-06-01,2026-06-29,20260615_growme_EN_9x16_FX-Faith_ZT-amen_RS-P1X1R3C3_wxx,active,,,,260629_ABO_AEO-Purchase_ios_vid_Growme_WW_0615back_joy,281,6.548043,1.84,,,,,,,,0.355872,0,21.708185,5,,
2026-06-01,2026-06-29,20260615_GrowMe_EN_9x16_FX-LifeLessons_ZT-future_RS-P3X1R1C3_gy_jql,active,,,,260629_ABO_AEO-Purchase_ios_vid_Growme_WW_0615back_joy,211,3.649289,0.77,,,,,,,,1.421801,0,12.322275,1,,
2026-06-01,2026-06-29,20260617_GrowMe_EN_9x16_FX-Learning_ZT-language_RS-P3X1R1C3_gy_jql,active,,,,260629_ABO_AEO-Purchase_ios_vid_Growme_WW_0615back_joy,1690,3.011834,5.09,1,5.09,,,,,,1.656805,0.05882353,16.213018,17,,
2026-06-01,2026-06-29,20260601_growme_EN_9x16_FX-lifelessons_ZT-education_RS-P1X1R3C3_wxx,not_delivering,,,,260625_AAA_AEO-Purchase_ios_vid_Growme_WW_0601back_joy,7,0,0,,,,,,,,0,,,,,
2026-06-01,2026-06-29,20260601_GrowMe_EN_9x16_FX-Communication_ZT-read_RS-P3X1R1C3_gy,not_delivering,,,,260625_AAA_AEO-Purchase_ios_vid_Growme_WW_0601back_joy,9,0,0,,,,,,,,0,,11.111111,,,
2026-06-01,2026-06-29,20260625_GrowMe_EN_9x16_FX-Successful_ZT-proud_RS-P3X1R1C3_fj,active,,,,260626_ABO_AEO-Purchase_ios_vid_Growme_WW_0625_joy,47,1.702128,0.08,,,,,,,,0,,14.893617,,,
2026-06-01,2026-06-29,20260625_growme_EN_9x16_FX-Learning_ZT-read1_RS-P1X1R3C3_wxx,active,,,,260626_ABO_AEO-Purchase_ios_vid_Growme_WW_0625_joy,124,3.709677,0.46,,,,,,,,1.612903,0,26.612903,,,
2026-06-01,2026-06-29,20260625_GrowMe_EN_9x16_FX-Lifelessons_ZT-perfectly_RS-P3X1R1C3_gy,active,,,,260626_ABO_AEO-Purchase_ios_vid_Growme_WW_0625_joy,41,3.414634,0.14,,,,,,,,2.439024,0,19.512195,2,,
2026-06-01,2026-06-29,20260527_GrowMe_EN_9x16_FX-Creative_ZT-sloe-beain_RS-P3X1R1C3_fj,active,,,,260528_AAA_AEO-Purchase_ios_vid_Growme_WW_0527_joy,1,0,0,,,,,,,,0,,,,,
2026-06-01,2026-06-29,20260526_GrowMe_EN_9x16_FX-Creative_ZT-slowburn_RS-P3X1R1C3_fj,active,,,,260527_AAA_AEO-Purchase_ios_vid_Growme_WW_0526_joy,2,0,0,,,,,,,,0,,50,,,
2026-06-01,2026-06-29,20260526_GrowMe_EN_9x16_FX-Creative_ZT-habbit_RS-P3X1R1C3_gy,active,,,,260527_AAA_AEO-Purchase_ios_vid_Growme_WW_0526_joy,3,0,0,,,,,,,,0,,33.333333,,,
2026-06-01,2026-06-29,20260528_GrowMe_EN_9x16_FX-Creative_ZT-A2english_RS-P3X1R1C3_fj,active,,,,260601_AAA_AEO-Purchase_ios_vid_Growme_WW_0528_joy,2471,2.294618,5.67,,,,,,,,1.497369,0,18.454067,9,,
2026-06-01,2026-06-29,20260528_GrowMe_EN_9x16_FX-convercation_ZT-keep_RS-P3X1R1C3_gy,active,,,,260601_AAA_AEO-Purchase_ios_vid_Growme_WW_0528_joy,104,3.269231,0.34,,,,,,,,0,,19.230769,2,,
2026-06-01,2026-06-29,20260528_GrowMe_EN_9x16_FX-Formats_ZT-xinwen_RS-P3X1R1C3_gy,active,,,,260601_AAA_AEO-Purchase_ios_vid_Growme_WW_0528_joy,6611,4.965966,32.83,9,3.647778,,,,,,1.845409,0.12328767,16.275904,47,,
2026-06-01,2026-06-29,"20260528_GrowMe_EN_9x16_FX-Creative_ZT- money_RS-P3X1R1C3_fj",active,,,,260601_AAA_AEO-Purchase_ios_vid_Growme_WW_0528_joy,146,3.90411,0.57,,,,,,,,1.369863,0,26.027397,2,,
2026-06-01,2026-06-29,20260525_GrowMe_EN_9x16_FX-test_ZT-learning_RS-P3X1R1C3_fj,not_delivering,,,,260622_AAA_AEO-Purchase_ios_vid_Growme_WW_0525week_阅读提升英语_joy,2,5,0.01,,,,,,,,0,,50,,,
2026-06-01,2026-06-29,20260624_growme_EN_9x16_FX-LifeLessons_ZT-18habit_RS-P1X1R3C3_wxx,active,,,,260625_ABO_AEO-Purchase_ios_vid_Growme_WW_0624_joy,67,1.343284,0.09,1,0.09,,,,,,2.985075,1,11.940299,,,
2026-06-01,2026-06-29,20260625_GrowMe_EN_9x16_FX-SelfImprovement_ZT-haoqi_RS-P3X1R1C3_gy_jql,active,,,,260626_ABO_AEO-Purchase_ios_vid_Growme_WW_0625_joy,57,2.45614,0.14,,,,,,,,0,,15.789474,,,
2026-06-01,2026-06-29,20260625_GrowMe_EN_9x16_FX-Learning_ZT-english_LV1-black_RS-P3X1R1C3_fj,inactive,,,,260626_ABO_AEO-Purchase_ios_vid_Growme_WW_0625_joy,22941,2.101478,48.21,22,2.191364,,,,,,0.976418,0.18965517,17.649623,214,,
2026-06-01,2026-06-29,20260525_growme_EN_9x16_FX-test_ZT-opinion_RS-P1X1R3C1_gy,active,,,,260526_AAA_AEO-Purchase_ios_vid_Growme_WW_0525_joy,19,4.736842,0.09,,,,,,,,0,,26.315789,,,
2026-06-01,2026-06-29,20260527_GrowMe_EN_9x16_FX-Creative_ZT-grow_RS-P3X1R1C3_gy,active,,,,260528_AAA_AEO-Purchase_ios_vid_Growme_WW_0527_joy,7,0,0,,,,,,,,0,,,,,
2026-06-01,2026-06-29,20260528_GrowMe_EN_9x16_FX-convercation_ZT-keep_RS-P3X1R1C3_gy,active,,,,260601_AAA_AEO-Purchase_ios_vid_Growme_WW_0528_joy,71,1.126761,0.08,,,,,,,,0,,16.901408,1,,
2026-06-01,2026-06-29,"20260528_GrowMe_EN_9x16_FX-Formats_ZT-news reporter_RS-P3X1R1C3_fj",active,,,,260601_AAA_AEO-Purchase_ios_vid_Growme_WW_0528_joy,2,0,0,,,,,,,,0,,,,,
2026-06-01,2026-06-29,20260528_GrowMe_EN_9x16_FX-convercation_ZT-study_RS-P3X1R1C3_gy,active,,,,260601_AAA_AEO-Purchase_ios_vid_Growme_WW_0528_joy,4,0,0,,,,,,,,0,,25,,,
2026-06-01,2026-06-29,20260529_growme_720x1280_shengjing_wxx_P1X1R1C3,active,,,,260601_AAA_AEO-Purchase_ios_vid_Growme_WW_0529_joy,7,1.428571,0.01,,,,,,,,0,,,,,
2026-06-01,2026-06-29,20260526_GrowMe_EN_9x16_FX-test_ZT-2years_RS-P3X1R1C3_fj,active,,,,260527_AAA_AEO-Purchase_ios_vid_Growme_WW_0526_joy,2,0,0,,,,,,,,0,,50,,,
2026-06-01,2026-06-29,20260526_GrowMe_EN_9x16_FX-Creative_ZT-plan_RS-P3X1R1C3_gy,active,,,,260527_AAA_AEO-Purchase_ios_vid_Growme_WW_0526_joy,3,3.333333,0.01,,,,,,,,0,,,,,
2026-06-01,2026-06-29,20260624_growme_EN_9x16_FX-Mindset_ZT-light_RS-P1X1R3C3_wxx,active,,,,260625_ABO_AEO-Purchase_ios_vid_Growme_WW_0624_joy,16,0,0,,,,,,,,0,,12.5,,,
2026-06-01,2026-06-29,20260605_GrowMe_EN_9x16_FX-Learning_ZT-b1_RS-P3X1R1C3_fj,not_delivering,,,,260625_AAA_AEO-Purchase_ios_vid_Growme_WW_0601back_joy,8,0,0,,,,,,,,12.5,0,37.5,1,,
2026-06-01,2026-06-29,20260601_GrowMe_EN_9x16_FX-Learning_ZT-trainbrain_RS-P3X1R1C3_fj,not_delivering,,,,260625_AAA_AEO-Purchase_ios_vid_Growme_WW_0601back_joy,29,0,0,,,,,,,,0,,31.034483,,,
2026-06-01,2026-06-29,20260625_GrowMe_EN_9x16_FX-Habits_ZT-online_RS-P3X1R1C3_gy_jql,active,,,,260626_ABO_AEO-Purchase_ios_vid_Growme_WW_0625_joy,289,2.110727,0.61,,,,,,,,1.384083,,19.723183,3,,
2026-06-01,2026-06-29,20260525_growme_EN_9x16_FX-test_ZT-read_RS-P1X1R3C1_gy,active,,,,260526_AAA_AEO-Purchase_ios_vid_Growme_WW_0525_joy,4,5,0.02,,,,,,,,0,,50,1,,
2026-06-01,2026-06-29,"20260528_GrowMe_EN_9x16_FX-Formats_ZT-Classic page-turning_RS-P3X1R1C3_fj",active,,,,260601_AAA_AEO-Purchase_ios_vid_Growme_WW_0528_joy,2,0,0,,,,,,,,0,,,,,
2026-06-01,2026-06-29,20260527_GrowMe_EN_9x16_FX-Creative_ZT-wellspoken_RS-P3X1R1C3_fj,active,,,,260528_AAA_AEO-Purchase_ios_vid_Growme_WW_0527_joy,1,0,0,,,,,,,,0,,,,,
2026-06-01,2026-06-29,20260527_GrowMe_EN_9x16_FX-Creative_ZT-speak_RS-P3X1R1C3_gy,active,,,,260528_AAA_AEO-Purchase_ios_vid_Growme_WW_0527_joy,27,0,0,,,,,,,,3.703704,0,18.518519,1,,
2026-06-01,2026-06-29,20260525_GrowMe_EN_9x16_FX-test_ZT-talkabout_RS-P3X1R1C3_fj,active,,,,260526_AAA_AEO-Purchase_ios_vid_Growme_WW_0525_joy,23,1.304348,0.03,,,,,,,,4.347826,,26.086957,2,,
2026-06-01,2026-06-29,20260525_GrowMe_EN_9x16_FX-test_ZT-hello-ai_RS-P3X1R1C3_fj,active,,,,260526_AAA_AEO-Purchase_ios_vid_Growme_WW_0525_joy,26,1.153846,0.03,2,0.015,,,,,,11.538462,0.66666667,30.769231,,,
2026-06-01,2026-06-29,20260525_GrowMe_EN_9x16_FX-test_ZT-confidence_RS-P3X1R1C3_fj,active,,,,260526_AAA_AEO-Purchase_ios_vid_Growme_WW_0525_joy,3,6.666667,0.02,,,,,,,,0,,33.333333,,,
2026-06-01,2026-06-29,20260529_growme_720x1280_speak_wxx_P1X1R1C3,active,,,,260601_AAA_AEO-Purchase_ios_vid_Growme_WW_0529_joy,5,0,0,,,,,,,,0,,20,,,
2026-06-01,2026-06-29,20260525_GrowMe_EN_9x16_FX-test_ZT-timedont_RS-P3X1R1C3_fj,not_delivering,,,,260622_AAA_AEO-Purchase_ios_vid_Growme_WW_0525week_阅读提升英语_joy,1,0,0,,,,,,,,0,,,,,
2026-06-01,2026-06-29,20260604_GrowMe_EN_9x16_FX-Mindset_ZT-strat_RS-P3X1R1C3_fj_jql,not_delivering,,,,260625_AAA_AEO-Purchase_ios_vid_Growme_WW_0601back_joy,7,0,0,,,,,,,,0,,,,,
2026-06-01,2026-06-29,20260625_GrowMe_EN_9x16_FX-Learning_ZT-Education_RS-P3X1R1C3_fj,active,,,,260626_ABO_AEO-Purchase_ios_vid_Growme_WW_0625_joy,41,4.878049,0.2,,,,,,,,2.439024,,7.317073,,,
2026-06-01,2026-06-29,20260626_growme_EN_9x16_FX-SelfImprovement_ZT-young_RS-P1X1R3C3_fj,active,,,,260626_ABO_AEO-Purchase_ios_vid_Growme_WW_0626_joy,43,0.930233,0.04,,,,,,,,0,,11.627907,,,
2026-06-01,2026-06-29,20260525_growme_EN_9x16_FX-test_ZT-education_RS-P1X1R3C1_gy,active,,,,260526_AAA_AEO-Purchase_ios_vid_Growme_WW_0525_joy,1,0,0,,,,,,,,0,,,,,
2026-06-01,2026-06-29,20260525_growme_EN_9x16_FX-test_ZT-niupizhi_RS-P1X1R3C1_gy,active,4,actions:app_custom_event.fb_mobile_purchase,42.03,260526_AAA_AEO-Purchase_ios_vid_Growme_WW_0525_joy,84381,1.992392,168.12,134,1.254627,5,33.624,4,42.03,0.401083,0.853273,0.35356201,12.262239,520,,
2026-06-01,2026-06-29,20260528_GrowMe_EN_9x16_FX-Formats_ZT-jiemian_RS-P3X1R1C3_gy,active,,,,260601_AAA_AEO-Purchase_ios_vid_Growme_WW_0528_joy,2,0,0,,,,,,,,0,,100,,,
2026-06-01,2026-06-29,20260528_GrowMe_EN_9x16_FX-Creative_ZT-silence_RS-P3X1R1C3_fj,active,,,,260601_AAA_AEO-Purchase_ios_vid_Growme_WW_0528_joy,11,0,0,,,,,,,,0,,45.454545,,,
2026-06-01,2026-06-29,20260528_growme_EN_9x16_FX-Creatives_ZT-waste_RS-P1X1R3C3_wxx,active,,,,260601_AAA_AEO-Purchase_ios_vid_Growme_WW_0528_joy,8,10,0.08,,,,,,,,0,,12.5,,,
2026-06-01,2026-06-29,20260528_GrowMe_EN_9x16_FX-Creative_ZT-A2english_RS-P3X1R1C3_fj,active,,,,260601_AAA_AEO-Purchase_ios_vid_Growme_WW_0528_joy,29,1.034483,0.03,,,,,,,,3.448276,0,31.034483,,,
2026-06-01,2026-06-29,20260528_GrowMe_EN_9x16_FX-Formats_ZT-xinwen_RS-P3X1R1C3_gy,active,,,,260601_AAA_AEO-Purchase_ios_vid_Growme_WW_0528_joy,464,6.185345,2.87,1,2.87,,,,,,2.801724,0.11111111,17.456897,4,,
2026-06-01,2026-06-29,20260528_growme_EN_9x16_FX-Form_ZT-advice_RS-P1X1R3C3_wxx,active,,,,260601_AAA_AEO-Purchase_ios_vid_Growme_WW_0528_joy,3,0,0,,,,,,,,0,,,,,
2026-06-01,2026-06-29,20260525_growme_EN_9x16_FX-test_ZT-confidence_RS-P1X1R3C1_gy,active,,,,260526_AAA_AEO-Purchase_ios_vid_Growme_WW_0525_joy,40,3.5,0.14,,,,,,,,5,0,27.5,,,
2026-06-01,2026-06-29,20260525_GrowMe_EN_9x16_FX-test_ZT-news_RS-P3X1R1C3_fj,active,,,,260526_AAA_AEO-Purchase_ios_vid_Growme_WW_0525_joy,22,1.818182,0.04,,,,,,,,0,,18.181818,,,
2026-06-01,2026-06-29,20260525_growme_EN_9x16_FX-test_ZT-zixin_RS-P1X1R3C1_gy,active,,,,260526_AAA_AEO-Purchase_ios_vid_Growme_WW_0525_joy,1,0,0,,,,,,,,0,,,,,
2026-06-01,2026-06-29,20260527_GrowMe_EN_9x16_FX-Creative_ZT-actually_RS-P3X1R1C3_fj,active,,,,260528_AAA_AEO-Purchase_ios_vid_Growme_WW_0527_joy,6,0,0,,,,,,,,0,,33.333333,,,
2026-06-01,2026-06-29,20260527_growme_EN_9x16_FX-Creatives_ZT-fluency_RS-P1X1R3C3_wxx,active,5,actions:app_custom_event.fb_mobile_purchase,21.64,260528_AAA_AEO-Purchase_ios_vid_Growme_WW_0527_joy,24700,4.380567,108.2,51,2.121569,4,27.05,5,21.64,0.983549,1.744939,0.33116883,26.927126,251,,
2026-06-01,2026-06-29,20260527_growme_EN_9x16_FX-Creatives_ZT-routine_RS-P1X1R3C3_wxx,active,,,,260528_AAA_AEO-Purchase_ios_vid_Growme_WW_0527_joy,95,2.421053,0.23,,,,,,,,2.105263,0,25.263158,3,,
2026-06-01,2026-06-29,20260527_growme_EN_9x16_FX-Creatives_ZT-listen_RS-P1X1R3C3_wxx,active,,,,260528_AAA_AEO-Purchase_ios_vid_Growme_WW_0527_joy,10,4,0.04,,,,,,,,0,,40,,,
2026-06-01,2026-06-29,20260527_GrowMe_EN_9x16_FX-Creative_ZT-self_RS-P3X1R1C3_gy,active,,,,260528_AAA_AEO-Purchase_ios_vid_Growme_WW_0527_joy,6,0,0,,,,,,,,0,,50,,,
2026-06-01,2026-06-29,20260527_GrowMe_EN_9x16_FX-Creative_ZT-quick_RS-P3X1R1C3_fj,active,,,,260528_AAA_AEO-Purchase_ios_vid_Growme_WW_0527_joy,10,0,0,,,,,,,,0,,30,1,,
2026-06-01,2026-06-29,20260525_growme_EN_9x16_FX-test_ZT-love_RS-P1X1R3C1_gy,active,,,,260526_AAA_AEO-Purchase_ios_vid_Growme_WW_0525_joy,99,3.333333,0.33,,,,,,,,5.050505,0,29.292929,1,,
2026-06-01,2026-06-29,20260525_GrowMe_EN_9x16_FX-test_ZT-timedont_RS-P3X1R1C3_fj,active,,,,260526_AAA_AEO-Purchase_ios_vid_Growme_WW_0525_joy,7,1.428571,0.01,,,,,,,,0,,28.571429,,,
2026-06-01,2026-06-29,20260525_GrowMe_EN_9x16_FX-test_ZT-learning_RS-P3X1R1C3_fj,active,,,,260526_AAA_AEO-Purchase_ios_vid_Growme_WW_0525_joy,9,0,0,,,,,,,,22.222222,0,44.444444,1,,
2026-06-01,2026-06-29,20260527_GrowMe_EN_9x16_FX-Creative_ZT-relationship_RS-P3X1R1C3_gy,active,,,,260528_AAA_AEO-Purchase_ios_vid_Growme_WW_0527_joy,12,0,0,,,,,,,,0,,33.333333,,,
2026-06-01,2026-06-29,20260525_growme_EN_9x16_FX-Creative_ZT-slow-English_RS-P1X1R3C3_zx_04,active,,,,260601_AAA_AEO-Purchase_ios_vid_Growme_WW_0529_joy,8,0,0,,,,,,,,0,,,,,
2026-06-01,2026-06-29,20260529_GrowMe_EN_9x16_FX-Creative_ZT-journey_RS-P3X1R1C3_gy,active,,,,260601_AAA_AEO-Purchase_ios_vid_Growme_WW_0529_joy,513,3.37232,1.73,,,,,,,,2.923977,0,20.8577,11,,
2026-06-01,2026-06-29,20260529_growme_720x1280_oneway2_wxx_P1X1R1C3,active,,,,260601_AAA_AEO-Purchase_ios_vid_Growme_WW_0529_joy,17,0,0,,,,,,,,0,,17.647059,,,
2026-06-01,2026-06-29,20260525_growme_EN_9x16_FX-Creative_ZT-slow-English_RS-P1X1R3C3_zl_02,active,,,,260601_AAA_AEO-Purchase_ios_vid_Growme_WW_0529_joy,578,5.242215,3.03,1,3.03,,,,,,2.076125,0.2,25.778547,2,,
2026-06-01,2026-06-29,20260529_growme_EN_9x16_FX-Formats_ZT-read_RS-P1X1R3C1_gy,active,,,,260601_AAA_AEO-Purchase_ios_vid_Growme_WW_0529_joy,269,1.486989,0.4,,,,,,,,3.345725,0,12.267658,2,,
2026-06-01,2026-06-29,20260526_GrowMe_EN_9x16_FX-Creative_ZT-job_RS-P3X1R1C3_gy,active,,,,260527_AAA_AEO-Purchase_ios_vid_Growme_WW_0526_joy,2,0,0,,,,,,,,0,,50,,,
2026-06-01,2026-06-29,20260526_GrowMe_EN_9x16_FX-Creative_ZT-mine_RS-P3X1R1C3_gy,active,,,,260527_AAA_AEO-Purchase_ios_vid_Growme_WW_0526_joy,91,3.516484,0.32,,,,,,,,0,,25.274725,,,
2026-06-01,2026-06-29,20260526_GrowMe_EN_9x16_FX-Creative_ZT-11things_RS-P3X1R1C3_fj,active,,,,260527_AAA_AEO-Purchase_ios_vid_Growme_WW_0526_joy,9722,3.589796,34.9,8,4.3625,,,,,,1.892615,0.1038961,32.369883,221,,
2026-06-01,2026-06-29,20260526_0_GrowMe_EN_9x16_FX-Creative_ZT-restart_RS-P3X1R1C3_gy,active,,,,260527_AAA_AEO-Purchase_ios_vid_Growme_WW_0526_joy,77,1.038961,0.08,,,,,,,,3.896104,0,19.480519,2,,
2026-06-01,2026-06-29,20260526_growme_EN_9x16_FX-test_ZT-add_RS-P1X1R3C3_wxx,active,,,,260527_AAA_AEO-Purchase_ios_vid_Growme_WW_0526_joy,19,5.789474,0.11,,,,,,,,0,,10.526316,,,
2026-06-01,2026-06-29,20260526_GrowMe_EN_9x16_FX-Creative_ZT-theolder_RS-P3X1R1C3_fj,active,,,,260527_AAA_AEO-Purchase_ios_vid_Growme_WW_0526_joy,11,3.636364,0.04,,,,,,,,0,,36.363636,,,
2026-06-01,2026-06-29,20260625_GrowMe_EN_9x16_FX-LifeLessons_ZT-reality_RS-P3X1R1C3_fj,active,,,,260626_ABO_AEO-Purchase_ios_vid_Growme_WW_0625_joy,178,6.910112,1.23,2,0.615,,,,,,2.247191,0.5,16.292135,3,,
2026-06-01,2026-06-29,20260625_GrowMe_EN_9x16_FX-Communication_ZT-goutong_RS-P3X1R1C3_fj,active,,,,260626_ABO_AEO-Purchase_ios_vid_Growme_WW_0625_joy,123,6.260163,0.77,,,,,,,,0.813008,0,13.00813,2,,
2026-06-01,2026-06-29,20260625_growme_EN_9x16_FX-Learning2_ZT-speak_RS-P3X1R1C3_JR_RMG-5886b,active,,,,260626_ABO_AEO-Purchase_ios_vid_Growme_WW_0625_joy,431,5.638051,2.43,1,2.43,,,,,,2.320186,0.16666667,27.37819,10,,
2026-06-01,2026-06-29,20260625_growme_EN_9x16_FX-test_ZT-people_RS-P1X1R3C3_wxx_JR_RMG-5713b,active,,,,260626_ABO_AEO-Purchase_ios_vid_Growme_WW_0625_joy,92,5.978261,0.55,,,,,,,,1.086957,,28.26087,2,,
2026-06-01,2026-06-29,20260625_growme_EN_9x16_FX-Learning1_ZT-speak_RS-P3X1R1C3_gy_JR_RMG-5886a,inactive,,,,260626_ABO_AEO-Purchase_ios_vid_Growme_WW_0625_joy,6534,3.481788,22.75,8,2.84375,,,,,,1.729415,0.10810811,22.972146,92,,
2026-06-01,2026-06-29,20260626_growme_EN_9x16_FX-SelfImprovement_ZT-change_RS-P1X1R3C3_wxx,active,,,,260626_ABO_AEO-Purchase_ios_vid_Growme_WW_0626_joy,42,5.714286,0.24,,,,,,,,2.380952,,33.333333,2,,
2026-06-01,2026-06-29,20260626_GrowMe_EN_9x16_FX-LifeLessons_ZT-responsibility_LV1-black_RS-P3X1R1C3_fj,active,,,,260626_ABO_AEO-Purchase_ios_vid_Growme_WW_0626_joy,72,3.75,0.27,,,,,,,,0,,13.888889,,,
2026-06-01,2026-06-29,20260626_GrowMe_EN_9x16_FX-Learning_ZT-learn_RS-P3X1R1C3_gy_jql,active,,,,260626_ABO_AEO-Purchase_ios_vid_Growme_WW_0626_joy,524,2.442748,1.28,,,,,,,,0.954198,0,15.839695,3,,
2026-06-01,2026-06-29,20260525_growme_EN_9x16_FX-Creative_ZT-slow-English_RS-P1X1R3C3_zl_03,active,,,,260601_AAA_AEO-Purchase_ios_vid_Growme_WW_0529_joy,1,0,0,,,,,,,,0,,,,,
2026-06-01,2026-06-29,20260525_growme_EN_9x16_FX-Creative_ZT-slow-English_RS-P1X1R3C3_zx_06,active,,,,260601_AAA_AEO-Purchase_ios_vid_Growme_WW_0529_joy,7,1.428571,0.01,,,,,,,,14.285714,0,14.285714,,,
2026-06-01,2026-06-29,20260525_growme_EN_9x16_FX-Creative_ZT-slow-English_RS-P1X1R3C3_zl_01,active,,,,260601_AAA_AEO-Purchase_ios_vid_Growme_WW_0529_joy,2391,4.730238,11.31,7,1.615714,,,,,,1.296529,0.31818182,19.238812,12,,
2026-06-01,2026-06-29,20260529_GrowMe_EN_9x16_FX-Creative_ZT-life_RS-P3X1R1C3_gy,active,,,,260601_AAA_AEO-Purchase_ios_vid_Growme_WW_0529_joy,69,1.014493,0.07,,,,,,,,0,,17.391304,,,
2026-06-01,2026-06-29,20260624_growme_EN_9x16_FX-LifeLessons_ZT-leave_RS-P1X1R3C3_wxx,inactive,,,,260625_ABO_AEO-Purchase_ios_vid_Growme_WW_0624_joy,9435,2.285109,21.56,11,1.96,,,,,,1.059883,0.275,15.590885,40,,
2026-06-01,2026-06-29,20260624_GrowMe_EN_9x16_FX-Lifelessons_ZT-life_RS-P3X1R1C3_gy,inactive,,,,260625_ABO_AEO-Purchase_ios_vid_Growme_WW_0624_joy,12702,2.474413,31.43,10,3.143,,,,,,1.212407,0.14084507,14.808692,120,,
2026-06-01,2026-06-29,20260624_GrowMe_EN_9x16_FX-Learning_ZT-education1_RS-P3X1R1C3_gy_jql,active,3,actions:app_custom_event.fb_mobile_purchase,30.55666667,260625_ABO_AEO-Purchase_ios_vid_Growme_WW_0624_joy,36446,2.515228,91.67,33,2.777879,4,22.9175,3,30.556667,0.574343,1.588652,0.07534247,15.348735,476,,
2026-06-01,2026-06-29,20260624_GrowMe_EN_9x16_FX-Learning_ZT-english_RS-P3X1R1C3_gy,active,,,,260625_ABO_AEO-Purchase_ios_vid_Growme_WW_0624_joy,1518,1.357049,2.06,,,,,,,,0.592885,0,19.433465,6,,
2026-06-01,2026-06-29,20260602_growme_EN_9x16_FX-Quotes_ZT-book_RS-P1X1R3C3_wxx,not_delivering,,,,260625_AAA_AEO-Purchase_ios_vid_Growme_WW_0601back_joy,86,0.697674,0.06,,,,,,,,1.162791,,19.767442,3,,
2026-06-01,2026-06-29,20260604_GrowMe_EN_9x16_FX-LifeLessons_ZT-perfect_RS-P3X1R1C3_gy,not_delivering,,,,260625_AAA_AEO-Purchase_ios_vid_Growme_WW_0601back_joy,25,1.2,0.03,,,,,,,,0,,12,,,
2026-06-01,2026-06-29,20260602_GrowMe_0_EN_9x16_FX-LifeLessons_ZT-confidence_RS-P3X1R1C3_gy,not_delivering,,,,260625_AAA_AEO-Purchase_ios_vid_Growme_WW_0601back_joy,38,2.105263,0.08,,,,,,,,2.631579,,23.684211,2,,
2026-06-01,2026-06-29,20260603_GrowMe_EN_9x16_FX-Growth_ZT-change_RS-P3X1R1C3_gy,not_delivering,,,,260625_AAA_AEO-Purchase_ios_vid_Growme_WW_0601back_joy,64,0.9375,0.06,,,,,,,,1.5625,0,15.625,,,
2026-06-01,2026-06-29,20260601_growme_EN_9x16_FX-Learning_ZT-communication_RS-P1X1R3C3_wxx,not_delivering,,,,260625_AAA_AEO-Purchase_ios_vid_Growme_WW_0601back_joy,42,0.238095,0.01,,,,,,,,0,,11.904762,,,
2026-06-01,2026-06-29,20260603_GrowMe_0_EN_9x16_FX-Learning_ZT-speak_RS-P3X1R1C3_gy,not_delivering,,,,260625_AAA_AEO-Purchase_ios_vid_Growme_WW_0601back_joy,10336,1.313854,13.58,12,1.131667,,,,,,1.480263,0.27272727,16.553793,99,,
2026-06-01,2026-06-29,20260626_GrowMe_EN_9x16_FX-Learning_ZT-habit_RS-P3X1R1C3_gy_jql,inactive,,,,260626_ABO_AEO-Purchase_ios_vid_Growme_WW_0626_joy,8907,2.567643,22.87,10,2.287,,,,,,0.595038,0.4,16.98664,32,,
2026-06-01,2026-06-29,20260626_GrowMe_EN_9x16_FX-SelfImprovement_ZT-growth_RS-P3X1R1C3_gy_jql,active,,,,260626_ABO_AEO-Purchase_ios_vid_Growme_WW_0626_joy,187,2.994652,0.56,,,,,,,,0,,14.438503,1,,
2026-06-01,2026-06-29,20260624_GrowMe_EN_9x16_FX-Learning_ZT-important_RS-P3X1R1C3_gy,inactive,1,actions:app_custom_event.fb_mobile_purchase,67.64,260625_ABO_AEO-Purchase_ios_vid_Growme_WW_0624_joy,20377,3.319429,67.64,47,1.439149,2,33.82,1,67.64,0.2123,2.07587,0.11576355,17.902537,339,,
2026-06-01,2026-06-29,20260624_GrowMe_EN_9x16_FX-LifeLeesons_ZT-learn1_RS-P3X1R1C3_gy_jql,inactive,,,,260625_ABO_AEO-Purchase_ios_vid_Growme_WW_0624_joy,8981,3.226812,28.98,2,14.49,,,,,,1.681327,0.01941748,15.833426,65,,
2026-06-01,2026-06-29,20260624_GrowMe_EN_9x16_FX-Mindset_ZT-enough_RS-P3X1R1C3_gy,inactive,,,,260625_ABO_AEO-Purchase_ios_vid_Growme_WW_0624_joy,33460,2.185296,73.12,69,1.05971,,,,,,0.962343,0.37704918,16.927675,331,,
2026-06-01,2026-06-29,20260624_GrowMe_EN_9x16_FX-Lifelessons_ZT-failure_RS-P3X1R1C3_gy,inactive,,,,260625_ABO_AEO-Purchase_ios_vid_Growme_WW_0624_joy,6735,3.42539,23.07,6,3.845,,,,,,1.232368,0.13043478,17.14922,88,,
2026-06-01,2026-06-29,20260624_GrowMe_EN_9x16_FX-Learning_ZT-learn_RS-P3X1R1C3_gy_jql,inactive,,,,260625_ABO_AEO-Purchase_ios_vid_Growme_WW_0624_joy,14505,2.661151,38.6,10,3.86,,,,,,0.930714,0.16129032,21.323681,140,,
2026-06-01,2026-06-29,20260624_GrowMe_EN_9x16_FX-LifeLessons_ZT-struggle_RS-P3X1R1C3_gy_jql,active,,,,260625_ABO_AEO-Purchase_ios_vid_Growme_WW_0624_joy,344,2.55814,0.88,,,,,,,,0.581395,0,25,11,,
2026-06-01,2026-06-29,20260624_GrowMe_EN_9x16_FX-Mindset_ZT-quote_RS-P3X1R1C3_gy_jql,active,,,,260625_ABO_AEO-Purchase_ios_vid_Growme_WW_0624_joy,3538,2.7671,9.79,1,9.79,,,,,,1.554551,0.02222222,15.432448,21,,
2026-06-01,2026-06-29,20260624_GrowMe_EN_9x16_FX-Habits_ZT-skill_RS-P3X1R1C3_gy_jql,active,,,,260625_ABO_AEO-Purchase_ios_vid_Growme_WW_0624_joy,2399,4.093372,9.82,,,,,,,,0.541892,0,15.548145,11,,
2026-06-01,2026-06-29,20260624_GrowMe_EN_9x16_FX-Successful_ZT-yanjiang_RS-P3X1R1C3_fj,active,,,,260625_ABO_AEO-Purchase_ios_vid_Growme_WW_0624_joy,264,3.143939,0.83,,,,,,,,0,,26.893939,1,,
2026-06-01,2026-06-29,20260624_GrowMe_EN_9x16_FX-Learning_ZT-podcast_RS-P3X1R1C3_gy_jql,active,,,,260625_ABO_AEO-Purchase_ios_vid_Growme_WW_0624_joy,349,3.151862,1.1,,,,,,,,0.286533,,24.641834,4,,
2026-06-01,2026-06-29,20260624_GrowMe_EN_9x16_FX-Mindset_ZT-life_RS-P3X1R1C3_gy_jql,active,,,,260625_ABO_AEO-Purchase_ios_vid_Growme_WW_0624_joy,62,1.129032,0.07,,,,,,,,0,,17.741935,,,
2026-06-01,2026-06-29,20260624_growme_EN_9x16_FX-LifeLessons_ZT-writing_RS-P1X1R3C3_wxx,active,,,,260625_ABO_AEO-Purchase_ios_vid_Growme_WW_0624_joy,480,1.770833,0.85,,,,,,,,0,,26.875,12,,
2026-06-01,2026-06-29,20260616_GrowMe_ES_9x16_FX-Learning_ZT-habbit_RS-P3X1R1C3_gy_fj,not_delivering,,,,260616_ABO_AEO-Purchase_ios_vid_Growme_US西语_joy,6202,17.892615,110.97,42,2.642143,1,110.97,,,,1.483392,0.64615385,16.430184,122,,
2026-06-01,2026-06-29,20260616_GrowMe_PT_9x16_FX-Learning_ZT-habbit_RS-P3X1R1C3_gy_fj,not_delivering,,,,260616_ABO_AEO-Purchase_ios_vid_Growme_US葡语_joy,6569,20.500837,134.67,20,6.7335,3,44.89,,,,1.11128,0.38461538,12.619881,79,,
2026-06-01,2026-06-29,20260624_GrowMe_EN_9x16_FX-pic_ZT-test-9-_RS-P3X1R1C3_gy,inactive,,,,260625_AAA_AEO-Purchase_ios_pic_Growme_WW_0622week_joy,18079,1.365673,24.69,2,12.345,,,,,,2.693733,0.0041841,,,,
2026-06-01,2026-06-29,20260624_GrowMe_EN_9x16_FX-pic_ZT-test-1-_RS-P3X1R1C3_gy,inactive,,,,260625_AAA_AEO-Purchase_ios_pic_Growme_WW_0622week_joy,17925,1.686471,30.23,9,3.358889,,,,,,1.824268,0.02970297,,,,
2026-06-01,2026-06-29,20260624_GrowMe_EN_9x16_FX-pic_ZT-test-6-_RS-P3X1R1C3_gy,inactive,,,,260625_AAA_AEO-Purchase_ios_pic_Growme_WW_0622week_joy,21546,2.127077,45.83,24,1.909583,,,,,,1.772951,0.06837607,,,,
2026-06-01,2026-06-29,20260624_GrowMe_EN_9x16_FX-pic_ZT-test-2-_RS-P3X1R1C3_gy,inactive,,,,260625_AAA_AEO-Purchase_ios_pic_Growme_WW_0622week_joy,9782,2.87569,28.13,37,0.76027,2,14.065,,,,2.668166,0.14859438,,,,
2026-06-01,2026-06-29,20260624_GrowMe_EN_9x16_FX-pic_ZT-test-8-_RS-P3X1R1C3_gy,inactive,,,,260625_AAA_AEO-Purchase_ios_pic_Growme_WW_0622week_joy,20036,1.379517,27.64,16,1.7275,,,,,,1.676981,0.05245902,,,,
2026-06-01,2026-06-29,20260624_GrowMe_EN_9x16_FX-LifeLessons_ZT-true_RS-P3X1R1C3_gy_jql,inactive,,,,260625_ABO_AEO-Purchase_ios_vid_Growme_WW_0624_joy,11955,2.56629,30.68,3,10.226667,,,,,,1.012129,0.04347826,16.152238,201,,
2026-06-01,2026-06-29,20260624_GrowMe_EN_9x16_FX-LifeLessons_ZT-race_RS-P3X1R1C3_fj,inactive,,,,260625_ABO_AEO-Purchase_ios_vid_Growme_WW_0624_joy,20006,2.126862,42.55,30,1.418333,3,14.183333,,,,1.249625,0.24,10.771768,96,,
2026-06-01,2026-06-29,20260624_growme_EN_9x16_FX-Readingbook_ZT-poordad_RS-P1X1R3C3_wxx,active,2,actions:app_custom_event.fb_mobile_purchase,3.255,260625_ABO_AEO-Purchase_ios_vid_Growme_WW_0624_joy,1132,5.750883,6.51,9,0.723333,1,6.51,2,3.255,2.231951,1.501767,0.6,14.929329,25,,
2026-06-01,2026-06-29,20260624_growme_EN_9x16_FX-Learning_ZT-child_RS-P1X1R3C3_wxx,inactive,,,,260625_ABO_AEO-Purchase_ios_vid_Growme_WW_0624_joy,16328,3.215948,52.51,13,4.039231,1,52.51,,,,1.237139,0.13265306,19.316512,171,,
2026-06-01,2026-06-29,20260624_GrowMe_EN_9x16_FX-Communication_ZT-zixin_RS-P3X1R1C3_fj,active,,,,260625_ABO_AEO-Purchase_ios_vid_Growme_WW_0624_joy,325,8.092308,2.63,,,,,,,,1.538462,0,17.846154,3,,
2026-06-01,2026-06-29,20260525_growme_EN_9x16_FX-test_ZT-zixin_RS-P1X1R3C1_gy,not_delivering,,,,260622_AAA_AEO-Purchase_ios_vid_Growme_WW_0525week_阅读提升英语_joy,1,0,0,,,,,,,,0,,100,,,
2026-06-01,2026-06-29,20260525_growme_EN_9x16_FX-test_ZT-opinion_RS-P1X1R3C1_gy,not_delivering,,,,260622_AAA_AEO-Purchase_ios_vid_Growme_WW_0525week_阅读提升英语_joy,2,0,0,,,,,,,,0,,,,,
2026-06-01,2026-06-29,20260624_GrowMe_EN_9x16_FX-pic_ZT-test-11-_RS-P3X1R1C3_gy,active,,,,260625_AAA_AEO-Purchase_ios_pic_Growme_WW_0622week_joy,1372,2.208455,3.03,,,,,,,,2.113703,0,,,,
2026-06-01,2026-06-29,20260624_GrowMe_EN_9x16_FX-pic_ZT-test-7-_RS-P3X1R1C3_gy,active,6,actions:app_custom_event.fb_mobile_purchase,37.82833333,260625_AAA_AEO-Purchase_ios_pic_Growme_WW_0622week_joy,108692,2.088194,226.97,81,2.802099,9,25.218889,6,37.828333,0.727145,1.349685,0.06197399,,,,
2026-06-01,2026-06-29,20260624_GrowMe_EN_9x16_FX-pic_ZT-test-10-_RS-P3X1R1C3_gy,inactive,,,,260625_AAA_AEO-Purchase_ios_pic_Growme_WW_0622week_joy,6072,3.931159,23.87,1,23.87,,,,,,1.992754,0.00884956,,,,
2026-06-01,2026-06-29,20260624_GrowMe_EN_9x16_FX-pic_ZT-test-5-_RS-P3X1R1C3_gy,inactive,2,actions:app_custom_event.fb_mobile_purchase,49.935,260625_AAA_AEO-Purchase_ios_pic_Growme_WW_0622week_joy,27192,3.672771,99.87,25,3.9948,1,99.87,2,49.935,0.280865,1.254045,0.09225092,,,,
2026-06-01,2026-06-29,20260624_GrowMe_EN_9x16_FX-pic_ZT-test-4-_RS-P3X1R1C3_gy,active,,,,260625_AAA_AEO-Purchase_ios_pic_Growme_WW_0622week_joy,6780,4.323009,29.31,9,3.256667,,,,,,1.430678,0.12328767,,,,
2026-06-01,2026-06-29,20260624_GrowMe_EN_9x16_FX-pic_ZT-test-3-_RS-P3X1R1C3_gy,active,,,,260625_AAA_AEO-Purchase_ios_pic_Growme_WW_0622week_joy,280,2.607143,0.73,,,,,,,,0.714286,0,,,,
2026-06-01,2026-06-29,20260624_GrowMe_EN_9x16_FX-LifeLessons_ZT-Yesterday_RS-P3X1R1C3_fj,active,,,,260625_ABO_AEO-Purchase_ios_vid_Growme_WW_0624_joy,219,2.83105,0.62,,,,,,,,0.913242,0,27.39726,2,,
2026-06-01,2026-06-29,20260624_GrowMe_EN_9x16_FX-Learning_ZT-business_RS-P3X1R1C3_gy_jql,active,,,,260625_ABO_AEO-Purchase_ios_vid_Growme_WW_0624_joy,3580,1.603352,5.74,,,,,,,,0.893855,0,20.558659,20,,
2026-06-01,2026-06-29,20260624_GrowMe_EN_9x16_FX-Successful_ZT-read_RS-P3X1R1C3_fj,active,,,,260625_ABO_AEO-Purchase_ios_vid_Growme_WW_0624_joy,48,1.458333,0.07,,,,,,,,2.083333,0,16.666667,,,
2026-06-01,2026-06-29,20260603_GrowMe_EN_9x16_FX-fear_ZT-d1_RS-P3X1R1C3_fj,not_delivering,,,,260625_AAA_AEO-Purchase_ios_vid_Growme_WW_0601back_joy,2,0,0,,,,,,,,0,,,,,
2026-06-01,2026-06-29,20260625_GrowMe_EN_9x16_FX-LifeLessons_ZT-art_RS-P3X1R1C3_gy_jql,inactive,4,actions:app_custom_event.fb_mobile_purchase,49.165,260626_ABO_AEO-Purchase_ios_vid_Growme_WW_0625_joy,81706,2.406922,196.66,68,2.892059,14,14.047143,4,49.165,0.458609,1.010942,0.19047619,16.52143,575,,
2026-06-01,2026-06-29,20260625_GrowMe_EN_9x16_FX-Communication_ZT-shy_RS-P3X1R1C3_gy_jql,active,3,actions:app_custom_event.fb_mobile_purchase,0.59333333,260626_ABO_AEO-Purchase_ios_vid_Growme_WW_0625_joy,965,1.84456,1.78,3,0.593333,3,0.593333,3,0.593333,34.752809,1.34715,0.6,17.720207,8,,
2026-06-01,2026-06-29,20260625_GrowMe_EN_9x16_FX-SelfImprovement_ZT-education_RS-P3X1R1C3_gy_jql,active,,,,260626_ABO_AEO-Purchase_ios_vid_Growme_WW_0625_joy,307,2.312704,0.71,,,,,,,,1.954397,0,17.589577,2,,
2026-06-01,2026-06-29,20260625_GrowMe_EN_9x16_FX-Focus_ZT-learn_RS-P3X1R1C3_gy_jql,active,,,,260626_ABO_AEO-Purchase_ios_vid_Growme_WW_0625_joy,452,1.814159,0.82,,,,,,,,0.884956,0,20.132743,1,,
2026-06-01,2026-06-29,20260625_GrowMe_EN_9x16_FX-Mindset_ZT-predict_RS-P3X1R1C3_gy_jql,active,,,,260626_ABO_AEO-Purchase_ios_vid_Growme_WW_0625_joy,198,4.393939,0.87,,,,,,,,3.030303,0,21.717172,1,,
2026-06-01,2026-06-29,20260625_GrowMe_EN_9x16_FX-SelfImprovement_ZT-brain_RS-P3X1R1C3_gy_jql,active,,,,260626_ABO_AEO-Purchase_ios_vid_Growme_WW_0625_joy,581,2.960413,1.72,,,,,,,,1.549053,0,19.277108,7,,
2026-06-01,2026-06-29,20260625_GrowMe_EN_9x16_FX-Mindset_ZT-learning_RS-P3X1R1C3_gy_jql,active,,,,260626_ABO_AEO-Purchase_ios_vid_Growme_WW_0625_joy,136,3.970588,0.54,,,,,,,,0,,19.852941,1,,
2026-06-01,2026-06-29,20260625_growme_EN_9x16_FX-SelfImprovement_ZT-grow_RS-P1X1R3C3_wxx,inactive,1,actions:app_custom_event.fb_mobile_purchase,94.22,260626_ABO_AEO-Purchase_ios_vid_Growme_WW_0625_joy,36291,2.596236,94.22,76,1.239737,4,23.555,1,94.22,0.365634,1.369486,0.247557,16.913284,221,,
2026-06-01,2026-06-29,20260625_growme_EN_9x16_FX-test_ZT-listen_RS-P1X1R3C3_wxx_JR_RMG-5713a,active,,,,260626_ABO_AEO-Purchase_ios_vid_Growme_WW_0625_joy,894,3.154362,2.82,,,,,,,,1.006711,0,22.147651,13,,
2026-06-01,2026-06-29,20260625_growme_EN_9x16_FX-Learning_ZT-read2_RS-P1X1R3C3_wxx,active,,,,260626_ABO_AEO-Purchase_ios_vid_Growme_WW_0625_joy,361,4.792244,1.73,1,1.73,,,,,,2.216066,0.2,23.268698,5,,
2026-06-01,2026-06-29,20260625_GrowMe_EN_9x16_FX-Mindset_ZT-forget_RS-P3X1R1C3_gy,active,,,,260626_ABO_AEO-Purchase_ios_vid_Growme_WW_0625_joy,1019,3.277723,3.34,,,,,,,,2.257115,0,20.804711,16,,
2026-06-01,2026-06-29,20260625_growme_EN_9x16_FX-Mindset_ZT-smile_RS-P1X1R3C3_wxx,inactive,,,,260626_ABO_AEO-Purchase_ios_vid_Growme_WW_0625_joy,5387,4.247262,22.88,8,2.86,,,,,,2.153332,0.11764706,16.224244,20,,
2026-06-01,2026-06-29,20260625_GrowMe_EN_9x16_FX-Communication__ZT-Communication_RS-P3X1R1C3_gy,active,,,,260626_ABO_AEO-Purchase_ios_vid_Growme_WW_0625_joy,3760,2.893617,10.88,,,,,,,,1.010638,0,15.531915,18,,
2026-06-01,2026-06-29,20260625_growme_EN_9x16_FX-Mindset_ZT-youngerself_RS-P1X1R3C3_wxx,active,,,,260626_ABO_AEO-Purchase_ios_vid_Growme_WW_0625_joy,86,2.44186,0.21,,,,,,,,2.325581,0,20.930233,1,,
2026-06-01,2026-06-29,20260625_GrowMe_EN_9x16_FX-Mindset_ZT-quiet_RS-P3X1R1C3_gy,active,,,,260626_ABO_AEO-Purchase_ios_vid_Growme_WW_0625_joy,626,2.571885,1.61,,,,,,,,0.958466,0,14.376997,9,,
2026-06-01,2026-06-29,20260625_GrowMe_EN_9x16_FX-Learning_ZT-speak_RS-P3X1R1C3_gy,inactive,1,actions:app_custom_event.fb_mobile_purchase,52.05,260626_ABO_AEO-Purchase_ios_vid_Growme_WW_0625_joy,43927,1.18492,52.05,60,0.8675,1,52.05,1,52.05,0.201537,0.944749,0.25974026,17.187607,664,,
2026-06-01,2026-06-29,20260626_GrowMe_EN_9x16_FX-Lifelessons_ZT-time_RS-P3X1R1C3_gy,inactive,,,,260626_ABO_AEO-Purchase_ios_vid_Growme_WW_0626_joy,10853,2.196628,23.84,11,2.167273,,,,,,1.004331,0.15714286,15.562517,207,,
2026-06-01,2026-06-29,20260626_growme_EN_9x16_FX-Mindset_ZT-beginagain_RS-P1X1R3C3_wxx,active,,,,260626_ABO_AEO-Purchase_ios_vid_Growme_WW_0626_joy,509,2.514735,1.28,,,,,,,,1.964637,0,23.379175,4,,
2026-06-01,2026-06-29,20260626_growme_EN_9x16_FX-SelfImprovement_ZT-6ways_RS-P1X1R3C3_wxx,active,,,,260626_ABO_AEO-Purchase_ios_vid_Growme_WW_0626_joy,114,2.45614,0.28,,,,,,,,2.631579,0,28.947368,,,
2026-06-01,2026-06-29,20260626_growme_EN_9x16_FX-reading_ZT-important_RS-P1X1R3C3_wxx,active,,,,260626_ABO_AEO-Purchase_ios_vid_Growme_WW_0626_joy,1268,4.897476,6.21,,,,,,,,1.81388,0,16.48265,7,,
2026-06-01,2026-06-29,20260626_growme_EN_9x16_FX-SelfImprovement_ZT-smart_RS-P1X1R3C3_wxx,active,,,,260626_ABO_AEO-Purchase_ios_vid_Growme_WW_0626_joy,3458,3.019086,10.44,4,2.61,,,,,,1.185656,0.21052632,22.267206,10,,
2026-06-01,2026-06-29,20260626_growme_EN_9x16_FX-Mindset_ZT-16little_RS-P1X1R3C3_wxx,active,,,,260626_ABO_AEO-Purchase_ios_vid_Growme_WW_0626_joy,652,3.159509,2.06,,,,,,,,0.766871,0,22.08589,4,,
2026-06-01,2026-06-29,20260626_GrowMe_EN_9x16_FX-Communication_ZT-Listening_RS-P3X1R1C3_fj,active,,,,260626_ABO_AEO-Purchase_ios_vid_Growme_WW_0626_joy,440,3.272727,1.44,,,,,,,,3.409091,0,17.045455,9,,
2026-06-01,2026-06-29,20260626_growme_EN_9x16_FX-Mood_ZT-communication_RS-P1X1R3C3_fj,active,,,,260626_ABO_AEO-Purchase_ios_vid_Growme_WW_0626_joy,724,1.477901,1.07,,,,,,,,0.552486,0,38.259669,12,,
2026-06-01,2026-06-29,20260616_GrowMe_EN_9x16_FX-Learning_ZT-think_RS-P3X1R1C3_gy,not_delivering,,,,260617_ABO_AEO-Purchase_ios_vid_Growme_WW_0616_joy,0,0,0,,,,,,,,0,,,,,
2026-06-01,2026-06-29,20260625_GrowMe_EN_9x16_FX-LifeLessons_ZT-future_RS-P3X1R1C3_fj,active,,,,260626_ABO_AEO-Purchase_ios_vid_Growme_WW_0625_joy,80,3,0.24,,,,,,,,0,,23.75,3,,
2026-06-01,2026-06-29,20260626_growme_EN_9x16_FX-SelfImprovement_ZT-move_RS-P1X1R3C3_fj,active,,,,260626_ABO_AEO-Purchase_ios_vid_Growme_WW_0626_joy,4676,2.882806,13.48,1,13.48,,,,,,1.497006,0.01960784,18.306245,47,,
2026-06-01,2026-06-29,20260626_GrowMe_EN_9x16_FX-Lifelessons_ZT-happiness_RS-P3X1R1C3_gy,active,,,,260626_ABO_AEO-Purchase_ios_vid_Growme_WW_0626_joy,4854,3.395138,16.48,4,4.12,,,,,,1.545117,0.06666667,17.511331,51,,
2026-06-01,2026-06-29,20260626_GrowMe_EN_9x16_FX-Lifelessons_ZT-respond_RS-P3X1R1C3_gy,active,5,actions:app_custom_event.fb_mobile_purchase,21.892,260626_ABO_AEO-Purchase_ios_vid_Growme_WW_0626_joy,53164,2.058912,109.46,77,1.421558,7,15.637143,5,21.892,0.701443,1.004439,0.24444444,14.914228,888,,
2026-06-01,2026-06-29,20260626_GrowMe_EN_9x16_FX-LifeLessons_ZT-mistake_RS-P3X1R1C3_gy_jql,active,,,,260626_ABO_AEO-Purchase_ios_vid_Growme_WW_0626_joy,7048,3.010783,21.22,9,2.357778,,,,,,1.943814,0.08571429,13.379682,24,,
2026-06-01,2026-06-29,20260626_GrowMe_EN_9x16_FX-Mindset_ZT-stay_RS-P3X1R1C3_gy_jql,active,,,,260626_ABO_AEO-Purchase_ios_vid_Growme_WW_0626_joy,349,2.063037,0.72,,,,,,,,0.286533,0,13.753582,,,
2026-06-01,2026-06-29,20260626_GrowMe_EN_9x16_FX-Learning_ZT-routine_RS-P3X1R1C3_gy_jql,inactive,,,,260626_ABO_AEO-Purchase_ios_vid_Growme_WW_0626_joy,12270,1.660962,20.38,19,1.072632,,,,,,1.198044,0.21348315,18.744906,135,,
2026-06-01,2026-06-29,20260626_GrowMe_EN_9x16_FX-Mindset_ZT-success_RS-P3X1R1C3_gy_jql,active,,,,260626_ABO_AEO-Purchase_ios_vid_Growme_WW_0626_joy,66,2.424242,0.16,,,,,,,,0,,15.151515,,,
2026-06-01,2026-06-29,20260626_GrowMe_EN_9x16_FX-Reading_ZT-reader_RS-P3X1R1C3_gy_jql,active,,,,260626_ABO_AEO-Purchase_ios_vid_Growme_WW_0626_joy,9009,1.617272,14.57,6,2.428333,,,,,,0.832501,0.16666667,18.059718,34,,
2026-06-01,2026-06-29,20260626_GrowMe_EN_9x16_FX-Reading_ZT-mind_RS-P3X1R1C3_gy_jql,active,,,,260626_ABO_AEO-Purchase_ios_vid_Growme_WW_0626_joy,880,2.159091,1.9,1,1.9,,,,,,1.25,0.33333333,21.25,4,,
2026-06-01,2026-06-29,20260626_GrowMe_EN_9x16_FX-Learning_ZT-study_RS-P3X1R1C3_gy_jql,active,,,,260626_ABO_AEO-Purchase_ios_vid_Growme_WW_0626_joy,259,3.861004,1,,,,,,,,1.158301,0,18.146718,2,,
2026-06-01,2026-06-29,20251226_growme_EN_9x16_FX-test_ZT-read_RS-P1X1R3C1_gy,not_delivering,,,,重启260331_AAA_AEO-Purchase_ios_vid_Growme_T2T3高roi_字幕类打包_joy,0,0,0,,,,,,,,0,,,,,
2026-06-01,2026-06-29,20260209_growme_EN_9x16_01_FX-speak_ZT-richman_RS-P1X1R3C3_wxx,not_delivering,,,,重启260401_AAA_AEO-Purchase_ios_vid_Growme_T2T3高roi_speakup_joy,0,0,0,,,,,,,,0,,,,,
2026-06-01,2026-06-29,20260508_GrowMe_EN_9x16_FX-test_ZT-slowenglish-1_RS-P3X1R1C3_fj,not_delivering,,,,260518_AAA_AEO-Purchase_ios_vid_Growme_T1_05040511_joy,0,0,0,,,,,,,,0,,,,,
2026-06-01,2026-06-29,20260511_growme_EN_9x16_FX-test_ZT-heimu_RS-P1X1R3C3_FJ_wxx,not_delivering,,,,260518_AAA_AEO-Purchase_ios_vid_Growme_T1_05040511_joy,0,0,0,,,,,,,,0,,,,,
2026-06-01,2026-06-29,20260512_GrowMe_EN_9x16_FX-test_ZT-slowread_RS-P3X1R1C3_fj,not_delivering,,,,260518_AAA_AEO-Purchase_ios_vid_Growme_T1_05040511_joy,0,0,0,,,,,,,,0,,,,,
2026-06-01,2026-06-29,20260514_growme_EN_9x16_FX-test_ZT-read_RS-P1X1R3C1_gy,not_delivering,,,,260518_AAA_AEO-Purchase_ios_vid_Growme_T1_05040511_joy,0,0,0,,,,,,,,0,,,,,
2026-06-01,2026-06-29,20251226_growme_EN_9x16_FX-test_ZT-forgive_RS-P1X1R3C1_gy,not_delivering,,,,260513_AAA_AEO-Purchase_ios_vid_Growme_T1_1222week_字幕式_joy,0,0,0,,,,,,,,0,,,,,
2026-06-01,2026-06-29,20260518_growme_EN_9x16_FX-test_ZT-remember_RS-P1X1R3C3_wxx,not_delivering,,,,260525_AAA_AEO-Purchase_ios_vid_Growme_T1_0518_joy,0,0,0,,,,,,,,0,,,,,
2026-06-01,2026-06-29,20260624_GrowMe_EN_9x16_FX-Learning_ZT-education1_RS-P3X1R1C3_gy_jql,not_delivering,,,,260625_ABO_AEO-Purchase_ios_vid_Growme_WW_0624_joy,0,0,0,,,,,,,,0,,,,,
2026-06-01,2026-06-29,20260626_GrowMe_EN_9x16_FX-LifeLessons_ZT-podcast_RS-P3X1R1C3_gy,not_delivering,,,,260626_ABO_AEO-Purchase_ios_vid_Growme_WW_0626_joy,0,0,0,,,,,,,,0,,,,,
2026-06-01,2026-06-29,20260626_GrowMe_EN_9x16_FX-Reading_ZT-reader_RS-P3X1R1C3_gy_jql,not_delivering,,,,260626_ABO_AEO-Purchase_ios_vid_Growme_WW_0626_joy,0,0,0,,,,,,,,0,,,,,
2026-06-01,2026-06-29,20260526_GrowMe_EN_9x16_FX-Creative_ZT-onehabits_RS-P3X1R1C3_fj,recently_rejected,,,,260527_AAA_AEO-Purchase_ios_vid_Growme_WW_0526_joy,0,0,0,,,,,,,,0,,,,,
2026-06-01,2026-06-29,20260506_GrowMe_EN_9x16_FX-test_ZT-easyenglish_RS-P3X1R1C3_fj,not_delivering,,,,260509_AAA_AEO-Purchase_ios_vid_Growme_T1_0504week_joy,0,0,0,,,,,,,,0,,,,,
2026-06-01,2026-06-29,20260507_growme_EN_9x16_FX-test_ZT-view_RS-P1X1R3C1_gy,not_delivering,,,,260509_AAA_AEO-Purchase_ios_vid_Growme_T1_0504week_joy,0,0,0,,,,,,,,0,,,,,
2026-06-01,2026-06-29,20260509_growme_EN_9x16_FX-test_ZT-routine_RS-P1X1R3C1_gy,not_delivering,,,,260518_AAA_AEO-Purchase_ios_vid_Growme_T1_05040511_joy,0,0,0,,,,,,,,0,,,,,
2026-06-01,2026-06-29,20260514_growme_EN_9x16_FX-test_ZT-house_RS-P1X1R3C3_wxx,not_delivering,,,,260518_AAA_AEO-Purchase_ios_vid_Growme_T1_05040511_joy,0,0,0,,,,,,,,0,,,,,
2026-06-01,2026-06-29,20260515_growme_EN_9x16_FX-test_ZT-SPEAK_RS-P1X1R3C1_gy,inactive,,,,260515_AAA_AEO-Purchase_ios_vid_Growme_0511week1_joy,0,0,0,,,,,,,,0,,,,,
2026-06-01,2026-06-29,20260522_growme_TR_9x16_FX-test_ZT-read_RS-P1X1R3C1_gy,not_delivering,,,,260522_AAA_AEO-Purchase_ios_vid_Growme_TUR_turkey_joy,0,0,0,,,,,,,,0,,,,,
2026-06-01,2026-06-29,20260513_GrowMe_EN_9x16_FX-test_ZT-jiaoben-2_RS-P3X1R1C3_fj,not_delivering,,,,260527_AAA_AEO-Purchase_ios_vid_Growme_WW_0511week_joy,0,0,0,,,,,,,,0,,,,,
2026-06-01,2026-06-29,20260616_GrowMe_EN_9x16_FX-LifeLessons_ZT-water_RS-P3X1R1C3_gy_jql,not_delivering,,,,260617_ABO_AEO-Purchase_ios_vid_Growme_WW_0616_joy,0,0,0,,,,,,,,0,,,,,
2026-06-01,2026-06-29,20260623_GrowMe_EN_9x16_FX-Mindset_ZT-confidence_RS-P3X1R1C3_gy,not_delivering,,,,260624_ABO_AEO-Purchase_ios_vid_Growme_WW_0623_joy,0,0,0,,,,,,,,0,,,,,
2026-06-01,2026-06-29,20260623_growme_EN_9x16_FX-LifeLessons_ZT-readvsnotread_RS-P1X1R3C3_wxx,not_delivering,,,,260624_ABO_AEO-Purchase_ios_vid_Growme_WW_0623_joy,0,0,0,,,,,,,,0,,,,,
2026-06-01,2026-06-29,20260507_growme_EN_9x16_FX-test_ZT-view_RS-P1X1R3C1_gy,not_delivering,,,,260622_AAA_AEO-Purchase_ios_vid_Growme_WW_0504week_英语学习_joy,0,0,0,,,,,,,,0,,,,,
2026-06-01,2026-06-29,20260624_GrowMe_EN_9x16_FX-LifeLeesons_ZT-learn1_RS-P3X1R1C3_gy_jql,not_delivering,,,,260625_ABO_AEO-Purchase_ios_vid_Growme_WW_0624_joy,0,0,0,,,,,,,,0,,,,,
2026-06-01,2026-06-29,20260506_growme_EN_9x16_FX-test_JB-010901_ZT-learn_RS-P2X1R1C1_095KB-HJ_RMG-3530A,not_delivering,,,,260518_AAA_AEO-Purchase_ios_vid_Growme_T1_05040511_joy,0,0,0,,,,,,,,0,,,,,
2026-06-01,2026-06-29,"20260507_GrowMe_EN_9x16_FX-test_ZT- begin_RS-P3X1R1C3_fj",not_delivering,,,,260518_AAA_AEO-Purchase_ios_vid_Growme_T1_05040511_joy,0,0,0,,,,,,,,0,,,,,
2026-06-01,2026-06-29,20260508_GrowMe_EN_9x16_FX-test_ZT-slowenglish_RS-P3X1R1C3_fj,not_delivering,,,,260518_AAA_AEO-Purchase_ios_vid_Growme_T1_05040511_joy,0,0,0,,,,,,,,0,,,,,
2026-06-01,2026-06-29,20260509_growme_EN_9x16_FX-test_ZT-ADHD_RS-P1X1R3C3_wxx,not_delivering,,,,260518_AAA_AEO-Purchase_ios_vid_Growme_T1_05040511_joy,0,0,0,,,,,,,,0,,,,,
2026-06-01,2026-06-29,20260512_GrowMe_EN_9x16_FX-test_ZT-likeCEO_RS-P3X1R1C3_fj,not_delivering,,,,260518_AAA_AEO-Purchase_ios_vid_Growme_T1_05040511_joy,0,0,0,,,,,,,,0,,,,,
2026-06-01,2026-06-29,20260519_growme_EN_9x16_FX-test_ZT-slowenglish_RS-P1X1R3C3_wxx,not_delivering,,,,260525_AAA_AEO-Purchase_ios_vid_Growme_T1_0518_joy,0,0,0,,,,,,,,0,,,,,
2026-06-01,2026-06-29,20260520_growme_EN_9x16_FX-test_ZT-slowenglish_RS-P1X1R3C3_wxx,not_delivering,,,,260525_AAA_AEO-Purchase_ios_vid_Growme_T1_0518_joy,0,0,0,,,,,,,,0,,,,,
2026-06-01,2026-06-29,20260522_GrowMe_EN_9x16_FX-test_ZT-b2_RS-P3X1R1C3_fj,not_delivering,,,,260525_AAA_AEO-Purchase_ios_vid_Growme_T1_0518_joy,0,0,0,,,,,,,,0,,,,,
2026-06-01,2026-06-29,20251226_growme_EN_9x16_FX-test_ZT-read_RS-P1X1R3C1_gy,not_delivering,,,,260527_AAA_AEO-Purchase_ios_vid_Growme_WW_1222week_字幕式_joy,0,0,0,,,,,,,,0,,,,,
2026-06-01,2026-06-29,20260609_GrowMe_EN_9x16_FX-Mindset_ZT-think_RS-P3X1R1C3_gy_jql,not_delivering,,,,260622_ABO_AEO-Purchase_ios_vid_Growme_WW_0608week_joy,0,0,0,,,,,,,,0,,,,,
2026-06-01,2026-06-29,20260624_GrowMe_EN_9x16_FX-Mindset_ZT-quote_RS-P3X1R1C3_gy_jql,not_delivering,,,,260625_ABO_AEO-Purchase_ios_vid_Growme_WW_0624_joy,0,0,0,,,,,,,,0,,,,,
2026-06-01,2026-06-29,20260626_GrowMe_EN_9x16_FX-SelfImprovement_ZT-growth_RS-P3X1R1C3_gy_jql,not_delivering,,,,260626_ABO_AEO-Purchase_ios_vid_Growme_WW_0626_joy,0,0,0,,,,,,,,0,,,,,
2026-06-01,2026-06-29,20260506_growme_EN_9x16_FX-test_ZT-patience_RS-P1X1R3C1_095KB-JR_RMG-3528,not_delivering,,,,260509_AAA_AEO-Purchase_ios_vid_Growme_T1_0504week_joy,0,0,0,,,,,,,,0,,,,,
2026-06-01,2026-06-29,20260211_growme_EN_9x16_FX-speak_ZT-art_RS-P1X1R3C3_wxx,not_delivering,,,,重启260401_AAA_AEO-Purchase_ios_vid_Growme_T2T3高roi_speakup_joy,0,0,0,,,,,,,,0,,,,,
2026-06-01,2026-06-29,20251211_growme_EN_4x5_FX-book_ZT-money_RS-P1X1R3C3_wxx,not_delivering,,,,260312_AAA_AEO-Purchase_ios_pic_Growme_WW_金钱心理学_joy,0,0,0,,,,,,,,0,,,,,
2026-06-01,2026-06-29,"20260514_GrowMe_EN_9x16_FX-test_ZT- fly_RS-P3X1R1C3_fj",not_delivering,,,,260518_AAA_AEO-Purchase_ios_vid_Growme_T1_05040511_joy,0,0,0,,,,,,,,0,,,,,
2026-06-01,2026-06-29,20260518_growme_EN_9x16_FX-test_ZT-atomichabits_RS-P1X1R3C3_wxx,not_delivering,,,,260525_AAA_AEO-Purchase_ios_vid_Growme_T1_0518_joy,0,0,0,,,,,,,,0,,,,,
2026-06-01,2026-06-29,20260507_growme_EN_9x16_FX-test_ZT-view_RS-P1X1R3C1_gy,not_delivering,,,,260527_AAA_AEO-Purchase_ios_vid_Growme_WW_0504week_英语学习_joy,0,0,0,,,,,,,,0,,,,,
2026-06-01,2026-06-29,20260515_growme_EN_9x16_FX-test_ZT-therapist_RS-P1X1R3C3_wxx,not_delivering,,,,260527_AAA_AEO-Purchase_ios_vid_Growme_WW_0511week_joy,0,0,0,,,,,,,,0,,,,,
2026-06-01,2026-06-29,20260512_growme_EN_9x16_FX-test_ZT-read2_RS-P1X1R3C1_gy,not_delivering,,,,260527_AAA_AEO-Purchase_ios_vid_Growme_WW_0511week_joy,0,0,0,,,,,,,,0,,,,,
2026-06-01,2026-06-29,20260514_growme_EN_9x16_FX-test_ZT-read_RS-P1X1R3C1_gy,not_delivering,,,,260527_AAA_AEO-Purchase_ios_vid_Growme_WW_0511week_joy,0,0,0,,,,,,,,0,,,,,
2026-06-01,2026-06-29,20260616_GrowMe_ZH_9x16_FX-LifeLessons_ZT-self_RS-P3X1R1C3_gy_fj,not_delivering,,,,260616_ABO_AEO-Purchase_ios_vid_Growme_WW_CHINA_joy,0,0,0,,,,,,,,0,,,,,
2026-06-01,2026-06-29,20260616_GrowMe_EN_9x16_FX-LifeLessons_ZT-youselfai_RS-P3X1R1C3_gy_jql,not_delivering,,,,260617_ABO_AEO-Purchase_ios_vid_Growme_WW_0616_joy,0,0,0,,,,,,,,0,,,,,
2026-06-01,2026-06-29,20260624_GrowMe_EN_9x16_FX-Communication_ZT-zixin_RS-P3X1R1C3_fj,not_delivering,,,,260625_ABO_AEO-Purchase_ios_vid_Growme_WW_0624_joy,0,0,0,,,,,,,,0,,,,,
2026-06-01,2026-06-29,20260514_growme_EN_9x16_FX-test_ZT-slowenglish_RS-P1X1R3C3_wxx,not_delivering,,,,260518_AAA_AEO-Purchase_ios_vid_Growme_T1_05040511_joy,0,0,0,,,,,,,,0,,,,,
2026-06-01,2026-06-29,20251223_growme_EN_9x16_FX-book_ZT-speak_RS-P1X1R3C3_wxx,not_delivering,,,,260513_AAA_AEO-Purchase_ios_vid_Growme_T1_1222week_字幕式_joy,0,0,0,,,,,,,,0,,,,,
2026-06-01,2026-06-29,20260515_growme_EN_9x16_FX-test_ZT-therapist_RS-P1X1R3C3_wxx,not_delivering,,,,260527_AAA_AEO-Purchase_ios_vid_Growme_WW_0511week_joy,0,0,0,,,,,,,,0,,,,,
2026-06-01,2026-06-29,20260514_growme_EN_9x16_FX-test_ZT-slowenglish_RS-P1X1R3C3_wxx,not_delivering,,,,260527_AAA_AEO-Purchase_ios_vid_Growme_WW_0511week_joy,0,0,0,,,,,,,,0,,,,,
2026-06-01,2026-06-29,20260420_GrowMe_EN_9x16_FX-test_ZT-book_RS-P3X1R1C3_fj,not_delivering,,,,260527_AAA_AEO-Purchase_ios_vid_Growme_WW_0420week_joy,0,0,0,,,,,,,,0,,,,,
2026-06-01,2026-06-29,20260616_growme_EN_9x16_FX-Creative_ZT-Discipline_RS-P1X1R1C3_HJ_RMG-5219H,not_delivering,,,,260617_ABO_AEO-Purchase_ios_vid_Growme_WW_0616_joy,0,0,0,,,,,,,,0,,,,,
2026-06-01,2026-06-29,20260623_GrowMe_EN_9x16_FX-Mindset_ZT-age_RS-P3X1R1C3_gy,not_delivering,,,,260624_ABO_AEO-Purchase_ios_vid_Growme_WW_0623_joy,0,0,0,,,,,,,,0,,,,,
2026-06-01,2026-06-29,20260624_GrowMe_EN_9x16_FX-Learning_ZT-business_RS-P3X1R1C3_gy_jql,not_delivering,,,,260625_ABO_AEO-Purchase_ios_vid_Growme_WW_0624_joy,0,0,0,,,,,,,,0,,,,,
2026-06-01,2026-06-29,20260625_GrowMe_EN_9x16_FX-Habits_ZT-online_RS-P3X1R1C3_gy_jql,not_delivering,,,,260626_ABO_AEO-Purchase_ios_vid_Growme_WW_0625_joy,0,0,0,,,,,,,,0,,,,,
2026-06-01,2026-06-29,20260615_growme_EN_9x16_FX-LifeLessons_ZT-positive_RS-P1X1R3C3_wxx,not_delivering,,,,260629_ABO_AEO-Purchase_ios_vid_Growme_WW_0615top_joy,0,0,0,,,,,,,,0,,,,,
2026-06-01,2026-06-29,20260617_GrowMe_EN_9x16_FX-Learning_ZT-language_RS-P3X1R1C3_gy_jql,not_delivering,,,,260629_ABO_AEO-Purchase_ios_vid_Growme_WW_0615back_joy,0,0,0,,,,,,,,0,,,,,
2026-06-01,2026-06-29,20260618_GrowMe_EN_9x16_FX-Learning_ZT-listen_RS-P3X1R1C3_gy_jql,not_delivering,,,,260629_ABO_AEO-Purchase_ios_vid_Growme_WW_0615back_joy,0,0,0,,,,,,,,0,,,,,
2026-06-01,2026-06-29,20260506_GrowMe_EN_9x16_FX-test_ZT-easyenglish_RS-P3X1R1C3_fj,not_delivering,,,,260518_AAA_AEO-Purchase_ios_vid_Growme_T1_05040511_joy,0,0,0,,,,,,,,0,,,,,
2026-06-01,2026-06-29,20260506_GrowMe_EN_9x16_FX-test_ZT-easyenglish_RS-P3X1R1C3_fj,not_delivering,,,,260527_AAA_AEO-Purchase_ios_vid_Growme_WW_0504week_英语学习_joy,0,0,0,,,,,,,,0,,,,,
2026-06-01,2026-06-29,20260514_growme_EN_9x16_FX-test_ZT-read_RS-P1X1R3C1_gy,not_delivering,,,,260527_AAA_AEO-Purchase_ios_vid_Growme_WW_0511week_joy,0,0,0,,,,,,,,0,,,,,
2026-06-01,2026-06-29,"20260514_GrowMe_EN_9x16_FX-test_ZT- fly_RS-P3X1R1C3_fj",not_delivering,,,,260527_AAA_AEO-Purchase_ios_vid_Growme_WW_0511week_joy,0,0,0,,,,,,,,0,,,,,
2026-06-01,2026-06-29,20260506_growme_EN_9x16_FX-test_JB-010901_ZT-learn_RS-P2X1R1C1_095KB-HJ_RMG-3530A,not_delivering,,,,260527_AAA_AEO-Purchase_ios_vid_Growme_WW_0504week_英语学习_joy,0,0,0,,,,,,,,0,,,,,
2026-06-01,2026-06-29,20260402_growme_TR_9x16_FX-test_ZT-life_RS-P1X1R3C3_wxx,not_delivering,,,,260413_AAA_AEO-Purchase_ios_vid_Growme_turkey_0330week1_joy,0,0,0,,,,,,,,0,,,,,
2026-06-01,2026-06-29,20260616_GrowMe_PT_9x16_FX-LifeLessons_ZT-self_RS-P3X1R1C3_gy_fj,not_delivering,,,,260616_ABO_AEO-Purchase_ios_vid_Growme_WW_USPT_joy,0,0,0,,,,,,,,0,,,,,
2026-06-01,2026-06-29,20260623_GrowMe_EN_9x16_FX-Learning_ZT-fast_RS-P3X1R1C3_gy,not_delivering,,,,260624_ABO_AEO-Purchase_ios_vid_Growme_WW_0623_joy,0,0,0,,,,,,,,0,,,,,
2026-06-01,2026-06-29,20260624_GrowMe_EN_9x16_FX-LifeLessons_ZT-race_RS-P3X1R1C3_fj,not_delivering,,,,260625_ABO_AEO-Purchase_ios_vid_Growme_WW_0624_joy,0,0,0,,,,,,,,0,,,,,
2026-06-01,2026-06-29,20260626_GrowMe_EN_9x16_FX-Learning_ZT-speak_RS-P3X1R1C3_gy,not_delivering,,,,260626_ABO_AEO-Purchase_ios_vid_Growme_WW_0626_joy,0,0,0,,,,,,,,0,,,,,
2026-06-01,2026-06-29,20260615_growme_EN_9x16_FX-test_ZT-niupizhi_LV1-rain_RS-P1X1R3C1_fj,not_delivering,,,,260629_ABO_AEO-Purchase_ios_vid_Growme_WW_0615top_joy,0,0,0,,,,,,,,0,,,,,
2026-06-01,2026-06-29,20260617_GrowMe_EN_9x16_FX-Learning_ZT-10mins_RS-P3X1R1C3_gy,not_delivering,,,,260629_ABO_AEO-Purchase_ios_vid_Growme_WW_0615back_joy,0,0,0,,,,,,,,0,,,,,
2026-06-01,2026-06-29,20260512_growme_EN_9x16_FX-test_ZT-grow_RS-P1X1R3C1_gy,not_delivering,,,,260518_AAA_AEO-Purchase_ios_vid_Growme_T1_05040511_joy,0,0,0,,,,,,,,0,,,,,
2026-06-01,2026-06-29,"20260518_GrowMe_VI_9x16_FX-test_ZT-try new_RS-P3X1R1C3_fj",not_delivering,,,,260522_AAA_AEO-Purchase_ios_vid_Growme_TUR_vi_joy,0,0,0,,,,,,,,0,,,,,
2026-06-01,2026-06-29,20260519_growme_EN_9x16_FX-test_ZT-read_RS-P1X1R3C1_gy,not_delivering,,,,260525_AAA_AEO-Purchase_ios_vid_Growme_T1_0518_joy,0,0,0,,,,,,,,0,,,,,
2026-06-01,2026-06-29,20260515_growme_EN_9x16_FX-test_ZT-qiantie_RS-P1X1R3C3_wxx,not_delivering,,,,260527_AAA_AEO-Purchase_ios_vid_Growme_WW_0511week_joy,0,0,0,,,,,,,,0,,,,,
2026-06-01,2026-06-29,20251226_growme_EN_9x16_FX-test_ZT-forgive_RS-P1X1R3C1_gy,not_delivering,,,,260527_AAA_AEO-Purchase_ios_vid_Growme_WW_1222week_字幕式_joy,0,0,0,,,,,,,,0,,,,,
2026-06-01,2026-06-29,20260403_growme_TR_9x16_FX-test_ZT-read2_RS-P1X1R3C1_gy,not_delivering,,,,260413_AAA_AEO-Purchase_ios_vid_Growme_turkey_0330week1_joy,0,0,0,,,,,,,,0,,,,,
2026-06-01,2026-06-29,20260616_GrowMe_EN_9x16_FX-Communication_ZT-speak_RS-P3X1R1C3_gy,not_delivering,,,,260617_ABO_AEO-Purchase_ios_vid_Growme_WW_0616_joy,0,0,0,,,,,,,,0,,,,,
2026-06-01,2026-06-29,20260508_growme_EN_9x16_FX-test_ZT-love_RS-P1X1R3C1_gy,not_delivering,,,,260622_AAA_AEO-Purchase_ios_vid_Growme_WW_0504week_英语学习_joy,0,0,0,,,,,,,,0,,,,,
2026-06-01,2026-06-29,20260604_GrowMe_EN_9x16_FX-Learning_ZT-habbit_RS-P3X1R1C3_gy,inactive,,,,260625_AAA_AEO-Purchase_ios_vid_Growme_WW_0601back_joy,0,0,0,,,,,,,,0,,,,,
2026-06-01,2026-06-29,20260625_GrowMe_EN_9x16_FX-Communication__ZT-Communication_RS-P3X1R1C3_gy,not_delivering,,,,260626_ABO_AEO-Purchase_ios_vid_Growme_WW_0625_joy,0,0,0,,,,,,,,0,,,,,
2026-06-01,2026-06-29,20260625_GrowMe_EN_9x16_FX-Mindset_ZT-forget_RS-P3X1R1C3_gy,not_delivering,,,,260626_ABO_AEO-Purchase_ios_vid_Growme_WW_0625_joy,0,0,0,,,,,,,,0,,,,,
2026-06-01,2026-06-29,20260626_GrowMe_EN_9x16_FX-LifeLessons_ZT-mistake_RS-P3X1R1C3_gy_jql,not_delivering,,,,260626_ABO_AEO-Purchase_ios_vid_Growme_WW_0626_joy,0,0,0,,,,,,,,0,,,,,
2026-06-01,2026-06-29,20260507_growme_EN_9x16_FX-test_ZT-education_RS-P1X1R3C1_gy,not_delivering,,,,260518_AAA_AEO-Purchase_ios_vid_Growme_T1_05040511_joy,0,0,0,,,,,,,,0,,,,,
2026-06-01,2026-06-29,20260519_growme_EN_9x16_FX-test_ZT-atomichabit_RS-P1X1R3C3_wxx,not_delivering,,,,260525_AAA_AEO-Purchase_ios_vid_Growme_T1_0518_joy,0,0,0,,,,,,,,0,,,,,
2026-06-01,2026-06-29,20260422_growme_EN_9x16_FX-test_ZT-read_RS-P1X1R3C1_gy,not_delivering,,,,260527_AAA_AEO-Purchase_ios_vid_Growme_WW_0420week_joy,0,0,0,,,,,,,,0,,,,,
2026-06-01,2026-06-29,20260616_growme_EN_9x16_FX-Learning_ZT-readextensive_RS-P1X1R3C3_wxx,not_delivering,,,,260617_ABO_AEO-Purchase_ios_vid_Growme_WW_0616_joy,0,0,0,,,,,,,,0,,,,,
2026-06-01,2026-06-29,20260506_growme_EN_9x16_FX-test_ZT-patience_RS-P1X1R3C1_095KB-JR_RMG-3528,not_delivering,,,,260622_AAA_AEO-Purchase_ios_vid_Growme_WW_0504week_英语学习_joy,0,0,0,,,,,,,,0,,,,,
2026-06-01,2026-06-29,20260623_growme_EN_9x16_FX-Mindset_ZT-comfortzone_RS-P1X1R3C3_wxx,not_delivering,,,,260624_ABO_AEO-Purchase_ios_vid_Growme_WW_0623_joy,0,0,0,,,,,,,,0,,,,,
2026-06-01,2026-06-29,20260506_growme_EN_9x16_FX-test_ZT-teacher_RS-P1X1R3C3_wxx,not_delivering,,,,260622_AAA_AEO-Purchase_ios_vid_Growme_WW_0504week_英语学习_joy,0,0,0,,,,,,,,0,,,,,
2026-06-01,2026-06-29,20260624_GrowMe_EN_9x16_FX-LifeLessons_ZT-true_RS-P3X1R1C3_gy_jql,not_delivering,,,,260625_ABO_AEO-Purchase_ios_vid_Growme_WW_0624_joy,0,0,0,,,,,,,,0,,,,,
2026-06-01,2026-06-29,20260625_growme_EN_9x16_FX-Learning_ZT-read1_RS-P1X1R3C3_wxx,not_delivering,,,,260626_ABO_AEO-Purchase_ios_vid_Growme_WW_0625_joy,0,0,0,,,,,,,,0,,,,,
2026-06-01,2026-06-29,20260625_GrowMe_EN_9x16_FX-LifeLessons_ZT-art_RS-P3X1R1C3_gy_jql,not_delivering,,,,260626_ABO_AEO-Purchase_ios_vid_Growme_WW_0625_joy,0,0,0,,,,,,,,0,,,,,
2026-06-01,2026-06-29,20260626_GrowMe_EN_9x16_FX-Reading_ZT-mind_RS-P3X1R1C3_gy_jql,not_delivering,,,,260626_ABO_AEO-Purchase_ios_vid_Growme_WW_0626_joy,0,0,0,,,,,,,,0,,,,,
2026-06-01,2026-06-29,20260528_GrowMe_EN_9x16_FX-convercation_ZT-think_RS-P3X1R1C3_gy,active,,,,260601_AAA_AEO-Purchase_ios_vid_Growme_WW_0528_joy,0,0,0,,,,,,,,0,,,,,
2026-06-01,2026-06-29,20251226_growme_EN_9x16_FX-test_ZT-forgive_RS-P1X1R3C1_gy,not_delivering,,,,260507_AAA_AEO-Purchase_ios_vid_Growme_t1_1222week_字幕式_joy,0,0,0,,,,,,,,0,,,,,
2026-06-01,2026-06-29,20260506_growme_EN_9x16_FX-test_ZT-acceptance_RS-P1X1R3C1_095KB-JR_RMG-3527,not_delivering,,,,260509_AAA_AEO-Purchase_ios_vid_Growme_T1_0504week_joy,0,0,0,,,,,,,,0,,,,,
2026-06-01,2026-06-29,"20260507_GrowMe_EN_9x16_FX-test_ZT-try new_RS-P3X1R1C3_fj",not_delivering,,,,260509_AAA_AEO-Purchase_ios_vid_Growme_T1_0504week_joy,0,0,0,,,,,,,,0,,,,,
2026-06-01,2026-06-29,"20260507_GrowMe_EN_9x16_FX-test_ZT- begin_RS-P3X1R1C3_fj",not_delivering,,,,260509_AAA_AEO-Purchase_ios_vid_Growme_T1_0504week_joy,0,0,0,,,,,,,,0,,,,,
2026-06-01,2026-06-29,20260507_growme_EN_9x16_FX-test_ZT-education_RS-P1X1R3C1_gy,not_delivering,,,,260509_AAA_AEO-Purchase_ios_vid_Growme_T1_0504week_joy,0,0,0,,,,,,,,0,,,,,
2026-06-01,2026-06-29,20260211_GrowMe_EN_9x16_FX-test_ZT-read_RS-P3X1R1C3_fj,not_delivering,,,,重启260401_AAA_AEO-Purchase_ios_vid_Growme_T2T3高roi_speakup_joy,0,0,0,,,,,,,,0,,,,,
2026-06-01,2026-06-29,20260522_growme_TR_9x16_FX-test_ZT-B2_RS-P1X1R3C3_wxx,not_delivering,,,,260522_AAA_AEO-Purchase_ios_vid_Growme_TUR_turkey_joy,0,0,0,,,,,,,,0,,,,,
2026-06-01,2026-06-29,20260515_growme_EN_9x16_FX-test_ZT-SPEAK_RS-P1X1R3C1_gy,not_delivering,,,,260527_AAA_AEO-Purchase_ios_vid_Growme_WW_0511week_joy,0,0,0,,,,,,,,0,,,,,
2026-06-01,2026-06-29,20260515_growme_EN_9x16_FX-test_ZT-app_RS-P1X1R3C3_wxx,not_delivering,,,,260527_AAA_AEO-Purchase_ios_vid_Growme_WW_0511week_joy,0,0,0,,,,,,,,0,,,,,
2026-06-01,2026-06-29,20260624_GrowMe_EN_9x16_FX-Learning_ZT-english_RS-P3X1R1C3_gy,not_delivering,,,,260625_ABO_AEO-Purchase_ios_vid_Growme_WW_0624_joy,0,0,0,,,,,,,,0,,,,,
2026-06-01,2026-06-29,20260625_growme_EN_9x16_FX-SelfImprovement_ZT-grow_RS-P1X1R3C3_wxx,not_delivering,,,,260626_ABO_AEO-Purchase_ios_vid_Growme_WW_0625_joy,0,0,0,,,,,,,,0,,,,,
2026-06-01,2026-06-29,20260528_GrowMe_EN_9x16_FX-Creative_ZT-speakceo_RS-P3X1R1C3_fj,active,,,,260601_AAA_AEO-Purchase_ios_vid_Growme_WW_0528_joy,0,0,0,,,,,,,,0,,,,,
2026-06-01,2026-06-29,20260506_growme_EN_9x16_FX-test_JB-010901_ZT-learn_RS-P2X1R1C1_095KB-HJ_RMG-3530A,not_delivering,,,,260509_AAA_AEO-Purchase_ios_vid_Growme_T1_0504week_joy,0,0,0,,,,,,,,0,,,,,
2026-06-01,2026-06-29,20260508_growme_EN_9x16_FX-test_ZT-listen_RS-P1X1R3C3_wxx,not_delivering,,,,260509_AAA_AEO-Purchase_ios_vid_Growme_T1_0504week_joy,0,0,0,,,,,,,,0,,,,,
2026-06-01,2026-06-29,"20260508_GrowMe_EN_9x16_FX-test_ZT- read_RS-P3X1R1C3_fj",not_delivering,,,,260509_AAA_AEO-Purchase_ios_vid_Growme_T1_0504week_joy,0,0,0,,,,,,,,0,,,,,
2026-06-01,2026-06-29,20260506_growme_EN_9x16_FX-test_ZT-patience_RS-P1X1R3C1_095KB-JR_RMG-3528,not_delivering,,,,260518_AAA_AEO-Purchase_ios_vid_Growme_T1_05040511_joy,0,0,0,,,,,,,,0,,,,,
2026-06-01,2026-06-29,20260509_growme_EN_9x16_FX-test_ZT-study_RS-P1X1R3C3_wxx,not_delivering,,,,260518_AAA_AEO-Purchase_ios_vid_Growme_T1_05040511_joy,0,0,0,,,,,,,,0,,,,,
2026-06-01,2026-06-29,20260522_growme_TR_9x16_FX-test_ZT-daily_RS-P1X1R3C1_gy,not_delivering,,,,260522_AAA_AEO-Purchase_ios_vid_Growme_TUR_turkey_joy,0,0,0,,,,,,,,0,,,,,
2026-06-01,2026-06-29,"20260519_GrowMe_EN_9x16_FX-test_ZT- authentic_RS-P3X1R1C3_fj",not_delivering,,,,260525_AAA_AEO-Purchase_ios_vid_Growme_T1_0518_joy,0,0,0,,,,,,,,0,,,,,
2026-06-01,2026-06-29,20260521_growme_EN_9x16_FX-test_ZT-list_RS-P1X1R3C1_gy,not_delivering,,,,260525_AAA_AEO-Purchase_ios_vid_Growme_T1_0518_joy,0,0,0,,,,,,,,0,,,,,
2026-06-01,2026-06-29,20260521_growme_EN_9x16_FX-test_ZT-zixin_RS-P1X1R3C1_gy,not_delivering,,,,260525_AAA_AEO-Purchase_ios_vid_Growme_T1_0518_joy,0,0,0,,,,,,,,0,,,,,
2026-06-01,2026-06-29,20260515_growme_EN_9x16_FX-test_ZT-SPEAK_RS-P1X1R3C1_gy,not_delivering,,,,260527_AAA_AEO-Purchase_ios_vid_Growme_WW_0511week_joy,0,0,0,,,,,,,,0,,,,,
2026-06-01,2026-06-29,20260616_growme_EN_9x16_FX-Creative_ZT-SocialMedia_RS-P1X1R1C3_HJ_RMG-5219E,not_delivering,,,,260617_ABO_AEO-Purchase_ios_vid_Growme_WW_0616_joy,0,0,0,,,,,,,,0,,,,,
2026-06-01,2026-06-29,20260625_GrowMe_EN_9x16_FX-Learning_ZT-speak_RS-P3X1R1C3_gy,not_delivering,,,,260626_ABO_AEO-Purchase_ios_vid_Growme_WW_0625_joy,0,0,0,,,,,,,,0,,,,,
2026-06-01,2026-06-29,20260511_growme_EN_9x16_FX-test_ZT-brain_RS-P1X1R3C3_wxx,not_delivering,,,,260518_AAA_AEO-Purchase_ios_vid_Growme_T1_05040511_joy,0,0,0,,,,,,,,0,,,,,
2026-06-01,2026-06-29,20260513_GrowMe_EN_9x16_FX-test_ZT-jiaoben-2_RS-P3X1R1C3_fj,not_delivering,,,,260518_AAA_AEO-Purchase_ios_vid_Growme_T1_05040511_joy,0,0,0,,,,,,,,0,,,,,
2026-06-01,2026-06-29,"20260519_GrowMe_EN_9x16_FX-test_ZT- 5am_RS-P3X1R1C3_fj",not_delivering,,,,260525_AAA_AEO-Purchase_ios_vid_Growme_T1_0518_joy,0,0,0,,,,,,,,0,,,,,
2026-06-01,2026-06-29,20260507_growme_EN_9x16_FX-test_ZT-education_RS-P1X1R3C1_gy,not_delivering,,,,260527_AAA_AEO-Purchase_ios_vid_Growme_WW_0504week_英语学习_joy,0,0,0,,,,,,,,0,,,,,
2026-06-01,2026-06-29,20260422_growme_EN_9x16_FX-test_ZT-driving_RS-P1X1R3C3_wxx,not_delivering,,,,260527_AAA_AEO-Purchase_ios_vid_Growme_WW_0420week_joy,0,0,0,,,,,,,,0,,,,,
2026-06-01,2026-06-29,20260623_growme_EN_9x16_FX-Learning_ZT-read2_RS-P1X1R3C3_wxx,not_delivering,,,,260624_ABO_AEO-Purchase_ios_vid_Growme_WW_0623_joy,0,0,0,,,,,,,,0,,,,,
2026-06-01,2026-06-29,20260507_growme_EN_9x16_FX-test_ZT-education_RS-P1X1R3C1_gy,not_delivering,,,,260622_AAA_AEO-Purchase_ios_vid_Growme_WW_0504week_英语学习_joy,0,0,0,,,,,,,,0,,,,,
2026-06-01,2026-06-29,20260624_GrowMe_EN_9x16_FX-Mindset_ZT-enough_RS-P3X1R1C3_gy,not_delivering,,,,260625_ABO_AEO-Purchase_ios_vid_Growme_WW_0624_joy,0,0,0,,,,,,,,0,,,,,
2026-06-01,2026-06-29,20260625_GrowMe_EN_9x16_FX-Mindset_ZT-predict_RS-P3X1R1C3_gy_jql,not_delivering,,,,260626_ABO_AEO-Purchase_ios_vid_Growme_WW_0625_joy,0,0,0,,,,,,,,0,,,,,
2026-06-01,2026-06-29,20260625_GrowMe_EN_9x16_FX-SelfImprovement_ZT-haoqi_RS-P3X1R1C3_gy_jql,not_delivering,,,,260626_ABO_AEO-Purchase_ios_vid_Growme_WW_0625_joy,0,0,0,,,,,,,,0,,,,,
2026-06-01,2026-06-29,20260626_growme_EN_9x16_FX-Mindset_ZT-beginagain_RS-P1X1R3C3_wxx,not_delivering,,,,260626_ABO_AEO-Purchase_ios_vid_Growme_WW_0626_joy,0,0,0,,,,,,,,0,,,,,
2026-06-01,2026-06-29,20260626_GrowMe_EN_9x16_FX-Lifelessons_ZT-time_RS-P3X1R1C3_gy,not_delivering,,,,260626_ABO_AEO-Purchase_ios_vid_Growme_WW_0626_joy,0,0,0,,,,,,,,0,,,,,
2026-06-01,2026-06-29,"20260209_GrowMe_EN_9x16_FX-test_ZT- read_RS-P3X1R1C3_fj",not_delivering,,,,重启260401_AAA_AEO-Purchase_ios_vid_Growme_T2T3高roi_speakup_joy,0,0,0,,,,,,,,0,,,,,
2026-06-01,2026-06-29,20260515_growme_EN_9x16_FX-test_ZT-app_RS-P1X1R3C3_wxx,not_delivering,,,,260518_AAA_AEO-Purchase_ios_vid_Growme_T1_05040511_joy,0,0,0,,,,,,,,0,,,,,
2026-06-01,2026-06-29,20260515_growme_EN_9x16_FX-test_ZT-app_RS-P1X1R3C3_wxx,inactive,,,,260515_AAA_AEO-Purchase_ios_vid_Growme_0511week1_joy,0,0,0,,,,,,,,0,,,,,
2026-06-01,2026-06-29,"20260518_GrowMe_EN_9x16_FX-test_ZT- read bored-pride_RS-P3X1R1C3_fj",not_delivering,,,,260525_AAA_AEO-Purchase_ios_vid_Growme_T1_0518_joy,0,0,0,,,,,,,,0,,,,,
2026-06-01,2026-06-29,20260521_growme_EN_9x16_FX-test_ZT-B2_RS-P1X1R3C3_wxx,not_delivering,,,,260525_AAA_AEO-Purchase_ios_vid_Growme_T1_0518_joy,0,0,0,,,,,,,,0,,,,,
2026-06-01,2026-06-29,20260616_growme_ZH_9x16_FX-test_ZT-niupizhi_RS-P1X1R3C1_gy_fj,not_delivering,,,,260616_ABO_AEO-Purchase_ios_vid_Growme_WW_CHINA_joy,0,0,0,,,,,,,,0,,,,,
2026-06-01,2026-06-29,20260623_GrowMe_EN_9x16_FX-LifeLessons_ZT-you_RS-P3X1R1C3_fj,not_delivering,,,,260624_ABO_AEO-Purchase_ios_vid_Growme_WW_0623_joy,0,0,0,,,,,,,,0,,,,,
2026-06-01,2026-06-29,20260623_GrowMe_EN_9x16_FX-Learning_ZT-english-2_RS-P3X1R1C3_fj,not_delivering,,,,260624_ABO_AEO-Purchase_ios_vid_Growme_WW_0623_joy,0,0,0,,,,,,,,0,,,,,
2026-06-01,2026-06-29,20260624_growme_EN_9x16_FX-Mindset_ZT-light_RS-P1X1R3C3_wxx,not_delivering,,,,260625_ABO_AEO-Purchase_ios_vid_Growme_WW_0624_joy,0,0,0,,,,,,,,0,,,,,
2026-06-01,2026-06-29,20260625_GrowMe_EN_9x16_FX-Communication_ZT-shy_RS-P3X1R1C3_gy_jql,not_delivering,,,,260626_ABO_AEO-Purchase_ios_vid_Growme_WW_0625_joy,0,0,0,,,,,,,,0,,,,,
2026-06-01,2026-06-29,20260625_GrowMe_EN_9x16_FX-Focus_ZT-learn_RS-P3X1R1C3_gy_jql,not_delivering,,,,260626_ABO_AEO-Purchase_ios_vid_Growme_WW_0625_joy,0,0,0,,,,,,,,0,,,,,
2026-06-01,2026-06-29,20260527_GrowMe_EN_9x16_FX-Creative_ZT-girl_RS-P3X1R1C3_fj,active,,,,260528_AAA_AEO-Purchase_ios_vid_Growme_WW_0527_joy,0,0,0,,,,,,,,0,,,,,
2026-06-01,2026-06-29,20260506_growme_EN_9x16_FX-test_ZT-teacher_RS-P1X1R3C3_wxx,not_delivering,,,,260509_AAA_AEO-Purchase_ios_vid_Growme_T1_0504week_joy,0,0,0,,,,,,,,0,,,,,
2026-06-01,2026-06-29,"20260521_GrowMe_EN_9x16_FX-test_ZT- m-friend_RS-P3X1R1C3_fj",not_delivering,,,,260525_AAA_AEO-Purchase_ios_vid_Growme_T1_0518_joy,0,0,0,,,,,,,,0,,,,,
2026-06-01,2026-06-29,20260512_growme_EN_9x16_FX-test_ZT-read_RS-P1X1R3C1_gy,not_delivering,,,,260527_AAA_AEO-Purchase_ios_vid_Growme_WW_0511week_joy,0,0,0,,,,,,,,0,,,,,
2026-06-01,2026-06-29,20260514_growme_EN_9x16_FX-test_ZT-house_RS-P1X1R3C3_wxx,not_delivering,,,,260527_AAA_AEO-Purchase_ios_vid_Growme_WW_0511week_joy,0,0,0,,,,,,,,0,,,,,
2026-06-01,2026-06-29,20260420_growme_EN_9x16_FX-test_ZT-slowenglish_RS-P1X1R3C3_wxx,not_delivering,,,,260527_AAA_AEO-Purchase_ios_vid_Growme_WW_0420week_joy,0,0,0,,,,,,,,0,,,,,
2026-06-01,2026-06-29,20260402_growme_TR_9x16_FX-test_ZT-women2_RS-P1X1R3C3_wxx,not_delivering,,,,260413_AAA_AEO-Purchase_ios_vid_Growme_turkey_0330week1_joy,0,0,0,,,,,,,,0,,,,,
2026-06-01,2026-06-29,20260506_growme_EN_9x16_FX-test_JB-010901_ZT-learn_RS-P2X1R1C1_095KB-HJ_RMG-3530A,not_delivering,,,,260609_AAA_AEO-Purchase_ios_vid_Growme_WW_0504week2_英语学习_joy,0,0,0,,,,,,,,0,,,,,
2026-06-01,2026-06-29,20260616_growme_EN_9x16_FX-aitalk_ZT-365book_LV1-jindutiao_RS-P1X1R3C1_wxx,not_delivering,,,,260617_ABO_AEO-Purchase_ios_vid_Growme_WW_0616_joy,0,0,0,,,,,,,,0,,,,,
2026-06-01,2026-06-29,20260616_growme_EN_9x16_FX-Learning_ZT-english_RS-P1X1R3C3_wxx,not_delivering,,,,260617_ABO_AEO-Purchase_ios_vid_Growme_WW_0616_joy,0,0,0,,,,,,,,0,,,,,
2026-06-01,2026-06-29,20260625_growme_EN_9x16_FX-Mindset_ZT-smile_RS-P1X1R3C3_wxx,not_delivering,,,,260626_ABO_AEO-Purchase_ios_vid_Growme_WW_0625_joy,0,0,0,,,,,,,,0,,,,,
2026-06-01,2026-06-29,20260626_growme_EN_9x16_FX-SelfImprovement_ZT-6ways_RS-P1X1R3C3_wxx,not_delivering,,,,260626_ABO_AEO-Purchase_ios_vid_Growme_WW_0626_joy,0,0,0,,,,,,,,0,,,,,
2026-06-01,2026-06-29,20260528_GrowMe_EN_9x16_FX-convercation_ZT-study_RS-P3X1R1C3_gy,active,,,,260601_AAA_AEO-Purchase_ios_vid_Growme_WW_0528_joy,0,0,0,,,,,,,,0,,,,,
2026-06-01,2026-06-29,20260508_growme_EN_9x16_FX-test_ZT-love_RS-P1X1R3C1_gy,not_delivering,,,,260509_AAA_AEO-Purchase_ios_vid_Growme_T1_0504week_joy,0,0,0,,,,,,,,0,,,,,
2026-06-01,2026-06-29,20251216_growme_EN_9x16_FX-book_ZT-wenan_RS-P1X1R3C3_wxx,not_delivering,,,,260312_AAA_AEO-Purchase_ios_vid_Growme_WW_黑色字幕版式_阅读定向_joy,0,0,0,,,,,,,,0,,,,,
2026-06-01,2026-06-29,"20260508_GrowMe_EN_9x16_FX-test_ZT- read_RS-P3X1R1C3_fj",not_delivering,,,,260518_AAA_AEO-Purchase_ios_vid_Growme_T1_05040511_joy,0,0,0,,,,,,,,0,,,,,
2026-06-01,2026-06-29,20260509_growme_EN_9x16_FX-test_ZT-jiaoben_RS-P1X1R3C1_gy,not_delivering,,,,260518_AAA_AEO-Purchase_ios_vid_Growme_T1_05040511_joy,0,0,0,,,,,,,,0,,,,,
2026-06-01,2026-06-29,"20260514_GrowMe_EN_9x16_FX-test_ZT- fly_RS-P3X1R1C3_fj",inactive,,,,260515_AAA_AEO-Purchase_ios_vid_Growme_0511week1_joy,0,0,0,,,,,,,,0,,,,,
2026-06-01,2026-06-29,20260515_growme_EN_9x16_FX-test_ZT-therapist_RS-P1X1R3C3_wxx,inactive,,,,260515_AAA_AEO-Purchase_ios_vid_Growme_0511week1_joy,0,0,0,,,,,,,,0,,,,,
2026-06-01,2026-06-29,20260519_growme_VI_9x16_FX-test_ZT-atomic_RS-P1X1R3C3_wxx,not_delivering,,,,260522_AAA_AEO-Purchase_ios_vid_Growme_TUR_vi_joy,0,0,0,,,,,,,,0,,,,,
2026-06-01,2026-06-29,20260522_growme_VI_9x16_FX-test_ZT-read_RS-P1X1R3C1_gy,not_delivering,,,,260522_AAA_AEO-Purchase_ios_vid_Growme_TUR_vi_joy,0,0,0,,,,,,,,0,,,,,
2026-06-01,2026-06-29,"20260514_GrowMe_EN_9x16_FX-test_ZT- fly_RS-P3X1R1C3_fj",not_delivering,,,,260527_AAA_AEO-Purchase_ios_vid_Growme_WW_0511week_joy,0,0,0,,,,,,,,0,,,,,
2026-06-01,2026-06-29,20260624_growme_EN_9x16_FX-Learning_ZT-child_RS-P1X1R3C3_wxx,not_delivering,,,,260625_ABO_AEO-Purchase_ios_vid_Growme_WW_0624_joy,0,0,0,,,,,,,,0,,,,,
2026-06-01,2026-06-29,20260625_GrowMe_EN_9x16_FX-Mindset_ZT-quiet_RS-P3X1R1C3_gy,not_delivering,,,,260626_ABO_AEO-Purchase_ios_vid_Growme_WW_0625_joy,0,0,0,,,,,,,,0,,,,,
2026-06-01,2026-06-29,20260525_growme_EN_9x16_FX-Creative_ZT-slow-English_RS-P1X1R3C3_zx_05,active,,,,260601_AAA_AEO-Purchase_ios_vid_Growme_WW_0529_joy,0,0,0,,,,,,,,0,,,,,
2026-06-01,2026-06-29,20260212_GrowMe_EN_9x16_FX-test_ZT-read_RS-P3X1R1C3_fj,not_delivering,,,,重启260401_AAA_AEO-Purchase_ios_vid_Growme_T2T3高roi_speakup_joy,0,0,0,,,,,,,,0,,,,,
2026-06-01,2026-06-29,"20260509_GrowMe_EN_9x16_FX-test_ZT- subway-read_RS-P3X1R1C3_fj",not_delivering,,,,260518_AAA_AEO-Purchase_ios_vid_Growme_T1_05040511_joy,0,0,0,,,,,,,,0,,,,,
2026-06-01,2026-06-29,"20260520_GrowMe_EN_9x16_FX-test_ZT- m-authentic_RS-P3X1R1C3_fj",not_delivering,,,,260525_AAA_AEO-Purchase_ios_vid_Growme_T1_0518_joy,0,0,0,,,,,,,,0,,,,,
2026-06-01,2026-06-29,"20260521_GrowMe_EN_9x16_FX-test_ZT- m- learn_RS-P3X1R1C3_fj",not_delivering,,,,260525_AAA_AEO-Purchase_ios_vid_Growme_T1_0518_joy,0,0,0,,,,,,,,0,,,,,
2026-06-01,2026-06-29,20260521_growme_EN_9x16_FX-test_ZT-train_RS-P1X1R3C3_wxx,not_delivering,,,,260525_AAA_AEO-Purchase_ios_vid_Growme_T1_0518_joy,0,0,0,,,,,,,,0,,,,,
2026-06-01,2026-06-29,20260506_growme_EN_9x16_FX-test_JB-010901_ZT-learn_RS-P2X1R1C1_095KB-HJ_RMG-3530A,not_delivering,,,,260527_AAA_AEO-Purchase_ios_vid_Growme_WW_0504week_英语学习_joy,0,0,0,,,,,,,,0,,,,,
2026-06-01,2026-06-29,"20260421_growme_EN_9x16_FX-test_ZT- B1_RS-P1X1R3C3_wxx",not_delivering,,,,260527_AAA_AEO-Purchase_ios_vid_Growme_WW_0420week_joy,0,0,0,,,,,,,,0,,,,,
2026-06-01,2026-06-29,"20260611_GrowMe_EN_9x16_FX-Learning_ZT-Reading habits_RS-P3X1R1C3_fj",not_delivering,,,,260622_ABO_AEO-Purchase_ios_vid_Growme_WW_0608week_joy,0,0,0,,,,,,,,0,,,,,
2026-06-01,2026-06-29,20260623_GrowMe_EN_9x16_FX-Learning_ZT-english_RS-P3X1R1C3_fj,not_delivering,,,,260624_ABO_AEO-Purchase_ios_vid_Growme_WW_0623_joy,0,0,0,,,,,,,,0,,,,,
2026-06-01,2026-06-29,20260623_growme_EN_9x16_FX-Learning_ZT-read_RS-P1X1R3C3_wxx,not_delivering,,,,260624_ABO_AEO-Purchase_ios_vid_Growme_WW_0623_joy,0,0,0,,,,,,,,0,,,,,
2026-06-01,2026-06-29,20260625_GrowMe_EN_9x16_FX-SelfImprovement_ZT-education_RS-P3X1R1C3_gy_jql,not_delivering,,,,260626_ABO_AEO-Purchase_ios_vid_Growme_WW_0625_joy,0,0,0,,,,,,,,0,,,,,
2026-06-01,2026-06-29,20260626_GrowMe_EN_9x16_FX-Learning_ZT-routine_RS-P3X1R1C3_gy_jql,not_delivering,,,,260626_ABO_AEO-Purchase_ios_vid_Growme_WW_0626_joy,0,0,0,,,,,,,,0,,,,,
2026-06-01,2026-06-29,20251216_growme_EN_9x16_FX-book_ZT-dazibao_RS-P1X1R3C3_wxx,not_delivering,,,,260312_AAA_AEO-Purchase_ios_vid_Growme_WW_黑色字幕版式_阅读定向_joy,0,0,0,,,,,,,,0,,,,,
2026-06-01,2026-06-29,20260519_growme_TR_9x16_FX-test_ZT-atomic_RS-P1X1R3C3_wxx,not_delivering,,,,260522_AAA_AEO-Purchase_ios_vid_Growme_TUR_turkey_joy,0,0,0,,,,,,,,0,,,,,
2026-06-01,2026-06-29,20260518_growme_EN_9x16_FX-test_ZT-read1_RS-P1X1R3C1_gy,not_delivering,,,,260525_AAA_AEO-Purchase_ios_vid_Growme_T1_0518_joy,0,0,0,,,,,,,,0,,,,,
2026-06-01,2026-06-29,20260520_growme_EN_9x16_FX-test_ZT-daily_RS-P1X1R3C3_wxx,not_delivering,,,,260525_AAA_AEO-Purchase_ios_vid_Growme_T1_0518_joy,0,0,0,,,,,,,,0,,,,,
2026-06-01,2026-06-29,20260508_growme_EN_9x16_FX-test_ZT-love_RS-P1X1R3C1_gy,not_delivering,,,,260527_AAA_AEO-Purchase_ios_vid_Growme_WW_0504week_英语学习_joy,0,0,0,,,,,,,,0,,,,,
2026-06-01,2026-06-29,20251223_growme_EN_9x16_FX-book_ZT-speak_RS-P1X1R3C3_wxx,not_delivering,,,,260527_AAA_AEO-Purchase_ios_vid_Growme_WW_1222week_字幕式_joy,0,0,0,,,,,,,,0,,,,,
2026-06-01,2026-06-29,20260603_GrowMe_EN_9x16_FX-SelfImprovement_ZT-dontcare_RS-P3X1R1C3_fj_jql,not_delivering,,,,260604_AAA_AEO-Purchase_ios_vid_Growme_T1_0603_joy,0,0,0,,,,,,,,0,,,,,
2026-06-01,2026-06-29,20260623_GrowMe_EN_9x16_FX-LifeLessons_ZT-explain_RS-P3X1R1C3_gy,not_delivering,,,,260624_ABO_AEO-Purchase_ios_vid_Growme_WW_0623_joy,0,0,0,,,,,,,,0,,,,,
2026-06-01,2026-06-29,20260625_growme_EN_9x16_FX-test_ZT-listen_RS-P1X1R3C3_wxx_JR_RMG-5713a,not_delivering,,,,260626_ABO_AEO-Purchase_ios_vid_Growme_WW_0625_joy,0,0,0,,,,,,,,0,,,,,
2026-06-01,2026-06-29,20260625_GrowMe_EN_9x16_FX-Successful_ZT-proud_RS-P3X1R1C3_fj,not_delivering,,,,260626_ABO_AEO-Purchase_ios_vid_Growme_WW_0625_joy,0,0,0,,,,,,,,0,,,,,
2026-06-01,2026-06-29,20260528_GrowMe_EN_9x16_FX-Creative_ZT-author_RS-P3X1R1C3_fj,active,,,,260601_AAA_AEO-Purchase_ios_vid_Growme_WW_0528_joy,0,0,0,,,,,,,,0,,,,,
2026-06-01,2026-06-29,20260528_GrowMe_EN_9x16_FX-Formats_ZT-jiemian_RS-P3X1R1C3_gy,active,,,,260601_AAA_AEO-Purchase_ios_vid_Growme_WW_0528_joy,0,0,0,,,,,,,,0,,,,,
2026-06-01,2026-06-29,20251216_growme_EN_9x16_FX-book_ZT-dazibao_RS-P1X1R3C3_wxx,not_delivering,,,,重启260331_AAA_AEO-Purchase_ios_vid_Growme_T2T3高roi_字幕类打包_joy,0,0,0,,,,,,,,0,,,,,
2026-06-01,2026-06-29,"20260518_GrowMe_TR_9x16_FX-test_ZT-try new_RS-P3X1R1C3_fj",not_delivering,,,,260522_AAA_AEO-Purchase_ios_vid_Growme_TUR_turkey_joy,0,0,0,,,,,,,,0,,,,,
2026-06-01,2026-06-29,20260506_growme_EN_9x16_FX-test_ZT-teacher_RS-P1X1R3C3_wxx,not_delivering,,,,260527_AAA_AEO-Purchase_ios_vid_Growme_WW_0504week_英语学习_joy,0,0,0,,,,,,,,0,,,,,
2026-06-01,2026-06-29,20260515_growme_EN_9x16_FX-test_ZT-app_RS-P1X1R3C3_wxx,not_delivering,,,,260527_AAA_AEO-Purchase_ios_vid_Growme_WW_0511week_joy,0,0,0,,,,,,,,0,,,,,
2026-06-01,2026-06-29,"20260422_growme_EN_9x16_FX-test_ZT- challenge_RS-P1X1R3C3_wxx",not_delivering,,,,260527_AAA_AEO-Purchase_ios_vid_Growme_WW_0420week_joy,0,0,0,,,,,,,,0,,,,,
2026-06-01,2026-06-29,20260616_GrowMe_ZH_9x16_FX-Creative_ZT-journey_RS-P3X1R1C3_gy_fj,not_delivering,,,,260616_ABO_AEO-Purchase_ios_vid_Growme_WW_CHINA_joy,0,0,0,,,,,,,,0,,,,,
2026-06-01,2026-06-29,20260624_GrowMe_EN_9x16_FX-Successful_ZT-yanjiang_RS-P3X1R1C3_fj,not_delivering,,,,260625_ABO_AEO-Purchase_ios_vid_Growme_WW_0624_joy,0,0,0,,,,,,,,0,,,,,
2026-06-01,2026-06-29,20260624_growme_EN_9x16_FX-LifeLessons_ZT-writing_RS-P1X1R3C3_wxx,not_delivering,,,,260625_ABO_AEO-Purchase_ios_vid_Growme_WW_0624_joy,0,0,0,,,,,,,,0,,,,,
2026-06-01,2026-06-29,20260626_growme_EN_9x16_FX-reading_ZT-important_RS-P1X1R3C3_wxx,not_delivering,,,,260626_ABO_AEO-Purchase_ios_vid_Growme_WW_0626_joy,0,0,0,,,,,,,,0,,,,,
2026-06-01,2026-06-29,20260626_GrowMe_EN_9x16_FX-Learning_ZT-study_RS-P3X1R1C3_gy_jql,not_delivering,,,,260626_ABO_AEO-Purchase_ios_vid_Growme_WW_0626_joy,0,0,0,,,,,,,,0,,,,,
2026-06-01,2026-06-29,20260525_GrowMe_EN_9x16_FX-test_ZT-confidence_RS-P3X1R1C3_fj,active,,,,260526_AAA_AEO-Purchase_ios_vid_Growme_WW_0525_joy,0,0,0,,,,,,,,0,,,,,
2026-06-01,2026-06-29,20260617_GrowMe_EN_9x16_FX-Mindset_ZT-gentle1_RS-P3X1R1C3_gy_jql,not_delivering,,,,260629_ABO_AEO-Purchase_ios_vid_Growme_WW_0615back_joy,0,0,0,,,,,,,,0,,,,,
2026-06-01,2026-06-29,20260331_growme_TR_9x16_FX-test_ZT-AIlunbo_RS-P1X1R3C3_wxx,not_delivering,,,,260512_AAA_AEO-Purchase_ios_vid_Growme_turkey_0330week_joy,0,0,0,,,,,,,,0,,,,,
2026-06-01,2026-06-29,20251216_growme_EN_9x16_FX-book_ZT-lunbo-dazibao_RS-P1X1R3C3_wxx,not_delivering,,,,260312_AAA_AEO-Purchase_ios_vid_Growme_WW_黑色字幕版式_阅读定向_joy,0,0,0,,,,,,,,0,,,,,
2026-06-01,2026-06-29,20260511_growme_EN_9x16_FX-test_ZT-asmr_RS-P1X1R3C1_gy,not_delivering,,,,260518_AAA_AEO-Purchase_ios_vid_Growme_T1_05040511_joy,0,0,0,,,,,,,,0,,,,,
2026-06-01,2026-06-29,20260511_growme_EN_9x16_FX-test_ZT-CEO_RS-P1X1R3C3_wxx,not_delivering,,,,260518_AAA_AEO-Purchase_ios_vid_Growme_T1_05040511_joy,0,0,0,,,,,,,,0,,,,,
2026-06-01,2026-06-29,20260515_growme_EN_9x16_FX-test_ZT-qiantie_RS-P1X1R3C3_wxx,inactive,,,,260515_AAA_AEO-Purchase_ios_vid_Growme_0511week1_joy,0,0,0,,,,,,,,0,,,,,
2026-06-01,2026-06-29,20260522_growme_VI_9x16_FX-test_ZT-B2_RS-P1X1R3C3_wxx,not_delivering,,,,260522_AAA_AEO-Purchase_ios_vid_Growme_TUR_vi_joy,0,0,0,,,,,,,,0,,,,,
2026-06-01,2026-06-29,"20260518_GrowMe_EN_9x16_FX-test_ZT- qiantie-pride_RS-P3X1R1C3_fj",not_delivering,,,,260525_AAA_AEO-Purchase_ios_vid_Growme_T1_0518_joy,0,0,0,,,,,,,,0,,,,,
2026-06-01,2026-06-29,20260521_growme_EN_9x16_FX-test_ZT-purple_RS-P1X1R3C3_wxx,not_delivering,,,,260525_AAA_AEO-Purchase_ios_vid_Growme_T1_0518_joy,0,0,0,,,,,,,,0,,,,,
2026-06-01,2026-06-29,20260616_GrowMe_EN_9x16_FX-LifeLessons_ZT-friend_RS-P3X1R1C3_gy_jql,not_delivering,,,,260617_ABO_AEO-Purchase_ios_vid_Growme_WW_0616_joy,0,0,0,,,,,,,,0,,,,,
2026-06-01,2026-06-29,20260626_growme_EN_9x16_FX-SelfImprovement_ZT-move_RS-P1X1R3C3_fj,not_delivering,,,,260626_ABO_AEO-Purchase_ios_vid_Growme_WW_0626_joy,0,0,0,,,,,,,,0,,,,,
2026-06-01,2026-06-29,20260616_GrowMe_EN_9x16_FX-LifeLessons_ZT-water_RS-P3X1R1C3_gy_jql,not_delivering,,,,260629_ABO_AEO-Purchase_ios_vid_Growme_WW_0615top_joy,0,0,0,,,,,,,,0,,,,,
2026-06-01,2026-06-29,20260618_GrowMe_EN_9x16_FX-Learning_ZT-pace_RS-P3X1R1C3_gy_jql,not_delivering,,,,260629_ABO_AEO-Purchase_ios_vid_Growme_WW_0615back_joy,0,0,0,,,,,,,,0,,,,,
2026-06-01,2026-06-29,20260211_growme_EN_9x16_FX-speak_ZT-done_RS-P1X1R3C3_wxx,not_delivering,,,,重启260401_AAA_AEO-Purchase_ios_vid_Growme_T2T3高roi_speakup_joy,0,0,0,,,,,,,,0,,,,,
2026-06-01,2026-06-29,20260511_growme_EN_9x16_FX-test_ZT-speak_RS-P1X1R3C1_gy,not_delivering,,,,260518_AAA_AEO-Purchase_ios_vid_Growme_T1_05040511_joy,0,0,0,,,,,,,,0,,,,,
2026-06-01,2026-06-29,20260519_growme_TR_9x16_FX-test_ZT-slowenglish_RS-P1X1R3C3_wxx,not_delivering,,,,260522_AAA_AEO-Purchase_ios_vid_Growme_TUR_turkey_joy,0,0,0,,,,,,,,0,,,,,
2026-06-01,2026-06-29,20260522_GrowMe_VI_9x16_FX-test_ZT-wenan_RS-P3X1R1C3_wxx_fj,not_delivering,,,,260522_AAA_AEO-Purchase_ios_vid_Growme_TUR_vi_joy,0,0,0,,,,,,,,0,,,,,
2026-06-01,2026-06-29,20260512_growme_EN_9x16_FX-test_ZT-read2_RS-P1X1R3C1_gy,not_delivering,,,,260527_AAA_AEO-Purchase_ios_vid_Growme_WW_0511week_joy,0,0,0,,,,,,,,0,,,,,
2026-06-01,2026-06-29,20260506_growme_EN_9x16_FX-test_ZT-acceptance_RS-P1X1R3C1_095KB-JR_RMG-3527,not_delivering,,,,260527_AAA_AEO-Purchase_ios_vid_Growme_WW_0504week_英语学习_joy,0,0,0,,,,,,,,0,,,,,
2026-06-01,2026-06-29,20260514_growme_EN_9x16_FX-test_ZT-slowenglish_RS-P1X1R3C3_wxx,not_delivering,,,,260527_AAA_AEO-Purchase_ios_vid_Growme_WW_0511week_joy,0,0,0,,,,,,,,0,,,,,
2026-06-01,2026-06-29,20260601_growme_EN_9x16_FX-lifelessons_ZT-education_RS-P1X1R3C3_wxx,not_delivering,,,,260615_AAA_AEO-Purchase_ios_vid_Growme_US_0601week_joy,0,0,0,,,,,,,,0,,,,,
2026-06-01,2026-06-29,20260624_growme_EN_9x16_FX-Readingbook_ZT-poordad_RS-P1X1R3C3_wxx,not_delivering,,,,260625_ABO_AEO-Purchase_ios_vid_Growme_WW_0624_joy,0,0,0,,,,,,,,0,,,,,
2026-06-01,2026-06-29,20260624_GrowMe_EN_9x16_FX-Learning_ZT-learn_RS-P3X1R1C3_gy_jql,not_delivering,,,,260625_ABO_AEO-Purchase_ios_vid_Growme_WW_0624_joy,0,0,0,,,,,,,,0,,,,,
2026-06-01,2026-06-29,20260626_growme_EN_9x16_FX-SelfImprovement_ZT-young_RS-P1X1R3C3_fj,not_delivering,,,,260626_ABO_AEO-Purchase_ios_vid_Growme_WW_0626_joy,0,0,0,,,,,,,,0,,,,,
2026-06-01,2026-06-29,20260527_GrowMe_EN_9x16_FX-Creative_ZT-sucess_RS-P3X1R1C3_gy,active,,,,260528_AAA_AEO-Purchase_ios_vid_Growme_WW_0527_joy,0,0,0,,,,,,,,0,,,,,
2026-06-01,2026-06-29,20260428_growme_EN_9x16_FX-test_ZT-speak_RS-P1X1R3C1_gy,not_delivering,,,,260429_AAA_AEO-Purchase_ios_vid_Growme_WW_0427week_joy,0,0,0,,,,,,,,0,,,,,
2026-06-01,2026-06-29,20260113_growme_EN_9x16_FX-test_ZT-speak_RS-P1X1R3C1_gy,not_delivering,,,,重启260331_AAA_AEO-Purchase_ios_vid_Growme_T2T3高roi_字幕类打包_joy,0,0,0,,,,,,,,0,,,,,
2026-06-01,2026-06-29,20260522_GrowMe_TR_9x16_FX-test_ZT-wenan_RS-P3X1R1C3_wxx_fj,not_delivering,,,,260522_AAA_AEO-Purchase_ios_vid_Growme_TUR_turkey_joy,0,0,0,,,,,,,,0,,,,,
2026-06-01,2026-06-29,20260519_growme_EN_9x16_FX-test_ZT-slow_RS-P1X1R3C3_wxx,not_delivering,,,,260525_AAA_AEO-Purchase_ios_vid_Growme_T1_0518_joy,0,0,0,,,,,,,,0,,,,,
2026-06-01,2026-06-29,20260522_growme_EN_9x16_FX-test_ZT-atomic_RS-P1X1R3C3_wxx,not_delivering,,,,260525_AAA_AEO-Purchase_ios_vid_Growme_T1_0518_joy,0,0,0,,,,,,,,0,,,,,
2026-06-01,2026-06-29,20260420_growme_EN_9x16_FX-test_ZT-book2_RS-P1X1R3C1_gy,not_delivering,,,,260527_AAA_AEO-Purchase_ios_vid_Growme_WW_0420week_joy,0,0,0,,,,,,,,0,,,,,
2026-06-01,2026-06-29,20260616_GrowMe_EN_9x16_FX-LifeLessons_ZT-clearai_RS-P3X1R1C3_gy_jql,not_delivering,,,,260617_ABO_AEO-Purchase_ios_vid_Growme_WW_0616_joy,0,0,0,,,,,,,,0,,,,,
2026-06-01,2026-06-29,20260624_GrowMe_EN_9x16_FX-LifeLessons_ZT-Yesterday_RS-P3X1R1C3_fj,not_delivering,,,,260625_ABO_AEO-Purchase_ios_vid_Growme_WW_0624_joy,0,0,0,,,,,,,,0,,,,,
2026-06-01,2026-06-29,20260624_GrowMe_EN_9x16_FX-Mindset_ZT-life_RS-P3X1R1C3_gy_jql,not_delivering,,,,260625_ABO_AEO-Purchase_ios_vid_Growme_WW_0624_joy,0,0,0,,,,,,,,0,,,,,
2026-06-01,2026-06-29,20260625_GrowMe_EN_9x16_FX-LifeLessons_ZT-future_RS-P3X1R1C3_fj,not_delivering,,,,260626_ABO_AEO-Purchase_ios_vid_Growme_WW_0625_joy,0,0,0,,,,,,,,0,,,,,
2026-06-01,2026-06-29,20260626_growme_EN_9x16_FX-Mindset_ZT-16little_RS-P1X1R3C3_wxx,not_delivering,,,,260626_ABO_AEO-Purchase_ios_vid_Growme_WW_0626_joy,0,0,0,,,,,,,,0,,,,,
2026-06-01,2026-06-29,20260529_GrowMe_EN_9x16_FX-Creative_ZT-you_RS-P3X1R1C3_gy,active,,,,260601_AAA_AEO-Purchase_ios_vid_Growme_WW_0529_joy,0,0,0,,,,,,,,0,,,,,
2026-06-01,2026-06-29,20260507_growme_EN_9x16_FX-test_ZT-view_RS-P1X1R3C1_gy,not_delivering,,,,260518_AAA_AEO-Purchase_ios_vid_Growme_T1_05040511_joy,0,0,0,,,,,,,,0,,,,,
2026-06-01,2026-06-29,20260515_growme_EN_9x16_FX-test_ZT-therapist_RS-P1X1R3C3_wxx,not_delivering,,,,260518_AAA_AEO-Purchase_ios_vid_Growme_T1_05040511_joy,0,0,0,,,,,,,,0,,,,,
2026-06-01,2026-06-29,20260515_growme_EN_9x16_FX-test_ZT-qiantie_RS-P1X1R3C3_wxx,not_delivering,,,,260518_AAA_AEO-Purchase_ios_vid_Growme_T1_05040511_joy,0,0,0,,,,,,,,0,,,,,
2026-06-01,2026-06-29,"20260519_GrowMe_TR_9x16_FX-test_ZT- authentic_RS-P3X1R1C3_fj",not_delivering,,,,260522_AAA_AEO-Purchase_ios_vid_Growme_TUR_turkey_joy,0,0,0,,,,,,,,0,,,,,
2026-06-01,2026-06-29,20260513_GrowMe_EN_9x16_FX-test_ZT-jiaoben_RS-P3X1R1C3_fj,not_delivering,,,,260527_AAA_AEO-Purchase_ios_vid_Growme_WW_0511week_joy,0,0,0,,,,,,,,0,,,,,
2026-06-01,2026-06-29,20260528_GrowMe_EN_9x16_FX-convercation_ZT-speak_RS-P3X1R1C3_gy,not_delivering,,,,260529_AAA_AEO-Purchase_ios_vid_Growme_T1_0528_joy,0,0,0,,,,,,,,0,,,,,
2026-06-01,2026-06-29,20260529_GrowMe_EN_9x16_FX-Creative_ZT-compare_RS-P3X1R1C3_gy,not_delivering,,,,260601_AAA_AEO-Purchase_ios_vid_Growme_WW_0529_joy,0,0,0,,,,,,,,0,,,,,
2026-06-01,2026-06-29,20260616_GrowMe_PT_9x16_FX-Creative_ZT-journey_RS-P3X1R1C3_gy_fj,not_delivering,,,,260616_ABO_AEO-Purchase_ios_vid_Growme_WW_USPT_joy,0,0,0,,,,,,,,0,,,,,
2026-06-01,2026-06-29,20260624_GrowMe_EN_9x16_FX-Lifelessons_ZT-failure_RS-P3X1R1C3_gy,not_delivering,,,,260625_ABO_AEO-Purchase_ios_vid_Growme_WW_0624_joy,0,0,0,,,,,,,,0,,,,,
2026-06-01,2026-06-29,20260625_GrowMe_EN_9x16_FX-Learning_ZT-Education_RS-P3X1R1C3_fj,not_delivering,,,,260626_ABO_AEO-Purchase_ios_vid_Growme_WW_0625_joy,0,0,0,,,,,,,,0,,,,,
2026-06-01,2026-06-29,20260625_GrowMe_EN_9x16_FX-Mindset_ZT-learning_RS-P3X1R1C3_gy_jql,not_delivering,,,,260626_ABO_AEO-Purchase_ios_vid_Growme_WW_0625_joy,0,0,0,,,,,,,,0,,,,,
2026-06-01,2026-06-29,20260626_growme_EN_9x16_FX-Mood_ZT-communication_RS-P1X1R3C3_fj,not_delivering,,,,260626_ABO_AEO-Purchase_ios_vid_Growme_WW_0626_joy,0,0,0,,,,,,,,0,,,,,
2026-06-01,2026-06-29,20260210_growme_EN_9x16_FX-test_ZT-challenge_RS-P1X1R3C1_gy,not_delivering,,,,重启260401_AAA_AEO-Purchase_ios_vid_Growme_T2T3高roi_speakup_joy,0,0,0,,,,,,,,0,,,,,
2026-06-01,2026-06-29,20260506_growme_EN_9x16_FX-test_ZT-acceptance_RS-P1X1R3C1_095KB-JR_RMG-3527,not_delivering,,,,260518_AAA_AEO-Purchase_ios_vid_Growme_T1_05040511_joy,0,0,0,,,,,,,,0,,,,,
2026-06-01,2026-06-29,"20260509_GrowMe_EN_9x16_FX-test_ZT- slow-clean_RS-P3X1R1C3_fj",not_delivering,,,,260518_AAA_AEO-Purchase_ios_vid_Growme_T1_05040511_joy,0,0,0,,,,,,,,0,,,,,
2026-06-01,2026-06-29,20260512_growme_EN_9x16_FX-test_ZT-read2_RS-P1X1R3C1_gy,not_delivering,,,,260518_AAA_AEO-Purchase_ios_vid_Growme_T1_05040511_joy,0,0,0,,,,,,,,0,,,,,
2026-06-01,2026-06-29,"20260507_GrowMe_EN_9x16_FX-test_ZT- begin_RS-P3X1R1C3_fj",not_delivering,,,,260527_AAA_AEO-Purchase_ios_vid_Growme_WW_0504week_英语学习_joy,0,0,0,,,,,,,,0,,,,,
2026-06-01,2026-06-29,20260616_GrowMe_0_PT_9x16_FX-Learning_ZT-speak_RS-P3X1R1C3_gy_fj,not_delivering,,,,260616_ABO_AEO-Purchase_ios_vid_Growme_WW_USPT_joy,0,0,0,,,,,,,,0,,,,,
2026-06-01,2026-06-29,20260616_GrowMe_EN_9x16_FX-Learning_ZT-readAI_RS-P3X1R1C3_gy_jql,not_delivering,,,,260617_ABO_AEO-Purchase_ios_vid_Growme_WW_0616_joy,0,0,0,,,,,,,,0,,,,,
2026-06-01,2026-06-29,"20260507_GrowMe_EN_9x16_FX-test_ZT- begin_RS-P3X1R1C3_fj",not_delivering,,,,260622_AAA_AEO-Purchase_ios_vid_Growme_WW_0504week_英语学习_joy,0,0,0,,,,,,,,0,,,,,
2026-06-01,2026-06-29,20260625_growme_EN_9x16_FX-Learning_ZT-read2_RS-P1X1R3C3_wxx,not_delivering,,,,260626_ABO_AEO-Purchase_ios_vid_Growme_WW_0625_joy,0,0,0,,,,,,,,0,,,,,
2026-06-01,2026-06-29,20260626_GrowMe_EN_9x16_FX-Lifelessons_ZT-respond_RS-P3X1R1C3_gy,not_delivering,,,,260626_ABO_AEO-Purchase_ios_vid_Growme_WW_0626_joy,0,0,0,,,,,,,,0,,,,,
2026-06-01,2026-06-29,20260615_GrowMe_EN_9x16_FX-LifeLessons_ZT-future_RS-P3X1R1C3_gy_jql,not_delivering,,,,260629_ABO_AEO-Purchase_ios_vid_Growme_WW_0615back_joy,0,0,0,,,,,,,,0,,,,,
2026-06-01,2026-06-29,20260615_growme_EN_9x16_FX-Faith_ZT-amen_RS-P1X1R3C3_wxx,not_delivering,,,,260629_ABO_AEO-Purchase_ios_vid_Growme_WW_0615back_joy,0,0,0,,,,,,,,0,,,,,
2026-06-01,2026-06-29,"20260106_GrowMe_EN_9x16_FX-test_ZT- night_RS-P3X1R1C3_fj",not_delivering,,,,重启260331_AAA_AEO-Purchase_ios_vid_Growme_T2T3高roi_字幕类打包_joy,0,0,0,,,,,,,,0,,,,,
2026-06-01,2026-06-29,"20260507_GrowMe_EN_9x16_FX-test_ZT-try new_RS-P3X1R1C3_fj",not_delivering,,,,260518_AAA_AEO-Purchase_ios_vid_Growme_T1_05040511_joy,0,0,0,,,,,,,,0,,,,,
2026-06-01,2026-06-29,"20260511_GrowMe_EN_9x16_FX-test_ZT- speak-new_RS-P3X1R1C3_fj",not_delivering,,,,260518_AAA_AEO-Purchase_ios_vid_Growme_T1_05040511_joy,0,0,0,,,,,,,,0,,,,,
2026-06-01,2026-06-29,20260522_growme_EN_9x16_FX-test_ZT-nvsheng_RS-P1X1R3C3_wxx,not_delivering,,,,260525_AAA_AEO-Purchase_ios_vid_Growme_T1_0518_joy,0,0,0,,,,,,,,0,,,,,
2026-06-01,2026-06-29,20260522_growme_EN_9x16_FX-test_ZT-ai_RS-P1X1R3C3_wxx,not_delivering,,,,260525_AAA_AEO-Purchase_ios_vid_Growme_T1_0518_joy,0,0,0,,,,,,,,0,,,,,
2026-06-01,2026-06-29,"20260507_GrowMe_EN_9x16_FX-test_ZT-try new_RS-P3X1R1C3_fj",not_delivering,,,,260527_AAA_AEO-Purchase_ios_vid_Growme_WW_0504week_英语学习_joy,0,0,0,,,,,,,,0,,,,,
2026-06-01,2026-06-29,20260616_GrowMe_PT_9x16_FX-Learning_ZT-habbit_RS-P3X1R1C3_gy_fj,not_delivering,,,,260616_ABO_AEO-Purchase_ios_vid_Growme_WW_USPT_joy,0,0,0,,,,,,,,0,,,,,
2026-06-01,2026-06-29,20260610_GrowMe_EN_9x16_FX-Learning_ZT-english_RS-P3X1R1C3_gy,not_delivering,,,,260622_ABO_AEO-Purchase_ios_vid_Growme_WW_0608week_joy,0,0,0,,,,,,,,0,,,,,
2026-06-01,2026-06-29,20260611_GrowMe_EN_9x16_FX-LifeLessons_ZT-life_RS-P3X1R1C3_gy_jql,not_delivering,,,,260622_ABO_AEO-Purchase_ios_vid_Growme_WW_0608week_joy,0,0,0,,,,,,,,0,,,,,
2026-06-01,2026-06-29,20260615_GrowMe_EN_9x16_FX-LifeLessons_ZT-peaple_RS-P3X1R1C3_gy_jql,inactive,,,,260624_ABO_AEO-Purchase_ios_vid_Growme_WW_0615排最好_joy,0,0,0,,,,,,,,0,,,,,
2026-06-01,2026-06-29,20260625_GrowMe_EN_9x16_FX-LifeLessons_ZT-reality_RS-P3X1R1C3_fj,not_delivering,,,,260626_ABO_AEO-Purchase_ios_vid_Growme_WW_0625_joy,0,0,0,,,,,,,,0,,,,,
2026-06-01,2026-06-29,20260617_GrowMe_EN_9x16_FX-Communication_ZT-powerCommunication_RS-P3X1R1C3_fj,not_delivering,,,,260629_ABO_AEO-Purchase_ios_vid_Growme_WW_0615top_joy,0,0,0,,,,,,,,0,,,,,
2026-06-01,2026-06-29,"20260403_GrowMe_TR_9x16_FX-test_ZT- today_RS-P3X1R1C3_fj",not_delivering,,,,260512_AAA_AEO-Purchase_ios_vid_Growme_turkey_0330week_joy,0,0,0,,,,,,,,0,,,,,
2026-06-01,2026-06-29,20260212_growme_EN_9x16_FX-speak_ZT-zeren_RS-P1X1R3C3_wxx,not_delivering,,,,重启260401_AAA_AEO-Purchase_ios_vid_Growme_T2T3高roi_speakup_joy,0,0,0,,,,,,,,0,,,,,
2026-06-01,2026-06-29,20260509_growme_EN_9x16_FX-test_ZT-routine1_RS-P1X1R3C3_wxx,not_delivering,,,,260518_AAA_AEO-Purchase_ios_vid_Growme_T1_05040511_joy,0,0,0,,,,,,,,0,,,,,
2026-06-01,2026-06-29,20260513_GrowMe_EN_9x16_FX-test_ZT-jiaoben_RS-P3X1R1C3_fj,not_delivering,,,,260518_AAA_AEO-Purchase_ios_vid_Growme_T1_05040511_joy,0,0,0,,,,,,,,0,,,,,
2026-06-01,2026-06-29,20260513_GrowMe_EN_9x16_FX-test_ZT-jiaoben-2_RS-P3X1R1C3_fj,inactive,,,,260515_AAA_AEO-Purchase_ios_vid_Growme_0511week1_joy,0,0,0,,,,,,,,0,,,,,
2026-06-01,2026-06-29,20251226_growme_EN_9x16_FX-test_ZT-read_RS-P1X1R3C1_gy,not_delivering,,,,260513_AAA_AEO-Purchase_ios_vid_Growme_T1_1222week_字幕式_joy,0,0,0,,,,,,,,0,,,,,
2026-06-01,2026-06-29,20260519_growme_VI_9x16_FX-test_ZT-slowenglish_RS-P1X1R3C3_wxx,not_delivering,,,,260522_AAA_AEO-Purchase_ios_vid_Growme_TUR_vi_joy,0,0,0,,,,,,,,0,,,,,
2026-06-01,2026-06-29,20260616_growme_EN_9x16_FX-Creative_ZT-Learnforlife_RS-P1X1R1C3_HJ_RMG-5219F,not_delivering,,,,260617_ABO_AEO-Purchase_ios_vid_Growme_WW_0616_joy,0,0,0,,,,,,,,0,,,,,
2026-06-01,2026-06-29,20260624_GrowMe_EN_9x16_FX-Lifelessons_ZT-life_RS-P3X1R1C3_gy,not_delivering,,,,260625_ABO_AEO-Purchase_ios_vid_Growme_WW_0624_joy,0,0,0,,,,,,,,0,,,,,
2026-06-01,2026-06-29,20260527_growme_EN_9x16_FX-Creatives_ZT-fluency_RS-P1X1R3C3_wxx,inactive,,,,260625_AAA_AEO-Purchase_ios_vid_Growme_WW_0601back_joy,0,0,0,,,,,,,,0,,,,,
2026-06-01,2026-06-29,20260625_growme_EN_9x16_FX-Learning2_ZT-speak_RS-P3X1R1C3_JR_RMG-5886b,not_delivering,,,,260626_ABO_AEO-Purchase_ios_vid_Growme_WW_0625_joy,0,0,0,,,,,,,,0,,,,,
2026-06-01,2026-06-29,20260626_GrowMe_EN_9x16_FX-Communication_ZT-Listening_RS-P3X1R1C3_fj,not_delivering,,,,260626_ABO_AEO-Purchase_ios_vid_Growme_WW_0626_joy,0,0,0,,,,,,,,0,,,,,
2026-06-01,2026-06-29,20260506_growme_EN_9x16_FX-test_ZT-vlog_RS-P1X1R3C1_gy,not_delivering,,,,260518_AAA_AEO-Purchase_ios_vid_Growme_T1_05040511_joy,0,0,0,,,,,,,,0,,,,,
2026-06-01,2026-06-29,20260508_growme_EN_9x16_FX-test_ZT-love_RS-P1X1R3C1_gy,not_delivering,,,,260518_AAA_AEO-Purchase_ios_vid_Growme_T1_05040511_joy,0,0,0,,,,,,,,0,,,,,
2026-06-01,2026-06-29,"20260511_GrowMe_EN_9x16_FX-test_ZT- light_RS-P3X1R1C3_fj",not_delivering,,,,260518_AAA_AEO-Purchase_ios_vid_Growme_T1_05040511_joy,0,0,0,,,,,,,,0,,,,,
2026-06-01,2026-06-29,20260513_GrowMe_EN_9x16_FX-test_ZT-jiaoben_RS-P3X1R1C3_fj,inactive,,,,260515_AAA_AEO-Purchase_ios_vid_Growme_0511week1_joy,0,0,0,,,,,,,,0,,,,,
2026-06-01,2026-06-29,20260521_growme_VI_9x16_FX-test_ZT-zixin_RS-P1X1R3C1_gy,not_delivering,,,,260522_AAA_AEO-Purchase_ios_vid_Growme_TUR_vi_joy,0,0,0,,,,,,,,0,,,,,
2026-06-01,2026-06-29,20260521_growme_EN_9x16_FX-test_ZT-slowenglish_RS-P1X1R3C3_wxx,not_delivering,,,,260525_AAA_AEO-Purchase_ios_vid_Growme_T1_0518_joy,0,0,0,,,,,,,,0,,,,,
2026-06-01,2026-06-29,20260616_GrowMe_ZH_9x16_FX-Learning_ZT-habbit_RS-P3X1R1C3_gy_fj,not_delivering,,,,260616_ABO_AEO-Purchase_ios_vid_Growme_WW_CHINA_joy,0,0,0,,,,,,,,0,,,,,
2026-06-01,2026-06-29,20260616_GrowMe_EN_9x16_FX-LifeLessons_ZT-endai_RS-P3X1R1C3_gy_jql,not_delivering,,,,260617_ABO_AEO-Purchase_ios_vid_Growme_WW_0616_joy,0,0,0,,,,,,,,0,,,,,
2026-06-01,2026-06-29,20260625_GrowMe_EN_9x16_FX-Communication_ZT-goutong_RS-P3X1R1C3_fj,not_delivering,,,,260626_ABO_AEO-Purchase_ios_vid_Growme_WW_0625_joy,0,0,0,,,,,,,,0,,,,,
2026-06-01,2026-06-29,20260625_GrowMe_EN_9x16_FX-SelfImprovement_ZT-brain_RS-P3X1R1C3_gy_jql,not_delivering,,,,260626_ABO_AEO-Purchase_ios_vid_Growme_WW_0625_joy,0,0,0,,,,,,,,0,,,,,
2026-06-01,2026-06-29,20260625_GrowMe_EN_9x16_FX-Learning_ZT-english_LV1-black_RS-P3X1R1C3_fj,not_delivering,,,,260626_ABO_AEO-Purchase_ios_vid_Growme_WW_0625_joy,0,0,0,,,,,,,,0,,,,,
2026-06-01,2026-06-29,20260618_GrowMe_EN_9x16_FX-Learning_ZT-pace_RS-P3X1R1C3_gy_jql,not_delivering,,,,260629_ABO_AEO-Purchase_ios_vid_Growme_WW_0615top_joy,0,0,0,,,,,,,,0,,,,,
2026-06-01,2026-06-29,20260508_GrowMe_EN_9x16_FX-test_ZT-slowenglish_RS-P3X1R1C3_fj,not_delivering,,,,260509_AAA_AEO-Purchase_ios_vid_Growme_T1_0504week_joy,0,0,0,,,,,,,,0,,,,,
2026-06-01,2026-06-29,20260506_growme_EN_9x16_FX-test_ZT-acceptance_RS-P1X1R3C1_095KB-JR_RMG-3527,not_delivering,,,,260510_AAA_AEO-Purchase_ios_vid_Growme_T1_0504week2_英语学习_joy,0,0,0,,,,,,,,0,,,,,
2026-06-01,2026-06-29,20260518_growme_EN_9x16_FX-test_ZT-atomichabits2_RS-P1X1R3C3_wxx,not_delivering,,,,260525_AAA_AEO-Purchase_ios_vid_Growme_T1_0518_joy,0,0,0,,,,,,,,0,,,,,
2026-06-01,2026-06-29,20260519_growme_EN_9x16_FX-test_ZT-bathroom_RS-P1X1R3C1_gy,not_delivering,,,,260525_AAA_AEO-Purchase_ios_vid_Growme_T1_0518_joy,0,0,0,,,,,,,,0,,,,,
2026-06-01,2026-06-29,20260508_growme_EN_9x16_FX-test_ZT-listen_RS-P1X1R3C3_wxx,not_delivering,,,,260527_AAA_AEO-Purchase_ios_vid_Growme_WW_0504week_英语学习_joy,0,0,0,,,,,,,,0,,,,,
2026-06-01,2026-06-29,20260616_growme_EN_9x16_FX-LifeLessons_ZT-urgetopry_RS-P1X1R3C3_wxx,not_delivering,,,,260617_ABO_AEO-Purchase_ios_vid_Growme_WW_0616_joy,0,0,0,,,,,,,,0,,,,,
2026-06-01,2026-06-29,20260624_growme_EN_9x16_FX-LifeLessons_ZT-18habit_RS-P1X1R3C3_wxx,not_delivering,,,,260625_ABO_AEO-Purchase_ios_vid_Growme_WW_0624_joy,0,0,0,,,,,,,,0,,,,,
2026-06-01,2026-06-29,20260625_growme_EN_9x16_FX-Learning1_ZT-speak_RS-P3X1R1C3_gy_JR_RMG-5886a,not_delivering,,,,260626_ABO_AEO-Purchase_ios_vid_Growme_WW_0625_joy,0,0,0,,,,,,,,0,,,,,
2026-06-01,2026-06-29,20260625_growme_EN_9x16_FX-Mindset_ZT-youngerself_RS-P1X1R3C3_wxx,not_delivering,,,,260626_ABO_AEO-Purchase_ios_vid_Growme_WW_0625_joy,0,0,0,,,,,,,,0,,,,,
2026-06-01,2026-06-29,20260626_GrowMe_EN_9x16_FX-Mindset_ZT-stay_RS-P3X1R1C3_gy_jql,not_delivering,,,,260626_ABO_AEO-Purchase_ios_vid_Growme_WW_0626_joy,0,0,0,,,,,,,,0,,,,,
2026-06-01,2026-06-29,20260529_GrowMe_EN_9x16_FX-Creative_ZT-compare_RS-P3X1R1C3_gy,active,,,,260601_AAA_AEO-Purchase_ios_vid_Growme_WW_0529_joy,0,0,0,,,,,,,,0,,,,,
2026-06-01,2026-06-29,20260528_GrowMe_EN_9x16_FX-Creative_ZT-speakceo_RS-P3X1R1C3_fj,active,,,,260601_AAA_AEO-Purchase_ios_vid_Growme_WW_0528_joy,0,0,0,,,,,,,,0,,,,,
2026-06-01,2026-06-29,20260512_growme_EN_9x16_FX-test_ZT-read_RS-P1X1R3C1_gy,not_delivering,,,,260518_AAA_AEO-Purchase_ios_vid_Growme_T1_05040511_joy,0,0,0,,,,,,,,0,,,,,
2026-06-01,2026-06-29,"20260519_GrowMe_VI_9x16_FX-test_ZT- 5am_RS-P3X1R1C3_fj",not_delivering,,,,260522_AAA_AEO-Purchase_ios_vid_Growme_TUR_vi_joy,0,0,0,,,,,,,,0,,,,,
2026-06-01,2026-06-29,"20260508_GrowMe_EN_9x16_FX-test_ZT- read_RS-P3X1R1C3_fj",not_delivering,,,,260527_AAA_AEO-Purchase_ios_vid_Growme_WW_0504week_英语学习_joy,0,0,0,,,,,,,,0,,,,,
2026-06-01,2026-06-29,20260514_growme_EN_9x16_FX-test_ZT-house_RS-P1X1R3C3_wxx,not_delivering,,,,260527_AAA_AEO-Purchase_ios_vid_Growme_WW_0511week_joy,0,0,0,,,,,,,,0,,,,,
2026-06-01,2026-06-29,20260616_growme_PT_9x16_FX-test_ZT-read_RS-P1X1R3C1_gy_fj,not_delivering,,,,260616_ABO_AEO-Purchase_ios_vid_Growme_WW_USPT_joy,0,0,0,,,,,,,,0,,,,,
2026-06-01,2026-06-29,20260616_growme_PT_9x16_FX-test_ZT-niupizhi_RS-P1X1R3C1_gy_fj,not_delivering,,,,260616_ABO_AEO-Purchase_ios_vid_Growme_WW_USPT_joy,0,0,0,,,,,,,,0,,,,,
2026-06-01,2026-06-29,20260623_growme_EN_9x16_FX-LifeLessons_ZT-capable_RS-P1X1R3C3_wxx,not_delivering,,,,260624_ABO_AEO-Purchase_ios_vid_Growme_WW_0623_joy,0,0,0,,,,,,,,0,,,,,
2026-06-01,2026-06-29,20260624_GrowMe_EN_9x16_FX-Learning_ZT-important_RS-P3X1R1C3_gy,not_delivering,,,,260625_ABO_AEO-Purchase_ios_vid_Growme_WW_0624_joy,0,0,0,,,,,,,,0,,,,,
2026-06-01,2026-06-29,20260626_growme_EN_9x16_FX-SelfImprovement_ZT-change_RS-P1X1R3C3_wxx,not_delivering,,,,260626_ABO_AEO-Purchase_ios_vid_Growme_WW_0626_joy,0,0,0,,,,,,,,0,,,,,
2026-06-01,2026-06-29,20260626_growme_EN_9x16_FX-SelfImprovement_ZT-smart_RS-P1X1R3C3_wxx,not_delivering,,,,260626_ABO_AEO-Purchase_ios_vid_Growme_WW_0626_joy,0,0,0,,,,,,,,0,,,,,
2026-06-01,2026-06-29,20260626_growme_EN_9x16_FX-reading_ZT-love_RS-P1X1R3C3_wxx,not_delivering,,,,260626_ABO_AEO-Purchase_ios_vid_Growme_WW_0626_joy,0,0,0,,,,,,,,0,,,,,
2026-06-01,2026-06-29,20260626_GrowMe_EN_9x16_FX-LifeLessons_ZT-responsibility_LV1-black_RS-P3X1R1C3_fj,not_delivering,,,,260626_ABO_AEO-Purchase_ios_vid_Growme_WW_0626_joy,0,0,0,,,,,,,,0,,,,,
2026-06-01,2026-06-29,20260506_growme_EN_9x16_FX-test_ZT-teacher_RS-P1X1R3C3_wxx,not_delivering,,,,260518_AAA_AEO-Purchase_ios_vid_Growme_T1_05040511_joy,0,0,0,,,,,,,,0,,,,,
2026-06-01,2026-06-29,20260509_growme_EN_9x16_FX-test_ZT-routine2_RS-P1X1R3C3_wxx,not_delivering,,,,260518_AAA_AEO-Purchase_ios_vid_Growme_T1_05040511_joy,0,0,0,,,,,,,,0,,,,,
2026-06-01,2026-06-29,20260514_growme_EN_9x16_FX-test_ZT-slowenglish_RS-P1X1R3C3_wxx,inactive,,,,260515_AAA_AEO-Purchase_ios_vid_Growme_0511week1_joy,0,0,0,,,,,,,,0,,,,,
2026-06-01,2026-06-29,20260520_growme_EN_9x16_FX-test_ZT-app_RS-P1X1R3C1_gy,not_delivering,,,,260525_AAA_AEO-Purchase_ios_vid_Growme_T1_0518_joy,0,0,0,,,,,,,,0,,,,,
2026-06-01,2026-06-29,20260522_growme_EN_9x16_FX-test_ZT-read_RS-P1X1R3C1_gy,not_delivering,,,,260525_AAA_AEO-Purchase_ios_vid_Growme_T1_0518_joy,0,0,0,,,,,,,,0,,,,,
2026-06-01,2026-06-29,20260515_growme_EN_9x16_FX-test_ZT-qiantie_RS-P1X1R3C3_wxx,not_delivering,,,,260527_AAA_AEO-Purchase_ios_vid_Growme_WW_0511week_joy,0,0,0,,,,,,,,0,,,,,
2026-06-01,2026-06-29,20260512_growme_EN_9x16_FX-test_ZT-read_RS-P1X1R3C1_gy,not_delivering,,,,260527_AAA_AEO-Purchase_ios_vid_Growme_WW_0511week_joy,0,0,0,,,,,,,,0,,,,,
2026-06-01,2026-06-29,20260420_growme_EN_9x16_FX-test_ZT-slow_RS-P1X1R3C3_wxx,not_delivering,,,,260527_AAA_AEO-Purchase_ios_vid_Growme_WW_0420week_joy,0,0,0,,,,,,,,0,,,,,
2026-06-01,2026-06-29,20260616_GrowMe_EN_9x16_FX-Mindset_ZT-compare_RS-P3X1R1C3_gy,not_delivering,,,,260617_ABO_AEO-Purchase_ios_vid_Growme_WW_0616_joy,0,0,0,,,,,,,,0,,,,,
2026-06-01,2026-06-29,20260608_GrowMe_EN_9x16_FX-LifeLessons_ZT-self_RS-P3X1R1C3_gy,not_delivering,,,,260622_ABO_AEO-Purchase_ios_vid_Growme_WW_0608week_joy,0,0,0,,,,,,,,0,,,,,
2026-06-01,2026-06-29,20260624_GrowMe_EN_9x16_FX-Successful_ZT-read_RS-P3X1R1C3_fj,not_delivering,,,,260625_ABO_AEO-Purchase_ios_vid_Growme_WW_0624_joy,0,0,0,,,,,,,,0,,,,,
2026-06-01,2026-06-29,20260624_growme_EN_9x16_FX-LifeLessons_ZT-leave_RS-P1X1R3C3_wxx,not_delivering,,,,260625_ABO_AEO-Purchase_ios_vid_Growme_WW_0624_joy,0,0,0,,,,,,,,0,,,,,
2026-06-01,2026-06-29,20251216_growme_EN_9x16_FX-test_ZT-forgive1_RS-P1X1R3C1_gy,not_delivering,,,,260312_AAA_AEO-Purchase_ios_vid_Growme_WW_黑色字幕版式_阅读定向_joy,0,0,0,,,,,,,,0,,,,,
2026-06-01,2026-06-29,20260508_growme_EN_9x16_FX-test_ZT-listen_RS-P1X1R3C3_wxx,not_delivering,,,,260518_AAA_AEO-Purchase_ios_vid_Growme_T1_05040511_joy,0,0,0,,,,,,,,0,,,,,
2026-06-01,2026-06-29,"20260519_GrowMe_TR_9x16_FX-test_ZT- 5am_RS-P3X1R1C3_fj",not_delivering,,,,260522_AAA_AEO-Purchase_ios_vid_Growme_TUR_turkey_joy,0,0,0,,,,,,,,0,,,,,
2026-06-01,2026-06-29,20260518_growme_EN_9x16_FX-test_ZT-SPEAK_RS-P1X1R3C1_gy,not_delivering,,,,260525_AAA_AEO-Purchase_ios_vid_Growme_T1_0518_joy,0,0,0,,,,,,,,0,,,,,
2026-06-01,2026-06-29,20260519_growme_EN_9x16_FX-test_ZT-job1_RS-P1X1R3C1_gy,not_delivering,,,,260525_AAA_AEO-Purchase_ios_vid_Growme_T1_0518_joy,0,0,0,,,,,,,,0,,,,,
2026-06-01,2026-06-29,20260522_GrowMe_EN_9x16_FX-test_ZT-wenan_RS-P3X1R1C3_wxx_fj,not_delivering,,,,260525_AAA_AEO-Purchase_ios_vid_Growme_T1_0518_joy,0,0,0,,,,,,,,0,,,,,
2026-06-01,2026-06-29,20260331_growme_TR_9x16_FX-test_ZT-AI_RS-P1X1R3C3_wxx,not_delivering,,,,260331_AAA_AEO-Purchase_ios_vid_Growme_turkey_0330week2_joy,0,0,0,,,,,,,,0,,,,,
2026-06-01,2026-06-29,20260527_GrowMe_EN_9x16_FX-Creative_ZT-sucess_RS-P3X1R1C3_gy,not_delivering,,,,260528_AAA_AEO-Purchase_ios_vid_Growme_WW_0527_joy,0,0,0,,,,,,,,0,,,,,
2026-06-01,2026-06-29,20260616_GrowMe_0_ZH_9x16_FX-Learning_ZT-speak_RS-P3X1R1C3_gy_fj,not_delivering,,,,260616_ABO_AEO-Purchase_ios_vid_Growme_WW_CHINA_joy,0,0,0,,,,,,,,0,,,,,
2026-06-01,2026-06-29,"20260623_GrowMe_EN_9x16_FX-LifeLessons_ZT- change_RS-P3X1R1C3_fj",not_delivering,,,,260624_ABO_AEO-Purchase_ios_vid_Growme_WW_0623_joy,0,0,0,,,,,,,,0,,,,,
2026-06-01,2026-06-29,20260624_GrowMe_EN_9x16_FX-Habits_ZT-skill_RS-P3X1R1C3_gy_jql,not_delivering,,,,260625_ABO_AEO-Purchase_ios_vid_Growme_WW_0624_joy,0,0,0,,,,,,,,0,,,,,
2026-06-01,2026-06-29,20260528_GrowMe_EN_9x16_FX-convercation_ZT-warn_RS-P3X1R1C3_gy,active,,,,260601_AAA_AEO-Purchase_ios_vid_Growme_WW_0528_joy,0,0,0,,,,,,,,0,,,,,
2026-06-01,2026-06-29,20260515_growme_EN_9x16_FX-test_ZT-SPEAK_RS-P1X1R3C1_gy,not_delivering,,,,260518_AAA_AEO-Purchase_ios_vid_Growme_T1_05040511_joy,0,0,0,,,,,,,,0,,,,,
2026-06-01,2026-06-29,"20260519_GrowMe_VI_9x16_FX-test_ZT- authentic_RS-P3X1R1C3_fj",not_delivering,,,,260522_AAA_AEO-Purchase_ios_vid_Growme_TUR_vi_joy,0,0,0,,,,,,,,0,,,,,
2026-06-01,2026-06-29,20260522_growme_EN_9x16_FX-test_ZT-power_RS-P1X1R3C3_wxx,not_delivering,,,,260525_AAA_AEO-Purchase_ios_vid_Growme_T1_0518_joy,0,0,0,,,,,,,,0,,,,,
2026-06-01,2026-06-29,20260513_GrowMe_EN_9x16_FX-test_ZT-jiaoben-2_RS-P3X1R1C3_fj,not_delivering,,,,260527_AAA_AEO-Purchase_ios_vid_Growme_WW_0511week_joy,0,0,0,,,,,,,,0,,,,,
2026-06-01,2026-06-29,20260506_growme_EN_9x16_FX-test_ZT-patience_RS-P1X1R3C1_095KB-JR_RMG-3528,not_delivering,,,,260527_AAA_AEO-Purchase_ios_vid_Growme_WW_0504week_英语学习_joy,0,0,0,,,,,,,,0,,,,,
2026-06-01,2026-06-29,20260422_growme_EN_9x16_FX-test_ZT-B1_RS-P1X1R3C3_wxx,not_delivering,,,,260527_AAA_AEO-Purchase_ios_vid_Growme_WW_0420week_joy,0,0,0,,,,,,,,0,,,,,
2026-06-01,2026-06-29,20260526_GrowMe_EN_9x16_FX-Creative_ZT-theolder_RS-P3X1R1C3_fj,not_delivering,,,,260527_AAA_AEO-Purchase_ios_vid_Growme_WW_0526_joy,0,0,0,,,,,,,,0,,,,,
2026-06-01,2026-06-29,20260527_GrowMe_EN_9x16_FX-Creative_ZT-self_RS-P3X1R1C3_gy,not_delivering,,,,260528_AAA_AEO-Purchase_ios_vid_Growme_WW_0527_joy,0,0,0,,,,,,,,0,,,,,
2026-06-01,2026-06-29,20260616_growme_ZH_9x16_FX-test_ZT-read_RS-P1X1R3C1_gy_fj,not_delivering,,,,260616_ABO_AEO-Purchase_ios_vid_Growme_WW_CHINA_joy,0,0,0,,,,,,,,0,,,,,
2026-06-01,2026-06-29,20260528_growme_EN_9x16_FX-Creatives_ZT-waste_RS-P1X1R3C3_wxx,active,,,,260601_AAA_AEO-Purchase_ios_vid_Growme_WW_0528_joy,0,0,0,,,,,,,,0,,,,,
2026-06-01,2026-06-29,20260616_growme_EN_9x16_FX-Learning_ZT-readextensive_RS-P1X1R3C3_wxx,not_delivering,,,,260629_ABO_AEO-Purchase_ios_vid_Growme_WW_0615top_joy,0,0,0,,,,,,,,0,,,,,
2026-06-01,2026-06-29,20260616_GrowMe_EN_9x16_FX-LifeLessons_ZT-failureai_RS-P3X1R1C3_gy_jql,not_delivering,,,,260629_ABO_AEO-Purchase_ios_vid_Growme_WW_0615back_joy,0,0,0,,,,,,,,0,,,,,
2026-06-01,2026-06-29,20251211_GrowMe_EN_4x5_FX-pic_ZT-test-7_RS-P3X1R1C3_gy,not_delivering,,,,260312_AAA_AEO-Purchase_ios_pic_Growme_WW_金钱心理学_joy,0,0,0,,,,,,,,0,,,,,
2026-06-01,2026-06-29,20260521_growme_EN_9x16_FX-test_ZT-train_RS-P1X1R3C3_wxx,not_delivering,,,,260522_AAA_AEO-Purchase_ios_vid_Growme_TUR_turkey_joy,0,0,0,,,,,,,,0,,,,,
2026-06-01,2026-06-29,20260526_GrowMe_EN_9x16_FX-Creative_ZT-habbit_RS-P3X1R1C3_gy,not_delivering,,,,260527_AAA_AEO-Purchase_ios_vid_Growme_T1_0526_joy,0,0,0,,,,,,,,0,,,,,
2026-06-01,2026-06-29,20260513_GrowMe_EN_9x16_FX-test_ZT-jiaoben_RS-P3X1R1C3_fj,not_delivering,,,,260527_AAA_AEO-Purchase_ios_vid_Growme_WW_0511week_joy,0,0,0,,,,,,,,0,,,,,
2026-06-01,2026-06-29,20260616_GrowMe_EN_9x16_FX-Learning_ZT-learn_RS-P3X1R1C3_gy,not_delivering,,,,260617_ABO_AEO-Purchase_ios_vid_Growme_WW_0616_joy,0,0,0,,,,,,,,0,,,,,
2026-06-01,2026-06-29,20260616_GrowMe_EN_9x16_FX-Mindset_ZT-proofai_RS-P3X1R1C3_gy_jql,not_delivering,,,,260617_ABO_AEO-Purchase_ios_vid_Growme_WW_0616_joy,0,0,0,,,,,,,,0,,,,,
2026-06-01,2026-06-29,20260616_GrowMe_EN_9x16_FX-Mindset_ZT-world_RS-P3X1R1C3_gy_jql,not_delivering,,,,260617_ABO_AEO-Purchase_ios_vid_Growme_WW_0616_joy,0,0,0,,,,,,,,0,,,,,
2026-06-01,2026-06-29,20260612_growme_EN_9x16_FX-LifeLessons_ZT-patience_RS-P1X1R3C3_wxx,not_delivering,,,,260622_ABO_AEO-Purchase_ios_vid_Growme_WW_0608week_joy,0,0,0,,,,,,,,0,,,,,
2026-06-01,2026-06-29,20260623_GrowMe_EN_9x16_FX-LifeLessons_ZT-timedont_RS-P3X1R1C3_fj,not_delivering,,,,260624_ABO_AEO-Purchase_ios_vid_Growme_WW_0623_joy,0,0,0,,,,,,,,0,,,,,
2026-06-01,2026-06-29,20260625_GrowMe_EN_9x16_FX-Lifelessons_ZT-perfectly_RS-P3X1R1C3_gy,not_delivering,,,,260626_ABO_AEO-Purchase_ios_vid_Growme_WW_0625_joy,0,0,0,,,,,,,,0,,,,,
2026-06-01,2026-06-29,20260626_GrowMe_EN_9x16_FX-Mindset_ZT-success_RS-P3X1R1C3_gy_jql,not_delivering,,,,260626_ABO_AEO-Purchase_ios_vid_Growme_WW_0626_joy,0,0,0,,,,,,,,0,,,,,
2026-06-01,2026-06-29,20260525_growme_EN_9x16_FX-test_ZT-opinion_RS-P1X1R3C1_gy,active,,,,260526_AAA_AEO-Purchase_ios_vid_Growme_WW_0525_joy,0,0,0,,,,,,,,0,,,,,
2026-06-01,2026-06-29,20260506_growme_EN_9x16_FX-test_JB-010901_ZT-learn_RS-P2X1R1C1_095KB-HJ_RMG-3530A,not_delivering,,,,260510_AAA_AEO-Purchase_ios_vid_Growme_T1_0504week2_英语学习_joy,0,0,0,,,,,,,,0,,,,,
2026-06-01,2026-06-29,20250105_growme_EN_9x16_FX-test_ZT-read_RS-P1X1R3C1_gy,not_delivering,,,,重启260331_AAA_AEO-Purchase_ios_vid_Growme_T2T3高roi_字幕类打包_joy,0,0,0,,,,,,,,0,,,,,
2026-06-01,2026-06-29,20260512_GrowMe_EN_9x16_FX-test_ZT-NewsBroadcast_RS-P3X1R1C3_fj,not_delivering,,,,260518_AAA_AEO-Purchase_ios_vid_Growme_T1_05040511_joy,0,0,0,,,,,,,,0,,,,,
2026-06-01,2026-06-29,20260512_growme_EN_9x16_FX-test_ZT-read2_RS-P1X1R3C1_gy,inactive,,,,260515_AAA_AEO-Purchase_ios_vid_Growme_0511week1_joy,0,0,0,,,,,,,,0,,,,,
2026-06-01,2026-06-29,20260420_growme_EN_9x16_FX-test_ZT-slow-english_RS-P1X1R3C3_wxx,not_delivering,,,,260527_AAA_AEO-Purchase_ios_vid_Growme_WW_0420week_joy,0,0,0,,,,,,,,0,,,,,
2026-06-01,2026-06-29,20260616_GrowMe_EN_9x16_FX-LifeLessons_ZT-family_RS-P3X1R1C3_gy,not_delivering,,,,260617_ABO_AEO-Purchase_ios_vid_Growme_WW_0616_joy,0,0,0,,,,,,,,0,,,,,
2026-06-01,2026-06-29,20260616_GrowMe_EN_9x16_FX-Mindset_ZT-motivatedai_RS-P3X1R1C3_gy_jql,not_delivering,,,,260617_ABO_AEO-Purchase_ios_vid_Growme_WW_0616_joy,0,0,0,,,,,,,,0,,,,,
2026-06-01,2026-06-29,20260616_GrowMe_EN_9x16_FX-LifeLessons_ZT-failureai_RS-P3X1R1C3_gy_jql,not_delivering,,,,260617_ABO_AEO-Purchase_ios_vid_Growme_WW_0616_joy,0,0,0,,,,,,,,0,,,,,
2026-06-01,2026-06-29,20260625_growme_EN_9x16_FX-test_ZT-people_RS-P1X1R3C3_wxx_JR_RMG-5713b,not_delivering,,,,260626_ABO_AEO-Purchase_ios_vid_Growme_WW_0625_joy,0,0,0,,,,,,,,0,,,,,
2026-06-01,2026-06-29,20260626_GrowMe_EN_9x16_FX-Learning_ZT-learn_RS-P3X1R1C3_gy_jql,not_delivering,,,,260626_ABO_AEO-Purchase_ios_vid_Growme_WW_0626_joy,0,0,0,,,,,,,,0,,,,,
2026-06-01,2026-06-29,20260528_GrowMe_EN_9x16_FX-convercation_ZT-speak_RS-P3X1R1C3_gy,active,,,,260601_AAA_AEO-Purchase_ios_vid_Growme_WW_0528_joy,0,0,0,,,,,,,,0,,,,,
2026-06-01,2026-06-29,20260528_growme_EN_9x16_FX-Creatives_ZT-waste2_RS-P1X1R3C3_wxx,active,,,,260601_AAA_AEO-Purchase_ios_vid_Growme_WW_0528_joy,0,0,0,,,,,,,,0,,,,,
2026-06-01,2026-06-29,20260521_growme_TR_9x16_FX-test_ZT-zixin_RS-P1X1R3C1_gy,not_delivering,,,,260522_AAA_AEO-Purchase_ios_vid_Growme_TUR_turkey_joy,0,0,0,,,,,,,,0,,,,,
2026-06-01,2026-06-29,20260616_growme_EN_9x16_FX-Creative_ZT-Publicspeaking_RS-P1X1R1C3_HJ_RMG-5219G,not_delivering,,,,260617_ABO_AEO-Purchase_ios_vid_Growme_WW_0616_joy,0,0,0,,,,,,,,0,,,,,
2026-06-01,2026-06-29,20260623_GrowMe_EN_9x16_FX-Learning_ZT-read_RS-P3X1R1C3_gy,not_delivering,,,,260624_ABO_AEO-Purchase_ios_vid_Growme_WW_0623_joy,0,0,0,,,,,,,,0,,,,,
2026-06-01,2026-06-29,20260624_GrowMe_EN_9x16_FX-LifeLessons_ZT-struggle_RS-P3X1R1C3_gy_jql,not_delivering,,,,260625_ABO_AEO-Purchase_ios_vid_Growme_WW_0624_joy,0,0,0,,,,,,,,0,,,,,
2026-06-01,2026-06-29,20260624_GrowMe_EN_9x16_FX-Learning_ZT-podcast_RS-P3X1R1C3_gy_jql,not_delivering,,,,260625_ABO_AEO-Purchase_ios_vid_Growme_WW_0624_joy,0,0,0,,,,,,,,0,,,,,
2026-06-01,2026-06-29,20260626_GrowMe_EN_9x16_FX-Lifelessons_ZT-happiness_RS-P3X1R1C3_gy,not_delivering,,,,260626_ABO_AEO-Purchase_ios_vid_Growme_WW_0626_joy,0,0,0,,,,,,,,0,,,,,
2026-06-01,2026-06-29,20260626_GrowMe_EN_9x16_FX-Learning_ZT-habit_RS-P3X1R1C3_gy_jql,not_delivering,,,,260626_ABO_AEO-Purchase_ios_vid_Growme_WW_0626_joy,0,0,0,,,,,,,,0,,,,,
